scenario_id,scenario_label,time_s,initial_radical_pulse_m,radical_pool_m,ho2_m,o2minus_m,hydrogen_peroxide_m,accumulated_hydrogen_peroxide_loss_m,radical_equivalent_balance_m,radical_equivalent_balance_error_m,pH,pKa_HO2,k_HO2_HO2_m^-1_s^-1,k_HO2_O2minus_m^-1_s^-1,k_SOD_m^-1_s^-1,SOD_m,k_H2O2_loss_s^-1,solver,solver_samples,assumptions,non_predictive,output_class,units,limitations,git_commit,source_fingerprint_sha256,config_path,config_sha256,provenance_path,provenance_sha256
spontaneous_only,Spontaneous only,0.0,1e-05,1e-05,3.010859071369541e-08,9.969891409286304e-06,0.0,0.0,1e-05,0.0,7.4,4.88,760000.0,85000000.0,,0.0,,analytic Riccati radical-pool solution plus integrating-factor adaptive quadrature for H2O2,241,"[""fixed pH"", ""rapid HO2/O2-minus acid-base equilibrium"", ""constant SOD concentration"", ""constant elementary rate coefficients"", ""single-pulse radical decay with no continuous source"", ""first-order H2O2 loss when enabled""]",True,illustrative single-pulse molar concentration,M except time_s and rate fields,"Fixed pH, rapid equilibrium, constant SOD and rates, single pulse; not continuously driven cellular ROS.",1d8208b504af787754e184f77640f85675b5b634,01e64b526ae9ed2d5f192ae14068302e806c1e8b44576f4b4eb4b5f83a8e8039,configs/doxorubicin_parameters.json,b14b641f69afb70af9ff7557a062c2ce00e0b0cb74381ba69fcfaad4f17f04af,configs/parameter_provenance.csv,86c4261fcb9616a643db79340fe0b7398ba10a5c46464e67e8b697bcfc3a4ec9
spontaneous_only,Spontaneous only,0.0004166666666666667,1e-05,9.978781836565148e-06,3.004470581383978e-08,9.948737130751307e-06,1.0609081717426492e-08,0.0,1e-05,0.0,7.4,4.88,760000.0,85000000.0,,0.0,,analytic Riccati radical-pool solution plus integrating-factor adaptive quadrature for H2O2,241,"[""fixed pH"", ""rapid HO2/O2-minus acid-base equilibrium"", ""constant SOD concentration"", ""constant elementary rate coefficients"", ""single-pulse radical decay with no continuous source"", ""first-order H2O2 loss when enabled""]",True,illustrative single-pulse molar concentration,M except time_s and rate fields,"Fixed pH, rapid equilibrium, constant SOD and rates, single pulse; not continuously driven cellular ROS.",1d8208b504af787754e184f77640f85675b5b634,01e64b526ae9ed2d5f192ae14068302e806c1e8b44576f4b4eb4b5f83a8e8039,configs/doxorubicin_parameters.json,b14b641f69afb70af9ff7557a062c2ce00e0b0cb74381ba69fcfaad4f17f04af,configs/parameter_provenance.csv,86c4261fcb9616a643db79340fe0b7398ba10a5c46464e67e8b697bcfc3a4ec9
spontaneous_only,Spontaneous only,0.0008333333333333334,1e-05,9.95765352457394e-06,2.9981091444018325e-08,9.927672433129921e-06,2.117323771303076e-08,0.0,1e-05,0.0,7.4,4.88,760000.0,85000000.0,,0.0,,analytic Riccati radical-pool solution plus integrating-factor adaptive quadrature for H2O2,241,"[""fixed pH"", ""rapid HO2/O2-minus acid-base equilibrium"", ""constant SOD concentration"", ""constant elementary rate coefficients"", ""single-pulse radical decay with no continuous source"", ""first-order H2O2 loss when enabled""]",True,illustrative single-pulse molar concentration,M except time_s and rate fields,"Fixed pH, rapid equilibrium, constant SOD and rates, single pulse; not continuously driven cellular ROS.",1d8208b504af787754e184f77640f85675b5b634,01e64b526ae9ed2d5f192ae14068302e806c1e8b44576f4b4eb4b5f83a8e8039,configs/doxorubicin_parameters.json,b14b641f69afb70af9ff7557a062c2ce00e0b0cb74381ba69fcfaad4f17f04af,configs/parameter_provenance.csv,86c4261fcb9616a643db79340fe0b7398ba10a5c46464e67e8b697bcfc3a4ec9
spontaneous_only,Spontaneous only,0.00125,1e-05,9.936614494498465e-06,2.991774588946277e-08,9.906696748609003e-06,3.169275275076767e-08,0.0,1e-05,0.0,7.4,4.88,760000.0,85000000.0,,0.0,,analytic Riccati radical-pool solution plus integrating-factor adaptive quadrature for H2O2,241,"[""fixed pH"", ""rapid HO2/O2-minus acid-base equilibrium"", ""constant SOD concentration"", ""constant elementary rate coefficients"", ""single-pulse radical decay with no continuous source"", ""first-order H2O2 loss when enabled""]",True,illustrative single-pulse molar concentration,M except time_s and rate fields,"Fixed pH, rapid equilibrium, constant SOD and rates, single pulse; not continuously driven cellular ROS.",1d8208b504af787754e184f77640f85675b5b634,01e64b526ae9ed2d5f192ae14068302e806c1e8b44576f4b4eb4b5f83a8e8039,configs/doxorubicin_parameters.json,b14b641f69afb70af9ff7557a062c2ce00e0b0cb74381ba69fcfaad4f17f04af,configs/parameter_provenance.csv,86c4261fcb9616a643db79340fe0b7398ba10a5c46464e67e8b697bcfc3a4ec9
spontaneous_only,Spontaneous only,0.0016666666666666668,1e-05,9.915664181613964e-06,2.985466744986644e-08,9.885809514164097e-06,4.2167909193018213e-08,0.0,1e-05,0.0,7.4,4.88,760000.0,85000000.0,,0.0,,analytic Riccati radical-pool solution plus integrating-factor adaptive quadrature for H2O2,241,"[""fixed pH"", ""rapid HO2/O2-minus acid-base equilibrium"", ""constant SOD concentration"", ""constant elementary rate coefficients"", ""single-pulse radical decay with no continuous source"", ""first-order H2O2 loss when enabled""]",True,illustrative single-pulse molar concentration,M except time_s and rate fields,"Fixed pH, rapid equilibrium, constant SOD and rates, single pulse; not continuously driven cellular ROS.",1d8208b504af787754e184f77640f85675b5b634,01e64b526ae9ed2d5f192ae14068302e806c1e8b44576f4b4eb4b5f83a8e8039,configs/doxorubicin_parameters.json,b14b641f69afb70af9ff7557a062c2ce00e0b0cb74381ba69fcfaad4f17f04af,configs/parameter_provenance.csv,86c4261fcb9616a643db79340fe0b7398ba10a5c46464e67e8b697bcfc3a4ec9
spontaneous_only,Spontaneous only,0.0020833333333333333,1e-05,9.894802025948308e-06,2.9791854439232174e-08,9.865010171509076e-06,5.259898702584632e-08,0.0,1e-05,0.0,7.4,4.88,760000.0,85000000.0,,0.0,,analytic Riccati radical-pool solution plus integrating-factor adaptive quadrature for H2O2,241,"[""fixed pH"", ""rapid HO2/O2-minus acid-base equilibrium"", ""constant SOD concentration"", ""constant elementary rate coefficients"", ""single-pulse radical decay with no continuous source"", ""first-order H2O2 loss when enabled""]",True,illustrative single-pulse molar concentration,M except time_s and rate fields,"Fixed pH, rapid equilibrium, constant SOD and rates, single pulse; not continuously driven cellular ROS.",1d8208b504af787754e184f77640f85675b5b634,01e64b526ae9ed2d5f192ae14068302e806c1e8b44576f4b4eb4b5f83a8e8039,configs/doxorubicin_parameters.json,b14b641f69afb70af9ff7557a062c2ce00e0b0cb74381ba69fcfaad4f17f04af,configs/parameter_provenance.csv,86c4261fcb9616a643db79340fe0b7398ba10a5c46464e67e8b697bcfc3a4ec9
spontaneous_only,Spontaneous only,0.0025,1e-05,9.874027472232116e-06,2.9729305185722124e-08,9.844298167046394e-06,6.298626388394231e-08,0.0,1e-05,0.0,7.4,4.88,760000.0,85000000.0,,0.0,,analytic Riccati radical-pool solution plus integrating-factor adaptive quadrature for H2O2,241,"[""fixed pH"", ""rapid HO2/O2-minus acid-base equilibrium"", ""constant SOD concentration"", ""constant elementary rate coefficients"", ""single-pulse radical decay with no continuous source"", ""first-order H2O2 loss when enabled""]",True,illustrative single-pulse molar concentration,M except time_s and rate fields,"Fixed pH, rapid equilibrium, constant SOD and rates, single pulse; not continuously driven cellular ROS.",1d8208b504af787754e184f77640f85675b5b634,01e64b526ae9ed2d5f192ae14068302e806c1e8b44576f4b4eb4b5f83a8e8039,configs/doxorubicin_parameters.json,b14b641f69afb70af9ff7557a062c2ce00e0b0cb74381ba69fcfaad4f17f04af,configs/parameter_provenance.csv,86c4261fcb9616a643db79340fe0b7398ba10a5c46464e67e8b697bcfc3a4ec9
spontaneous_only,Spontaneous only,0.002916666666666667,1e-05,9.85333996984948e-06,2.9667018031509383e-08,9.82367295181797e-06,7.33300150752605e-08,0.0,1e-05,0.0,7.4,4.88,760000.0,85000000.0,,0.0,,analytic Riccati radical-pool solution plus integrating-factor adaptive quadrature for H2O2,241,"[""fixed pH"", ""rapid HO2/O2-minus acid-base equilibrium"", ""constant SOD concentration"", ""constant elementary rate coefficients"", ""single-pulse radical decay with no continuous source"", ""first-order H2O2 loss when enabled""]",True,illustrative single-pulse molar concentration,M except time_s and rate fields,"Fixed pH, rapid equilibrium, constant SOD and rates, single pulse; not continuously driven cellular ROS.",1d8208b504af787754e184f77640f85675b5b634,01e64b526ae9ed2d5f192ae14068302e806c1e8b44576f4b4eb4b5f83a8e8039,configs/doxorubicin_parameters.json,b14b641f69afb70af9ff7557a062c2ce00e0b0cb74381ba69fcfaad4f17f04af,configs/parameter_provenance.csv,86c4261fcb9616a643db79340fe0b7398ba10a5c46464e67e8b697bcfc3a4ec9
spontaneous_only,Spontaneous only,0.0033333333333333335,1e-05,9.832738972789314e-06,2.9604991332631526e-08,9.803133981456683e-06,8.36305136053435e-08,0.0,1e-05,0.0,7.4,4.88,760000.0,85000000.0,,0.0,,analytic Riccati radical-pool solution plus integrating-factor adaptive quadrature for H2O2,241,"[""fixed pH"", ""rapid HO2/O2-minus acid-base equilibrium"", ""constant SOD concentration"", ""constant elementary rate coefficients"", ""single-pulse radical decay with no continuous source"", ""first-order H2O2 loss when enabled""]",True,illustrative single-pulse molar concentration,M except time_s and rate fields,"Fixed pH, rapid equilibrium, constant SOD and rates, single pulse; not continuously driven cellular ROS.",1d8208b504af787754e184f77640f85675b5b634,01e64b526ae9ed2d5f192ae14068302e806c1e8b44576f4b4eb4b5f83a8e8039,configs/doxorubicin_parameters.json,b14b641f69afb70af9ff7557a062c2ce00e0b0cb74381ba69fcfaad4f17f04af,configs/parameter_provenance.csv,86c4261fcb9616a643db79340fe0b7398ba10a5c46464e67e8b697bcfc3a4ec9
spontaneous_only,Spontaneous only,0.0037500000000000003,1e-05,9.812223939597336e-06,2.9543223458846013e-08,9.78268071613849e-06,9.388803020133216e-08,0.0,1e-05,0.0,7.4,4.88,760000.0,85000000.0,,0.0,,analytic Riccati radical-pool solution plus integrating-factor adaptive quadrature for H2O2,241,"[""fixed pH"", ""rapid HO2/O2-minus acid-base equilibrium"", ""constant SOD concentration"", ""constant elementary rate coefficients"", ""single-pulse radical decay with no continuous source"", ""first-order H2O2 loss when enabled""]",True,illustrative single-pulse molar concentration,M except time_s and rate fields,"Fixed pH, rapid equilibrium, constant SOD and rates, single pulse; not continuously driven cellular ROS.",1d8208b504af787754e184f77640f85675b5b634,01e64b526ae9ed2d5f192ae14068302e806c1e8b44576f4b4eb4b5f83a8e8039,configs/doxorubicin_parameters.json,b14b641f69afb70af9ff7557a062c2ce00e0b0cb74381ba69fcfaad4f17f04af,configs/parameter_provenance.csv,86c4261fcb9616a643db79340fe0b7398ba10a5c46464e67e8b697bcfc3a4ec9
spontaneous_only,Spontaneous only,0.004166666666666667,1e-05,9.791794333328605e-06,2.9481712793487296e-08,9.762312620535118e-06,1.0410283333569778e-07,0.0,1e-05,0.0,7.4,4.88,760000.0,85000000.0,,0.0,,analytic Riccati radical-pool solution plus integrating-factor adaptive quadrature for H2O2,241,"[""fixed pH"", ""rapid HO2/O2-minus acid-base equilibrium"", ""constant SOD concentration"", ""constant elementary rate coefficients"", ""single-pulse radical decay with no continuous source"", ""first-order H2O2 loss when enabled""]",True,illustrative single-pulse molar concentration,M except time_s and rate fields,"Fixed pH, rapid equilibrium, constant SOD and rates, single pulse; not continuously driven cellular ROS.",1d8208b504af787754e184f77640f85675b5b634,01e64b526ae9ed2d5f192ae14068302e806c1e8b44576f4b4eb4b5f83a8e8039,configs/doxorubicin_parameters.json,b14b641f69afb70af9ff7557a062c2ce00e0b0cb74381ba69fcfaad4f17f04af,configs/parameter_provenance.csv,86c4261fcb9616a643db79340fe0b7398ba10a5c46464e67e8b697bcfc3a4ec9
spontaneous_only,Spontaneous only,0.004583333333333333,1e-05,9.771449621500701e-06,2.9420457733325853e-08,9.742029163767375e-06,1.1427518924964984e-07,0.0,1e-05,0.0,7.4,4.88,760000.0,85000000.0,,0.0,,analytic Riccati radical-pool solution plus integrating-factor adaptive quadrature for H2O2,241,"[""fixed pH"", ""rapid HO2/O2-minus acid-base equilibrium"", ""constant SOD concentration"", ""constant elementary rate coefficients"", ""single-pulse radical decay with no continuous source"", ""first-order H2O2 loss when enabled""]",True,illustrative single-pulse molar concentration,M except time_s and rate fields,"Fixed pH, rapid equilibrium, constant SOD and rates, single pulse; not continuously driven cellular ROS.",1d8208b504af787754e184f77640f85675b5b634,01e64b526ae9ed2d5f192ae14068302e806c1e8b44576f4b4eb4b5f83a8e8039,configs/doxorubicin_parameters.json,b14b641f69afb70af9ff7557a062c2ce00e0b0cb74381ba69fcfaad4f17f04af,configs/parameter_provenance.csv,86c4261fcb9616a643db79340fe0b7398ba10a5c46464e67e8b697bcfc3a4ec9
spontaneous_only,Spontaneous only,0.005,1e-05,9.75118927604744e-06,2.935945668842882e-08,9.721829819359012e-06,1.2440536197628032e-07,0.0,1e-05,0.0,7.4,4.88,760000.0,85000000.0,,0.0,,analytic Riccati radical-pool solution plus integrating-factor adaptive quadrature for H2O2,241,"[""fixed pH"", ""rapid HO2/O2-minus acid-base equilibrium"", ""constant SOD concentration"", ""constant elementary rate coefficients"", ""single-pulse radical decay with no continuous source"", ""first-order H2O2 loss when enabled""]",True,illustrative single-pulse molar concentration,M except time_s and rate fields,"Fixed pH, rapid equilibrium, constant SOD and rates, single pulse; not continuously driven cellular ROS.",1d8208b504af787754e184f77640f85675b5b634,01e64b526ae9ed2d5f192ae14068302e806c1e8b44576f4b4eb4b5f83a8e8039,configs/doxorubicin_parameters.json,b14b641f69afb70af9ff7557a062c2ce00e0b0cb74381ba69fcfaad4f17f04af,configs/parameter_provenance.csv,86c4261fcb9616a643db79340fe0b7398ba10a5c46464e67e8b697bcfc3a4ec9
spontaneous_only,Spontaneous only,0.005416666666666667,1e-05,9.73101277327319e-06,2.9298708082022455e-08,9.701714065191166e-06,1.3449361336340568e-07,0.0,1e-05,0.0,7.4,4.88,760000.0,85000000.0,,0.0,,analytic Riccati radical-pool solution plus integrating-factor adaptive quadrature for H2O2,241,"[""fixed pH"", ""rapid HO2/O2-minus acid-base equilibrium"", ""constant SOD concentration"", ""constant elementary rate coefficients"", ""single-pulse radical decay with no continuous source"", ""first-order H2O2 loss when enabled""]",True,illustrative single-pulse molar concentration,M except time_s and rate fields,"Fixed pH, rapid equilibrium, constant SOD and rates, single pulse; not continuously driven cellular ROS.",1d8208b504af787754e184f77640f85675b5b634,01e64b526ae9ed2d5f192ae14068302e806c1e8b44576f4b4eb4b5f83a8e8039,configs/doxorubicin_parameters.json,b14b641f69afb70af9ff7557a062c2ce00e0b0cb74381ba69fcfaad4f17f04af,configs/parameter_provenance.csv,86c4261fcb9616a643db79340fe0b7398ba10a5c46464e67e8b697bcfc3a4ec9
spontaneous_only,Spontaneous only,0.005833333333333334,1e-05,9.710919593807764e-06,2.9238210350356323e-08,9.681681383457408e-06,1.4454020309611822e-07,0.0,1e-05,0.0,7.4,4.88,760000.0,85000000.0,,0.0,,analytic Riccati radical-pool solution plus integrating-factor adaptive quadrature for H2O2,241,"[""fixed pH"", ""rapid HO2/O2-minus acid-base equilibrium"", ""constant SOD concentration"", ""constant elementary rate coefficients"", ""single-pulse radical decay with no continuous source"", ""first-order H2O2 loss when enabled""]",True,illustrative single-pulse molar concentration,M except time_s and rate fields,"Fixed pH, rapid equilibrium, constant SOD and rates, single pulse; not continuously driven cellular ROS.",1d8208b504af787754e184f77640f85675b5b634,01e64b526ae9ed2d5f192ae14068302e806c1e8b44576f4b4eb4b5f83a8e8039,configs/doxorubicin_parameters.json,b14b641f69afb70af9ff7557a062c2ce00e0b0cb74381ba69fcfaad4f17f04af,configs/parameter_provenance.csv,86c4261fcb9616a643db79340fe0b7398ba10a5c46464e67e8b697bcfc3a4ec9
spontaneous_only,Spontaneous only,0.00625,1e-05,9.690909222561836e-06,2.9177961942569048e-08,9.661731260619267e-06,1.5454538871908255e-07,0.0,1e-05,0.0,7.4,4.88,760000.0,85000000.0,,0.0,,analytic Riccati radical-pool solution plus integrating-factor adaptive quadrature for H2O2,241,"[""fixed pH"", ""rapid HO2/O2-minus acid-base equilibrium"", ""constant SOD concentration"", ""constant elementary rate coefficients"", ""single-pulse radical decay with no continuous source"", ""first-order H2O2 loss when enabled""]",True,illustrative single-pulse molar concentration,M except time_s and rate fields,"Fixed pH, rapid equilibrium, constant SOD and rates, single pulse; not continuously driven cellular ROS.",1d8208b504af787754e184f77640f85675b5b634,01e64b526ae9ed2d5f192ae14068302e806c1e8b44576f4b4eb4b5f83a8e8039,configs/doxorubicin_parameters.json,b14b641f69afb70af9ff7557a062c2ce00e0b0cb74381ba69fcfaad4f17f04af,configs/parameter_provenance.csv,86c4261fcb9616a643db79340fe0b7398ba10a5c46464e67e8b697bcfc3a4ec9
spontaneous_only,Spontaneous only,0.006666666666666667,1e-05,9.670981148682926e-06,2.911796132055581e-08,9.64186318736237e-06,1.6450942565853727e-07,0.0,1e-05,0.0,7.4,4.88,760000.0,85000000.0,,0.0,,analytic Riccati radical-pool solution plus integrating-factor adaptive quadrature for H2O2,241,"[""fixed pH"", ""rapid HO2/O2-minus acid-base equilibrium"", ""constant SOD concentration"", ""constant elementary rate coefficients"", ""single-pulse radical decay with no continuous source"", ""first-order H2O2 loss when enabled""]",True,illustrative single-pulse molar concentration,M except time_s and rate fields,"Fixed pH, rapid equilibrium, constant SOD and rates, single pulse; not continuously driven cellular ROS.",1d8208b504af787754e184f77640f85675b5b634,01e64b526ae9ed2d5f192ae14068302e806c1e8b44576f4b4eb4b5f83a8e8039,configs/doxorubicin_parameters.json,b14b641f69afb70af9ff7557a062c2ce00e0b0cb74381ba69fcfaad4f17f04af,configs/parameter_provenance.csv,86c4261fcb9616a643db79340fe0b7398ba10a5c46464e67e8b697bcfc3a4ec9
spontaneous_only,Spontaneous only,0.007083333333333334,1e-05,9.651134865511946e-06,2.9058206958837495e-08,9.622076658553109e-06,1.7443256724402728e-07,0.0,1e-05,0.0,7.4,4.88,760000.0,85000000.0,,0.0,,analytic Riccati radical-pool solution plus integrating-factor adaptive quadrature for H2O2,241,"[""fixed pH"", ""rapid HO2/O2-minus acid-base equilibrium"", ""constant SOD concentration"", ""constant elementary rate coefficients"", ""single-pulse radical decay with no continuous source"", ""first-order H2O2 loss when enabled""]",True,illustrative single-pulse molar concentration,M except time_s and rate fields,"Fixed pH, rapid equilibrium, constant SOD and rates, single pulse; not continuously driven cellular ROS.",1d8208b504af787754e184f77640f85675b5b634,01e64b526ae9ed2d5f192ae14068302e806c1e8b44576f4b4eb4b5f83a8e8039,configs/doxorubicin_parameters.json,b14b641f69afb70af9ff7557a062c2ce00e0b0cb74381ba69fcfaad4f17f04af,configs/parameter_provenance.csv,86c4261fcb9616a643db79340fe0b7398ba10a5c46464e67e8b697bcfc3a4ec9
spontaneous_only,Spontaneous only,0.007500000000000001,1e-05,9.631369870540238e-06,2.8998697344431356e-08,9.602371173195807e-06,1.8431506472988118e-07,0.0,1e-05,0.0,7.4,4.88,760000.0,85000000.0,,0.0,,analytic Riccati radical-pool solution plus integrating-factor adaptive quadrature for H2O2,241,"[""fixed pH"", ""rapid HO2/O2-minus acid-base equilibrium"", ""constant SOD concentration"", ""constant elementary rate coefficients"", ""single-pulse radical decay with no continuous source"", ""first-order H2O2 loss when enabled""]",True,illustrative single-pulse molar concentration,M except time_s and rate fields,"Fixed pH, rapid equilibrium, constant SOD and rates, single pulse; not continuously driven cellular ROS.",1d8208b504af787754e184f77640f85675b5b634,01e64b526ae9ed2d5f192ae14068302e806c1e8b44576f4b4eb4b5f83a8e8039,configs/doxorubicin_parameters.json,b14b641f69afb70af9ff7557a062c2ce00e0b0cb74381ba69fcfaad4f17f04af,configs/parameter_provenance.csv,86c4261fcb9616a643db79340fe0b7398ba10a5c46464e67e8b697bcfc3a4ec9
spontaneous_only,Spontaneous only,0.007916666666666667,1e-05,9.611685665367178e-06,2.8939430976723346e-08,9.582746234390454e-06,1.9415716731641163e-07,0.0,1e-05,0.0,7.4,4.88,760000.0,85000000.0,,0.0,,analytic Riccati radical-pool solution plus integrating-factor adaptive quadrature for H2O2,241,"[""fixed pH"", ""rapid HO2/O2-minus acid-base equilibrium"", ""constant SOD concentration"", ""constant elementary rate coefficients"", ""single-pulse radical decay with no continuous source"", ""first-order H2O2 loss when enabled""]",True,illustrative single-pulse molar concentration,M except time_s and rate fields,"Fixed pH, rapid equilibrium, constant SOD and rates, single pulse; not continuously driven cellular ROS.",1d8208b504af787754e184f77640f85675b5b634,01e64b526ae9ed2d5f192ae14068302e806c1e8b44576f4b4eb4b5f83a8e8039,configs/doxorubicin_parameters.json,b14b641f69afb70af9ff7557a062c2ce00e0b0cb74381ba69fcfaad4f17f04af,configs/parameter_provenance.csv,86c4261fcb9616a643db79340fe0b7398ba10a5c46464e67e8b697bcfc3a4ec9
spontaneous_only,Spontaneous only,0.008333333333333333,1e-05,9.592081755658273e-06,2.888040636734198e-08,9.56320134929093e-06,2.0395912217086415e-07,0.0,1e-05,0.0,7.4,4.88,760000.0,85000000.0,,0.0,,analytic Riccati radical-pool solution plus integrating-factor adaptive quadrature for H2O2,241,"[""fixed pH"", ""rapid HO2/O2-minus acid-base equilibrium"", ""constant SOD concentration"", ""constant elementary rate coefficients"", ""single-pulse radical decay with no continuous source"", ""first-order H2O2 loss when enabled""]",True,illustrative single-pulse molar concentration,M except time_s and rate fields,"Fixed pH, rapid equilibrium, constant SOD and rates, single pulse; not continuously driven cellular ROS.",1d8208b504af787754e184f77640f85675b5b634,01e64b526ae9ed2d5f192ae14068302e806c1e8b44576f4b4eb4b5f83a8e8039,configs/doxorubicin_parameters.json,b14b641f69afb70af9ff7557a062c2ce00e0b0cb74381ba69fcfaad4f17f04af,configs/parameter_provenance.csv,86c4261fcb9616a643db79340fe0b7398ba10a5c46464e67e8b697bcfc3a4ec9
spontaneous_only,Spontaneous only,0.00875,1e-05,9.572557651103782e-06,2.8821622040033725e-08,9.543736029063748e-06,2.1372117444810934e-07,0.0,1e-05,0.0,7.4,4.88,760000.0,85000000.0,,0.0,,analytic Riccati radical-pool solution plus integrating-factor adaptive quadrature for H2O2,241,"[""fixed pH"", ""rapid HO2/O2-minus acid-base equilibrium"", ""constant SOD concentration"", ""constant elementary rate coefficients"", ""single-pulse radical decay with no continuous source"", ""first-order H2O2 loss when enabled""]",True,illustrative single-pulse molar concentration,M except time_s and rate fields,"Fixed pH, rapid equilibrium, constant SOD and rates, single pulse; not continuously driven cellular ROS.",1d8208b504af787754e184f77640f85675b5b634,01e64b526ae9ed2d5f192ae14068302e806c1e8b44576f4b4eb4b5f83a8e8039,configs/doxorubicin_parameters.json,b14b641f69afb70af9ff7557a062c2ce00e0b0cb74381ba69fcfaad4f17f04af,configs/parameter_provenance.csv,86c4261fcb9616a643db79340fe0b7398ba10a5c46464e67e8b697bcfc3a4ec9
spontaneous_only,Spontaneous only,0.009166666666666667,1e-05,9.553112865377839e-06,2.8763076530539932e-08,9.524349788847298e-06,2.234435673110809e-07,0.0,1e-05,0.0,7.4,4.88,760000.0,85000000.0,,0.0,,analytic Riccati radical-pool solution plus integrating-factor adaptive quadrature for H2O2,241,"[""fixed pH"", ""rapid HO2/O2-minus acid-base equilibrium"", ""constant SOD concentration"", ""constant elementary rate coefficients"", ""single-pulse radical decay with no continuous source"", ""first-order H2O2 loss when enabled""]",True,illustrative single-pulse molar concentration,M except time_s and rate fields,"Fixed pH, rapid equilibrium, constant SOD and rates, single pulse; not continuously driven cellular ROS.",1d8208b504af787754e184f77640f85675b5b634,01e64b526ae9ed2d5f192ae14068302e806c1e8b44576f4b4eb4b5f83a8e8039,configs/doxorubicin_parameters.json,b14b641f69afb70af9ff7557a062c2ce00e0b0cb74381ba69fcfaad4f17f04af,configs/parameter_provenance.csv,86c4261fcb9616a643db79340fe0b7398ba10a5c46464e67e8b697bcfc3a4ec9
spontaneous_only,Spontaneous only,0.009583333333333334,1e-05,9.533746916098076e-06,2.8704768386475276e-08,9.505042147711602e-06,2.3312654195096217e-07,0.0,1e-05,0.0,7.4,4.88,760000.0,85000000.0,,0.0,,analytic Riccati radical-pool solution plus integrating-factor adaptive quadrature for H2O2,241,"[""fixed pH"", ""rapid HO2/O2-minus acid-base equilibrium"", ""constant SOD concentration"", ""constant elementary rate coefficients"", ""single-pulse radical decay with no continuous source"", ""first-order H2O2 loss when enabled""]",True,illustrative single-pulse molar concentration,M except time_s and rate fields,"Fixed pH, rapid equilibrium, constant SOD and rates, single pulse; not continuously driven cellular ROS.",1d8208b504af787754e184f77640f85675b5b634,01e64b526ae9ed2d5f192ae14068302e806c1e8b44576f4b4eb4b5f83a8e8039,configs/doxorubicin_parameters.json,b14b641f69afb70af9ff7557a062c2ce00e0b0cb74381ba69fcfaad4f17f04af,configs/parameter_provenance.csv,86c4261fcb9616a643db79340fe0b7398ba10a5c46464e67e8b697bcfc3a4ec9
spontaneous_only,Spontaneous only,0.01,1e-05,9.514459324785725e-06,2.8646696167207617e-08,9.485812628618517e-06,2.4277033760713787e-07,0.0,1e-05,0.0,7.4,4.88,760000.0,85000000.0,,0.0,,analytic Riccati radical-pool solution plus integrating-factor adaptive quadrature for H2O2,241,"[""fixed pH"", ""rapid HO2/O2-minus acid-base equilibrium"", ""constant SOD concentration"", ""constant elementary rate coefficients"", ""single-pulse radical decay with no continuous source"", ""first-order H2O2 loss when enabled""]",True,illustrative single-pulse molar concentration,M except time_s and rate fields,"Fixed pH, rapid equilibrium, constant SOD and rates, single pulse; not continuously driven cellular ROS.",1d8208b504af787754e184f77640f85675b5b634,01e64b526ae9ed2d5f192ae14068302e806c1e8b44576f4b4eb4b5f83a8e8039,configs/doxorubicin_parameters.json,b14b641f69afb70af9ff7557a062c2ce00e0b0cb74381ba69fcfaad4f17f04af,configs/parameter_provenance.csv,86c4261fcb9616a643db79340fe0b7398ba10a5c46464e67e8b697bcfc3a4ec9
spontaneous_only,Spontaneous only,0.010416666666666668,1e-05,9.495249616826217e-06,2.8588858443739372e-08,9.466660758382477e-06,2.52375191586892e-07,0.0,1e-05,0.0,7.4,4.88,760000.0,85000000.0,,0.0,,analytic Riccati radical-pool solution plus integrating-factor adaptive quadrature for H2O2,241,"[""fixed pH"", ""rapid HO2/O2-minus acid-base equilibrium"", ""constant SOD concentration"", ""constant elementary rate coefficients"", ""single-pulse radical decay with no continuous source"", ""first-order H2O2 loss when enabled""]",True,illustrative single-pulse molar concentration,M except time_s and rate fields,"Fixed pH, rapid equilibrium, constant SOD and rates, single pulse; not continuously driven cellular ROS.",1d8208b504af787754e184f77640f85675b5b634,01e64b526ae9ed2d5f192ae14068302e806c1e8b44576f4b4eb4b5f83a8e8039,configs/doxorubicin_parameters.json,b14b641f69afb70af9ff7557a062c2ce00e0b0cb74381ba69fcfaad4f17f04af,configs/parameter_provenance.csv,86c4261fcb9616a643db79340fe0b7398ba10a5c46464e67e8b697bcfc3a4ec9
spontaneous_only,Spontaneous only,0.010833333333333334,1e-05,9.47611732143025e-06,2.8531253798590303e-08,9.44758606763166e-06,2.619413392848751e-07,0.0,1e-05,0.0,7.4,4.88,760000.0,85000000.0,,0.0,,analytic Riccati radical-pool solution plus integrating-factor adaptive quadrature for H2O2,241,"[""fixed pH"", ""rapid HO2/O2-minus acid-base equilibrium"", ""constant SOD concentration"", ""constant elementary rate coefficients"", ""single-pulse radical decay with no continuous source"", ""first-order H2O2 loss when enabled""]",True,illustrative single-pulse molar concentration,M except time_s and rate fields,"Fixed pH, rapid equilibrium, constant SOD and rates, single pulse; not continuously driven cellular ROS.",1d8208b504af787754e184f77640f85675b5b634,01e64b526ae9ed2d5f192ae14068302e806c1e8b44576f4b4eb4b5f83a8e8039,configs/doxorubicin_parameters.json,b14b641f69afb70af9ff7557a062c2ce00e0b0cb74381ba69fcfaad4f17f04af,configs/parameter_provenance.csv,86c4261fcb9616a643db79340fe0b7398ba10a5c46464e67e8b697bcfc3a4ec9
spontaneous_only,Spontaneous only,0.011250000000000001,1e-05,9.45706197159533e-06,2.8473880825681714e-08,9.428588090769648e-06,2.714690142023353e-07,0.0,1e-05,0.0,7.4,4.88,760000.0,85000000.0,,0.0,,analytic Riccati radical-pool solution plus integrating-factor adaptive quadrature for H2O2,241,"[""fixed pH"", ""rapid HO2/O2-minus acid-base equilibrium"", ""constant SOD concentration"", ""constant elementary rate coefficients"", ""single-pulse radical decay with no continuous source"", ""first-order H2O2 loss when enabled""]",True,illustrative single-pulse molar concentration,M except time_s and rate fields,"Fixed pH, rapid equilibrium, constant SOD and rates, single pulse; not continuously driven cellular ROS.",1d8208b504af787754e184f77640f85675b5b634,01e64b526ae9ed2d5f192ae14068302e806c1e8b44576f4b4eb4b5f83a8e8039,configs/doxorubicin_parameters.json,b14b641f69afb70af9ff7557a062c2ce00e0b0cb74381ba69fcfaad4f17f04af,configs/parameter_provenance.csv,86c4261fcb9616a643db79340fe0b7398ba10a5c46464e67e8b697bcfc3a4ec9
spontaneous_only,Spontaneous only,0.011666666666666667,1e-05,9.438083104067766e-06,2.8416738130222026e-08,9.409666365937543e-06,2.809584479661174e-07,0.0,1e-05,0.0,7.4,4.88,760000.0,85000000.0,,0.0,,analytic Riccati radical-pool solution plus integrating-factor adaptive quadrature for H2O2,241,"[""fixed pH"", ""rapid HO2/O2-minus acid-base equilibrium"", ""constant SOD concentration"", ""constant elementary rate coefficients"", ""single-pulse radical decay with no continuous source"", ""first-order H2O2 loss when enabled""]",True,illustrative single-pulse molar concentration,M except time_s and rate fields,"Fixed pH, rapid equilibrium, constant SOD and rates, single pulse; not continuously driven cellular ROS.",1d8208b504af787754e184f77640f85675b5b634,01e64b526ae9ed2d5f192ae14068302e806c1e8b44576f4b4eb4b5f83a8e8039,configs/doxorubicin_parameters.json,b14b641f69afb70af9ff7557a062c2ce00e0b0cb74381ba69fcfaad4f17f04af,configs/parameter_provenance.csv,86c4261fcb9616a643db79340fe0b7398ba10a5c46464e67e8b697bcfc3a4ec9
spontaneous_only,Spontaneous only,0.012083333333333335,1e-05,9.419180259305142e-06,2.835982432859379e-08,9.390820434976548e-06,2.9040987034742943e-07,0.0,1e-05,0.0,7.4,4.88,760000.0,85000000.0,,0.0,,analytic Riccati radical-pool solution plus integrating-factor adaptive quadrature for H2O2,241,"[""fixed pH"", ""rapid HO2/O2-minus acid-base equilibrium"", ""constant SOD concentration"", ""constant elementary rate coefficients"", ""single-pulse radical decay with no continuous source"", ""first-order H2O2 loss when enabled""]",True,illustrative single-pulse molar concentration,M except time_s and rate fields,"Fixed pH, rapid equilibrium, constant SOD and rates, single pulse; not continuously driven cellular ROS.",1d8208b504af787754e184f77640f85675b5b634,01e64b526ae9ed2d5f192ae14068302e806c1e8b44576f4b4eb4b5f83a8e8039,configs/doxorubicin_parameters.json,b14b641f69afb70af9ff7557a062c2ce00e0b0cb74381ba69fcfaad4f17f04af,configs/parameter_provenance.csv,86c4261fcb9616a643db79340fe0b7398ba10a5c46464e67e8b697bcfc3a4ec9
spontaneous_only,Spontaneous only,0.0125,1e-05,9.400352981439213e-06,2.8303138048241964e-08,9.372049843390972e-06,2.9982350928039386e-07,0.0,1e-05,0.0,7.4,4.88,760000.0,85000000.0,,0.0,,analytic Riccati radical-pool solution plus integrating-factor adaptive quadrature for H2O2,241,"[""fixed pH"", ""rapid HO2/O2-minus acid-base equilibrium"", ""constant SOD concentration"", ""constant elementary rate coefficients"", ""single-pulse radical decay with no continuous source"", ""first-order H2O2 loss when enabled""]",True,illustrative single-pulse molar concentration,M except time_s and rate fields,"Fixed pH, rapid equilibrium, constant SOD and rates, single pulse; not continuously driven cellular ROS.",1d8208b504af787754e184f77640f85675b5b634,01e64b526ae9ed2d5f192ae14068302e806c1e8b44576f4b4eb4b5f83a8e8039,configs/doxorubicin_parameters.json,b14b641f69afb70af9ff7557a062c2ce00e0b0cb74381ba69fcfaad4f17f04af,configs/parameter_provenance.csv,86c4261fcb9616a643db79340fe0b7398ba10a5c46464e67e8b697bcfc3a4ec9
spontaneous_only,Spontaneous only,0.012916666666666668,1e-05,9.381600818239263e-06,2.8246677927563593e-08,9.353354140311699e-06,3.091995908803687e-07,0.0,1e-05,0.0,7.4,4.88,760000.0,85000000.0,,0.0,,analytic Riccati radical-pool solution plus integrating-factor adaptive quadrature for H2O2,241,"[""fixed pH"", ""rapid HO2/O2-minus acid-base equilibrium"", ""constant SOD concentration"", ""constant elementary rate coefficients"", ""single-pulse radical decay with no continuous source"", ""first-order H2O2 loss when enabled""]",True,illustrative single-pulse molar concentration,M except time_s and rate fields,"Fixed pH, rapid equilibrium, constant SOD and rates, single pulse; not continuously driven cellular ROS.",1d8208b504af787754e184f77640f85675b5b634,01e64b526ae9ed2d5f192ae14068302e806c1e8b44576f4b4eb4b5f83a8e8039,configs/doxorubicin_parameters.json,b14b641f69afb70af9ff7557a062c2ce00e0b0cb74381ba69fcfaad4f17f04af,configs/parameter_provenance.csv,86c4261fcb9616a643db79340fe0b7398ba10a5c46464e67e8b697bcfc3a4ec9
spontaneous_only,Spontaneous only,0.013333333333333334,1e-05,9.362923321075903e-06,2.819044261579881e-08,9.334732878460104e-06,3.185383394620487e-07,0.0,1e-05,0.0,7.4,4.88,760000.0,85000000.0,,0.0,,analytic Riccati radical-pool solution plus integrating-factor adaptive quadrature for H2O2,241,"[""fixed pH"", ""rapid HO2/O2-minus acid-base equilibrium"", ""constant SOD concentration"", ""constant elementary rate coefficients"", ""single-pulse radical decay with no continuous source"", ""first-order H2O2 loss when enabled""]",True,illustrative single-pulse molar concentration,M except time_s and rate fields,"Fixed pH, rapid equilibrium, constant SOD and rates, single pulse; not continuously driven cellular ROS.",1d8208b504af787754e184f77640f85675b5b634,01e64b526ae9ed2d5f192ae14068302e806c1e8b44576f4b4eb4b5f83a8e8039,configs/doxorubicin_parameters.json,b14b641f69afb70af9ff7557a062c2ce00e0b0cb74381ba69fcfaad4f17f04af,configs/parameter_provenance.csv,86c4261fcb9616a643db79340fe0b7398ba10a5c46464e67e8b697bcfc3a4ec9
spontaneous_only,Spontaneous only,0.01375,1e-05,9.344320044885278e-06,2.8134430772923074e-08,9.316185614112354e-06,3.2783997755736136e-07,0.0,1e-05,0.0,7.4,4.88,760000.0,85000000.0,,0.0,,analytic Riccati radical-pool solution plus integrating-factor adaptive quadrature for H2O2,241,"[""fixed pH"", ""rapid HO2/O2-minus acid-base equilibrium"", ""constant SOD concentration"", ""constant elementary rate coefficients"", ""single-pulse radical decay with no continuous source"", ""first-order H2O2 loss when enabled""]",True,illustrative single-pulse molar concentration,M except time_s and rate fields,"Fixed pH, rapid equilibrium, constant SOD and rates, single pulse; not continuously driven cellular ROS.",1d8208b504af787754e184f77640f85675b5b634,01e64b526ae9ed2d5f192ae14068302e806c1e8b44576f4b4eb4b5f83a8e8039,configs/doxorubicin_parameters.json,b14b641f69afb70af9ff7557a062c2ce00e0b0cb74381ba69fcfaad4f17f04af,configs/parameter_provenance.csv,86c4261fcb9616a643db79340fe0b7398ba10a5c46464e67e8b697bcfc3a4ec9
spontaneous_only,Spontaneous only,0.014166666666666668,1e-05,9.325790548133735e-06,2.8078641069540777e-08,9.297711907064194e-06,3.371047259331328e-07,0.0,1e-05,0.0,7.4,4.88,760000.0,85000000.0,,0.0,,analytic Riccati radical-pool solution plus integrating-factor adaptive quadrature for H2O2,241,"[""fixed pH"", ""rapid HO2/O2-minus acid-base equilibrium"", ""constant SOD concentration"", ""constant elementary rate coefficients"", ""single-pulse radical decay with no continuous source"", ""first-order H2O2 loss when enabled""]",True,illustrative single-pulse molar concentration,M except time_s and rate fields,"Fixed pH, rapid equilibrium, constant SOD and rates, single pulse; not continuously driven cellular ROS.",1d8208b504af787754e184f77640f85675b5b634,01e64b526ae9ed2d5f192ae14068302e806c1e8b44576f4b4eb4b5f83a8e8039,configs/doxorubicin_parameters.json,b14b641f69afb70af9ff7557a062c2ce00e0b0cb74381ba69fcfaad4f17f04af,configs/parameter_provenance.csv,86c4261fcb9616a643db79340fe0b7398ba10a5c46464e67e8b697bcfc3a4ec9
spontaneous_only,Spontaneous only,0.014583333333333334,1e-05,9.30733439278287e-06,2.802307218678002e-08,9.27931132059609e-06,3.463328036085653e-07,0.0,1e-05,0.0,7.4,4.88,760000.0,85000000.0,,0.0,,analytic Riccati radical-pool solution plus integrating-factor adaptive quadrature for H2O2,241,"[""fixed pH"", ""rapid HO2/O2-minus acid-base equilibrium"", ""constant SOD concentration"", ""constant elementary rate coefficients"", ""single-pulse radical decay with no continuous source"", ""first-order H2O2 loss when enabled""]",True,illustrative single-pulse molar concentration,M except time_s and rate fields,"Fixed pH, rapid equilibrium, constant SOD and rates, single pulse; not continuously driven cellular ROS.",1d8208b504af787754e184f77640f85675b5b634,01e64b526ae9ed2d5f192ae14068302e806c1e8b44576f4b4eb4b5f83a8e8039,configs/doxorubicin_parameters.json,b14b641f69afb70af9ff7557a062c2ce00e0b0cb74381ba69fcfaad4f17f04af,configs/parameter_provenance.csv,86c4261fcb9616a643db79340fe0b7398ba10a5c46464e67e8b697bcfc3a4ec9
spontaneous_only,Spontaneous only,0.015000000000000001,1e-05,9.288951144255025e-06,2.7967722816188716e-08,9.260983421438836e-06,3.55524427872488e-07,0.0,1e-05,0.0,7.4,4.88,760000.0,85000000.0,,0.0,,analytic Riccati radical-pool solution plus integrating-factor adaptive quadrature for H2O2,241,"[""fixed pH"", ""rapid HO2/O2-minus acid-base equilibrium"", ""constant SOD concentration"", ""constant elementary rate coefficients"", ""single-pulse radical decay with no continuous source"", ""first-order H2O2 loss when enabled""]",True,illustrative single-pulse molar concentration,M except time_s and rate fields,"Fixed pH, rapid equilibrium, constant SOD and rates, single pulse; not continuously driven cellular ROS.",1d8208b504af787754e184f77640f85675b5b634,01e64b526ae9ed2d5f192ae14068302e806c1e8b44576f4b4eb4b5f83a8e8039,configs/doxorubicin_parameters.json,b14b641f69afb70af9ff7557a062c2ce00e0b0cb74381ba69fcfaad4f17f04af,configs/parameter_provenance.csv,86c4261fcb9616a643db79340fe0b7398ba10a5c46464e67e8b697bcfc3a4ec9
spontaneous_only,Spontaneous only,0.015416666666666667,1e-05,9.270640371399173e-06,2.791259165963189e-08,9.242727779739542e-06,3.646798143004137e-07,0.0,1e-05,0.0,7.4,4.88,760000.0,85000000.0,,0.0,,analytic Riccati radical-pool solution plus integrating-factor adaptive quadrature for H2O2,241,"[""fixed pH"", ""rapid HO2/O2-minus acid-base equilibrium"", ""constant SOD concentration"", ""constant elementary rate coefficients"", ""single-pulse radical decay with no continuous source"", ""first-order H2O2 loss when enabled""]",True,illustrative single-pulse molar concentration,M except time_s and rate fields,"Fixed pH, rapid equilibrium, constant SOD and rates, single pulse; not continuously driven cellular ROS.",1d8208b504af787754e184f77640f85675b5b634,01e64b526ae9ed2d5f192ae14068302e806c1e8b44576f4b4eb4b5f83a8e8039,configs/doxorubicin_parameters.json,b14b641f69afb70af9ff7557a062c2ce00e0b0cb74381ba69fcfaad4f17f04af,configs/parameter_provenance.csv,86c4261fcb9616a643db79340fe0b7398ba10a5c46464e67e8b697bcfc3a4ec9
spontaneous_only,Spontaneous only,0.015833333333333335,1e-05,9.252401646457213e-06,2.7857677429190175e-08,9.224543969028023e-06,3.7379917677139386e-07,0.0,1e-05,0.0,7.4,4.88,760000.0,85000000.0,,0.0,,analytic Riccati radical-pool solution plus integrating-factor adaptive quadrature for H2O2,241,"[""fixed pH"", ""rapid HO2/O2-minus acid-base equilibrium"", ""constant SOD concentration"", ""constant elementary rate coefficients"", ""single-pulse radical decay with no continuous source"", ""first-order H2O2 loss when enabled""]",True,illustrative single-pulse molar concentration,M except time_s and rate fields,"Fixed pH, rapid equilibrium, constant SOD and rates, single pulse; not continuously driven cellular ROS.",1d8208b504af787754e184f77640f85675b5b634,01e64b526ae9ed2d5f192ae14068302e806c1e8b44576f4b4eb4b5f83a8e8039,configs/doxorubicin_parameters.json,b14b641f69afb70af9ff7557a062c2ce00e0b0cb74381ba69fcfaad4f17f04af,configs/parameter_provenance.csv,86c4261fcb9616a643db79340fe0b7398ba10a5c46464e67e8b697bcfc3a4ec9
spontaneous_only,Spontaneous only,0.01625,1e-05,9.234234545030651e-06,2.780297884705952e-08,9.206431566183592e-06,3.828827274846747e-07,0.0,1e-05,0.0,7.4,4.88,760000.0,85000000.0,,0.0,,analytic Riccati radical-pool solution plus integrating-factor adaptive quadrature for H2O2,241,"[""fixed pH"", ""rapid HO2/O2-minus acid-base equilibrium"", ""constant SOD concentration"", ""constant elementary rate coefficients"", ""single-pulse radical decay with no continuous source"", ""first-order H2O2 loss when enabled""]",True,illustrative single-pulse molar concentration,M except time_s and rate fields,"Fixed pH, rapid equilibrium, constant SOD and rates, single pulse; not continuously driven cellular ROS.",1d8208b504af787754e184f77640f85675b5b634,01e64b526ae9ed2d5f192ae14068302e806c1e8b44576f4b4eb4b5f83a8e8039,configs/doxorubicin_parameters.json,b14b641f69afb70af9ff7557a062c2ce00e0b0cb74381ba69fcfaad4f17f04af,configs/parameter_provenance.csv,86c4261fcb9616a643db79340fe0b7398ba10a5c46464e67e8b697bcfc3a4ec9
spontaneous_only,Spontaneous only,0.016666666666666666,1e-05,9.2161386460477e-06,2.7748494645452112e-08,9.188390151402248e-06,3.9193067697615074e-07,0.0,1e-05,0.0,7.4,4.88,760000.0,85000000.0,,0.0,,analytic Riccati radical-pool solution plus integrating-factor adaptive quadrature for H2O2,241,"[""fixed pH"", ""rapid HO2/O2-minus acid-base equilibrium"", ""constant SOD concentration"", ""constant elementary rate coefficients"", ""single-pulse radical decay with no continuous source"", ""first-order H2O2 loss when enabled""]",True,illustrative single-pulse molar concentration,M except time_s and rate fields,"Fixed pH, rapid equilibrium, constant SOD and rates, single pulse; not continuously driven cellular ROS.",1d8208b504af787754e184f77640f85675b5b634,01e64b526ae9ed2d5f192ae14068302e806c1e8b44576f4b4eb4b5f83a8e8039,configs/doxorubicin_parameters.json,b14b641f69afb70af9ff7557a062c2ce00e0b0cb74381ba69fcfaad4f17f04af,configs/parameter_provenance.csv,86c4261fcb9616a643db79340fe0b7398ba10a5c46464e67e8b697bcfc3a4ec9
spontaneous_only,Spontaneous only,0.017083333333333336,1e-05,9.198113531730726e-06,2.7694223566498383e-08,9.170419308164228e-06,4.0094323413463734e-07,0.0,1e-05,0.0,7.4,4.88,760000.0,85000000.0,,0.0,,analytic Riccati radical-pool solution plus integrating-factor adaptive quadrature for H2O2,241,"[""fixed pH"", ""rapid HO2/O2-minus acid-base equilibrium"", ""constant SOD concentration"", ""constant elementary rate coefficients"", ""single-pulse radical decay with no continuous source"", ""first-order H2O2 loss when enabled""]",True,illustrative single-pulse molar concentration,M except time_s and rate fields,"Fixed pH, rapid equilibrium, constant SOD and rates, single pulse; not continuously driven cellular ROS.",1d8208b504af787754e184f77640f85675b5b634,01e64b526ae9ed2d5f192ae14068302e806c1e8b44576f4b4eb4b5f83a8e8039,configs/doxorubicin_parameters.json,b14b641f69afb70af9ff7557a062c2ce00e0b0cb74381ba69fcfaad4f17f04af,configs/parameter_provenance.csv,86c4261fcb9616a643db79340fe0b7398ba10a5c46464e67e8b697bcfc3a4ec9
spontaneous_only,Spontaneous only,0.0175,1e-05,9.180158787564113e-06,2.7640164362150214e-08,9.152518623201964e-06,4.099206062179438e-07,0.0,1e-05,0.0,7.4,4.88,760000.0,85000000.0,,0.0,,analytic Riccati radical-pool solution plus integrating-factor adaptive quadrature for H2O2,241,"[""fixed pH"", ""rapid HO2/O2-minus acid-base equilibrium"", ""constant SOD concentration"", ""constant elementary rate coefficients"", ""single-pulse radical decay with no continuous source"", ""first-order H2O2 loss when enabled""]",True,illustrative single-pulse molar concentration,M except time_s and rate fields,"Fixed pH, rapid equilibrium, constant SOD and rates, single pulse; not continuously driven cellular ROS.",1d8208b504af787754e184f77640f85675b5b634,01e64b526ae9ed2d5f192ae14068302e806c1e8b44576f4b4eb4b5f83a8e8039,configs/doxorubicin_parameters.json,b14b641f69afb70af9ff7557a062c2ce00e0b0cb74381ba69fcfaad4f17f04af,configs/parameter_provenance.csv,86c4261fcb9616a643db79340fe0b7398ba10a5c46464e67e8b697bcfc3a4ec9
spontaneous_only,Spontaneous only,0.017916666666666668,1e-05,9.162274002262484e-06,2.7586315794085306e-08,9.134687686468398e-06,4.1886299886875866e-07,0.0,1e-05,0.0,7.4,4.88,760000.0,85000000.0,,0.0,,analytic Riccati radical-pool solution plus integrating-factor adaptive quadrature for H2O2,241,"[""fixed pH"", ""rapid HO2/O2-minus acid-base equilibrium"", ""constant SOD concentration"", ""constant elementary rate coefficients"", ""single-pulse radical decay with no continuous source"", ""first-order H2O2 loss when enabled""]",True,illustrative single-pulse molar concentration,M except time_s and rate fields,"Fixed pH, rapid equilibrium, constant SOD and rates, single pulse; not continuously driven cellular ROS.",1d8208b504af787754e184f77640f85675b5b634,01e64b526ae9ed2d5f192ae14068302e806c1e8b44576f4b4eb4b5f83a8e8039,configs/doxorubicin_parameters.json,b14b641f69afb70af9ff7557a062c2ce00e0b0cb74381ba69fcfaad4f17f04af,configs/parameter_provenance.csv,86c4261fcb9616a643db79340fe0b7398ba10a5c46464e67e8b697bcfc3a4ec9
spontaneous_only,Spontaneous only,0.018333333333333333,1e-05,9.14445876773929e-06,2.7532676633612572e-08,9.116926091105676e-06,4.277706161303555e-07,0.0,1e-05,0.0,7.4,4.88,760000.0,85000000.0,,0.0,,analytic Riccati radical-pool solution plus integrating-factor adaptive quadrature for H2O2,241,"[""fixed pH"", ""rapid HO2/O2-minus acid-base equilibrium"", ""constant SOD concentration"", ""constant elementary rate coefficients"", ""single-pulse radical decay with no continuous source"", ""first-order H2O2 loss when enabled""]",True,illustrative single-pulse molar concentration,M except time_s and rate fields,"Fixed pH, rapid equilibrium, constant SOD and rates, single pulse; not continuously driven cellular ROS.",1d8208b504af787754e184f77640f85675b5b634,01e64b526ae9ed2d5f192ae14068302e806c1e8b44576f4b4eb4b5f83a8e8039,configs/doxorubicin_parameters.json,b14b641f69afb70af9ff7557a062c2ce00e0b0cb74381ba69fcfaad4f17f04af,configs/parameter_provenance.csv,86c4261fcb9616a643db79340fe0b7398ba10a5c46464e67e8b697bcfc3a4ec9
spontaneous_only,Spontaneous only,0.018750000000000003,1e-05,9.126712679075775e-06,2.7479245661578703e-08,9.099233433414195e-06,4.3664366046211297e-07,0.0,1e-05,0.0,7.4,4.88,760000.0,85000000.0,,0.0,,analytic Riccati radical-pool solution plus integrating-factor adaptive quadrature for H2O2,241,"[""fixed pH"", ""rapid HO2/O2-minus acid-base equilibrium"", ""constant SOD concentration"", ""constant elementary rate coefficients"", ""single-pulse radical decay with no continuous source"", ""first-order H2O2 loss when enabled""]",True,illustrative single-pulse molar concentration,M except time_s and rate fields,"Fixed pH, rapid equilibrium, constant SOD and rates, single pulse; not continuously driven cellular ROS.",1d8208b504af787754e184f77640f85675b5b634,01e64b526ae9ed2d5f192ae14068302e806c1e8b44576f4b4eb4b5f83a8e8039,configs/doxorubicin_parameters.json,b14b641f69afb70af9ff7557a062c2ce00e0b0cb74381ba69fcfaad4f17f04af,configs/parameter_provenance.csv,86c4261fcb9616a643db79340fe0b7398ba10a5c46464e67e8b697bcfc3a4ec9
spontaneous_only,Spontaneous only,0.01916666666666667,1e-05,9.109035334490307e-06,2.742602166827582e-08,9.081609312822031e-06,4.4548233275484705e-07,0.0,1e-05,0.0,7.4,4.88,760000.0,85000000.0,,0.0,,analytic Riccati radical-pool solution plus integrating-factor adaptive quadrature for H2O2,241,"[""fixed pH"", ""rapid HO2/O2-minus acid-base equilibrium"", ""constant SOD concentration"", ""constant elementary rate coefficients"", ""single-pulse radical decay with no continuous source"", ""first-order H2O2 loss when enabled""]",True,illustrative single-pulse molar concentration,M except time_s and rate fields,"Fixed pH, rapid equilibrium, constant SOD and rates, single pulse; not continuously driven cellular ROS.",1d8208b504af787754e184f77640f85675b5b634,01e64b526ae9ed2d5f192ae14068302e806c1e8b44576f4b4eb4b5f83a8e8039,configs/doxorubicin_parameters.json,b14b641f69afb70af9ff7557a062c2ce00e0b0cb74381ba69fcfaad4f17f04af,configs/parameter_provenance.csv,86c4261fcb9616a643db79340fe0b7398ba10a5c46464e67e8b697bcfc3a4ec9
spontaneous_only,Spontaneous only,0.019583333333333335,1e-05,9.091426335308036e-06,2.7373003453350143e-08,9.064053331854686e-06,4.5428683234598217e-07,0.0,1e-05,0.0,7.4,4.88,760000.0,85000000.0,,0.0,,analytic Riccati radical-pool solution plus integrating-factor adaptive quadrature for H2O2,241,"[""fixed pH"", ""rapid HO2/O2-minus acid-base equilibrium"", ""constant SOD concentration"", ""constant elementary rate coefficients"", ""single-pulse radical decay with no continuous source"", ""first-order H2O2 loss when enabled""]",True,illustrative single-pulse molar concentration,M except time_s and rate fields,"Fixed pH, rapid equilibrium, constant SOD and rates, single pulse; not continuously driven cellular ROS.",1d8208b504af787754e184f77640f85675b5b634,01e64b526ae9ed2d5f192ae14068302e806c1e8b44576f4b4eb4b5f83a8e8039,configs/doxorubicin_parameters.json,b14b641f69afb70af9ff7557a062c2ce00e0b0cb74381ba69fcfaad4f17f04af,configs/parameter_provenance.csv,86c4261fcb9616a643db79340fe0b7398ba10a5c46464e67e8b697bcfc3a4ec9
spontaneous_only,Spontaneous only,0.02,1e-05,9.073885285930945e-06,2.7320189825711788e-08,9.046565096105234e-06,4.6305735703452767e-07,0.0,1e-05,0.0,7.4,4.88,760000.0,85000000.0,,0.0,,analytic Riccati radical-pool solution plus integrating-factor adaptive quadrature for H2O2,241,"[""fixed pH"", ""rapid HO2/O2-minus acid-base equilibrium"", ""constant SOD concentration"", ""constant elementary rate coefficients"", ""single-pulse radical decay with no continuous source"", ""first-order H2O2 loss when enabled""]",True,illustrative single-pulse molar concentration,M except time_s and rate fields,"Fixed pH, rapid equilibrium, constant SOD and rates, single pulse; not continuously driven cellular ROS.",1d8208b504af787754e184f77640f85675b5b634,01e64b526ae9ed2d5f192ae14068302e806c1e8b44576f4b4eb4b5f83a8e8039,configs/doxorubicin_parameters.json,b14b641f69afb70af9ff7557a062c2ce00e0b0cb74381ba69fcfaad4f17f04af,configs/parameter_provenance.csv,86c4261fcb9616a643db79340fe0b7398ba10a5c46464e67e8b697bcfc3a4ec9
spontaneous_only,Spontaneous only,0.020416666666666666,1e-05,9.056411793808208e-06,2.7267579603445536e-08,9.029144214204763e-06,4.717941030958966e-07,0.0,1e-05,0.0,7.4,4.88,760000.0,85000000.0,,0.0,,analytic Riccati radical-pool solution plus integrating-factor adaptive quadrature for H2O2,241,"[""fixed pH"", ""rapid HO2/O2-minus acid-base equilibrium"", ""constant SOD concentration"", ""constant elementary rate coefficients"", ""single-pulse radical decay with no continuous source"", ""first-order H2O2 loss when enabled""]",True,illustrative single-pulse molar concentration,M except time_s and rate fields,"Fixed pH, rapid equilibrium, constant SOD and rates, single pulse; not continuously driven cellular ROS.",1d8208b504af787754e184f77640f85675b5b634,01e64b526ae9ed2d5f192ae14068302e806c1e8b44576f4b4eb4b5f83a8e8039,configs/doxorubicin_parameters.json,b14b641f69afb70af9ff7557a062c2ce00e0b0cb74381ba69fcfaad4f17f04af,configs/parameter_provenance.csv,86c4261fcb9616a643db79340fe0b7398ba10a5c46464e67e8b697bcfc3a4ec9
spontaneous_only,Spontaneous only,0.020833333333333336,1e-05,9.039005469406909e-06,2.7215171613722686e-08,9.011790297793186e-06,4.804972652965458e-07,0.0,1e-05,0.0,7.4,4.88,760000.0,85000000.0,,0.0,,analytic Riccati radical-pool solution plus integrating-factor adaptive quadrature for H2O2,241,"[""fixed pH"", ""rapid HO2/O2-minus acid-base equilibrium"", ""constant SOD concentration"", ""constant elementary rate coefficients"", ""single-pulse radical decay with no continuous source"", ""first-order H2O2 loss when enabled""]",True,illustrative single-pulse molar concentration,M except time_s and rate fields,"Fixed pH, rapid equilibrium, constant SOD and rates, single pulse; not continuously driven cellular ROS.",1d8208b504af787754e184f77640f85675b5b634,01e64b526ae9ed2d5f192ae14068302e806c1e8b44576f4b4eb4b5f83a8e8039,configs/doxorubicin_parameters.json,b14b641f69afb70af9ff7557a062c2ce00e0b0cb74381ba69fcfaad4f17f04af,configs/parameter_provenance.csv,86c4261fcb9616a643db79340fe0b7398ba10a5c46464e67e8b697bcfc3a4ec9
spontaneous_only,Spontaneous only,0.02125,1e-05,9.02166592618311e-06,2.716296469271391e-08,8.994502961490396e-06,4.891670369084451e-07,0.0,1e-05,0.0,7.4,4.88,760000.0,85000000.0,,0.0,,analytic Riccati radical-pool solution plus integrating-factor adaptive quadrature for H2O2,241,"[""fixed pH"", ""rapid HO2/O2-minus acid-base equilibrium"", ""constant SOD concentration"", ""constant elementary rate coefficients"", ""single-pulse radical decay with no continuous source"", ""first-order H2O2 loss when enabled""]",True,illustrative single-pulse molar concentration,M except time_s and rate fields,"Fixed pH, rapid equilibrium, constant SOD and rates, single pulse; not continuously driven cellular ROS.",1d8208b504af787754e184f77640f85675b5b634,01e64b526ae9ed2d5f192ae14068302e806c1e8b44576f4b4eb4b5f83a8e8039,configs/doxorubicin_parameters.json,b14b641f69afb70af9ff7557a062c2ce00e0b0cb74381ba69fcfaad4f17f04af,configs/parameter_provenance.csv,86c4261fcb9616a643db79340fe0b7398ba10a5c46464e67e8b697bcfc3a4ec9
spontaneous_only,Spontaneous only,0.021666666666666667,1e-05,9.004392780553217e-06,2.7110957685503056e-08,8.977281822867713e-06,4.97803609723392e-07,0.0,1e-05,0.0,7.4,4.88,760000.0,85000000.0,,0.0,,analytic Riccati radical-pool solution plus integrating-factor adaptive quadrature for H2O2,241,"[""fixed pH"", ""rapid HO2/O2-minus acid-base equilibrium"", ""constant SOD concentration"", ""constant elementary rate coefficients"", ""single-pulse radical decay with no continuous source"", ""first-order H2O2 loss when enabled""]",True,illustrative single-pulse molar concentration,M except time_s and rate fields,"Fixed pH, rapid equilibrium, constant SOD and rates, single pulse; not continuously driven cellular ROS.",1d8208b504af787754e184f77640f85675b5b634,01e64b526ae9ed2d5f192ae14068302e806c1e8b44576f4b4eb4b5f83a8e8039,configs/doxorubicin_parameters.json,b14b641f69afb70af9ff7557a062c2ce00e0b0cb74381ba69fcfaad4f17f04af,configs/parameter_provenance.csv,86c4261fcb9616a643db79340fe0b7398ba10a5c46464e67e8b697bcfc3a4ec9
spontaneous_only,Spontaneous only,0.022083333333333333,1e-05,8.987185651865704e-06,2.7059149446002034e-08,8.960126502419702e-06,5.064071740671484e-07,0.0,1e-05,0.0,7.4,4.88,760000.0,85000000.0,,0.0,,analytic Riccati radical-pool solution plus integrating-factor adaptive quadrature for H2O2,241,"[""fixed pH"", ""rapid HO2/O2-minus acid-base equilibrium"", ""constant SOD concentration"", ""constant elementary rate coefficients"", ""single-pulse radical decay with no continuous source"", ""first-order H2O2 loss when enabled""]",True,illustrative single-pulse molar concentration,M except time_s and rate fields,"Fixed pH, rapid equilibrium, constant SOD and rates, single pulse; not continuously driven cellular ROS.",1d8208b504af787754e184f77640f85675b5b634,01e64b526ae9ed2d5f192ae14068302e806c1e8b44576f4b4eb4b5f83a8e8039,configs/doxorubicin_parameters.json,b14b641f69afb70af9ff7557a062c2ce00e0b0cb74381ba69fcfaad4f17f04af,configs/parameter_provenance.csv,86c4261fcb9616a643db79340fe0b7398ba10a5c46464e67e8b697bcfc3a4ec9
spontaneous_only,Spontaneous only,0.022500000000000003,1e-05,8.970044162373157e-06,2.7007538836866614e-08,8.943036623536291e-06,5.149779188134217e-07,0.0,1e-05,0.0,7.4,4.88,760000.0,85000000.0,,0.0,,analytic Riccati radical-pool solution plus integrating-factor adaptive quadrature for H2O2,241,"[""fixed pH"", ""rapid HO2/O2-minus acid-base equilibrium"", ""constant SOD concentration"", ""constant elementary rate coefficients"", ""single-pulse radical decay with no continuous source"", ""first-order H2O2 loss when enabled""]",True,illustrative single-pulse molar concentration,M except time_s and rate fields,"Fixed pH, rapid equilibrium, constant SOD and rates, single pulse; not continuously driven cellular ROS.",1d8208b504af787754e184f77640f85675b5b634,01e64b526ae9ed2d5f192ae14068302e806c1e8b44576f4b4eb4b5f83a8e8039,configs/doxorubicin_parameters.json,b14b641f69afb70af9ff7557a062c2ce00e0b0cb74381ba69fcfaad4f17f04af,configs/parameter_provenance.csv,86c4261fcb9616a643db79340fe0b7398ba10a5c46464e67e8b697bcfc3a4ec9
spontaneous_only,Spontaneous only,0.02291666666666667,1e-05,8.952967937204621e-06,2.6956124729413178e-08,8.926011812475208e-06,5.2351603139769e-07,0.0,1e-05,0.0,7.4,4.88,760000.0,85000000.0,,0.0,,analytic Riccati radical-pool solution plus integrating-factor adaptive quadrature for H2O2,241,"[""fixed pH"", ""rapid HO2/O2-minus acid-base equilibrium"", ""constant SOD concentration"", ""constant elementary rate coefficients"", ""single-pulse radical decay with no continuous source"", ""first-order H2O2 loss when enabled""]",True,illustrative single-pulse molar concentration,M except time_s and rate fields,"Fixed pH, rapid equilibrium, constant SOD and rates, single pulse; not continuously driven cellular ROS.",1d8208b504af787754e184f77640f85675b5b634,01e64b526ae9ed2d5f192ae14068302e806c1e8b44576f4b4eb4b5f83a8e8039,configs/doxorubicin_parameters.json,b14b641f69afb70af9ff7557a062c2ce00e0b0cb74381ba69fcfaad4f17f04af,configs/parameter_provenance.csv,86c4261fcb9616a643db79340fe0b7398ba10a5c46464e67e8b697bcfc3a4ec9
spontaneous_only,Spontaneous only,0.023333333333333334,1e-05,8.935956604338274e-06,2.690490600353645e-08,8.909051698334738e-06,5.320216978308635e-07,0.0,1e-05,0.0,7.4,4.88,760000.0,85000000.0,,0.0,,analytic Riccati radical-pool solution plus integrating-factor adaptive quadrature for H2O2,241,"[""fixed pH"", ""rapid HO2/O2-minus acid-base equilibrium"", ""constant SOD concentration"", ""constant elementary rate coefficients"", ""single-pulse radical decay with no continuous source"", ""first-order H2O2 loss when enabled""]",True,illustrative single-pulse molar concentration,M except time_s and rate fields,"Fixed pH, rapid equilibrium, constant SOD and rates, single pulse; not continuously driven cellular ROS.",1d8208b504af787754e184f77640f85675b5b634,01e64b526ae9ed2d5f192ae14068302e806c1e8b44576f4b4eb4b5f83a8e8039,configs/doxorubicin_parameters.json,b14b641f69afb70af9ff7557a062c2ce00e0b0cb74381ba69fcfaad4f17f04af,configs/parameter_provenance.csv,86c4261fcb9616a643db79340fe0b7398ba10a5c46464e67e8b697bcfc3a4ec9
spontaneous_only,Spontaneous only,0.02375,1e-05,8.91900979457442e-06,2.6853881547628177e-08,8.892155913026791e-06,5.404951027127905e-07,0.0,1e-05,0.0,7.4,4.88,760000.0,85000000.0,,0.0,,analytic Riccati radical-pool solution plus integrating-factor adaptive quadrature for H2O2,241,"[""fixed pH"", ""rapid HO2/O2-minus acid-base equilibrium"", ""constant SOD concentration"", ""constant elementary rate coefficients"", ""single-pulse radical decay with no continuous source"", ""first-order H2O2 loss when enabled""]",True,illustrative single-pulse molar concentration,M except time_s and rate fields,"Fixed pH, rapid equilibrium, constant SOD and rates, single pulse; not continuously driven cellular ROS.",1d8208b504af787754e184f77640f85675b5b634,01e64b526ae9ed2d5f192ae14068302e806c1e8b44576f4b4eb4b5f83a8e8039,configs/doxorubicin_parameters.json,b14b641f69afb70af9ff7557a062c2ce00e0b0cb74381ba69fcfaad4f17f04af,configs/parameter_provenance.csv,86c4261fcb9616a643db79340fe0b7398ba10a5c46464e67e8b697bcfc3a4ec9
spontaneous_only,Spontaneous only,0.02416666666666667,1e-05,8.902127141508764e-06,2.6803050258496662e-08,8.875324091250268e-06,5.489364292456182e-07,0.0,1e-05,0.0,7.4,4.88,760000.0,85000000.0,,0.0,,analytic Riccati radical-pool solution plus integrating-factor adaptive quadrature for H2O2,241,"[""fixed pH"", ""rapid HO2/O2-minus acid-base equilibrium"", ""constant SOD concentration"", ""constant elementary rate coefficients"", ""single-pulse radical decay with no continuous source"", ""first-order H2O2 loss when enabled""]",True,illustrative single-pulse molar concentration,M except time_s and rate fields,"Fixed pH, rapid equilibrium, constant SOD and rates, single pulse; not continuously driven cellular ROS.",1d8208b504af787754e184f77640f85675b5b634,01e64b526ae9ed2d5f192ae14068302e806c1e8b44576f4b4eb4b5f83a8e8039,configs/doxorubicin_parameters.json,b14b641f69afb70af9ff7557a062c2ce00e0b0cb74381ba69fcfaad4f17f04af,configs/parameter_provenance.csv,86c4261fcb9616a643db79340fe0b7398ba10a5c46464e67e8b697bcfc3a4ec9
spontaneous_only,Spontaneous only,0.024583333333333336,1e-05,8.885308281506016e-06,2.6752411041287293e-08,8.858555870464728e-06,5.573458592469924e-07,0.0,1e-05,0.0,7.4,4.88,760000.0,85000000.0,,0.0,,analytic Riccati radical-pool solution plus integrating-factor adaptive quadrature for H2O2,241,"[""fixed pH"", ""rapid HO2/O2-minus acid-base equilibrium"", ""constant SOD concentration"", ""constant elementary rate coefficients"", ""single-pulse radical decay with no continuous source"", ""first-order H2O2 loss when enabled""]",True,illustrative single-pulse molar concentration,M except time_s and rate fields,"Fixed pH, rapid equilibrium, constant SOD and rates, single pulse; not continuously driven cellular ROS.",1d8208b504af787754e184f77640f85675b5b634,01e64b526ae9ed2d5f192ae14068302e806c1e8b44576f4b4eb4b5f83a8e8039,configs/doxorubicin_parameters.json,b14b641f69afb70af9ff7557a062c2ce00e0b0cb74381ba69fcfaad4f17f04af,configs/parameter_provenance.csv,86c4261fcb9616a643db79340fe0b7398ba10a5c46464e67e8b697bcfc3a4ec9
spontaneous_only,Spontaneous only,0.025,1e-05,8.868552853673786e-06,2.6701962809403946e-08,8.841850890864382e-06,5.657235731631074e-07,0.0,1e-05,0.0,7.4,4.88,760000.0,85000000.0,,0.0,,analytic Riccati radical-pool solution plus integrating-factor adaptive quadrature for H2O2,241,"[""fixed pH"", ""rapid HO2/O2-minus acid-base equilibrium"", ""constant SOD concentration"", ""constant elementary rate coefficients"", ""single-pulse radical decay with no continuous source"", ""first-order H2O2 loss when enabled""]",True,illustrative single-pulse molar concentration,M except time_s and rate fields,"Fixed pH, rapid equilibrium, constant SOD and rates, single pulse; not continuously driven cellular ROS.",1d8208b504af787754e184f77640f85675b5b634,01e64b526ae9ed2d5f192ae14068302e806c1e8b44576f4b4eb4b5f83a8e8039,configs/doxorubicin_parameters.json,b14b641f69afb70af9ff7557a062c2ce00e0b0cb74381ba69fcfaad4f17f04af,configs/parameter_provenance.csv,86c4261fcb9616a643db79340fe0b7398ba10a5c46464e67e8b697bcfc3a4ec9
spontaneous_only,Spontaneous only,0.025416666666666667,1e-05,8.851860499836756e-06,2.6651704484431213e-08,8.825208795352325e-06,5.740697500816225e-07,0.0,1e-05,0.0,7.4,4.88,760000.0,85000000.0,,0.0,,analytic Riccati radical-pool solution plus integrating-factor adaptive quadrature for H2O2,241,"[""fixed pH"", ""rapid HO2/O2-minus acid-base equilibrium"", ""constant SOD concentration"", ""constant elementary rate coefficients"", ""single-pulse radical decay with no continuous source"", ""first-order H2O2 loss when enabled""]",True,illustrative single-pulse molar concentration,M except time_s and rate fields,"Fixed pH, rapid equilibrium, constant SOD and rates, single pulse; not continuously driven cellular ROS.",1d8208b504af787754e184f77640f85675b5b634,01e64b526ae9ed2d5f192ae14068302e806c1e8b44576f4b4eb4b5f83a8e8039,configs/doxorubicin_parameters.json,b14b641f69afb70af9ff7557a062c2ce00e0b0cb74381ba69fcfaad4f17f04af,configs/parameter_provenance.csv,86c4261fcb9616a643db79340fe0b7398ba10a5c46464e67e8b697bcfc3a4ec9
spontaneous_only,Spontaneous only,0.025833333333333337,1e-05,8.83523086451117e-06,2.660163499605761e-08,8.808629229515114e-06,5.823845677444151e-07,0.0,1e-05,0.0,7.4,4.88,760000.0,85000000.0,,0.0,,analytic Riccati radical-pool solution plus integrating-factor adaptive quadrature for H2O2,241,"[""fixed pH"", ""rapid HO2/O2-minus acid-base equilibrium"", ""constant SOD concentration"", ""constant elementary rate coefficients"", ""single-pulse radical decay with no continuous source"", ""first-order H2O2 loss when enabled""]",True,illustrative single-pulse molar concentration,M except time_s and rate fields,"Fixed pH, rapid equilibrium, constant SOD and rates, single pulse; not continuously driven cellular ROS.",1d8208b504af787754e184f77640f85675b5b634,01e64b526ae9ed2d5f192ae14068302e806c1e8b44576f4b4eb4b5f83a8e8039,configs/doxorubicin_parameters.json,b14b641f69afb70af9ff7557a062c2ce00e0b0cb74381ba69fcfaad4f17f04af,configs/parameter_provenance.csv,86c4261fcb9616a643db79340fe0b7398ba10a5c46464e67e8b697bcfc3a4ec9
spontaneous_only,Spontaneous only,0.026250000000000002,1e-05,8.818663594879599e-06,2.6551753281999565e-08,8.7921118415976e-06,5.906682025602011e-07,0.0,1e-05,0.0,7.4,4.88,760000.0,85000000.0,,0.0,,analytic Riccati radical-pool solution plus integrating-factor adaptive quadrature for H2O2,241,"[""fixed pH"", ""rapid HO2/O2-minus acid-base equilibrium"", ""constant SOD concentration"", ""constant elementary rate coefficients"", ""single-pulse radical decay with no continuous source"", ""first-order H2O2 loss when enabled""]",True,illustrative single-pulse molar concentration,M except time_s and rate fields,"Fixed pH, rapid equilibrium, constant SOD and rates, single pulse; not continuously driven cellular ROS.",1d8208b504af787754e184f77640f85675b5b634,01e64b526ae9ed2d5f192ae14068302e806c1e8b44576f4b4eb4b5f83a8e8039,configs/doxorubicin_parameters.json,b14b641f69afb70af9ff7557a062c2ce00e0b0cb74381ba69fcfaad4f17f04af,configs/parameter_provenance.csv,86c4261fcb9616a643db79340fe0b7398ba10a5c46464e67e8b697bcfc3a4ec9
spontaneous_only,Spontaneous only,0.02666666666666667,1e-05,8.802158340765978e-06,2.650205828792631e-08,8.775656282478052e-06,5.989208296170114e-07,0.0,1e-05,0.0,7.4,4.88,760000.0,85000000.0,,0.0,,analytic Riccati radical-pool solution plus integrating-factor adaptive quadrature for H2O2,241,"[""fixed pH"", ""rapid HO2/O2-minus acid-base equilibrium"", ""constant SOD concentration"", ""constant elementary rate coefficients"", ""single-pulse radical decay with no continuous source"", ""first-order H2O2 loss when enabled""]",True,illustrative single-pulse molar concentration,M except time_s and rate fields,"Fixed pH, rapid equilibrium, constant SOD and rates, single pulse; not continuously driven cellular ROS.",1d8208b504af787754e184f77640f85675b5b634,01e64b526ae9ed2d5f192ae14068302e806c1e8b44576f4b4eb4b5f83a8e8039,configs/doxorubicin_parameters.json,b14b641f69afb70af9ff7557a062c2ce00e0b0cb74381ba69fcfaad4f17f04af,configs/parameter_provenance.csv,86c4261fcb9616a643db79340fe0b7398ba10a5c46464e67e8b697bcfc3a4ec9
spontaneous_only,Spontaneous only,0.027083333333333334,1e-05,8.785714754610946e-06,2.6452548967385586e-08,8.75926220564356e-06,6.071426226945275e-07,0.0,1e-05,0.0,7.4,4.88,760000.0,85000000.0,,0.0,,analytic Riccati radical-pool solution plus integrating-factor adaptive quadrature for H2O2,241,"[""fixed pH"", ""rapid HO2/O2-minus acid-base equilibrium"", ""constant SOD concentration"", ""constant elementary rate coefficients"", ""single-pulse radical decay with no continuous source"", ""first-order H2O2 loss when enabled""]",True,illustrative single-pulse molar concentration,M except time_s and rate fields,"Fixed pH, rapid equilibrium, constant SOD and rates, single pulse; not continuously driven cellular ROS.",1d8208b504af787754e184f77640f85675b5b634,01e64b526ae9ed2d5f192ae14068302e806c1e8b44576f4b4eb4b5f83a8e8039,configs/doxorubicin_parameters.json,b14b641f69afb70af9ff7557a062c2ce00e0b0cb74381ba69fcfaad4f17f04af,configs/parameter_provenance.csv,86c4261fcb9616a643db79340fe0b7398ba10a5c46464e67e8b697bcfc3a4ec9
spontaneous_only,Spontaneous only,0.0275,1e-05,8.769332491447445e-06,2.6403224281730196e-08,8.742929267165715e-06,6.153337542762777e-07,0.0,1e-05,0.0,7.4,4.88,760000.0,85000000.0,,0.0,,analytic Riccati radical-pool solution plus integrating-factor adaptive quadrature for H2O2,241,"[""fixed pH"", ""rapid HO2/O2-minus acid-base equilibrium"", ""constant SOD concentration"", ""constant elementary rate coefficients"", ""single-pulse radical decay with no continuous source"", ""first-order H2O2 loss when enabled""]",True,illustrative single-pulse molar concentration,M except time_s and rate fields,"Fixed pH, rapid equilibrium, constant SOD and rates, single pulse; not continuously driven cellular ROS.",1d8208b504af787754e184f77640f85675b5b634,01e64b526ae9ed2d5f192ae14068302e806c1e8b44576f4b4eb4b5f83a8e8039,configs/doxorubicin_parameters.json,b14b641f69afb70af9ff7557a062c2ce00e0b0cb74381ba69fcfaad4f17f04af,configs/parameter_provenance.csv,86c4261fcb9616a643db79340fe0b7398ba10a5c46464e67e8b697bcfc3a4ec9
spontaneous_only,Spontaneous only,0.02791666666666667,1e-05,8.753011208876598e-06,2.6354083200045375e-08,8.726657125676552e-06,6.234943955617016e-07,0.0,1e-05,0.0,7.4,4.88,760000.0,85000000.0,,0.0,,analytic Riccati radical-pool solution plus integrating-factor adaptive quadrature for H2O2,241,"[""fixed pH"", ""rapid HO2/O2-minus acid-base equilibrium"", ""constant SOD concentration"", ""constant elementary rate coefficients"", ""single-pulse radical decay with no continuous source"", ""first-order H2O2 loss when enabled""]",True,illustrative single-pulse molar concentration,M except time_s and rate fields,"Fixed pH, rapid equilibrium, constant SOD and rates, single pulse; not continuously driven cellular ROS.",1d8208b504af787754e184f77640f85675b5b634,01e64b526ae9ed2d5f192ae14068302e806c1e8b44576f4b4eb4b5f83a8e8039,configs/doxorubicin_parameters.json,b14b641f69afb70af9ff7557a062c2ce00e0b0cb74381ba69fcfaad4f17f04af,configs/parameter_provenance.csv,86c4261fcb9616a643db79340fe0b7398ba10a5c46464e67e8b697bcfc3a4ec9
spontaneous_only,Spontaneous only,0.028333333333333335,1e-05,8.736750567043842e-06,2.630512469907693e-08,8.710445442344766e-06,6.316247164780793e-07,0.0,1e-05,0.0,7.4,4.88,760000.0,85000000.0,,0.0,,analytic Riccati radical-pool solution plus integrating-factor adaptive quadrature for H2O2,241,"[""fixed pH"", ""rapid HO2/O2-minus acid-base equilibrium"", ""constant SOD concentration"", ""constant elementary rate coefficients"", ""single-pulse radical decay with no continuous source"", ""first-order H2O2 loss when enabled""]",True,illustrative single-pulse molar concentration,M except time_s and rate fields,"Fixed pH, rapid equilibrium, constant SOD and rates, single pulse; not continuously driven cellular ROS.",1d8208b504af787754e184f77640f85675b5b634,01e64b526ae9ed2d5f192ae14068302e806c1e8b44576f4b4eb4b5f83a8e8039,configs/doxorubicin_parameters.json,b14b641f69afb70af9ff7557a062c2ce00e0b0cb74381ba69fcfaad4f17f04af,configs/parameter_provenance.csv,86c4261fcb9616a643db79340fe0b7398ba10a5c46464e67e8b697bcfc3a4ec9
spontaneous_only,Spontaneous only,0.02875,1e-05,8.720550228615367e-06,2.6256347763160302e-08,8.694293880852206e-06,6.397248856923168e-07,0.0,1e-05,0.0,7.4,4.88,760000.0,85000000.0,,0.0,,analytic Riccati radical-pool solution plus integrating-factor adaptive quadrature for H2O2,241,"[""fixed pH"", ""rapid HO2/O2-minus acid-base equilibrium"", ""constant SOD concentration"", ""constant elementary rate coefficients"", ""single-pulse radical decay with no continuous source"", ""first-order H2O2 loss when enabled""]",True,illustrative single-pulse molar concentration,M except time_s and rate fields,"Fixed pH, rapid equilibrium, constant SOD and rates, single pulse; not continuously driven cellular ROS.",1d8208b504af787754e184f77640f85675b5b634,01e64b526ae9ed2d5f192ae14068302e806c1e8b44576f4b4eb4b5f83a8e8039,configs/doxorubicin_parameters.json,b14b641f69afb70af9ff7557a062c2ce00e0b0cb74381ba69fcfaad4f17f04af,configs/parameter_provenance.csv,86c4261fcb9616a643db79340fe0b7398ba10a5c46464e67e8b697bcfc3a4ec9
spontaneous_only,Spontaneous only,0.029166666666666667,1e-05,8.704409858754755e-06,2.620775138415022e-08,8.678202107370604e-06,6.477950706226227e-07,0.0,1e-05,0.0,7.4,4.88,760000.0,85000000.0,,0.0,,analytic Riccati radical-pool solution plus integrating-factor adaptive quadrature for H2O2,241,"[""fixed pH"", ""rapid HO2/O2-minus acid-base equilibrium"", ""constant SOD concentration"", ""constant elementary rate coefficients"", ""single-pulse radical decay with no continuous source"", ""first-order H2O2 loss when enabled""]",True,illustrative single-pulse molar concentration,M except time_s and rate fields,"Fixed pH, rapid equilibrium, constant SOD and rates, single pulse; not continuously driven cellular ROS.",1d8208b504af787754e184f77640f85675b5b634,01e64b526ae9ed2d5f192ae14068302e806c1e8b44576f4b4eb4b5f83a8e8039,configs/doxorubicin_parameters.json,b14b641f69afb70af9ff7557a062c2ce00e0b0cb74381ba69fcfaad4f17f04af,configs/parameter_provenance.csv,86c4261fcb9616a643db79340fe0b7398ba10a5c46464e67e8b697bcfc3a4ec9
spontaneous_only,Spontaneous only,0.029583333333333336,1e-05,8.688329125099936e-06,2.615933456135133e-08,8.662169790538586e-06,6.558354374500323e-07,0.0,1e-05,0.0,7.4,4.88,760000.0,85000000.0,,0.0,,analytic Riccati radical-pool solution plus integrating-factor adaptive quadrature for H2O2,241,"[""fixed pH"", ""rapid HO2/O2-minus acid-base equilibrium"", ""constant SOD concentration"", ""constant elementary rate coefficients"", ""single-pulse radical decay with no continuous source"", ""first-order H2O2 loss when enabled""]",True,illustrative single-pulse molar concentration,M except time_s and rate fields,"Fixed pH, rapid equilibrium, constant SOD and rates, single pulse; not continuously driven cellular ROS.",1d8208b504af787754e184f77640f85675b5b634,01e64b526ae9ed2d5f192ae14068302e806c1e8b44576f4b4eb4b5f83a8e8039,configs/doxorubicin_parameters.json,b14b641f69afb70af9ff7557a062c2ce00e0b0cb74381ba69fcfaad4f17f04af,configs/parameter_provenance.csv,86c4261fcb9616a643db79340fe0b7398ba10a5c46464e67e8b697bcfc3a4ec9
spontaneous_only,Spontaneous only,0.030000000000000002,1e-05,8.672307697740362e-06,2.6111096301449466e-08,8.646196601438913e-06,6.638461511298194e-07,0.0,1e-05,0.0,7.4,4.88,760000.0,85000000.0,,0.0,,analytic Riccati radical-pool solution plus integrating-factor adaptive quadrature for H2O2,241,"[""fixed pH"", ""rapid HO2/O2-minus acid-base equilibrium"", ""constant SOD concentration"", ""constant elementary rate coefficients"", ""single-pulse radical decay with no continuous source"", ""first-order H2O2 loss when enabled""]",True,illustrative single-pulse molar concentration,M except time_s and rate fields,"Fixed pH, rapid equilibrium, constant SOD and rates, single pulse; not continuously driven cellular ROS.",1d8208b504af787754e184f77640f85675b5b634,01e64b526ae9ed2d5f192ae14068302e806c1e8b44576f4b4eb4b5f83a8e8039,configs/doxorubicin_parameters.json,b14b641f69afb70af9ff7557a062c2ce00e0b0cb74381ba69fcfaad4f17f04af,configs/parameter_provenance.csv,86c4261fcb9616a643db79340fe0b7398ba10a5c46464e67e8b697bcfc3a4ec9
spontaneous_only,Spontaneous only,0.030416666666666668,1e-05,8.656345249194449e-06,2.6063035618443733e-08,8.630282213576005e-06,6.71827375402776e-07,0.0,1e-05,0.0,7.4,4.88,760000.0,85000000.0,,0.0,,analytic Riccati radical-pool solution plus integrating-factor adaptive quadrature for H2O2,241,"[""fixed pH"", ""rapid HO2/O2-minus acid-base equilibrium"", ""constant SOD concentration"", ""constant elementary rate coefficients"", ""single-pulse radical decay with no continuous source"", ""first-order H2O2 loss when enabled""]",True,illustrative single-pulse molar concentration,M except time_s and rate fields,"Fixed pH, rapid equilibrium, constant SOD and rates, single pulse; not continuously driven cellular ROS.",1d8208b504af787754e184f77640f85675b5b634,01e64b526ae9ed2d5f192ae14068302e806c1e8b44576f4b4eb4b5f83a8e8039,configs/doxorubicin_parameters.json,b14b641f69afb70af9ff7557a062c2ce00e0b0cb74381ba69fcfaad4f17f04af,configs/parameter_provenance.csv,86c4261fcb9616a643db79340fe0b7398ba10a5c46464e67e8b697bcfc3a4ec9
spontaneous_only,Spontaneous only,0.030833333333333334,1e-05,8.640441454387264e-06,2.601515153357932e-08,8.614426302853684e-06,6.797792728063686e-07,0.0,1e-05,0.0,7.4,4.88,760000.0,85000000.0,,0.0,,analytic Riccati radical-pool solution plus integrating-factor adaptive quadrature for H2O2,241,"[""fixed pH"", ""rapid HO2/O2-minus acid-base equilibrium"", ""constant SOD concentration"", ""constant elementary rate coefficients"", ""single-pulse radical decay with no continuous source"", ""first-order H2O2 loss when enabled""]",True,illustrative single-pulse molar concentration,M except time_s and rate fields,"Fixed pH, rapid equilibrium, constant SOD and rates, single pulse; not continuously driven cellular ROS.",1d8208b504af787754e184f77640f85675b5b634,01e64b526ae9ed2d5f192ae14068302e806c1e8b44576f4b4eb4b5f83a8e8039,configs/doxorubicin_parameters.json,b14b641f69afb70af9ff7557a062c2ce00e0b0cb74381ba69fcfaad4f17f04af,configs/parameter_provenance.csv,86c4261fcb9616a643db79340fe0b7398ba10a5c46464e67e8b697bcfc3a4ec9
spontaneous_only,Spontaneous only,0.03125,1e-05,8.624595990628459e-06,2.5967443075281068e-08,8.598628547553177e-06,6.877020046857709e-07,0.0,1e-05,0.0,7.4,4.88,760000.0,85000000.0,,0.0,,analytic Riccati radical-pool solution plus integrating-factor adaptive quadrature for H2O2,241,"[""fixed pH"", ""rapid HO2/O2-minus acid-base equilibrium"", ""constant SOD concentration"", ""constant elementary rate coefficients"", ""single-pulse radical decay with no continuous source"", ""first-order H2O2 loss when enabled""]",True,illustrative single-pulse molar concentration,M except time_s and rate fields,"Fixed pH, rapid equilibrium, constant SOD and rates, single pulse; not continuously driven cellular ROS.",1d8208b504af787754e184f77640f85675b5b634,01e64b526ae9ed2d5f192ae14068302e806c1e8b44576f4b4eb4b5f83a8e8039,configs/doxorubicin_parameters.json,b14b641f69afb70af9ff7557a062c2ce00e0b0cb74381ba69fcfaad4f17f04af,configs/parameter_provenance.csv,86c4261fcb9616a643db79340fe0b7398ba10a5c46464e67e8b697bcfc3a4ec9
spontaneous_only,Spontaneous only,0.03166666666666667,1e-05,8.608808537590439e-06,2.5919909279087725e-08,8.582888628311352e-06,6.955957312047808e-07,0.0,1e-05,0.0,7.4,4.88,760000.0,85000000.0,,0.0,,analytic Riccati radical-pool solution plus integrating-factor adaptive quadrature for H2O2,241,"[""fixed pH"", ""rapid HO2/O2-minus acid-base equilibrium"", ""constant SOD concentration"", ""constant elementary rate coefficients"", ""single-pulse radical decay with no continuous source"", ""first-order H2O2 loss when enabled""]",True,illustrative single-pulse molar concentration,M except time_s and rate fields,"Fixed pH, rapid equilibrium, constant SOD and rates, single pulse; not continuously driven cellular ROS.",1d8208b504af787754e184f77640f85675b5b634,01e64b526ae9ed2d5f192ae14068302e806c1e8b44576f4b4eb4b5f83a8e8039,configs/doxorubicin_parameters.json,b14b641f69afb70af9ff7557a062c2ce00e0b0cb74381ba69fcfaad4f17f04af,configs/parameter_provenance.csv,86c4261fcb9616a643db79340fe0b7398ba10a5c46464e67e8b697bcfc3a4ec9
spontaneous_only,Spontaneous only,0.03208333333333334,1e-05,8.59307877728679e-06,2.587254918758701e-08,8.567206228099203e-06,7.034606113566056e-07,0.0,1e-05,0.0,7.4,4.88,760000.0,85000000.0,,0.0,,analytic Riccati radical-pool solution plus integrating-factor adaptive quadrature for H2O2,241,"[""fixed pH"", ""rapid HO2/O2-minus acid-base equilibrium"", ""constant SOD concentration"", ""constant elementary rate coefficients"", ""single-pulse radical decay with no continuous source"", ""first-order H2O2 loss when enabled""]",True,illustrative single-pulse molar concentration,M except time_s and rate fields,"Fixed pH, rapid equilibrium, constant SOD and rates, single pulse; not continuously driven cellular ROS.",1d8208b504af787754e184f77640f85675b5b634,01e64b526ae9ed2d5f192ae14068302e806c1e8b44576f4b4eb4b5f83a8e8039,configs/doxorubicin_parameters.json,b14b641f69afb70af9ff7557a062c2ce00e0b0cb74381ba69fcfaad4f17f04af,configs/parameter_provenance.csv,86c4261fcb9616a643db79340fe0b7398ba10a5c46464e67e8b697bcfc3a4ec9
spontaneous_only,Spontaneous only,0.0325,1e-05,8.577406394050913e-06,2.5825361850351292e-08,8.551581032200562e-06,7.112968029745439e-07,0.0,1e-05,0.0,7.4,4.88,760000.0,85000000.0,,0.0,,analytic Riccati radical-pool solution plus integrating-factor adaptive quadrature for H2O2,241,"[""fixed pH"", ""rapid HO2/O2-minus acid-base equilibrium"", ""constant SOD concentration"", ""constant elementary rate coefficients"", ""single-pulse radical decay with no continuous source"", ""first-order H2O2 loss when enabled""]",True,illustrative single-pulse molar concentration,M except time_s and rate fields,"Fixed pH, rapid equilibrium, constant SOD and rates, single pulse; not continuously driven cellular ROS.",1d8208b504af787754e184f77640f85675b5b634,01e64b526ae9ed2d5f192ae14068302e806c1e8b44576f4b4eb4b5f83a8e8039,configs/doxorubicin_parameters.json,b14b641f69afb70af9ff7557a062c2ce00e0b0cb74381ba69fcfaad4f17f04af,configs/parameter_provenance.csv,86c4261fcb9616a643db79340fe0b7398ba10a5c46464e67e8b697bcfc3a4ec9
spontaneous_only,Spontaneous only,0.03291666666666667,1e-05,8.561791074514915e-06,2.5778346323874e-08,8.53601272819104e-06,7.191044627425429e-07,0.0,1e-05,0.0,7.4,4.88,760000.0,85000000.0,,0.0,,analytic Riccati radical-pool solution plus integrating-factor adaptive quadrature for H2O2,241,"[""fixed pH"", ""rapid HO2/O2-minus acid-base equilibrium"", ""constant SOD concentration"", ""constant elementary rate coefficients"", ""single-pulse radical decay with no continuous source"", ""first-order H2O2 loss when enabled""]",True,illustrative single-pulse molar concentration,M except time_s and rate fields,"Fixed pH, rapid equilibrium, constant SOD and rates, single pulse; not continuously driven cellular ROS.",1d8208b504af787754e184f77640f85675b5b634,01e64b526ae9ed2d5f192ae14068302e806c1e8b44576f4b4eb4b5f83a8e8039,configs/doxorubicin_parameters.json,b14b641f69afb70af9ff7557a062c2ce00e0b0cb74381ba69fcfaad4f17f04af,configs/parameter_provenance.csv,86c4261fcb9616a643db79340fe0b7398ba10a5c46464e67e8b697bcfc3a4ec9
spontaneous_only,Spontaneous only,0.03333333333333333,1e-05,8.546232507588733e-06,2.5731501671506794e-08,8.520501005917225e-06,7.268837462056341e-07,0.0,1e-05,0.0,7.4,4.88,760000.0,85000000.0,,0.0,,analytic Riccati radical-pool solution plus integrating-factor adaptive quadrature for H2O2,241,"[""fixed pH"", ""rapid HO2/O2-minus acid-base equilibrium"", ""constant SOD concentration"", ""constant elementary rate coefficients"", ""single-pulse radical decay with no continuous source"", ""first-order H2O2 loss when enabled""]",True,illustrative single-pulse molar concentration,M except time_s and rate fields,"Fixed pH, rapid equilibrium, constant SOD and rates, single pulse; not continuously driven cellular ROS.",1d8208b504af787754e184f77640f85675b5b634,01e64b526ae9ed2d5f192ae14068302e806c1e8b44576f4b4eb4b5f83a8e8039,configs/doxorubicin_parameters.json,b14b641f69afb70af9ff7557a062c2ce00e0b0cb74381ba69fcfaad4f17f04af,configs/parameter_provenance.csv,86c4261fcb9616a643db79340fe0b7398ba10a5c46464e67e8b697bcfc3a4ec9
spontaneous_only,Spontaneous only,0.03375,1e-05,8.530730384439454e-06,2.56848269633973e-08,8.505045557476056e-06,7.346348077802735e-07,0.0,1e-05,0.0,7.4,4.88,760000.0,85000000.0,,0.0,,analytic Riccati radical-pool solution plus integrating-factor adaptive quadrature for H2O2,241,"[""fixed pH"", ""rapid HO2/O2-minus acid-base equilibrium"", ""constant SOD concentration"", ""constant elementary rate coefficients"", ""single-pulse radical decay with no continuous source"", ""first-order H2O2 loss when enabled""]",True,illustrative single-pulse molar concentration,M except time_s and rate fields,"Fixed pH, rapid equilibrium, constant SOD and rates, single pulse; not continuously driven cellular ROS.",1d8208b504af787754e184f77640f85675b5b634,01e64b526ae9ed2d5f192ae14068302e806c1e8b44576f4b4eb4b5f83a8e8039,configs/doxorubicin_parameters.json,b14b641f69afb70af9ff7557a062c2ce00e0b0cb74381ba69fcfaad4f17f04af,configs/parameter_provenance.csv,86c4261fcb9616a643db79340fe0b7398ba10a5c46464e67e8b697bcfc3a4ec9
spontaneous_only,Spontaneous only,0.03416666666666667,1e-05,8.515284398470898e-06,2.5638321276427625e-08,8.48964607719447e-06,7.423578007645515e-07,0.0,1e-05,0.0,7.4,4.88,760000.0,85000000.0,,0.0,,analytic Riccati radical-pool solution plus integrating-factor adaptive quadrature for H2O2,241,"[""fixed pH"", ""rapid HO2/O2-minus acid-base equilibrium"", ""constant SOD concentration"", ""constant elementary rate coefficients"", ""single-pulse radical decay with no continuous source"", ""first-order H2O2 loss when enabled""]",True,illustrative single-pulse molar concentration,M except time_s and rate fields,"Fixed pH, rapid equilibrium, constant SOD and rates, single pulse; not continuously driven cellular ROS.",1d8208b504af787754e184f77640f85675b5b634,01e64b526ae9ed2d5f192ae14068302e806c1e8b44576f4b4eb4b5f83a8e8039,configs/doxorubicin_parameters.json,b14b641f69afb70af9ff7557a062c2ce00e0b0cb74381ba69fcfaad4f17f04af,configs/parameter_provenance.csv,86c4261fcb9616a643db79340fe0b7398ba10a5c46464e67e8b697bcfc3a4ec9
spontaneous_only,Spontaneous only,0.034583333333333334,1e-05,8.499894245303398e-06,2.5591983694153492e-08,8.474302261609244e-06,7.500528773483015e-07,0.0,1e-05,0.0,7.4,4.88,760000.0,85000000.0,,0.0,,analytic Riccati radical-pool solution plus integrating-factor adaptive quadrature for H2O2,241,"[""fixed pH"", ""rapid HO2/O2-minus acid-base equilibrium"", ""constant SOD concentration"", ""constant elementary rate coefficients"", ""single-pulse radical decay with no continuous source"", ""first-order H2O2 loss when enabled""]",True,illustrative single-pulse molar concentration,M except time_s and rate fields,"Fixed pH, rapid equilibrium, constant SOD and rates, single pulse; not continuously driven cellular ROS.",1d8208b504af787754e184f77640f85675b5b634,01e64b526ae9ed2d5f192ae14068302e806c1e8b44576f4b4eb4b5f83a8e8039,configs/doxorubicin_parameters.json,b14b641f69afb70af9ff7557a062c2ce00e0b0cb74381ba69fcfaad4f17f04af,configs/parameter_provenance.csv,86c4261fcb9616a643db79340fe0b7398ba10a5c46464e67e8b697bcfc3a4ec9
spontaneous_only,Spontaneous only,0.035,1e-05,8.484559622753808e-06,2.554581330674403e-08,8.459013809447063e-06,7.577201886230964e-07,0.0,1e-05,0.0,7.4,4.88,760000.0,85000000.0,,0.0,,analytic Riccati radical-pool solution plus integrating-factor adaptive quadrature for H2O2,241,"[""fixed pH"", ""rapid HO2/O2-minus acid-base equilibrium"", ""constant SOD concentration"", ""constant elementary rate coefficients"", ""single-pulse radical decay with no continuous source"", ""first-order H2O2 loss when enabled""]",True,illustrative single-pulse molar concentration,M except time_s and rate fields,"Fixed pH, rapid equilibrium, constant SOD and rates, single pulse; not continuously driven cellular ROS.",1d8208b504af787754e184f77640f85675b5b634,01e64b526ae9ed2d5f192ae14068302e806c1e8b44576f4b4eb4b5f83a8e8039,configs/doxorubicin_parameters.json,b14b641f69afb70af9ff7557a062c2ce00e0b0cb74381ba69fcfaad4f17f04af,configs/parameter_provenance.csv,86c4261fcb9616a643db79340fe0b7398ba10a5c46464e67e8b697bcfc3a4ec9
spontaneous_only,Spontaneous only,0.035416666666666666,1e-05,8.469280230815723e-06,2.5499809210922237e-08,8.4437804216048e-06,7.653598845921388e-07,0.0,1e-05,0.0,7.4,4.88,760000.0,85000000.0,,0.0,,analytic Riccati radical-pool solution plus integrating-factor adaptive quadrature for H2O2,241,"[""fixed pH"", ""rapid HO2/O2-minus acid-base equilibrium"", ""constant SOD concentration"", ""constant elementary rate coefficients"", ""single-pulse radical decay with no continuous source"", ""first-order H2O2 loss when enabled""]",True,illustrative single-pulse molar concentration,M except time_s and rate fields,"Fixed pH, rapid equilibrium, constant SOD and rates, single pulse; not continuously driven cellular ROS.",1d8208b504af787754e184f77640f85675b5b634,01e64b526ae9ed2d5f192ae14068302e806c1e8b44576f4b4eb4b5f83a8e8039,configs/doxorubicin_parameters.json,b14b641f69afb70af9ff7557a062c2ce00e0b0cb74381ba69fcfaad4f17f04af,configs/parameter_provenance.csv,86c4261fcb9616a643db79340fe0b7398ba10a5c46464e67e8b697bcfc3a4ec9
spontaneous_only,Spontaneous only,0.035833333333333335,1e-05,8.454055771639918e-06,2.545397050990607e-08,8.428601801130011e-06,7.729721141800414e-07,0.0,1e-05,0.0,7.4,4.88,760000.0,85000000.0,,0.0,,analytic Riccati radical-pool solution plus integrating-factor adaptive quadrature for H2O2,241,"[""fixed pH"", ""rapid HO2/O2-minus acid-base equilibrium"", ""constant SOD concentration"", ""constant elementary rate coefficients"", ""single-pulse radical decay with no continuous source"", ""first-order H2O2 loss when enabled""]",True,illustrative single-pulse molar concentration,M except time_s and rate fields,"Fixed pH, rapid equilibrium, constant SOD and rates, single pulse; not continuously driven cellular ROS.",1d8208b504af787754e184f77640f85675b5b634,01e64b526ae9ed2d5f192ae14068302e806c1e8b44576f4b4eb4b5f83a8e8039,configs/doxorubicin_parameters.json,b14b641f69afb70af9ff7557a062c2ce00e0b0cb74381ba69fcfaad4f17f04af,configs/parameter_provenance.csv,86c4261fcb9616a643db79340fe0b7398ba10a5c46464e67e8b697bcfc3a4ec9
spontaneous_only,Spontaneous only,0.036250000000000004,1e-05,8.438885949514985e-06,2.540829631335015e-08,8.413477653201635e-06,7.805570252425081e-07,0.0,1e-05,0.0,7.4,4.88,760000.0,85000000.0,,0.0,,analytic Riccati radical-pool solution plus integrating-factor adaptive quadrature for H2O2,241,"[""fixed pH"", ""rapid HO2/O2-minus acid-base equilibrium"", ""constant SOD concentration"", ""constant elementary rate coefficients"", ""single-pulse radical decay with no continuous source"", ""first-order H2O2 loss when enabled""]",True,illustrative single-pulse molar concentration,M except time_s and rate fields,"Fixed pH, rapid equilibrium, constant SOD and rates, single pulse; not continuously driven cellular ROS.",1d8208b504af787754e184f77640f85675b5b634,01e64b526ae9ed2d5f192ae14068302e806c1e8b44576f4b4eb4b5f83a8e8039,configs/doxorubicin_parameters.json,b14b641f69afb70af9ff7557a062c2ce00e0b0cb74381ba69fcfaad4f17f04af,configs/parameter_provenance.csv,86c4261fcb9616a643db79340fe0b7398ba10a5c46464e67e8b697bcfc3a4ec9
spontaneous_only,Spontaneous only,0.03666666666666667,1e-05,8.4237704708482e-06,2.5362785737288173e-08,8.398407685110912e-06,7.881147645759001e-07,0.0,1e-05,0.0,7.4,4.88,760000.0,85000000.0,,0.0,,analytic Riccati radical-pool solution plus integrating-factor adaptive quadrature for H2O2,241,"[""fixed pH"", ""rapid HO2/O2-minus acid-base equilibrium"", ""constant SOD concentration"", ""constant elementary rate coefficients"", ""single-pulse radical decay with no continuous source"", ""first-order H2O2 loss when enabled""]",True,illustrative single-pulse molar concentration,M except time_s and rate fields,"Fixed pH, rapid equilibrium, constant SOD and rates, single pulse; not continuously driven cellular ROS.",1d8208b504af787754e184f77640f85675b5b634,01e64b526ae9ed2d5f192ae14068302e806c1e8b44576f4b4eb4b5f83a8e8039,configs/doxorubicin_parameters.json,b14b641f69afb70af9ff7557a062c2ce00e0b0cb74381ba69fcfaad4f17f04af,configs/parameter_provenance.csv,86c4261fcb9616a643db79340fe0b7398ba10a5c46464e67e8b697bcfc3a4ec9
spontaneous_only,Spontaneous only,0.037083333333333336,1e-05,8.408709044146577e-06,2.5317437904075823e-08,8.3833916062425e-06,7.956454779267118e-07,0.0,1e-05,0.0,7.4,4.88,760000.0,85000000.0,,0.0,,analytic Riccati radical-pool solution plus integrating-factor adaptive quadrature for H2O2,241,"[""fixed pH"", ""rapid HO2/O2-minus acid-base equilibrium"", ""constant SOD concentration"", ""constant elementary rate coefficients"", ""single-pulse radical decay with no continuous source"", ""first-order H2O2 loss when enabled""]",True,illustrative single-pulse molar concentration,M except time_s and rate fields,"Fixed pH, rapid equilibrium, constant SOD and rates, single pulse; not continuously driven cellular ROS.",1d8208b504af787754e184f77640f85675b5b634,01e64b526ae9ed2d5f192ae14068302e806c1e8b44576f4b4eb4b5f83a8e8039,configs/doxorubicin_parameters.json,b14b641f69afb70af9ff7557a062c2ce00e0b0cb74381ba69fcfaad4f17f04af,configs/parameter_provenance.csv,86c4261fcb9616a643db79340fe0b7398ba10a5c46464e67e8b697bcfc3a4ec9
spontaneous_only,Spontaneous only,0.037500000000000006,1e-05,8.39370137999812e-06,2.527225194233437e-08,8.368429128055785e-06,8.031493100009406e-07,0.0,1e-05,0.0,7.4,4.88,760000.0,85000000.0,,0.0,,analytic Riccati radical-pool solution plus integrating-factor adaptive quadrature for H2O2,241,"[""fixed pH"", ""rapid HO2/O2-minus acid-base equilibrium"", ""constant SOD concentration"", ""constant elementary rate coefficients"", ""single-pulse radical decay with no continuous source"", ""first-order H2O2 loss when enabled""]",True,illustrative single-pulse molar concentration,M except time_s and rate fields,"Fixed pH, rapid equilibrium, constant SOD and rates, single pulse; not continuously driven cellular ROS.",1d8208b504af787754e184f77640f85675b5b634,01e64b526ae9ed2d5f192ae14068302e806c1e8b44576f4b4eb4b5f83a8e8039,configs/doxorubicin_parameters.json,b14b641f69afb70af9ff7557a062c2ce00e0b0cb74381ba69fcfaad4f17f04af,configs/parameter_provenance.csv,86c4261fcb9616a643db79340fe0b7398ba10a5c46464e67e8b697bcfc3a4ec9
spontaneous_only,Spontaneous only,0.03791666666666667,1e-05,8.378747191053306e-06,2.5227226986894906e-08,8.353519964066411e-06,8.106264044733474e-07,0.0,1e-05,0.0,7.4,4.88,760000.0,85000000.0,,0.0,,analytic Riccati radical-pool solution plus integrating-factor adaptive quadrature for H2O2,241,"[""fixed pH"", ""rapid HO2/O2-minus acid-base equilibrium"", ""constant SOD concentration"", ""constant elementary rate coefficients"", ""single-pulse radical decay with no continuous source"", ""first-order H2O2 loss when enabled""]",True,illustrative single-pulse molar concentration,M except time_s and rate fields,"Fixed pH, rapid equilibrium, constant SOD and rates, single pulse; not continuously driven cellular ROS.",1d8208b504af787754e184f77640f85675b5b634,01e64b526ae9ed2d5f192ae14068302e806c1e8b44576f4b4eb4b5f83a8e8039,configs/doxorubicin_parameters.json,b14b641f69afb70af9ff7557a062c2ce00e0b0cb74381ba69fcfaad4f17f04af,configs/parameter_provenance.csv,86c4261fcb9616a643db79340fe0b7398ba10a5c46464e67e8b697bcfc3a4ec9
spontaneous_only,Spontaneous only,0.03833333333333334,1e-05,8.363846192006725e-06,2.5182362178743036e-08,8.338663829827981e-06,8.18076903996638e-07,0.0,1e-05,0.0,7.4,4.88,760000.0,85000000.0,,0.0,,analytic Riccati radical-pool solution plus integrating-factor adaptive quadrature for H2O2,241,"[""fixed pH"", ""rapid HO2/O2-minus acid-base equilibrium"", ""constant SOD concentration"", ""constant elementary rate coefficients"", ""single-pulse radical decay with no continuous source"", ""first-order H2O2 loss when enabled""]",True,illustrative single-pulse molar concentration,M except time_s and rate fields,"Fixed pH, rapid equilibrium, constant SOD and rates, single pulse; not continuously driven cellular ROS.",1d8208b504af787754e184f77640f85675b5b634,01e64b526ae9ed2d5f192ae14068302e806c1e8b44576f4b4eb4b5f83a8e8039,configs/doxorubicin_parameters.json,b14b641f69afb70af9ff7557a062c2ce00e0b0cb74381ba69fcfaad4f17f04af,configs/parameter_provenance.csv,86c4261fcb9616a643db79340fe0b7398ba10a5c46464e67e8b697bcfc3a4ec9
spontaneous_only,Spontaneous only,0.03875,1e-05,8.348998099578947e-06,2.513765666496433e-08,8.323860442913983e-06,8.255009502105269e-07,0.0,1e-05,0.0,7.4,4.88,760000.0,85000000.0,,0.0,,analytic Riccati radical-pool solution plus integrating-factor adaptive quadrature for H2O2,241,"[""fixed pH"", ""rapid HO2/O2-minus acid-base equilibrium"", ""constant SOD concentration"", ""constant elementary rate coefficients"", ""single-pulse radical decay with no continuous source"", ""first-order H2O2 loss when enabled""]",True,illustrative single-pulse molar concentration,M except time_s and rate fields,"Fixed pH, rapid equilibrium, constant SOD and rates, single pulse; not continuously driven cellular ROS.",1d8208b504af787754e184f77640f85675b5b634,01e64b526ae9ed2d5f192ae14068302e806c1e8b44576f4b4eb4b5f83a8e8039,configs/doxorubicin_parameters.json,b14b641f69afb70af9ff7557a062c2ce00e0b0cb74381ba69fcfaad4f17f04af,configs/parameter_provenance.csv,86c4261fcb9616a643db79340fe0b7398ba10a5c46464e67e8b697bcfc3a4ec9
spontaneous_only,Spontaneous only,0.03916666666666667,1e-05,8.334202632498573e-06,2.5093109598690236e-08,8.309109522899882e-06,8.32898683750714e-07,0.0,1e-05,0.0,7.4,4.88,760000.0,85000000.0,,0.0,,analytic Riccati radical-pool solution plus integrating-factor adaptive quadrature for H2O2,241,"[""fixed pH"", ""rapid HO2/O2-minus acid-base equilibrium"", ""constant SOD concentration"", ""constant elementary rate coefficients"", ""single-pulse radical decay with no continuous source"", ""first-order H2O2 loss when enabled""]",True,illustrative single-pulse molar concentration,M except time_s and rate fields,"Fixed pH, rapid equilibrium, constant SOD and rates, single pulse; not continuously driven cellular ROS.",1d8208b504af787754e184f77640f85675b5b634,01e64b526ae9ed2d5f192ae14068302e806c1e8b44576f4b4eb4b5f83a8e8039,configs/doxorubicin_parameters.json,b14b641f69afb70af9ff7557a062c2ce00e0b0cb74381ba69fcfaad4f17f04af,configs/parameter_provenance.csv,86c4261fcb9616a643db79340fe0b7398ba10a5c46464e67e8b697bcfc3a4ec9
spontaneous_only,Spontaneous only,0.03958333333333334,1e-05,8.31945951148446e-06,2.5048720139044596e-08,8.294410791345415e-06,8.402702442577702e-07,0.0,1e-05,0.0,7.4,4.88,760000.0,85000000.0,,0.0,,analytic Riccati radical-pool solution plus integrating-factor adaptive quadrature for H2O2,241,"[""fixed pH"", ""rapid HO2/O2-minus acid-base equilibrium"", ""constant SOD concentration"", ""constant elementary rate coefficients"", ""single-pulse radical decay with no continuous source"", ""first-order H2O2 loss when enabled""]",True,illustrative single-pulse molar concentration,M except time_s and rate fields,"Fixed pH, rapid equilibrium, constant SOD and rates, single pulse; not continuously driven cellular ROS.",1d8208b504af787754e184f77640f85675b5b634,01e64b526ae9ed2d5f192ae14068302e806c1e8b44576f4b4eb4b5f83a8e8039,configs/doxorubicin_parameters.json,b14b641f69afb70af9ff7557a062c2ce00e0b0cb74381ba69fcfaad4f17f04af,configs/parameter_provenance.csv,86c4261fcb9616a643db79340fe0b7398ba10a5c46464e67e8b697bcfc3a4ec9
spontaneous_only,Spontaneous only,0.04,1e-05,8.304768459228165e-06,2.5004487451090764e-08,8.279763971777074e-06,8.476157703859179e-07,0.0,1e-05,0.0,7.4,4.88,760000.0,85000000.0,,0.0,,analytic Riccati radical-pool solution plus integrating-factor adaptive quadrature for H2O2,241,"[""fixed pH"", ""rapid HO2/O2-minus acid-base equilibrium"", ""constant SOD concentration"", ""constant elementary rate coefficients"", ""single-pulse radical decay with no continuous source"", ""first-order H2O2 loss when enabled""]",True,illustrative single-pulse molar concentration,M except time_s and rate fields,"Fixed pH, rapid equilibrium, constant SOD and rates, single pulse; not continuously driven cellular ROS.",1d8208b504af787754e184f77640f85675b5b634,01e64b526ae9ed2d5f192ae14068302e806c1e8b44576f4b4eb4b5f83a8e8039,configs/doxorubicin_parameters.json,b14b641f69afb70af9ff7557a062c2ce00e0b0cb74381ba69fcfaad4f17f04af,configs/parameter_provenance.csv,86c4261fcb9616a643db79340fe0b7398ba10a5c46464e67e8b697bcfc3a4ec9
spontaneous_only,Spontaneous only,0.04041666666666667,1e-05,8.29012920037655e-06,2.4960410705779253e-08,8.26516878967077e-06,8.549353998117255e-07,0.0,1e-05,0.0,7.4,4.88,760000.0,85000000.0,,0.0,,analytic Riccati radical-pool solution plus integrating-factor adaptive quadrature for H2O2,241,"[""fixed pH"", ""rapid HO2/O2-minus acid-base equilibrium"", ""constant SOD concentration"", ""constant elementary rate coefficients"", ""single-pulse radical decay with no continuous source"", ""first-order H2O2 loss when enabled""]",True,illustrative single-pulse molar concentration,M except time_s and rate fields,"Fixed pH, rapid equilibrium, constant SOD and rates, single pulse; not continuously driven cellular ROS.",1d8208b504af787754e184f77640f85675b5b634,01e64b526ae9ed2d5f192ae14068302e806c1e8b44576f4b4eb4b5f83a8e8039,configs/doxorubicin_parameters.json,b14b641f69afb70af9ff7557a062c2ce00e0b0cb74381ba69fcfaad4f17f04af,configs/parameter_provenance.csv,86c4261fcb9616a643db79340fe0b7398ba10a5c46464e67e8b697bcfc3a4ec9
spontaneous_only,Spontaneous only,0.04083333333333333,1e-05,8.275541461514573e-06,2.49164890798959e-08,8.250624972434677e-06,8.622292692427141e-07,0.0,1e-05,0.0,7.4,4.88,760000.0,85000000.0,,0.0,,analytic Riccati radical-pool solution plus integrating-factor adaptive quadrature for H2O2,241,"[""fixed pH"", ""rapid HO2/O2-minus acid-base equilibrium"", ""constant SOD concentration"", ""constant elementary rate coefficients"", ""single-pulse radical decay with no continuous source"", ""first-order H2O2 loss when enabled""]",True,illustrative single-pulse molar concentration,M except time_s and rate fields,"Fixed pH, rapid equilibrium, constant SOD and rates, single pulse; not continuously driven cellular ROS.",1d8208b504af787754e184f77640f85675b5b634,01e64b526ae9ed2d5f192ae14068302e806c1e8b44576f4b4eb4b5f83a8e8039,configs/doxorubicin_parameters.json,b14b641f69afb70af9ff7557a062c2ce00e0b0cb74381ba69fcfaad4f17f04af,configs/parameter_provenance.csv,86c4261fcb9616a643db79340fe0b7398ba10a5c46464e67e8b697bcfc3a4ec9
spontaneous_only,Spontaneous only,0.04125,1e-05,8.261004971148279e-06,2.4872721756010665e-08,8.236132249392268e-06,8.69497514425861e-07,0.0,1e-05,0.0,7.4,4.88,760000.0,85000000.0,,0.0,,analytic Riccati radical-pool solution plus integrating-factor adaptive quadrature for H2O2,241,"[""fixed pH"", ""rapid HO2/O2-minus acid-base equilibrium"", ""constant SOD concentration"", ""constant elementary rate coefficients"", ""single-pulse radical decay with no continuous source"", ""first-order H2O2 loss when enabled""]",True,illustrative single-pulse molar concentration,M except time_s and rate fields,"Fixed pH, rapid equilibrium, constant SOD and rates, single pulse; not continuously driven cellular ROS.",1d8208b504af787754e184f77640f85675b5b634,01e64b526ae9ed2d5f192ae14068302e806c1e8b44576f4b4eb4b5f83a8e8039,configs/doxorubicin_parameters.json,b14b641f69afb70af9ff7557a062c2ce00e0b0cb74381ba69fcfaad4f17f04af,configs/parameter_provenance.csv,86c4261fcb9616a643db79340fe0b7398ba10a5c46464e67e8b697bcfc3a4ec9
spontaneous_only,Spontaneous only,0.04166666666666667,1e-05,8.24651945968795e-06,2.4829107922426908e-08,8.221690351765523e-06,8.767402701560253e-07,0.0,1e-05,0.0,7.4,4.88,760000.0,85000000.0,,0.0,,analytic Riccati radical-pool solution plus integrating-factor adaptive quadrature for H2O2,241,"[""fixed pH"", ""rapid HO2/O2-minus acid-base equilibrium"", ""constant SOD concentration"", ""constant elementary rate coefficients"", ""single-pulse radical decay with no continuous source"", ""first-order H2O2 loss when enabled""]",True,illustrative single-pulse molar concentration,M except time_s and rate fields,"Fixed pH, rapid equilibrium, constant SOD and rates, single pulse; not continuously driven cellular ROS.",1d8208b504af787754e184f77640f85675b5b634,01e64b526ae9ed2d5f192ae14068302e806c1e8b44576f4b4eb4b5f83a8e8039,configs/doxorubicin_parameters.json,b14b641f69afb70af9ff7557a062c2ce00e0b0cb74381ba69fcfaad4f17f04af,configs/parameter_provenance.csv,86c4261fcb9616a643db79340fe0b7398ba10a5c46464e67e8b697bcfc3a4ec9
spontaneous_only,Spontaneous only,0.042083333333333334,1e-05,8.232084659431436e-06,2.4785646773131176e-08,8.207299012658305e-06,8.839576702842824e-07,0.0,1e-05,0.0,7.4,4.88,760000.0,85000000.0,,0.0,,analytic Riccati radical-pool solution plus integrating-factor adaptive quadrature for H2O2,241,"[""fixed pH"", ""rapid HO2/O2-minus acid-base equilibrium"", ""constant SOD concentration"", ""constant elementary rate coefficients"", ""single-pulse radical decay with no continuous source"", ""first-order H2O2 loss when enabled""]",True,illustrative single-pulse molar concentration,M except time_s and rate fields,"Fixed pH, rapid equilibrium, constant SOD and rates, single pulse; not continuously driven cellular ROS.",1d8208b504af787754e184f77640f85675b5b634,01e64b526ae9ed2d5f192ae14068302e806c1e8b44576f4b4eb4b5f83a8e8039,configs/doxorubicin_parameters.json,b14b641f69afb70af9ff7557a062c2ce00e0b0cb74381ba69fcfaad4f17f04af,configs/parameter_provenance.csv,86c4261fcb9616a643db79340fe0b7398ba10a5c46464e67e8b697bcfc3a4ec9
spontaneous_only,Spontaneous only,0.0425,1e-05,8.217700304547668e-06,2.4742337507743586e-08,8.192957967039925e-06,8.911498477261663e-07,0.0,1e-05,0.0,7.4,4.88,760000.0,85000000.0,,0.0,,analytic Riccati radical-pool solution plus integrating-factor adaptive quadrature for H2O2,241,"[""fixed pH"", ""rapid HO2/O2-minus acid-base equilibrium"", ""constant SOD concentration"", ""constant elementary rate coefficients"", ""single-pulse radical decay with no continuous source"", ""first-order H2O2 loss when enabled""]",True,illustrative single-pulse molar concentration,M except time_s and rate fields,"Fixed pH, rapid equilibrium, constant SOD and rates, single pulse; not continuously driven cellular ROS.",1d8208b504af787754e184f77640f85675b5b634,01e64b526ae9ed2d5f192ae14068302e806c1e8b44576f4b4eb4b5f83a8e8039,configs/doxorubicin_parameters.json,b14b641f69afb70af9ff7557a062c2ce00e0b0cb74381ba69fcfaad4f17f04af,configs/parameter_provenance.csv,86c4261fcb9616a643db79340fe0b7398ba10a5c46464e67e8b697bcfc3a4ec9
spontaneous_only,Spontaneous only,0.04291666666666667,1e-05,8.203366131060343e-06,2.4699179331468688e-08,8.178666951728875e-06,8.98316934469829e-07,0.0,1e-05,0.0,7.4,4.88,760000.0,85000000.0,,0.0,,analytic Riccati radical-pool solution plus integrating-factor adaptive quadrature for H2O2,241,"[""fixed pH"", ""rapid HO2/O2-minus acid-base equilibrium"", ""constant SOD concentration"", ""constant elementary rate coefficients"", ""single-pulse radical decay with no continuous source"", ""first-order H2O2 loss when enabled""]",True,illustrative single-pulse molar concentration,M except time_s and rate fields,"Fixed pH, rapid equilibrium, constant SOD and rates, single pulse; not continuously driven cellular ROS.",1d8208b504af787754e184f77640f85675b5b634,01e64b526ae9ed2d5f192ae14068302e806c1e8b44576f4b4eb4b5f83a8e8039,configs/doxorubicin_parameters.json,b14b641f69afb70af9ff7557a062c2ce00e0b0cb74381ba69fcfaad4f17f04af,configs/parameter_provenance.csv,86c4261fcb9616a643db79340fe0b7398ba10a5c46464e67e8b697bcfc3a4ec9
spontaneous_only,Spontaneous only,0.043333333333333335,1e-05,8.189081876831765e-06,2.4656171455046826e-08,8.164425705376718e-06,9.054590615841178e-07,0.0,1e-05,0.0,7.4,4.88,760000.0,85000000.0,,0.0,,analytic Riccati radical-pool solution plus integrating-factor adaptive quadrature for H2O2,241,"[""fixed pH"", ""rapid HO2/O2-minus acid-base equilibrium"", ""constant SOD concentration"", ""constant elementary rate coefficients"", ""single-pulse radical decay with no continuous source"", ""first-order H2O2 loss when enabled""]",True,illustrative single-pulse molar concentration,M except time_s and rate fields,"Fixed pH, rapid equilibrium, constant SOD and rates, single pulse; not continuously driven cellular ROS.",1d8208b504af787754e184f77640f85675b5b634,01e64b526ae9ed2d5f192ae14068302e806c1e8b44576f4b4eb4b5f83a8e8039,configs/doxorubicin_parameters.json,b14b641f69afb70af9ff7557a062c2ce00e0b0cb74381ba69fcfaad4f17f04af,configs/parameter_provenance.csv,86c4261fcb9616a643db79340fe0b7398ba10a5c46464e67e8b697bcfc3a4ec9
spontaneous_only,Spontaneous only,0.043750000000000004,1e-05,8.174847281546874e-06,2.4613313094706036e-08,8.150233968452168e-06,9.125763592265634e-07,0.0,1e-05,0.0,7.4,4.88,760000.0,85000000.0,,0.0,,analytic Riccati radical-pool solution plus integrating-factor adaptive quadrature for H2O2,241,"[""fixed pH"", ""rapid HO2/O2-minus acid-base equilibrium"", ""constant SOD concentration"", ""constant elementary rate coefficients"", ""single-pulse radical decay with no continuous source"", ""first-order H2O2 loss when enabled""]",True,illustrative single-pulse molar concentration,M except time_s and rate fields,"Fixed pH, rapid equilibrium, constant SOD and rates, single pulse; not continuously driven cellular ROS.",1d8208b504af787754e184f77640f85675b5b634,01e64b526ae9ed2d5f192ae14068302e806c1e8b44576f4b4eb4b5f83a8e8039,configs/doxorubicin_parameters.json,b14b641f69afb70af9ff7557a062c2ce00e0b0cb74381ba69fcfaad4f17f04af,configs/parameter_provenance.csv,86c4261fcb9616a643db79340fe0b7398ba10a5c46464e67e8b697bcfc3a4ec9
spontaneous_only,Spontaneous only,0.04416666666666667,1e-05,8.160662086697433e-06,2.457060347211445e-08,8.136091483225319e-06,9.19668956651284e-07,0.0,1e-05,0.0,7.4,4.88,760000.0,85000000.0,,0.0,,analytic Riccati radical-pool solution plus integrating-factor adaptive quadrature for H2O2,241,"[""fixed pH"", ""rapid HO2/O2-minus acid-base equilibrium"", ""constant SOD concentration"", ""constant elementary rate coefficients"", ""single-pulse radical decay with no continuous source"", ""first-order H2O2 loss when enabled""]",True,illustrative single-pulse molar concentration,M except time_s and rate fields,"Fixed pH, rapid equilibrium, constant SOD and rates, single pulse; not continuously driven cellular ROS.",1d8208b504af787754e184f77640f85675b5b634,01e64b526ae9ed2d5f192ae14068302e806c1e8b44576f4b4eb4b5f83a8e8039,configs/doxorubicin_parameters.json,b14b641f69afb70af9ff7557a062c2ce00e0b0cb74381ba69fcfaad4f17f04af,configs/parameter_provenance.csv,86c4261fcb9616a643db79340fe0b7398ba10a5c46464e67e8b697bcfc3a4ec9
spontaneous_only,Spontaneous only,0.044583333333333336,1e-05,8.146526035566373e-06,2.4528041814333157e-08,8.12199799375204e-06,9.267369822168138e-07,0.0,1e-05,0.0,7.4,4.88,760000.0,85000000.0,,0.0,,analytic Riccati radical-pool solution plus integrating-factor adaptive quadrature for H2O2,241,"[""fixed pH"", ""rapid HO2/O2-minus acid-base equilibrium"", ""constant SOD concentration"", ""constant elementary rate coefficients"", ""single-pulse radical decay with no continuous source"", ""first-order H2O2 loss when enabled""]",True,illustrative single-pulse molar concentration,M except time_s and rate fields,"Fixed pH, rapid equilibrium, constant SOD and rates, single pulse; not continuously driven cellular ROS.",1d8208b504af787754e184f77640f85675b5b634,01e64b526ae9ed2d5f192ae14068302e806c1e8b44576f4b4eb4b5f83a8e8039,configs/doxorubicin_parameters.json,b14b641f69afb70af9ff7557a062c2ce00e0b0cb74381ba69fcfaad4f17f04af,configs/parameter_provenance.csv,86c4261fcb9616a643db79340fe0b7398ba10a5c46464e67e8b697bcfc3a4ec9
spontaneous_only,Spontaneous only,0.045000000000000005,1e-05,8.132438873212309e-06,2.4485627353769566e-08,8.107953245858539e-06,9.337805633938459e-07,0.0,1e-05,0.0,7.4,4.88,760000.0,85000000.0,,0.0,,analytic Riccati radical-pool solution plus integrating-factor adaptive quadrature for H2O2,241,"[""fixed pH"", ""rapid HO2/O2-minus acid-base equilibrium"", ""constant SOD concentration"", ""constant elementary rate coefficients"", ""single-pulse radical decay with no continuous source"", ""first-order H2O2 loss when enabled""]",True,illustrative single-pulse molar concentration,M except time_s and rate fields,"Fixed pH, rapid equilibrium, constant SOD and rates, single pulse; not continuously driven cellular ROS.",1d8208b504af787754e184f77640f85675b5b634,01e64b526ae9ed2d5f192ae14068302e806c1e8b44576f4b4eb4b5f83a8e8039,configs/doxorubicin_parameters.json,b14b641f69afb70af9ff7557a062c2ce00e0b0cb74381ba69fcfaad4f17f04af,configs/parameter_provenance.csv,86c4261fcb9616a643db79340fe0b7398ba10a5c46464e67e8b697bcfc3a4ec9
spontaneous_only,Spontaneous only,0.04541666666666667,1e-05,8.118400346454219e-06,2.4443359328131307e-08,8.093956987126088e-06,9.407998267728908e-07,0.0,1e-05,0.0,7.4,4.88,760000.0,85000000.0,,0.0,,analytic Riccati radical-pool solution plus integrating-factor adaptive quadrature for H2O2,241,"[""fixed pH"", ""rapid HO2/O2-minus acid-base equilibrium"", ""constant SOD concentration"", ""constant elementary rate coefficients"", ""single-pulse radical decay with no continuous source"", ""first-order H2O2 loss when enabled""]",True,illustrative single-pulse molar concentration,M except time_s and rate fields,"Fixed pH, rapid equilibrium, constant SOD and rates, single pulse; not continuously driven cellular ROS.",1d8208b504af787754e184f77640f85675b5b634,01e64b526ae9ed2d5f192ae14068302e806c1e8b44576f4b4eb4b5f83a8e8039,configs/doxorubicin_parameters.json,b14b641f69afb70af9ff7557a062c2ce00e0b0cb74381ba69fcfaad4f17f04af,configs/parameter_provenance.csv,86c4261fcb9616a643db79340fe0b7398ba10a5c46464e67e8b697bcfc3a4ec9
spontaneous_only,Spontaneous only,0.04583333333333334,1e-05,8.104410203856265e-06,2.4401236980380504e-08,8.080008966875884e-06,9.477948980718678e-07,0.0,1e-05,0.0,7.4,4.88,760000.0,85000000.0,,0.0,,analytic Riccati radical-pool solution plus integrating-factor adaptive quadrature for H2O2,241,"[""fixed pH"", ""rapid HO2/O2-minus acid-base equilibrium"", ""constant SOD concentration"", ""constant elementary rate coefficients"", ""single-pulse radical decay with no continuous source"", ""first-order H2O2 loss when enabled""]",True,illustrative single-pulse molar concentration,M except time_s and rate fields,"Fixed pH, rapid equilibrium, constant SOD and rates, single pulse; not continuously driven cellular ROS.",1d8208b504af787754e184f77640f85675b5b634,01e64b526ae9ed2d5f192ae14068302e806c1e8b44576f4b4eb4b5f83a8e8039,configs/doxorubicin_parameters.json,b14b641f69afb70af9ff7557a062c2ce00e0b0cb74381ba69fcfaad4f17f04af,configs/parameter_provenance.csv,86c4261fcb9616a643db79340fe0b7398ba10a5c46464e67e8b697bcfc3a4ec9
spontaneous_only,Spontaneous only,0.046250000000000006,1e-05,8.090468195712794e-06,2.4359259558688628e-08,8.066108936154106e-06,9.547659021436033e-07,0.0,1e-05,0.0,7.4,4.88,760000.0,85000000.0,,0.0,,analytic Riccati radical-pool solution plus integrating-factor adaptive quadrature for H2O2,241,"[""fixed pH"", ""rapid HO2/O2-minus acid-base equilibrium"", ""constant SOD concentration"", ""constant elementary rate coefficients"", ""single-pulse radical decay with no continuous source"", ""first-order H2O2 loss when enabled""]",True,illustrative single-pulse molar concentration,M except time_s and rate fields,"Fixed pH, rapid equilibrium, constant SOD and rates, single pulse; not continuously driven cellular ROS.",1d8208b504af787754e184f77640f85675b5b634,01e64b526ae9ed2d5f192ae14068302e806c1e8b44576f4b4eb4b5f83a8e8039,configs/doxorubicin_parameters.json,b14b641f69afb70af9ff7557a062c2ce00e0b0cb74381ba69fcfaad4f17f04af,configs/parameter_provenance.csv,86c4261fcb9616a643db79340fe0b7398ba10a5c46464e67e8b697bcfc3a4ec9
spontaneous_only,Spontaneous only,0.04666666666666667,1e-05,8.076574074033472e-06,2.431742631639173e-08,8.05225664771708e-06,9.617129629832645e-07,0.0,1e-05,0.0,7.4,4.88,760000.0,85000000.0,,0.0,,analytic Riccati radical-pool solution plus integrating-factor adaptive quadrature for H2O2,241,"[""fixed pH"", ""rapid HO2/O2-minus acid-base equilibrium"", ""constant SOD concentration"", ""constant elementary rate coefficients"", ""single-pulse radical decay with no continuous source"", ""first-order H2O2 loss when enabled""]",True,illustrative single-pulse molar concentration,M except time_s and rate fields,"Fixed pH, rapid equilibrium, constant SOD and rates, single pulse; not continuously driven cellular ROS.",1d8208b504af787754e184f77640f85675b5b634,01e64b526ae9ed2d5f192ae14068302e806c1e8b44576f4b4eb4b5f83a8e8039,configs/doxorubicin_parameters.json,b14b641f69afb70af9ff7557a062c2ce00e0b0cb74381ba69fcfaad4f17f04af,configs/parameter_provenance.csv,86c4261fcb9616a643db79340fe0b7398ba10a5c46464e67e8b697bcfc3a4ec9
spontaneous_only,Spontaneous only,0.04708333333333334,1e-05,8.062727592528583e-06,2.4275736511946184e-08,8.038451856016637e-06,9.686362037357087e-07,0.0,1e-05,0.0,7.4,4.88,760000.0,85000000.0,,0.0,,analytic Riccati radical-pool solution plus integrating-factor adaptive quadrature for H2O2,241,"[""fixed pH"", ""rapid HO2/O2-minus acid-base equilibrium"", ""constant SOD concentration"", ""constant elementary rate coefficients"", ""single-pulse radical decay with no continuous source"", ""first-order H2O2 loss when enabled""]",True,illustrative single-pulse molar concentration,M except time_s and rate fields,"Fixed pH, rapid equilibrium, constant SOD and rates, single pulse; not continuously driven cellular ROS.",1d8208b504af787754e184f77640f85675b5b634,01e64b526ae9ed2d5f192ae14068302e806c1e8b44576f4b4eb4b5f83a8e8039,configs/doxorubicin_parameters.json,b14b641f69afb70af9ff7557a062c2ce00e0b0cb74381ba69fcfaad4f17f04af,configs/parameter_provenance.csv,86c4261fcb9616a643db79340fe0b7398ba10a5c46464e67e8b697bcfc3a4ec9
spontaneous_only,Spontaneous only,0.0475,1e-05,8.048928506594482e-06,2.4234189408884884e-08,8.024694317185597e-06,9.755357467027596e-07,0.0,1e-05,0.0,7.4,4.88,760000.0,85000000.0,,0.0,,analytic Riccati radical-pool solution plus integrating-factor adaptive quadrature for H2O2,241,"[""fixed pH"", ""rapid HO2/O2-minus acid-base equilibrium"", ""constant SOD concentration"", ""constant elementary rate coefficients"", ""single-pulse radical decay with no continuous source"", ""first-order H2O2 loss when enabled""]",True,illustrative single-pulse molar concentration,M except time_s and rate fields,"Fixed pH, rapid equilibrium, constant SOD and rates, single pulse; not continuously driven cellular ROS.",1d8208b504af787754e184f77640f85675b5b634,01e64b526ae9ed2d5f192ae14068302e806c1e8b44576f4b4eb4b5f83a8e8039,configs/doxorubicin_parameters.json,b14b641f69afb70af9ff7557a062c2ce00e0b0cb74381ba69fcfaad4f17f04af,configs/parameter_provenance.csv,86c4261fcb9616a643db79340fe0b7398ba10a5c46464e67e8b697bcfc3a4ec9
spontaneous_only,Spontaneous only,0.04791666666666667,1e-05,8.03517657329918e-06,2.4192784275773858e-08,8.010983789023406e-06,9.824117133504105e-07,0.0,1e-05,0.0,7.4,4.88,760000.0,85000000.0,,0.0,,analytic Riccati radical-pool solution plus integrating-factor adaptive quadrature for H2O2,241,"[""fixed pH"", ""rapid HO2/O2-minus acid-base equilibrium"", ""constant SOD concentration"", ""constant elementary rate coefficients"", ""single-pulse radical decay with no continuous source"", ""first-order H2O2 loss when enabled""]",True,illustrative single-pulse molar concentration,M except time_s and rate fields,"Fixed pH, rapid equilibrium, constant SOD and rates, single pulse; not continuously driven cellular ROS.",1d8208b504af787754e184f77640f85675b5b634,01e64b526ae9ed2d5f192ae14068302e806c1e8b44576f4b4eb4b5f83a8e8039,configs/doxorubicin_parameters.json,b14b641f69afb70af9ff7557a062c2ce00e0b0cb74381ba69fcfaad4f17f04af,configs/parameter_provenance.csv,86c4261fcb9616a643db79340fe0b7398ba10a5c46464e67e8b697bcfc3a4ec9
spontaneous_only,Spontaneous only,0.04833333333333334,1e-05,8.0214715513681e-06,2.4151520386169344e-08,7.99732003098193e-06,9.892642243159507e-07,0.0,1e-05,0.0,7.4,4.88,760000.0,85000000.0,,0.0,,analytic Riccati radical-pool solution plus integrating-factor adaptive quadrature for H2O2,241,"[""fixed pH"", ""rapid HO2/O2-minus acid-base equilibrium"", ""constant SOD concentration"", ""constant elementary rate coefficients"", ""single-pulse radical decay with no continuous source"", ""first-order H2O2 loss when enabled""]",True,illustrative single-pulse molar concentration,M except time_s and rate fields,"Fixed pH, rapid equilibrium, constant SOD and rates, single pulse; not continuously driven cellular ROS.",1d8208b504af787754e184f77640f85675b5b634,01e64b526ae9ed2d5f192ae14068302e806c1e8b44576f4b4eb4b5f83a8e8039,configs/doxorubicin_parameters.json,b14b641f69afb70af9ff7557a062c2ce00e0b0cb74381ba69fcfaad4f17f04af,configs/parameter_provenance.csv,86c4261fcb9616a643db79340fe0b7398ba10a5c46464e67e8b697bcfc3a4ec9
spontaneous_only,Spontaneous only,0.04875,1e-05,8.007813201169958e-06,2.411039701857533e-08,7.983702804151382e-06,9.960933994150215e-07,0.0,1e-05,0.0,7.4,4.88,760000.0,85000000.0,,0.0,,analytic Riccati radical-pool solution plus integrating-factor adaptive quadrature for H2O2,241,"[""fixed pH"", ""rapid HO2/O2-minus acid-base equilibrium"", ""constant SOD concentration"", ""constant elementary rate coefficients"", ""single-pulse radical decay with no continuous source"", ""first-order H2O2 loss when enabled""]",True,illustrative single-pulse molar concentration,M except time_s and rate fields,"Fixed pH, rapid equilibrium, constant SOD and rates, single pulse; not continuously driven cellular ROS.",1d8208b504af787754e184f77640f85675b5b634,01e64b526ae9ed2d5f192ae14068302e806c1e8b44576f4b4eb4b5f83a8e8039,configs/doxorubicin_parameters.json,b14b641f69afb70af9ff7557a062c2ce00e0b0cb74381ba69fcfaad4f17f04af,configs/parameter_provenance.csv,86c4261fcb9616a643db79340fe0b7398ba10a5c46464e67e8b697bcfc3a4ec9
spontaneous_only,Spontaneous only,0.04916666666666667,1e-05,7.994201284702798e-06,2.4069413456401457e-08,7.970131871246397e-06,1.0028993576486014e-06,0.0,1e-05,0.0,7.4,4.88,760000.0,85000000.0,,0.0,,analytic Riccati radical-pool solution plus integrating-factor adaptive quadrature for H2O2,241,"[""fixed pH"", ""rapid HO2/O2-minus acid-base equilibrium"", ""constant SOD concentration"", ""constant elementary rate coefficients"", ""single-pulse radical decay with no continuous source"", ""first-order H2O2 loss when enabled""]",True,illustrative single-pulse molar concentration,M except time_s and rate fields,"Fixed pH, rapid equilibrium, constant SOD and rates, single pulse; not continuously driven cellular ROS.",1d8208b504af787754e184f77640f85675b5b634,01e64b526ae9ed2d5f192ae14068302e806c1e8b44576f4b4eb4b5f83a8e8039,configs/doxorubicin_parameters.json,b14b641f69afb70af9ff7557a062c2ce00e0b0cb74381ba69fcfaad4f17f04af,configs/parameter_provenance.csv,86c4261fcb9616a643db79340fe0b7398ba10a5c46464e67e8b697bcfc3a4ec9
spontaneous_only,Spontaneous only,0.04958333333333333,1e-05,7.980635565580176e-06,2.4028568987921457e-08,7.956606996592254e-06,1.0096822172099126e-06,0.0,1e-05,0.0,7.4,4.88,760000.0,85000000.0,,0.0,,analytic Riccati radical-pool solution plus integrating-factor adaptive quadrature for H2O2,241,"[""fixed pH"", ""rapid HO2/O2-minus acid-base equilibrium"", ""constant SOD concentration"", ""constant elementary rate coefficients"", ""single-pulse radical decay with no continuous source"", ""first-order H2O2 loss when enabled""]",True,illustrative single-pulse molar concentration,M except time_s and rate fields,"Fixed pH, rapid equilibrium, constant SOD and rates, single pulse; not continuously driven cellular ROS.",1d8208b504af787754e184f77640f85675b5b634,01e64b526ae9ed2d5f192ae14068302e806c1e8b44576f4b4eb4b5f83a8e8039,configs/doxorubicin_parameters.json,b14b641f69afb70af9ff7557a062c2ce00e0b0cb74381ba69fcfaad4f17f04af,configs/parameter_provenance.csv,86c4261fcb9616a643db79340fe0b7398ba10a5c46464e67e8b697bcfc3a4ec9
spontaneous_only,Spontaneous only,0.05,1e-05,7.967115809017458e-06,2.398786290623189e-08,7.943127946111225e-06,1.0164420954912715e-06,0.0,1e-05,0.0,7.4,4.88,760000.0,85000000.0,,0.0,,analytic Riccati radical-pool solution plus integrating-factor adaptive quadrature for H2O2,241,"[""fixed pH"", ""rapid HO2/O2-minus acid-base equilibrium"", ""constant SOD concentration"", ""constant elementary rate coefficients"", ""single-pulse radical decay with no continuous source"", ""first-order H2O2 loss when enabled""]",True,illustrative single-pulse molar concentration,M except time_s and rate fields,"Fixed pH, rapid equilibrium, constant SOD and rates, single pulse; not continuously driven cellular ROS.",1d8208b504af787754e184f77640f85675b5b634,01e64b526ae9ed2d5f192ae14068302e806c1e8b44576f4b4eb4b5f83a8e8039,configs/doxorubicin_parameters.json,b14b641f69afb70af9ff7557a062c2ce00e0b0cb74381ba69fcfaad4f17f04af,configs/parameter_provenance.csv,86c4261fcb9616a643db79340fe0b7398ba10a5c46464e67e8b697bcfc3a4ec9
spontaneous_only,Spontaneous only,0.05041666666666667,1e-05,7.953641781818293e-06,2.3947294509211406e-08,7.929694487309081e-06,1.0231791090908537e-06,0.0,1e-05,0.0,7.4,4.88,760000.0,85000000.0,,0.0,,analytic Riccati radical-pool solution plus integrating-factor adaptive quadrature for H2O2,241,"[""fixed pH"", ""rapid HO2/O2-minus acid-base equilibrium"", ""constant SOD concentration"", ""constant elementary rate coefficients"", ""single-pulse radical decay with no continuous source"", ""first-order H2O2 loss when enabled""]",True,illustrative single-pulse molar concentration,M except time_s and rate fields,"Fixed pH, rapid equilibrium, constant SOD and rates, single pulse; not continuously driven cellular ROS.",1d8208b504af787754e184f77640f85675b5b634,01e64b526ae9ed2d5f192ae14068302e806c1e8b44576f4b4eb4b5f83a8e8039,configs/doxorubicin_parameters.json,b14b641f69afb70af9ff7557a062c2ce00e0b0cb74381ba69fcfaad4f17f04af,configs/parameter_provenance.csv,86c4261fcb9616a643db79340fe0b7398ba10a5c46464e67e8b697bcfc3a4ec9
spontaneous_only,Spontaneous only,0.050833333333333335,1e-05,7.9402132523612e-06,2.3906863099480363e-08,7.91630638926172e-06,1.0298933738194007e-06,0.0,1e-05,0.0,7.4,4.88,760000.0,85000000.0,,0.0,,analytic Riccati radical-pool solution plus integrating-factor adaptive quadrature for H2O2,241,"[""fixed pH"", ""rapid HO2/O2-minus acid-base equilibrium"", ""constant SOD concentration"", ""constant elementary rate coefficients"", ""single-pulse radical decay with no continuous source"", ""first-order H2O2 loss when enabled""]",True,illustrative single-pulse molar concentration,M except time_s and rate fields,"Fixed pH, rapid equilibrium, constant SOD and rates, single pulse; not continuously driven cellular ROS.",1d8208b504af787754e184f77640f85675b5b634,01e64b526ae9ed2d5f192ae14068302e806c1e8b44576f4b4eb4b5f83a8e8039,configs/doxorubicin_parameters.json,b14b641f69afb70af9ff7557a062c2ce00e0b0cb74381ba69fcfaad4f17f04af,configs/parameter_provenance.csv,86c4261fcb9616a643db79340fe0b7398ba10a5c46464e67e8b697bcfc3a4ec9
spontaneous_only,Spontaneous only,0.051250000000000004,1e-05,7.926829990586285e-06,2.3866567984360846e-08,7.902963422601925e-06,1.036585004706858e-06,0.0,1e-05,0.0,7.4,4.88,760000.0,85000000.0,,0.0,,analytic Riccati radical-pool solution plus integrating-factor adaptive quadrature for H2O2,241,"[""fixed pH"", ""rapid HO2/O2-minus acid-base equilibrium"", ""constant SOD concentration"", ""constant elementary rate coefficients"", ""single-pulse radical decay with no continuous source"", ""first-order H2O2 loss when enabled""]",True,illustrative single-pulse molar concentration,M except time_s and rate fields,"Fixed pH, rapid equilibrium, constant SOD and rates, single pulse; not continuously driven cellular ROS.",1d8208b504af787754e184f77640f85675b5b634,01e64b526ae9ed2d5f192ae14068302e806c1e8b44576f4b4eb4b5f83a8e8039,configs/doxorubicin_parameters.json,b14b641f69afb70af9ff7557a062c2ce00e0b0cb74381ba69fcfaad4f17f04af,configs/parameter_provenance.csv,86c4261fcb9616a643db79340fe0b7398ba10a5c46464e67e8b697bcfc3a4ec9
spontaneous_only,Spontaneous only,0.05166666666666667,1e-05,7.913491767982119e-06,2.3826408475837148e-08,7.889665359506281e-06,1.043254116008941e-06,0.0,1e-05,0.0,7.4,4.88,760000.0,85000000.0,,0.0,,analytic Riccati radical-pool solution plus integrating-factor adaptive quadrature for H2O2,241,"[""fixed pH"", ""rapid HO2/O2-minus acid-base equilibrium"", ""constant SOD concentration"", ""constant elementary rate coefficients"", ""single-pulse radical decay with no continuous source"", ""first-order H2O2 loss when enabled""]",True,illustrative single-pulse molar concentration,M except time_s and rate fields,"Fixed pH, rapid equilibrium, constant SOD and rates, single pulse; not continuously driven cellular ROS.",1d8208b504af787754e184f77640f85675b5b634,01e64b526ae9ed2d5f192ae14068302e806c1e8b44576f4b4eb4b5f83a8e8039,configs/doxorubicin_parameters.json,b14b641f69afb70af9ff7557a062c2ce00e0b0cb74381ba69fcfaad4f17f04af,configs/parameter_provenance.csv,86c4261fcb9616a643db79340fe0b7398ba10a5c46464e67e8b697bcfc3a4ec9
spontaneous_only,Spontaneous only,0.052083333333333336,1e-05,7.900198357572725e-06,2.3786383890516586e-08,7.876411973682208e-06,1.049900821213638e-06,0.0,1e-05,0.0,7.4,4.88,760000.0,85000000.0,,0.0,,analytic Riccati radical-pool solution plus integrating-factor adaptive quadrature for H2O2,241,"[""fixed pH"", ""rapid HO2/O2-minus acid-base equilibrium"", ""constant SOD concentration"", ""constant elementary rate coefficients"", ""single-pulse radical decay with no continuous source"", ""first-order H2O2 loss when enabled""]",True,illustrative single-pulse molar concentration,M except time_s and rate fields,"Fixed pH, rapid equilibrium, constant SOD and rates, single pulse; not continuously driven cellular ROS.",1d8208b504af787754e184f77640f85675b5b634,01e64b526ae9ed2d5f192ae14068302e806c1e8b44576f4b4eb4b5f83a8e8039,configs/doxorubicin_parameters.json,b14b641f69afb70af9ff7557a062c2ce00e0b0cb74381ba69fcfaad4f17f04af,configs/parameter_provenance.csv,86c4261fcb9616a643db79340fe0b7398ba10a5c46464e67e8b697bcfc3a4ec9
spontaneous_only,Spontaneous only,0.052500000000000005,1e-05,7.886949533904699e-06,2.3746493549590735e-08,7.863203040355109e-06,1.056525233047651e-06,0.0,1e-05,0.0,7.4,4.88,760000.0,85000000.0,,0.0,,analytic Riccati radical-pool solution plus integrating-factor adaptive quadrature for H2O2,241,"[""fixed pH"", ""rapid HO2/O2-minus acid-base equilibrium"", ""constant SOD concentration"", ""constant elementary rate coefficients"", ""single-pulse radical decay with no continuous source"", ""first-order H2O2 loss when enabled""]",True,illustrative single-pulse molar concentration,M except time_s and rate fields,"Fixed pH, rapid equilibrium, constant SOD and rates, single pulse; not continuously driven cellular ROS.",1d8208b504af787754e184f77640f85675b5b634,01e64b526ae9ed2d5f192ae14068302e806c1e8b44576f4b4eb4b5f83a8e8039,configs/doxorubicin_parameters.json,b14b641f69afb70af9ff7557a062c2ce00e0b0cb74381ba69fcfaad4f17f04af,configs/parameter_provenance.csv,86c4261fcb9616a643db79340fe0b7398ba10a5c46464e67e8b697bcfc3a4ec9
spontaneous_only,Spontaneous only,0.05291666666666667,1e-05,7.873745073034466e-06,2.370673677879705e-08,7.850038336255668e-06,1.0631274634827675e-06,0.0,1e-05,0.0,7.4,4.88,760000.0,85000000.0,,0.0,,analytic Riccati radical-pool solution plus integrating-factor adaptive quadrature for H2O2,241,"[""fixed pH"", ""rapid HO2/O2-minus acid-base equilibrium"", ""constant SOD concentration"", ""constant elementary rate coefficients"", ""single-pulse radical decay with no continuous source"", ""first-order H2O2 loss when enabled""]",True,illustrative single-pulse molar concentration,M except time_s and rate fields,"Fixed pH, rapid equilibrium, constant SOD and rates, single pulse; not continuously driven cellular ROS.",1d8208b504af787754e184f77640f85675b5b634,01e64b526ae9ed2d5f192ae14068302e806c1e8b44576f4b4eb4b5f83a8e8039,configs/doxorubicin_parameters.json,b14b641f69afb70af9ff7557a062c2ce00e0b0cb74381ba69fcfaad4f17f04af,configs/parameter_provenance.csv,86c4261fcb9616a643db79340fe0b7398ba10a5c46464e67e8b697bcfc3a4ec9
spontaneous_only,Spontaneous only,0.05333333333333334,1e-05,7.860584752515675e-06,2.3667112908380915e-08,7.836917639607293e-06,1.069707623742163e-06,0.0,1e-05,0.0,7.4,4.88,760000.0,85000000.0,,0.0,,analytic Riccati radical-pool solution plus integrating-factor adaptive quadrature for H2O2,241,"[""fixed pH"", ""rapid HO2/O2-minus acid-base equilibrium"", ""constant SOD concentration"", ""constant elementary rate coefficients"", ""single-pulse radical decay with no continuous source"", ""first-order H2O2 loss when enabled""]",True,illustrative single-pulse molar concentration,M except time_s and rate fields,"Fixed pH, rapid equilibrium, constant SOD and rates, single pulse; not continuously driven cellular ROS.",1d8208b504af787754e184f77640f85675b5b634,01e64b526ae9ed2d5f192ae14068302e806c1e8b44576f4b4eb4b5f83a8e8039,configs/doxorubicin_parameters.json,b14b641f69afb70af9ff7557a062c2ce00e0b0cb74381ba69fcfaad4f17f04af,configs/parameter_provenance.csv,86c4261fcb9616a643db79340fe0b7398ba10a5c46464e67e8b697bcfc3a4ec9
spontaneous_only,Spontaneous only,0.053750000000000006,1e-05,7.847468351386685e-06,2.3627621273057975e-08,7.823840730113627e-06,1.076265824306658e-06,0.0,1e-05,0.0,7.4,4.88,760000.0,85000000.0,,0.0,,analytic Riccati radical-pool solution plus integrating-factor adaptive quadrature for H2O2,241,"[""fixed pH"", ""rapid HO2/O2-minus acid-base equilibrium"", ""constant SOD concentration"", ""constant elementary rate coefficients"", ""single-pulse radical decay with no continuous source"", ""first-order H2O2 loss when enabled""]",True,illustrative single-pulse molar concentration,M except time_s and rate fields,"Fixed pH, rapid equilibrium, constant SOD and rates, single pulse; not continuously driven cellular ROS.",1d8208b504af787754e184f77640f85675b5b634,01e64b526ae9ed2d5f192ae14068302e806c1e8b44576f4b4eb4b5f83a8e8039,configs/doxorubicin_parameters.json,b14b641f69afb70af9ff7557a062c2ce00e0b0cb74381ba69fcfaad4f17f04af,configs/parameter_provenance.csv,86c4261fcb9616a643db79340fe0b7398ba10a5c46464e67e8b697bcfc3a4ec9
spontaneous_only,Spontaneous only,0.05416666666666667,1e-05,7.834395650158215e-06,2.3588261211976933e-08,7.810807388946237e-06,1.082802174920893e-06,0.0,1e-05,0.0,7.4,4.88,760000.0,85000000.0,,0.0,,analytic Riccati radical-pool solution plus integrating-factor adaptive quadrature for H2O2,241,"[""fixed pH"", ""rapid HO2/O2-minus acid-base equilibrium"", ""constant SOD concentration"", ""constant elementary rate coefficients"", ""single-pulse radical decay with no continuous source"", ""first-order H2O2 loss when enabled""]",True,illustrative single-pulse molar concentration,M except time_s and rate fields,"Fixed pH, rapid equilibrium, constant SOD and rates, single pulse; not continuously driven cellular ROS.",1d8208b504af787754e184f77640f85675b5b634,01e64b526ae9ed2d5f192ae14068302e806c1e8b44576f4b4eb4b5f83a8e8039,configs/doxorubicin_parameters.json,b14b641f69afb70af9ff7557a062c2ce00e0b0cb74381ba69fcfaad4f17f04af,configs/parameter_provenance.csv,86c4261fcb9616a643db79340fe0b7398ba10a5c46464e67e8b697bcfc3a4ec9
spontaneous_only,Spontaneous only,0.05458333333333334,1e-05,7.8213664308011e-06,2.35490320686827e-08,7.797817398732418e-06,1.08931678459945e-06,0.0,1e-05,0.0,7.4,4.88,760000.0,85000000.0,,0.0,,analytic Riccati radical-pool solution plus integrating-factor adaptive quadrature for H2O2,241,"[""fixed pH"", ""rapid HO2/O2-minus acid-base equilibrium"", ""constant SOD concentration"", ""constant elementary rate coefficients"", ""single-pulse radical decay with no continuous source"", ""first-order H2O2 loss when enabled""]",True,illustrative single-pulse molar concentration,M except time_s and rate fields,"Fixed pH, rapid equilibrium, constant SOD and rates, single pulse; not continuously driven cellular ROS.",1d8208b504af787754e184f77640f85675b5b634,01e64b526ae9ed2d5f192ae14068302e806c1e8b44576f4b4eb4b5f83a8e8039,configs/doxorubicin_parameters.json,b14b641f69afb70af9ff7557a062c2ce00e0b0cb74381ba69fcfaad4f17f04af,configs/parameter_provenance.csv,86c4261fcb9616a643db79340fe0b7398ba10a5c46464e67e8b697bcfc3a4ec9
spontaneous_only,Spontaneous only,0.055,1e-05,7.808380476734163e-06,2.3509933191079875e-08,7.784870543543082e-06,1.095809761632919e-06,0.0,1e-05,0.0,7.4,4.88,760000.0,85000000.0,,0.0,,analytic Riccati radical-pool solution plus integrating-factor adaptive quadrature for H2O2,241,"[""fixed pH"", ""rapid HO2/O2-minus acid-base equilibrium"", ""constant SOD concentration"", ""constant elementary rate coefficients"", ""single-pulse radical decay with no continuous source"", ""first-order H2O2 loss when enabled""]",True,illustrative single-pulse molar concentration,M except time_s and rate fields,"Fixed pH, rapid equilibrium, constant SOD and rates, single pulse; not continuously driven cellular ROS.",1d8208b504af787754e184f77640f85675b5b634,01e64b526ae9ed2d5f192ae14068302e806c1e8b44576f4b4eb4b5f83a8e8039,configs/doxorubicin_parameters.json,b14b641f69afb70af9ff7557a062c2ce00e0b0cb74381ba69fcfaad4f17f04af,configs/parameter_provenance.csv,86c4261fcb9616a643db79340fe0b7398ba10a5c46464e67e8b697bcfc3a4ec9
spontaneous_only,Spontaneous only,0.05541666666666667,1e-05,7.79543757281221e-06,2.34709639313966e-08,7.771966608880813e-06,1.1022812135938954e-06,0.0,1e-05,0.0,7.4,4.88,760000.0,85000000.0,,0.0,,analytic Riccati radical-pool solution plus integrating-factor adaptive quadrature for H2O2,241,"[""fixed pH"", ""rapid HO2/O2-minus acid-base equilibrium"", ""constant SOD concentration"", ""constant elementary rate coefficients"", ""single-pulse radical decay with no continuous source"", ""first-order H2O2 loss when enabled""]",True,illustrative single-pulse molar concentration,M except time_s and rate fields,"Fixed pH, rapid equilibrium, constant SOD and rates, single pulse; not continuously driven cellular ROS.",1d8208b504af787754e184f77640f85675b5b634,01e64b526ae9ed2d5f192ae14068302e806c1e8b44576f4b4eb4b5f83a8e8039,configs/doxorubicin_parameters.json,b14b641f69afb70af9ff7557a062c2ce00e0b0cb74381ba69fcfaad4f17f04af,configs/parameter_provenance.csv,86c4261fcb9616a643db79340fe0b7398ba10a5c46464e67e8b697bcfc3a4ec9
spontaneous_only,Spontaneous only,0.05583333333333334,1e-05,7.78253750531417e-06,2.343212364614884e-08,7.75910538166802e-06,1.1087312473429158e-06,0.0,1e-05,0.0,7.4,4.88,760000.0,85000000.0,,0.0,,analytic Riccati radical-pool solution plus integrating-factor adaptive quadrature for H2O2,241,"[""fixed pH"", ""rapid HO2/O2-minus acid-base equilibrium"", ""constant SOD concentration"", ""constant elementary rate coefficients"", ""single-pulse radical decay with no continuous source"", ""first-order H2O2 loss when enabled""]",True,illustrative single-pulse molar concentration,M except time_s and rate fields,"Fixed pH, rapid equilibrium, constant SOD and rates, single pulse; not continuously driven cellular ROS.",1d8208b504af787754e184f77640f85675b5b634,01e64b526ae9ed2d5f192ae14068302e806c1e8b44576f4b4eb4b5f83a8e8039,configs/doxorubicin_parameters.json,b14b641f69afb70af9ff7557a062c2ce00e0b0cb74381ba69fcfaad4f17f04af,configs/parameter_provenance.csv,86c4261fcb9616a643db79340fe0b7398ba10a5c46464e67e8b697bcfc3a4ec9
spontaneous_only,Spontaneous only,0.05625,1e-05,7.769680061931303e-06,2.339341169610492e-08,7.746286650235199e-06,1.1151599690343488e-06,0.0,1e-05,0.0,7.4,4.88,760000.0,85000000.0,,0.0,,analytic Riccati radical-pool solution plus integrating-factor adaptive quadrature for H2O2,241,"[""fixed pH"", ""rapid HO2/O2-minus acid-base equilibrium"", ""constant SOD concentration"", ""constant elementary rate coefficients"", ""single-pulse radical decay with no continuous source"", ""first-order H2O2 loss when enabled""]",True,illustrative single-pulse molar concentration,M except time_s and rate fields,"Fixed pH, rapid equilibrium, constant SOD and rates, single pulse; not continuously driven cellular ROS.",1d8208b504af787754e184f77640f85675b5b634,01e64b526ae9ed2d5f192ae14068302e806c1e8b44576f4b4eb4b5f83a8e8039,configs/doxorubicin_parameters.json,b14b641f69afb70af9ff7557a062c2ce00e0b0cb74381ba69fcfaad4f17f04af,configs/parameter_provenance.csv,86c4261fcb9616a643db79340fe0b7398ba10a5c46464e67e8b697bcfc3a4ec9
spontaneous_only,Spontaneous only,0.05666666666666667,1e-05,7.756865031755575e-06,2.335482744625045e-08,7.733510204309324e-06,1.121567484122213e-06,0.0,1e-05,0.0,7.4,4.88,760000.0,85000000.0,,0.0,,analytic Riccati radical-pool solution plus integrating-factor adaptive quadrature for H2O2,241,"[""fixed pH"", ""rapid HO2/O2-minus acid-base equilibrium"", ""constant SOD concentration"", ""constant elementary rate coefficients"", ""single-pulse radical decay with no continuous source"", ""first-order H2O2 loss when enabled""]",True,illustrative single-pulse molar concentration,M except time_s and rate fields,"Fixed pH, rapid equilibrium, constant SOD and rates, single pulse; not continuously driven cellular ROS.",1d8208b504af787754e184f77640f85675b5b634,01e64b526ae9ed2d5f192ae14068302e806c1e8b44576f4b4eb4b5f83a8e8039,configs/doxorubicin_parameters.json,b14b641f69afb70af9ff7557a062c2ce00e0b0cb74381ba69fcfaad4f17f04af,configs/parameter_provenance.csv,86c4261fcb9616a643db79340fe0b7398ba10a5c46464e67e8b697bcfc3a4ec9
spontaneous_only,Spontaneous only,0.05708333333333334,1e-05,7.744092205268115e-06,2.3316370265753656e-08,7.720775835002361e-06,1.1279538973659428e-06,0.0,1e-05,0.0,7.4,4.88,760000.0,85000000.0,,0.0,,analytic Riccati radical-pool solution plus integrating-factor adaptive quadrature for H2O2,241,"[""fixed pH"", ""rapid HO2/O2-minus acid-base equilibrium"", ""constant SOD concentration"", ""constant elementary rate coefficients"", ""single-pulse radical decay with no continuous source"", ""first-order H2O2 loss when enabled""]",True,illustrative single-pulse molar concentration,M except time_s and rate fields,"Fixed pH, rapid equilibrium, constant SOD and rates, single pulse; not continuously driven cellular ROS.",1d8208b504af787754e184f77640f85675b5b634,01e64b526ae9ed2d5f192ae14068302e806c1e8b44576f4b4eb4b5f83a8e8039,configs/doxorubicin_parameters.json,b14b641f69afb70af9ff7557a062c2ce00e0b0cb74381ba69fcfaad4f17f04af,configs/parameter_provenance.csv,86c4261fcb9616a643db79340fe0b7398ba10a5c46464e67e8b697bcfc3a4ec9
spontaneous_only,Spontaneous only,0.0575,1e-05,7.731361374327798e-06,2.327803952793093e-08,7.708083334799867e-06,1.1343193128361012e-06,0.0,1e-05,0.0,7.4,4.88,760000.0,85000000.0,,0.0,,analytic Riccati radical-pool solution plus integrating-factor adaptive quadrature for H2O2,241,"[""fixed pH"", ""rapid HO2/O2-minus acid-base equilibrium"", ""constant SOD concentration"", ""constant elementary rate coefficients"", ""single-pulse radical decay with no continuous source"", ""first-order H2O2 loss when enabled""]",True,illustrative single-pulse molar concentration,M except time_s and rate fields,"Fixed pH, rapid equilibrium, constant SOD and rates, single pulse; not continuously driven cellular ROS.",1d8208b504af787754e184f77640f85675b5b634,01e64b526ae9ed2d5f192ae14068302e806c1e8b44576f4b4eb4b5f83a8e8039,configs/doxorubicin_parameters.json,b14b641f69afb70af9ff7557a062c2ce00e0b0cb74381ba69fcfaad4f17f04af,configs/parameter_provenance.csv,86c4261fcb9616a643db79340fe0b7398ba10a5c46464e67e8b697bcfc3a4ec9
spontaneous_only,Spontaneous only,0.05791666666666667,1e-05,7.718672332159938e-06,2.3239834610212837e-08,7.695432497549725e-06,1.1406638339200314e-06,0.0,1e-05,0.0,7.4,4.88,760000.0,85000000.0,,0.0,,analytic Riccati radical-pool solution plus integrating-factor adaptive quadrature for H2O2,241,"[""fixed pH"", ""rapid HO2/O2-minus acid-base equilibrium"", ""constant SOD concentration"", ""constant elementary rate coefficients"", ""single-pulse radical decay with no continuous source"", ""first-order H2O2 loss when enabled""]",True,illustrative single-pulse molar concentration,M except time_s and rate fields,"Fixed pH, rapid equilibrium, constant SOD and rates, single pulse; not continuously driven cellular ROS.",1d8208b504af787754e184f77640f85675b5b634,01e64b526ae9ed2d5f192ae14068302e806c1e8b44576f4b4eb4b5f83a8e8039,configs/doxorubicin_parameters.json,b14b641f69afb70af9ff7557a062c2ce00e0b0cb74381ba69fcfaad4f17f04af,configs/parameter_provenance.csv,86c4261fcb9616a643db79340fe0b7398ba10a5c46464e67e8b697bcfc3a4ec9
spontaneous_only,Spontaneous only,0.058333333333333334,1e-05,7.7060248733451e-06,2.3201754894110412e-08,7.68282311845099e-06,1.1469875633274503e-06,0.0,1e-05,0.0,7.4,4.88,760000.0,85000000.0,,0.0,,analytic Riccati radical-pool solution plus integrating-factor adaptive quadrature for H2O2,241,"[""fixed pH"", ""rapid HO2/O2-minus acid-base equilibrium"", ""constant SOD concentration"", ""constant elementary rate coefficients"", ""single-pulse radical decay with no continuous source"", ""first-order H2O2 loss when enabled""]",True,illustrative single-pulse molar concentration,M except time_s and rate fields,"Fixed pH, rapid equilibrium, constant SOD and rates, single pulse; not continuously driven cellular ROS.",1d8208b504af787754e184f77640f85675b5b634,01e64b526ae9ed2d5f192ae14068302e806c1e8b44576f4b4eb4b5f83a8e8039,configs/doxorubicin_parameters.json,b14b641f69afb70af9ff7557a062c2ce00e0b0cb74381ba69fcfaad4f17f04af,configs/parameter_provenance.csv,86c4261fcb9616a643db79340fe0b7398ba10a5c46464e67e8b697bcfc3a4ec9
spontaneous_only,Spontaneous only,0.058750000000000004,1e-05,7.693418793808003e-06,2.3163799765181735e-08,7.670254994042821e-06,1.1532906030959988e-06,0.0,1e-05,0.0,7.4,4.88,760000.0,85000000.0,,0.0,,analytic Riccati radical-pool solution plus integrating-factor adaptive quadrature for H2O2,241,"[""fixed pH"", ""rapid HO2/O2-minus acid-base equilibrium"", ""constant SOD concentration"", ""constant elementary rate coefficients"", ""single-pulse radical decay with no continuous source"", ""first-order H2O2 loss when enabled""]",True,illustrative single-pulse molar concentration,M except time_s and rate fields,"Fixed pH, rapid equilibrium, constant SOD and rates, single pulse; not continuously driven cellular ROS.",1d8208b504af787754e184f77640f85675b5b634,01e64b526ae9ed2d5f192ae14068302e806c1e8b44576f4b4eb4b5f83a8e8039,configs/doxorubicin_parameters.json,b14b641f69afb70af9ff7557a062c2ce00e0b0cb74381ba69fcfaad4f17f04af,configs/parameter_provenance.csv,86c4261fcb9616a643db79340fe0b7398ba10a5c46464e67e8b697bcfc3a4ec9
spontaneous_only,Spontaneous only,0.05916666666666667,1e-05,7.680853890806556e-06,2.312596861299895e-08,7.657727922193557e-06,1.1595730545967226e-06,0.0,1e-05,0.0,7.4,4.88,760000.0,85000000.0,,0.0,,analytic Riccati radical-pool solution plus integrating-factor adaptive quadrature for H2O2,241,"[""fixed pH"", ""rapid HO2/O2-minus acid-base equilibrium"", ""constant SOD concentration"", ""constant elementary rate coefficients"", ""single-pulse radical decay with no continuous source"", ""first-order H2O2 loss when enabled""]",True,illustrative single-pulse molar concentration,M except time_s and rate fields,"Fixed pH, rapid equilibrium, constant SOD and rates, single pulse; not continuously driven cellular ROS.",1d8208b504af787754e184f77640f85675b5b634,01e64b526ae9ed2d5f192ae14068302e806c1e8b44576f4b4eb4b5f83a8e8039,configs/doxorubicin_parameters.json,b14b641f69afb70af9ff7557a062c2ce00e0b0cb74381ba69fcfaad4f17f04af,configs/parameter_provenance.csv,86c4261fcb9616a643db79340fe0b7398ba10a5c46464e67e8b697bcfc3a4ec9
spontaneous_only,Spontaneous only,0.059583333333333335,1e-05,7.668329962920978e-06,2.3088260831115482e-08,7.645241702089862e-06,1.1658350185395114e-06,0.0,1e-05,0.0,7.4,4.88,760000.0,85000000.0,,0.0,,analytic Riccati radical-pool solution plus integrating-factor adaptive quadrature for H2O2,241,"[""fixed pH"", ""rapid HO2/O2-minus acid-base equilibrium"", ""constant SOD concentration"", ""constant elementary rate coefficients"", ""single-pulse radical decay with no continuous source"", ""first-order H2O2 loss when enabled""]",True,illustrative single-pulse molar concentration,M except time_s and rate fields,"Fixed pH, rapid equilibrium, constant SOD and rates, single pulse; not continuously driven cellular ROS.",1d8208b504af787754e184f77640f85675b5b634,01e64b526ae9ed2d5f192ae14068302e806c1e8b44576f4b4eb4b5f83a8e8039,configs/doxorubicin_parameters.json,b14b641f69afb70af9ff7557a062c2ce00e0b0cb74381ba69fcfaad4f17f04af,configs/parameter_provenance.csv,86c4261fcb9616a643db79340fe0b7398ba10a5c46464e67e8b697bcfc3a4ec9
spontaneous_only,Spontaneous only,0.060000000000000005,1e-05,7.655846810043045e-06,2.3050675817033665e-08,7.632796134226011e-06,1.1720765949784778e-06,0.0,1e-05,0.0,7.4,4.88,760000.0,85000000.0,,0.0,,analytic Riccati radical-pool solution plus integrating-factor adaptive quadrature for H2O2,241,"[""fixed pH"", ""rapid HO2/O2-minus acid-base equilibrium"", ""constant SOD concentration"", ""constant elementary rate coefficients"", ""single-pulse radical decay with no continuous source"", ""first-order H2O2 loss when enabled""]",True,illustrative single-pulse molar concentration,M except time_s and rate fields,"Fixed pH, rapid equilibrium, constant SOD and rates, single pulse; not continuously driven cellular ROS.",1d8208b504af787754e184f77640f85675b5b634,01e64b526ae9ed2d5f192ae14068302e806c1e8b44576f4b4eb4b5f83a8e8039,configs/doxorubicin_parameters.json,b14b641f69afb70af9ff7557a062c2ce00e0b0cb74381ba69fcfaad4f17f04af,configs/parameter_provenance.csv,86c4261fcb9616a643db79340fe0b7398ba10a5c46464e67e8b697bcfc3a4ec9
spontaneous_only,Spontaneous only,0.06041666666666667,1e-05,7.643404233365424e-06,2.3013212972172636e-08,7.620391020393251e-06,1.1782978833172886e-06,0.0,1e-05,0.0,7.4,4.88,760000.0,85000000.0,,0.0,,analytic Riccati radical-pool solution plus integrating-factor adaptive quadrature for H2O2,241,"[""fixed pH"", ""rapid HO2/O2-minus acid-base equilibrium"", ""constant SOD concentration"", ""constant elementary rate coefficients"", ""single-pulse radical decay with no continuous source"", ""first-order H2O2 loss when enabled""]",True,illustrative single-pulse molar concentration,M except time_s and rate fields,"Fixed pH, rapid equilibrium, constant SOD and rates, single pulse; not continuously driven cellular ROS.",1d8208b504af787754e184f77640f85675b5b634,01e64b526ae9ed2d5f192ae14068302e806c1e8b44576f4b4eb4b5f83a8e8039,configs/doxorubicin_parameters.json,b14b641f69afb70af9ff7557a062c2ce00e0b0cb74381ba69fcfaad4f17f04af,configs/parameter_provenance.csv,86c4261fcb9616a643db79340fe0b7398ba10a5c46464e67e8b697bcfc3a4ec9
spontaneous_only,Spontaneous only,0.060833333333333336,1e-05,7.631002035371124e-06,2.297587170183658e-08,7.608026163669287e-06,1.1844989823144383e-06,0.0,1e-05,0.0,7.4,4.88,760000.0,85000000.0,,0.0,,analytic Riccati radical-pool solution plus integrating-factor adaptive quadrature for H2O2,241,"[""fixed pH"", ""rapid HO2/O2-minus acid-base equilibrium"", ""constant SOD concentration"", ""constant elementary rate coefficients"", ""single-pulse radical decay with no continuous source"", ""first-order H2O2 loss when enabled""]",True,illustrative single-pulse molar concentration,M except time_s and rate fields,"Fixed pH, rapid equilibrium, constant SOD and rates, single pulse; not continuously driven cellular ROS.",1d8208b504af787754e184f77640f85675b5b634,01e64b526ae9ed2d5f192ae14068302e806c1e8b44576f4b4eb4b5f83a8e8039,configs/doxorubicin_parameters.json,b14b641f69afb70af9ff7557a062c2ce00e0b0cb74381ba69fcfaad4f17f04af,configs/parameter_provenance.csv,86c4261fcb9616a643db79340fe0b7398ba10a5c46464e67e8b697bcfc3a4ec9
spontaneous_only,Spontaneous only,0.061250000000000006,1e-05,7.618640019823042e-06,2.2938651415183224e-08,7.595701368407859e-06,1.1906799900884793e-06,0.0,1e-05,0.0,7.4,4.88,760000.0,85000000.0,,0.0,,analytic Riccati radical-pool solution plus integrating-factor adaptive quadrature for H2O2,241,"[""fixed pH"", ""rapid HO2/O2-minus acid-base equilibrium"", ""constant SOD concentration"", ""constant elementary rate coefficients"", ""single-pulse radical decay with no continuous source"", ""first-order H2O2 loss when enabled""]",True,illustrative single-pulse molar concentration,M except time_s and rate fields,"Fixed pH, rapid equilibrium, constant SOD and rates, single pulse; not continuously driven cellular ROS.",1d8208b504af787754e184f77640f85675b5b634,01e64b526ae9ed2d5f192ae14068302e806c1e8b44576f4b4eb4b5f83a8e8039,configs/doxorubicin_parameters.json,b14b641f69afb70af9ff7557a062c2ce00e0b0cb74381ba69fcfaad4f17f04af,configs/parameter_provenance.csv,86c4261fcb9616a643db79340fe0b7398ba10a5c46464e67e8b697bcfc3a4ec9
spontaneous_only,Spontaneous only,0.06166666666666667,1e-05,7.606317991753611e-06,2.290155152519271e-08,7.583416440228418e-06,1.1968410041231948e-06,0.0,1e-05,0.0,7.4,4.88,760000.0,85000000.0,,0.0,,analytic Riccati radical-pool solution plus integrating-factor adaptive quadrature for H2O2,241,"[""fixed pH"", ""rapid HO2/O2-minus acid-base equilibrium"", ""constant SOD concentration"", ""constant elementary rate coefficients"", ""single-pulse radical decay with no continuous source"", ""first-order H2O2 loss when enabled""]",True,illustrative single-pulse molar concentration,M except time_s and rate fields,"Fixed pH, rapid equilibrium, constant SOD and rates, single pulse; not continuously driven cellular ROS.",1d8208b504af787754e184f77640f85675b5b634,01e64b526ae9ed2d5f192ae14068302e806c1e8b44576f4b4eb4b5f83a8e8039,configs/doxorubicin_parameters.json,b14b641f69afb70af9ff7557a062c2ce00e0b0cb74381ba69fcfaad4f17f04af,configs/parameter_provenance.csv,86c4261fcb9616a643db79340fe0b7398ba10a5c46464e67e8b697bcfc3a4ec9
spontaneous_only,Spontaneous only,0.06208333333333334,1e-05,7.594035757454558e-06,2.2864571448636717e-08,7.5711711860059215e-06,1.2029821212727213e-06,0.0,1e-05,0.0,7.4,4.88,760000.0,85000000.0,,0.0,,analytic Riccati radical-pool solution plus integrating-factor adaptive quadrature for H2O2,241,"[""fixed pH"", ""rapid HO2/O2-minus acid-base equilibrium"", ""constant SOD concentration"", ""constant elementary rate coefficients"", ""single-pulse radical decay with no continuous source"", ""first-order H2O2 loss when enabled""]",True,illustrative single-pulse molar concentration,M except time_s and rate fields,"Fixed pH, rapid equilibrium, constant SOD and rates, single pulse; not continuously driven cellular ROS.",1d8208b504af787754e184f77640f85675b5b634,01e64b526ae9ed2d5f192ae14068302e806c1e8b44576f4b4eb4b5f83a8e8039,configs/doxorubicin_parameters.json,b14b641f69afb70af9ff7557a062c2ce00e0b0cb74381ba69fcfaad4f17f04af,configs/parameter_provenance.csv,86c4261fcb9616a643db79340fe0b7398ba10a5c46464e67e8b697bcfc3a4ec9
spontaneous_only,Spontaneous only,0.0625,1e-05,7.581793124466744e-06,2.282771060604791e-08,7.558965413860696e-06,1.2091034377666284e-06,0.0,1e-05,0.0,7.4,4.88,760000.0,85000000.0,,0.0,,analytic Riccati radical-pool solution plus integrating-factor adaptive quadrature for H2O2,241,"[""fixed pH"", ""rapid HO2/O2-minus acid-base equilibrium"", ""constant SOD concentration"", ""constant elementary rate coefficients"", ""single-pulse radical decay with no continuous source"", ""first-order H2O2 loss when enabled""]",True,illustrative single-pulse molar concentration,M except time_s and rate fields,"Fixed pH, rapid equilibrium, constant SOD and rates, single pulse; not continuously driven cellular ROS.",1d8208b504af787754e184f77640f85675b5b634,01e64b526ae9ed2d5f192ae14068302e806c1e8b44576f4b4eb4b5f83a8e8039,configs/doxorubicin_parameters.json,b14b641f69afb70af9ff7557a062c2ce00e0b0cb74381ba69fcfaad4f17f04af,configs/parameter_provenance.csv,86c4261fcb9616a643db79340fe0b7398ba10a5c46464e67e8b697bcfc3a4ec9
spontaneous_only,Spontaneous only,0.06291666666666668,1e-05,7.569589901570114e-06,2.2790968421689647e-08,7.5467989331484245e-06,1.2152050492149433e-06,0.0,1e-05,0.0,7.4,4.88,760000.0,85000000.0,,0.0,,analytic Riccati radical-pool solution plus integrating-factor adaptive quadrature for H2O2,241,"[""fixed pH"", ""rapid HO2/O2-minus acid-base equilibrium"", ""constant SOD concentration"", ""constant elementary rate coefficients"", ""single-pulse radical decay with no continuous source"", ""first-order H2O2 loss when enabled""]",True,illustrative single-pulse molar concentration,M except time_s and rate fields,"Fixed pH, rapid equilibrium, constant SOD and rates, single pulse; not continuously driven cellular ROS.",1d8208b504af787754e184f77640f85675b5b634,01e64b526ae9ed2d5f192ae14068302e806c1e8b44576f4b4eb4b5f83a8e8039,configs/doxorubicin_parameters.json,b14b641f69afb70af9ff7557a062c2ce00e0b0cb74381ba69fcfaad4f17f04af,configs/parameter_provenance.csv,86c4261fcb9616a643db79340fe0b7398ba10a5c46464e67e8b697bcfc3a4ec9
spontaneous_only,Spontaneous only,0.06333333333333334,1e-05,7.557425898773746e-06,2.2754344323526038e-08,7.53467155445022e-06,1.2212870506131272e-06,0.0,1e-05,0.0,7.4,4.88,760000.0,85000000.0,,0.0,,analytic Riccati radical-pool solution plus integrating-factor adaptive quadrature for H2O2,241,"[""fixed pH"", ""rapid HO2/O2-minus acid-base equilibrium"", ""constant SOD concentration"", ""constant elementary rate coefficients"", ""single-pulse radical decay with no continuous source"", ""first-order H2O2 loss when enabled""]",True,illustrative single-pulse molar concentration,M except time_s and rate fields,"Fixed pH, rapid equilibrium, constant SOD and rates, single pulse; not continuously driven cellular ROS.",1d8208b504af787754e184f77640f85675b5b634,01e64b526ae9ed2d5f192ae14068302e806c1e8b44576f4b4eb4b5f83a8e8039,configs/doxorubicin_parameters.json,b14b641f69afb70af9ff7557a062c2ce00e0b0cb74381ba69fcfaad4f17f04af,configs/parameter_provenance.csv,86c4261fcb9616a643db79340fe0b7398ba10a5c46464e67e8b697bcfc3a4ec9
spontaneous_only,Spontaneous only,0.06375,1e-05,7.5453009273059865e-06,2.2717837743192236e-08,7.522583089562794e-06,1.2273495363470072e-06,0.0,1e-05,0.0,7.4,4.88,760000.0,85000000.0,,0.0,,analytic Riccati radical-pool solution plus integrating-factor adaptive quadrature for H2O2,241,"[""fixed pH"", ""rapid HO2/O2-minus acid-base equilibrium"", ""constant SOD concentration"", ""constant elementary rate coefficients"", ""single-pulse radical decay with no continuous source"", ""first-order H2O2 loss when enabled""]",True,illustrative single-pulse molar concentration,M except time_s and rate fields,"Fixed pH, rapid equilibrium, constant SOD and rates, single pulse; not continuously driven cellular ROS.",1d8208b504af787754e184f77640f85675b5b634,01e64b526ae9ed2d5f192ae14068302e806c1e8b44576f4b4eb4b5f83a8e8039,configs/doxorubicin_parameters.json,b14b641f69afb70af9ff7557a062c2ce00e0b0cb74381ba69fcfaad4f17f04af,configs/parameter_provenance.csv,86c4261fcb9616a643db79340fe0b7398ba10a5c46464e67e8b697bcfc3a4ec9
spontaneous_only,Spontaneous only,0.06416666666666668,1e-05,7.5332147996046826e-06,2.2681448115965034e-08,7.5105333514887176e-06,1.2333926001976591e-06,0.0,1e-05,0.0,7.4,4.88,760000.0,85000000.0,,0.0,,analytic Riccati radical-pool solution plus integrating-factor adaptive quadrature for H2O2,241,"[""fixed pH"", ""rapid HO2/O2-minus acid-base equilibrium"", ""constant SOD concentration"", ""constant elementary rate coefficients"", ""single-pulse radical decay with no continuous source"", ""first-order H2O2 loss when enabled""]",True,illustrative single-pulse molar concentration,M except time_s and rate fields,"Fixed pH, rapid equilibrium, constant SOD and rates, single pulse; not continuously driven cellular ROS.",1d8208b504af787754e184f77640f85675b5b634,01e64b526ae9ed2d5f192ae14068302e806c1e8b44576f4b4eb4b5f83a8e8039,configs/doxorubicin_parameters.json,b14b641f69afb70af9ff7557a062c2ce00e0b0cb74381ba69fcfaad4f17f04af,configs/parameter_provenance.csv,86c4261fcb9616a643db79340fe0b7398ba10a5c46464e67e8b697bcfc3a4ec9
spontaneous_only,Spontaneous only,0.06458333333333334,1e-05,7.5211673293075175e-06,2.2645174880733762e-08,7.4985221544267835e-06,1.2394163353462417e-06,0.0,1e-05,0.0,7.4,4.88,760000.0,85000000.0,,0.0,,analytic Riccati radical-pool solution plus integrating-factor adaptive quadrature for H2O2,241,"[""fixed pH"", ""rapid HO2/O2-minus acid-base equilibrium"", ""constant SOD concentration"", ""constant elementary rate coefficients"", ""single-pulse radical decay with no continuous source"", ""first-order H2O2 loss when enabled""]",True,illustrative single-pulse molar concentration,M except time_s and rate fields,"Fixed pH, rapid equilibrium, constant SOD and rates, single pulse; not continuously driven cellular ROS.",1d8208b504af787754e184f77640f85675b5b634,01e64b526ae9ed2d5f192ae14068302e806c1e8b44576f4b4eb4b5f83a8e8039,configs/doxorubicin_parameters.json,b14b641f69afb70af9ff7557a062c2ce00e0b0cb74381ba69fcfaad4f17f04af,configs/parameter_provenance.csv,86c4261fcb9616a643db79340fe0b7398ba10a5c46464e67e8b697bcfc3a4ec9
spontaneous_only,Spontaneous only,0.065,1e-05,7.50915833124243e-06,2.2609017479971434e-08,7.486549313762458e-06,1.2454208343787855e-06,0.0,1e-05,0.0,7.4,4.88,760000.0,85000000.0,,0.0,,analytic Riccati radical-pool solution plus integrating-factor adaptive quadrature for H2O2,241,"[""fixed pH"", ""rapid HO2/O2-minus acid-base equilibrium"", ""constant SOD concentration"", ""constant elementary rate coefficients"", ""single-pulse radical decay with no continuous source"", ""first-order H2O2 loss when enabled""]",True,illustrative single-pulse molar concentration,M except time_s and rate fields,"Fixed pH, rapid equilibrium, constant SOD and rates, single pulse; not continuously driven cellular ROS.",1d8208b504af787754e184f77640f85675b5b634,01e64b526ae9ed2d5f192ae14068302e806c1e8b44576f4b4eb4b5f83a8e8039,configs/doxorubicin_parameters.json,b14b641f69afb70af9ff7557a062c2ce00e0b0cb74381ba69fcfaad4f17f04af,configs/parameter_provenance.csv,86c4261fcb9616a643db79340fe0b7398ba10a5c46464e67e8b697bcfc3a4ec9
spontaneous_only,Spontaneous only,0.06541666666666666,1e-05,7.497187621418122e-06,2.257297535970618e-08,7.474614646058415e-06,1.2514061892909396e-06,0.0,1e-05,0.0,7.4,4.88,760000.0,85000000.0,,0.0,,analytic Riccati radical-pool solution plus integrating-factor adaptive quadrature for H2O2,241,"[""fixed pH"", ""rapid HO2/O2-minus acid-base equilibrium"", ""constant SOD concentration"", ""constant elementary rate coefficients"", ""single-pulse radical decay with no continuous source"", ""first-order H2O2 loss when enabled""]",True,illustrative single-pulse molar concentration,M except time_s and rate fields,"Fixed pH, rapid equilibrium, constant SOD and rates, single pulse; not continuously driven cellular ROS.",1d8208b504af787754e184f77640f85675b5b634,01e64b526ae9ed2d5f192ae14068302e806c1e8b44576f4b4eb4b5f83a8e8039,configs/doxorubicin_parameters.json,b14b641f69afb70af9ff7557a062c2ce00e0b0cb74381ba69fcfaad4f17f04af,configs/parameter_provenance.csv,86c4261fcb9616a643db79340fe0b7398ba10a5c46464e67e8b697bcfc3a4ec9
spontaneous_only,Spontaneous only,0.06583333333333334,1e-05,7.485255017014665e-06,2.2537047969492968e-08,7.462717969045171e-06,1.2573724914926681e-06,0.0,1e-05,0.0,7.4,4.88,760000.0,85000000.0,,0.0,,analytic Riccati radical-pool solution plus integrating-factor adaptive quadrature for H2O2,241,"[""fixed pH"", ""rapid HO2/O2-minus acid-base equilibrium"", ""constant SOD concentration"", ""constant elementary rate coefficients"", ""single-pulse radical decay with no continuous source"", ""first-order H2O2 loss when enabled""]",True,illustrative single-pulse molar concentration,M except time_s and rate fields,"Fixed pH, rapid equilibrium, constant SOD and rates, single pulse; not continuously driven cellular ROS.",1d8208b504af787754e184f77640f85675b5b634,01e64b526ae9ed2d5f192ae14068302e806c1e8b44576f4b4eb4b5f83a8e8039,configs/doxorubicin_parameters.json,b14b641f69afb70af9ff7557a062c2ce00e0b0cb74381ba69fcfaad4f17f04af,configs/parameter_provenance.csv,86c4261fcb9616a643db79340fe0b7398ba10a5c46464e67e8b697bcfc3a4ec9
spontaneous_only,Spontaneous only,0.06625,1e-05,7.4733603363741976e-06,2.2501234762385576e-08,7.450859101611812e-06,1.2633198318129016e-06,0.0,1e-05,0.0,7.4,4.88,760000.0,85000000.0,,0.0,,analytic Riccati radical-pool solution plus integrating-factor adaptive quadrature for H2O2,241,"[""fixed pH"", ""rapid HO2/O2-minus acid-base equilibrium"", ""constant SOD concentration"", ""constant elementary rate coefficients"", ""single-pulse radical decay with no continuous source"", ""first-order H2O2 loss when enabled""]",True,illustrative single-pulse molar concentration,M except time_s and rate fields,"Fixed pH, rapid equilibrium, constant SOD and rates, single pulse; not continuously driven cellular ROS.",1d8208b504af787754e184f77640f85675b5b634,01e64b526ae9ed2d5f192ae14068302e806c1e8b44576f4b4eb4b5f83a8e8039,configs/doxorubicin_parameters.json,b14b641f69afb70af9ff7557a062c2ce00e0b0cb74381ba69fcfaad4f17f04af,configs/parameter_provenance.csv,86c4261fcb9616a643db79340fe0b7398ba10a5c46464e67e8b697bcfc3a4ec9
spontaneous_only,Spontaneous only,0.06666666666666667,1e-05,7.4615033989917006e-06,2.2465535194908824e-08,7.439037863796791e-06,1.2692483005041501e-06,0.0,1e-05,0.0,7.4,4.88,760000.0,85000000.0,,0.0,,analytic Riccati radical-pool solution plus integrating-factor adaptive quadrature for H2O2,241,"[""fixed pH"", ""rapid HO2/O2-minus acid-base equilibrium"", ""constant SOD concentration"", ""constant elementary rate coefficients"", ""single-pulse radical decay with no continuous source"", ""first-order H2O2 loss when enabled""]",True,illustrative single-pulse molar concentration,M except time_s and rate fields,"Fixed pH, rapid equilibrium, constant SOD and rates, single pulse; not continuously driven cellular ROS.",1d8208b504af787754e184f77640f85675b5b634,01e64b526ae9ed2d5f192ae14068302e806c1e8b44576f4b4eb4b5f83a8e8039,configs/doxorubicin_parameters.json,b14b641f69afb70af9ff7557a062c2ce00e0b0cb74381ba69fcfaad4f17f04af,configs/parameter_provenance.csv,86c4261fcb9616a643db79340fe0b7398ba10a5c46464e67e8b697bcfc3a4ec9
spontaneous_only,Spontaneous only,0.06708333333333334,1e-05,7.449684025505867e-06,2.2429948727031096e-08,7.427254076778836e-06,1.275157987247067e-06,0.0,1e-05,0.0,7.4,4.88,760000.0,85000000.0,,0.0,,analytic Riccati radical-pool solution plus integrating-factor adaptive quadrature for H2O2,241,"[""fixed pH"", ""rapid HO2/O2-minus acid-base equilibrium"", ""constant SOD concentration"", ""constant elementary rate coefficients"", ""single-pulse radical decay with no continuous source"", ""first-order H2O2 loss when enabled""]",True,illustrative single-pulse molar concentration,M except time_s and rate fields,"Fixed pH, rapid equilibrium, constant SOD and rates, single pulse; not continuously driven cellular ROS.",1d8208b504af787754e184f77640f85675b5b634,01e64b526ae9ed2d5f192ae14068302e806c1e8b44576f4b4eb4b5f83a8e8039,configs/doxorubicin_parameters.json,b14b641f69afb70af9ff7557a062c2ce00e0b0cb74381ba69fcfaad4f17f04af,configs/parameter_provenance.csv,86c4261fcb9616a643db79340fe0b7398ba10a5c46464e67e8b697bcfc3a4ec9
spontaneous_only,Spontaneous only,0.0675,1e-05,7.437902037690063e-06,2.2394474822137118e-08,7.415507562867926e-06,1.2810489811549687e-06,0.0,1e-05,0.0,7.4,4.88,760000.0,85000000.0,,0.0,,analytic Riccati radical-pool solution plus integrating-factor adaptive quadrature for H2O2,241,"[""fixed pH"", ""rapid HO2/O2-minus acid-base equilibrium"", ""constant SOD concentration"", ""constant elementary rate coefficients"", ""single-pulse radical decay with no continuous source"", ""first-order H2O2 loss when enabled""]",True,illustrative single-pulse molar concentration,M except time_s and rate fields,"Fixed pH, rapid equilibrium, constant SOD and rates, single pulse; not continuously driven cellular ROS.",1d8208b504af787754e184f77640f85675b5b634,01e64b526ae9ed2d5f192ae14068302e806c1e8b44576f4b4eb4b5f83a8e8039,configs/doxorubicin_parameters.json,b14b641f69afb70af9ff7557a062c2ce00e0b0cb74381ba69fcfaad4f17f04af,configs/parameter_provenance.csv,86c4261fcb9616a643db79340fe0b7398ba10a5c46464e67e8b697bcfc3a4ec9
spontaneous_only,Spontaneous only,0.06791666666666667,1e-05,7.426157258443366e-06,2.2359112947000968e-08,7.403798145496364e-06,1.2869213707783175e-06,0.0,1e-05,0.0,7.4,4.88,760000.0,85000000.0,,0.0,,analytic Riccati radical-pool solution plus integrating-factor adaptive quadrature for H2O2,241,"[""fixed pH"", ""rapid HO2/O2-minus acid-base equilibrium"", ""constant SOD concentration"", ""constant elementary rate coefficients"", ""single-pulse radical decay with no continuous source"", ""first-order H2O2 loss when enabled""]",True,illustrative single-pulse molar concentration,M except time_s and rate fields,"Fixed pH, rapid equilibrium, constant SOD and rates, single pulse; not continuously driven cellular ROS.",1d8208b504af787754e184f77640f85675b5b634,01e64b526ae9ed2d5f192ae14068302e806c1e8b44576f4b4eb4b5f83a8e8039,configs/doxorubicin_parameters.json,b14b641f69afb70af9ff7557a062c2ce00e0b0cb74381ba69fcfaad4f17f04af,configs/parameter_provenance.csv,86c4261fcb9616a643db79340fe0b7398ba10a5c46464e67e8b697bcfc3a4ec9
spontaneous_only,Spontaneous only,0.06833333333333334,1e-05,7.4144495117816854e-06,2.232386257175935e-08,7.392125649209926e-06,1.2927752441091577e-06,0.0,1e-05,0.0,7.4,4.88,760000.0,85000000.0,,0.0,,analytic Riccati radical-pool solution plus integrating-factor adaptive quadrature for H2O2,241,"[""fixed pH"", ""rapid HO2/O2-minus acid-base equilibrium"", ""constant SOD concentration"", ""constant elementary rate coefficients"", ""single-pulse radical decay with no continuous source"", ""first-order H2O2 loss when enabled""]",True,illustrative single-pulse molar concentration,M except time_s and rate fields,"Fixed pH, rapid equilibrium, constant SOD and rates, single pulse; not continuously driven cellular ROS.",1d8208b504af787754e184f77640f85675b5b634,01e64b526ae9ed2d5f192ae14068302e806c1e8b44576f4b4eb4b5f83a8e8039,configs/doxorubicin_parameters.json,b14b641f69afb70af9ff7557a062c2ce00e0b0cb74381ba69fcfaad4f17f04af,configs/parameter_provenance.csv,86c4261fcb9616a643db79340fe0b7398ba10a5c46464e67e8b697bcfc3a4ec9
spontaneous_only,Spontaneous only,0.06875,1e-05,7.402778622828986e-06,2.228872316988517e-08,7.380489899659101e-06,1.2986106885855073e-06,0.0,1e-05,0.0,7.4,4.88,760000.0,85000000.0,,0.0,,analytic Riccati radical-pool solution plus integrating-factor adaptive quadrature for H2O2,241,"[""fixed pH"", ""rapid HO2/O2-minus acid-base equilibrium"", ""constant SOD concentration"", ""constant elementary rate coefficients"", ""single-pulse radical decay with no continuous source"", ""first-order H2O2 loss when enabled""]",True,illustrative single-pulse molar concentration,M except time_s and rate fields,"Fixed pH, rapid equilibrium, constant SOD and rates, single pulse; not continuously driven cellular ROS.",1d8208b504af787754e184f77640f85675b5b634,01e64b526ae9ed2d5f192ae14068302e806c1e8b44576f4b4eb4b5f83a8e8039,configs/doxorubicin_parameters.json,b14b641f69afb70af9ff7557a062c2ce00e0b0cb74381ba69fcfaad4f17f04af,configs/parameter_provenance.csv,86c4261fcb9616a643db79340fe0b7398ba10a5c46464e67e8b697bcfc3a4ec9
spontaneous_only,Spontaneous only,0.06916666666666667,1e-05,7.391144417808568e-06,2.225369421816127e-08,7.368890723590407e-06,1.3044277910957163e-06,0.0,1e-05,0.0,7.4,4.88,760000.0,85000000.0,,0.0,,analytic Riccati radical-pool solution plus integrating-factor adaptive quadrature for H2O2,241,"[""fixed pH"", ""rapid HO2/O2-minus acid-base equilibrium"", ""constant SOD concentration"", ""constant elementary rate coefficients"", ""single-pulse radical decay with no continuous source"", ""first-order H2O2 loss when enabled""]",True,illustrative single-pulse molar concentration,M except time_s and rate fields,"Fixed pH, rapid equilibrium, constant SOD and rates, single pulse; not continuously driven cellular ROS.",1d8208b504af787754e184f77640f85675b5b634,01e64b526ae9ed2d5f192ae14068302e806c1e8b44576f4b4eb4b5f83a8e8039,configs/doxorubicin_parameters.json,b14b641f69afb70af9ff7557a062c2ce00e0b0cb74381ba69fcfaad4f17f04af,configs/parameter_provenance.csv,86c4261fcb9616a643db79340fe0b7398ba10a5c46464e67e8b697bcfc3a4ec9
spontaneous_only,Spontaneous only,0.06958333333333334,1e-05,7.379546724034447e-06,2.221877519665449e-08,7.357327948837793e-06,1.3102266379827769e-06,0.0,1e-05,0.0,7.4,4.88,760000.0,85000000.0,,0.0,,analytic Riccati radical-pool solution plus integrating-factor adaptive quadrature for H2O2,241,"[""fixed pH"", ""rapid HO2/O2-minus acid-base equilibrium"", ""constant SOD concentration"", ""constant elementary rate coefficients"", ""single-pulse radical decay with no continuous source"", ""first-order H2O2 loss when enabled""]",True,illustrative single-pulse molar concentration,M except time_s and rate fields,"Fixed pH, rapid equilibrium, constant SOD and rates, single pulse; not continuously driven cellular ROS.",1d8208b504af787754e184f77640f85675b5b634,01e64b526ae9ed2d5f192ae14068302e806c1e8b44576f4b4eb4b5f83a8e8039,configs/doxorubicin_parameters.json,b14b641f69afb70af9ff7557a062c2ce00e0b0cb74381ba69fcfaad4f17f04af,configs/parameter_provenance.csv,86c4261fcb9616a643db79340fe0b7398ba10a5c46464e67e8b697bcfc3a4ec9
spontaneous_only,Spontaneous only,0.07,1e-05,7.367985369902814e-06,2.2183965588689947e-08,7.3458014043141235e-06,1.3160073150485936e-06,0.0,1e-05,0.0,7.4,4.88,760000.0,85000000.0,,0.0,,analytic Riccati radical-pool solution plus integrating-factor adaptive quadrature for H2O2,241,"[""fixed pH"", ""rapid HO2/O2-minus acid-base equilibrium"", ""constant SOD concentration"", ""constant elementary rate coefficients"", ""single-pulse radical decay with no continuous source"", ""first-order H2O2 loss when enabled""]",True,illustrative single-pulse molar concentration,M except time_s and rate fields,"Fixed pH, rapid equilibrium, constant SOD and rates, single pulse; not continuously driven cellular ROS.",1d8208b504af787754e184f77640f85675b5b634,01e64b526ae9ed2d5f192ae14068302e806c1e8b44576f4b4eb4b5f83a8e8039,configs/doxorubicin_parameters.json,b14b641f69afb70af9ff7557a062c2ce00e0b0cb74381ba69fcfaad4f17f04af,configs/parameter_provenance.csv,86c4261fcb9616a643db79340fe0b7398ba10a5c46464e67e8b697bcfc3a4ec9
spontaneous_only,Spontaneous only,0.07041666666666667,1e-05,7.356460184883564e-06,2.214926488082553e-08,7.3343109200027385e-06,1.3217699075582184e-06,0.0,1e-05,0.0,7.4,4.88,760000.0,85000000.0,,0.0,,analytic Riccati radical-pool solution plus integrating-factor adaptive quadrature for H2O2,241,"[""fixed pH"", ""rapid HO2/O2-minus acid-base equilibrium"", ""constant SOD concentration"", ""constant elementary rate coefficients"", ""single-pulse radical decay with no continuous source"", ""first-order H2O2 loss when enabled""]",True,illustrative single-pulse molar concentration,M except time_s and rate fields,"Fixed pH, rapid equilibrium, constant SOD and rates, single pulse; not continuously driven cellular ROS.",1d8208b504af787754e184f77640f85675b5b634,01e64b526ae9ed2d5f192ae14068302e806c1e8b44576f4b4eb4b5f83a8e8039,configs/doxorubicin_parameters.json,b14b641f69afb70af9ff7557a062c2ce00e0b0cb74381ba69fcfaad4f17f04af,configs/parameter_provenance.csv,86c4261fcb9616a643db79340fe0b7398ba10a5c46464e67e8b697bcfc3a4ec9
spontaneous_only,Spontaneous only,0.07083333333333333,1e-05,7.344970999511915e-06,2.211467256282665e-08,7.3228563269490885e-06,1.327514500244043e-06,0.0,1e-05,0.0,7.4,4.88,760000.0,85000000.0,,0.0,,analytic Riccati radical-pool solution plus integrating-factor adaptive quadrature for H2O2,241,"[""fixed pH"", ""rapid HO2/O2-minus acid-base equilibrium"", ""constant SOD concentration"", ""constant elementary rate coefficients"", ""single-pulse radical decay with no continuous source"", ""first-order H2O2 loss when enabled""]",True,illustrative single-pulse molar concentration,M except time_s and rate fields,"Fixed pH, rapid equilibrium, constant SOD and rates, single pulse; not continuously driven cellular ROS.",1d8208b504af787754e184f77640f85675b5b634,01e64b526ae9ed2d5f192ae14068302e806c1e8b44576f4b4eb4b5f83a8e8039,configs/doxorubicin_parameters.json,b14b641f69afb70af9ff7557a062c2ce00e0b0cb74381ba69fcfaad4f17f04af,configs/parameter_provenance.csv,86c4261fcb9616a643db79340fe0b7398ba10a5c46464e67e8b697bcfc3a4ec9
spontaneous_only,Spontaneous only,0.07125000000000001,1e-05,7.333517645380107e-06,2.2080188127641288e-08,7.311437457252466e-06,1.3332411773099471e-06,0.0,1e-05,0.0,7.4,4.88,760000.0,85000000.0,,0.0,,analytic Riccati radical-pool solution plus integrating-factor adaptive quadrature for H2O2,241,"[""fixed pH"", ""rapid HO2/O2-minus acid-base equilibrium"", ""constant SOD concentration"", ""constant elementary rate coefficients"", ""single-pulse radical decay with no continuous source"", ""first-order H2O2 loss when enabled""]",True,illustrative single-pulse molar concentration,M except time_s and rate fields,"Fixed pH, rapid equilibrium, constant SOD and rates, single pulse; not continuously driven cellular ROS.",1d8208b504af787754e184f77640f85675b5b634,01e64b526ae9ed2d5f192ae14068302e806c1e8b44576f4b4eb4b5f83a8e8039,configs/doxorubicin_parameters.json,b14b641f69afb70af9ff7557a062c2ce00e0b0cb74381ba69fcfaad4f17f04af,configs/parameter_provenance.csv,86c4261fcb9616a643db79340fe0b7398ba10a5c46464e67e8b697bcfc3a4ec9
spontaneous_only,Spontaneous only,0.07166666666666667,1e-05,7.322099955129162e-06,2.2045811071375146e-08,7.300054144057787e-06,1.3389500224354194e-06,0.0,1e-05,0.0,7.4,4.88,760000.0,85000000.0,,0.0,,analytic Riccati radical-pool solution plus integrating-factor adaptive quadrature for H2O2,241,"[""fixed pH"", ""rapid HO2/O2-minus acid-base equilibrium"", ""constant SOD concentration"", ""constant elementary rate coefficients"", ""single-pulse radical decay with no continuous source"", ""first-order H2O2 loss when enabled""]",True,illustrative single-pulse molar concentration,M except time_s and rate fields,"Fixed pH, rapid equilibrium, constant SOD and rates, single pulse; not continuously driven cellular ROS.",1d8208b504af787754e184f77640f85675b5b634,01e64b526ae9ed2d5f192ae14068302e806c1e8b44576f4b4eb4b5f83a8e8039,configs/doxorubicin_parameters.json,b14b641f69afb70af9ff7557a062c2ce00e0b0cb74381ba69fcfaad4f17f04af,configs/parameter_provenance.csv,86c4261fcb9616a643db79340fe0b7398ba10a5c46464e67e8b697bcfc3a4ec9
spontaneous_only,Spontaneous only,0.07208333333333333,1e-05,7.310717762440744e-06,2.2011540893267147e-08,7.288706221547477e-06,1.3446411187796283e-06,0.0,1e-05,0.0,7.4,4.88,760000.0,85000000.0,,0.0,,analytic Riccati radical-pool solution plus integrating-factor adaptive quadrature for H2O2,241,"[""fixed pH"", ""rapid HO2/O2-minus acid-base equilibrium"", ""constant SOD concentration"", ""constant elementary rate coefficients"", ""single-pulse radical decay with no continuous source"", ""first-order H2O2 loss when enabled""]",True,illustrative single-pulse molar concentration,M except time_s and rate fields,"Fixed pH, rapid equilibrium, constant SOD and rates, single pulse; not continuously driven cellular ROS.",1d8208b504af787754e184f77640f85675b5b634,01e64b526ae9ed2d5f192ae14068302e806c1e8b44576f4b4eb4b5f83a8e8039,configs/doxorubicin_parameters.json,b14b641f69afb70af9ff7557a062c2ce00e0b0cb74381ba69fcfaad4f17f04af,configs/parameter_provenance.csv,86c4261fcb9616a643db79340fe0b7398ba10a5c46464e67e8b697bcfc3a4ec9
spontaneous_only,Spontaneous only,0.07250000000000001,1e-05,7.2993709020290774e-06,2.1977377095665115e-08,7.277393524933412e-06,1.3503145489854617e-06,0.0,1e-05,0.0,7.4,4.88,760000.0,85000000.0,,0.0,,analytic Riccati radical-pool solution plus integrating-factor adaptive quadrature for H2O2,241,"[""fixed pH"", ""rapid HO2/O2-minus acid-base equilibrium"", ""constant SOD concentration"", ""constant elementary rate coefficients"", ""single-pulse radical decay with no continuous source"", ""first-order H2O2 loss when enabled""]",True,illustrative single-pulse molar concentration,M except time_s and rate fields,"Fixed pH, rapid equilibrium, constant SOD and rates, single pulse; not continuously driven cellular ROS.",1d8208b504af787754e184f77640f85675b5b634,01e64b526ae9ed2d5f192ae14068302e806c1e8b44576f4b4eb4b5f83a8e8039,configs/doxorubicin_parameters.json,b14b641f69afb70af9ff7557a062c2ce00e0b0cb74381ba69fcfaad4f17f04af,configs/parameter_provenance.csv,86c4261fcb9616a643db79340fe0b7398ba10a5c46464e67e8b697bcfc3a4ec9
spontaneous_only,Spontaneous only,0.07291666666666667,1e-05,7.288059209632946e-06,2.194331918400168e-08,7.266115890448944e-06,1.3559703951835276e-06,0.0,1e-05,0.0,7.4,4.88,760000.0,85000000.0,,0.0,,analytic Riccati radical-pool solution plus integrating-factor adaptive quadrature for H2O2,241,"[""fixed pH"", ""rapid HO2/O2-minus acid-base equilibrium"", ""constant SOD concentration"", ""constant elementary rate coefficients"", ""single-pulse radical decay with no continuous source"", ""first-order H2O2 loss when enabled""]",True,illustrative single-pulse molar concentration,M except time_s and rate fields,"Fixed pH, rapid equilibrium, constant SOD and rates, single pulse; not continuously driven cellular ROS.",1d8208b504af787754e184f77640f85675b5b634,01e64b526ae9ed2d5f192ae14068302e806c1e8b44576f4b4eb4b5f83a8e8039,configs/doxorubicin_parameters.json,b14b641f69afb70af9ff7557a062c2ce00e0b0cb74381ba69fcfaad4f17f04af,configs/parameter_provenance.csv,86c4261fcb9616a643db79340fe0b7398ba10a5c46464e67e8b697bcfc3a4ec9
spontaneous_only,Spontaneous only,0.07333333333333333,1e-05,7.276782522007767e-06,2.190936666677041e-08,7.254873155340996e-06,1.361608738996117e-06,0.0,1e-05,0.0,7.4,4.88,760000.0,85000000.0,,0.0,,analytic Riccati radical-pool solution plus integrating-factor adaptive quadrature for H2O2,241,"[""fixed pH"", ""rapid HO2/O2-minus acid-base equilibrium"", ""constant SOD concentration"", ""constant elementary rate coefficients"", ""single-pulse radical decay with no continuous source"", ""first-order H2O2 loss when enabled""]",True,illustrative single-pulse molar concentration,M except time_s and rate fields,"Fixed pH, rapid equilibrium, constant SOD and rates, single pulse; not continuously driven cellular ROS.",1d8208b504af787754e184f77640f85675b5b634,01e64b526ae9ed2d5f192ae14068302e806c1e8b44576f4b4eb4b5f83a8e8039,configs/doxorubicin_parameters.json,b14b641f69afb70af9ff7557a062c2ce00e0b0cb74381ba69fcfaad4f17f04af,configs/parameter_provenance.csv,86c4261fcb9616a643db79340fe0b7398ba10a5c46464e67e8b697bcfc3a4ec9
spontaneous_only,Spontaneous only,0.07375000000000001,1e-05,7.265540676917741e-06,2.1875519055502174e-08,7.243665157862238e-06,1.36722966154113e-06,0.0,1e-05,0.0,7.4,4.88,760000.0,85000000.0,,0.0,,analytic Riccati radical-pool solution plus integrating-factor adaptive quadrature for H2O2,241,"[""fixed pH"", ""rapid HO2/O2-minus acid-base equilibrium"", ""constant SOD concentration"", ""constant elementary rate coefficients"", ""single-pulse radical decay with no continuous source"", ""first-order H2O2 loss when enabled""]",True,illustrative single-pulse molar concentration,M except time_s and rate fields,"Fixed pH, rapid equilibrium, constant SOD and rates, single pulse; not continuously driven cellular ROS.",1d8208b504af787754e184f77640f85675b5b634,01e64b526ae9ed2d5f192ae14068302e806c1e8b44576f4b4eb4b5f83a8e8039,configs/doxorubicin_parameters.json,b14b641f69afb70af9ff7557a062c2ce00e0b0cb74381ba69fcfaad4f17f04af,configs/parameter_provenance.csv,86c4261fcb9616a643db79340fe0b7398ba10a5c46464e67e8b697bcfc3a4ec9
spontaneous_only,Spontaneous only,0.07416666666666667,1e-05,7.254333513128068e-06,2.1841775864741712e-08,7.232491737263326e-06,1.3728332434359664e-06,0.0,1e-05,0.0,7.4,4.88,760000.0,85000000.0,,0.0,,analytic Riccati radical-pool solution plus integrating-factor adaptive quadrature for H2O2,241,"[""fixed pH"", ""rapid HO2/O2-minus acid-base equilibrium"", ""constant SOD concentration"", ""constant elementary rate coefficients"", ""single-pulse radical decay with no continuous source"", ""first-order H2O2 loss when enabled""]",True,illustrative single-pulse molar concentration,M except time_s and rate fields,"Fixed pH, rapid equilibrium, constant SOD and rates, single pulse; not continuously driven cellular ROS.",1d8208b504af787754e184f77640f85675b5b634,01e64b526ae9ed2d5f192ae14068302e806c1e8b44576f4b4eb4b5f83a8e8039,configs/doxorubicin_parameters.json,b14b641f69afb70af9ff7557a062c2ce00e0b0cb74381ba69fcfaad4f17f04af,configs/parameter_provenance.csv,86c4261fcb9616a643db79340fe0b7398ba10a5c46464e67e8b697bcfc3a4ec9
spontaneous_only,Spontaneous only,0.07458333333333333,1e-05,7.243160870397241e-06,2.180813661202443e-08,7.221352733785216e-06,1.37841956480138e-06,0.0,1e-05,0.0,7.4,4.88,760000.0,85000000.0,,0.0,,analytic Riccati radical-pool solution plus integrating-factor adaptive quadrature for H2O2,241,"[""fixed pH"", ""rapid HO2/O2-minus acid-base equilibrium"", ""constant SOD concentration"", ""constant elementary rate coefficients"", ""single-pulse radical decay with no continuous source"", ""first-order H2O2 loss when enabled""]",True,illustrative single-pulse molar concentration,M except time_s and rate fields,"Fixed pH, rapid equilibrium, constant SOD and rates, single pulse; not continuously driven cellular ROS.",1d8208b504af787754e184f77640f85675b5b634,01e64b526ae9ed2d5f192ae14068302e806c1e8b44576f4b4eb4b5f83a8e8039,configs/doxorubicin_parameters.json,b14b641f69afb70af9ff7557a062c2ce00e0b0cb74381ba69fcfaad4f17f04af,configs/parameter_provenance.csv,86c4261fcb9616a643db79340fe0b7398ba10a5c46464e67e8b697bcfc3a4ec9
spontaneous_only,Spontaneous only,0.07500000000000001,1e-05,7.232022589469409e-06,2.1774600817853406e-08,7.2102479886515556e-06,1.383988705265296e-06,0.0,1e-05,0.0,7.4,4.88,760000.0,85000000.0,,0.0,,analytic Riccati radical-pool solution plus integrating-factor adaptive quadrature for H2O2,241,"[""fixed pH"", ""rapid HO2/O2-minus acid-base equilibrium"", ""constant SOD concentration"", ""constant elementary rate coefficients"", ""single-pulse radical decay with no continuous source"", ""first-order H2O2 loss when enabled""]",True,illustrative single-pulse molar concentration,M except time_s and rate fields,"Fixed pH, rapid equilibrium, constant SOD and rates, single pulse; not continuously driven cellular ROS.",1d8208b504af787754e184f77640f85675b5b634,01e64b526ae9ed2d5f192ae14068302e806c1e8b44576f4b4eb4b5f83a8e8039,configs/doxorubicin_parameters.json,b14b641f69afb70af9ff7557a062c2ce00e0b0cb74381ba69fcfaad4f17f04af,configs/parameter_provenance.csv,86c4261fcb9616a643db79340fe0b7398ba10a5c46464e67e8b697bcfc3a4ec9
spontaneous_only,Spontaneous only,0.07541666666666667,1e-05,7.220918512066807e-06,2.1741168005676593e-08,7.199177344061131e-06,1.3895407439665968e-06,0.0,1e-05,0.0,7.4,4.88,760000.0,85000000.0,,0.0,,analytic Riccati radical-pool solution plus integrating-factor adaptive quadrature for H2O2,241,"[""fixed pH"", ""rapid HO2/O2-minus acid-base equilibrium"", ""constant SOD concentration"", ""constant elementary rate coefficients"", ""single-pulse radical decay with no continuous source"", ""first-order H2O2 loss when enabled""]",True,illustrative single-pulse molar concentration,M except time_s and rate fields,"Fixed pH, rapid equilibrium, constant SOD and rates, single pulse; not continuously driven cellular ROS.",1d8208b504af787754e184f77640f85675b5b634,01e64b526ae9ed2d5f192ae14068302e806c1e8b44576f4b4eb4b5f83a8e8039,configs/doxorubicin_parameters.json,b14b641f69afb70af9ff7557a062c2ce00e0b0cb74381ba69fcfaad4f17f04af,configs/parameter_provenance.csv,86c4261fcb9616a643db79340fe0b7398ba10a5c46464e67e8b697bcfc3a4ec9
spontaneous_only,Spontaneous only,0.07583333333333334,1e-05,7.209848480882263e-06,2.1707837701864264e-08,7.1881406431803985e-06,1.3950757595588688e-06,0.0,1e-05,0.0,7.4,4.88,760000.0,85000000.0,,0.0,,analytic Riccati radical-pool solution plus integrating-factor adaptive quadrature for H2O2,241,"[""fixed pH"", ""rapid HO2/O2-minus acid-base equilibrium"", ""constant SOD concentration"", ""constant elementary rate coefficients"", ""single-pulse radical decay with no continuous source"", ""first-order H2O2 loss when enabled""]",True,illustrative single-pulse molar concentration,M except time_s and rate fields,"Fixed pH, rapid equilibrium, constant SOD and rates, single pulse; not continuously driven cellular ROS.",1d8208b504af787754e184f77640f85675b5b634,01e64b526ae9ed2d5f192ae14068302e806c1e8b44576f4b4eb4b5f83a8e8039,configs/doxorubicin_parameters.json,b14b641f69afb70af9ff7557a062c2ce00e0b0cb74381ba69fcfaad4f17f04af,configs/parameter_provenance.csv,86c4261fcb9616a643db79340fe0b7398ba10a5c46464e67e8b697bcfc3a4ec9
spontaneous_only,Spontaneous only,0.07625,1e-05,7.198812339571769e-06,2.1674609435686648e-08,7.177137730136082e-06,1.400593830214116e-06,0.0,1e-05,0.0,7.4,4.88,760000.0,85000000.0,,0.0,,analytic Riccati radical-pool solution plus integrating-factor adaptive quadrature for H2O2,241,"[""fixed pH"", ""rapid HO2/O2-minus acid-base equilibrium"", ""constant SOD concentration"", ""constant elementary rate coefficients"", ""single-pulse radical decay with no continuous source"", ""first-order H2O2 loss when enabled""]",True,illustrative single-pulse molar concentration,M except time_s and rate fields,"Fixed pH, rapid equilibrium, constant SOD and rates, single pulse; not continuously driven cellular ROS.",1d8208b504af787754e184f77640f85675b5b634,01e64b526ae9ed2d5f192ae14068302e806c1e8b44576f4b4eb4b5f83a8e8039,configs/doxorubicin_parameters.json,b14b641f69afb70af9ff7557a062c2ce00e0b0cb74381ba69fcfaad4f17f04af,configs/parameter_provenance.csv,86c4261fcb9616a643db79340fe0b7398ba10a5c46464e67e8b697bcfc3a4ec9
spontaneous_only,Spontaneous only,0.07666666666666667,1e-05,7.187809932747117e-06,2.1641482739291746e-08,7.1661684500078255e-06,1.406095033626442e-06,0.0,1e-05,0.0,7.4,4.88,760000.0,85000000.0,,0.0,,analytic Riccati radical-pool solution plus integrating-factor adaptive quadrature for H2O2,241,"[""fixed pH"", ""rapid HO2/O2-minus acid-base equilibrium"", ""constant SOD concentration"", ""constant elementary rate coefficients"", ""single-pulse radical decay with no continuous source"", ""first-order H2O2 loss when enabled""]",True,illustrative single-pulse molar concentration,M except time_s and rate fields,"Fixed pH, rapid equilibrium, constant SOD and rates, single pulse; not continuously driven cellular ROS.",1d8208b504af787754e184f77640f85675b5b634,01e64b526ae9ed2d5f192ae14068302e806c1e8b44576f4b4eb4b5f83a8e8039,configs/doxorubicin_parameters.json,b14b641f69afb70af9ff7557a062c2ce00e0b0cb74381ba69fcfaad4f17f04af,configs/parameter_provenance.csv,86c4261fcb9616a643db79340fe0b7398ba10a5c46464e67e8b697bcfc3a4ec9
spontaneous_only,Spontaneous only,0.07708333333333334,1e-05,7.176841105968607e-06,2.1608457147683388e-08,7.1552326488209235e-06,1.411579447015697e-06,0.0,1e-05,0.0,7.4,4.88,760000.0,85000000.0,,0.0,,analytic Riccati radical-pool solution plus integrating-factor adaptive quadrature for H2O2,241,"[""fixed pH"", ""rapid HO2/O2-minus acid-base equilibrium"", ""constant SOD concentration"", ""constant elementary rate coefficients"", ""single-pulse radical decay with no continuous source"", ""first-order H2O2 loss when enabled""]",True,illustrative single-pulse molar concentration,M except time_s and rate fields,"Fixed pH, rapid equilibrium, constant SOD and rates, single pulse; not continuously driven cellular ROS.",1d8208b504af787754e184f77640f85675b5b634,01e64b526ae9ed2d5f192ae14068302e806c1e8b44576f4b4eb4b5f83a8e8039,configs/doxorubicin_parameters.json,b14b641f69afb70af9ff7557a062c2ce00e0b0cb74381ba69fcfaad4f17f04af,configs/parameter_provenance.csv,86c4261fcb9616a643db79340fe0b7398ba10a5c46464e67e8b697bcfc3a4ec9
spontaneous_only,Spontaneous only,0.0775,1e-05,7.165905705737827e-06,2.1575532198699487e-08,7.144330173539128e-06,1.417047147131087e-06,0.0,1e-05,0.0,7.4,4.88,760000.0,85000000.0,,0.0,,analytic Riccati radical-pool solution plus integrating-factor adaptive quadrature for H2O2,241,"[""fixed pH"", ""rapid HO2/O2-minus acid-base equilibrium"", ""constant SOD concentration"", ""constant elementary rate coefficients"", ""single-pulse radical decay with no continuous source"", ""first-order H2O2 loss when enabled""]",True,illustrative single-pulse molar concentration,M except time_s and rate fields,"Fixed pH, rapid equilibrium, constant SOD and rates, single pulse; not continuously driven cellular ROS.",1d8208b504af787754e184f77640f85675b5b634,01e64b526ae9ed2d5f192ae14068302e806c1e8b44576f4b4eb4b5f83a8e8039,configs/doxorubicin_parameters.json,b14b641f69afb70af9ff7557a062c2ce00e0b0cb74381ba69fcfaad4f17f04af,configs/parameter_provenance.csv,86c4261fcb9616a643db79340fe0b7398ba10a5c46464e67e8b697bcfc3a4ec9
spontaneous_only,Spontaneous only,0.07791666666666668,1e-05,7.155003579490482e-06,2.1542707432990453e-08,7.1334608720574914e-06,1.4224982102547596e-06,0.0,1e-05,0.0,7.4,4.88,760000.0,85000000.0,,0.0,,analytic Riccati radical-pool solution plus integrating-factor adaptive quadrature for H2O2,241,"[""fixed pH"", ""rapid HO2/O2-minus acid-base equilibrium"", ""constant SOD concentration"", ""constant elementary rate coefficients"", ""single-pulse radical decay with no continuous source"", ""first-order H2O2 loss when enabled""]",True,illustrative single-pulse molar concentration,M except time_s and rate fields,"Fixed pH, rapid equilibrium, constant SOD and rates, single pulse; not continuously driven cellular ROS.",1d8208b504af787754e184f77640f85675b5b634,01e64b526ae9ed2d5f192ae14068302e806c1e8b44576f4b4eb4b5f83a8e8039,configs/doxorubicin_parameters.json,b14b641f69afb70af9ff7557a062c2ce00e0b0cb74381ba69fcfaad4f17f04af,configs/parameter_provenance.csv,86c4261fcb9616a643db79340fe0b7398ba10a5c46464e67e8b697bcfc3a4ec9
spontaneous_only,Spontaneous only,0.07833333333333334,1e-05,7.144134575589311e-06,2.150998239399786e-08,7.122624593195313e-06,1.427932712205345e-06,0.0,1e-05,0.0,7.4,4.88,760000.0,85000000.0,,0.0,,analytic Riccati radical-pool solution plus integrating-factor adaptive quadrature for H2O2,241,"[""fixed pH"", ""rapid HO2/O2-minus acid-base equilibrium"", ""constant SOD concentration"", ""constant elementary rate coefficients"", ""single-pulse radical decay with no continuous source"", ""first-order H2O2 loss when enabled""]",True,illustrative single-pulse molar concentration,M except time_s and rate fields,"Fixed pH, rapid equilibrium, constant SOD and rates, single pulse; not continuously driven cellular ROS.",1d8208b504af787754e184f77640f85675b5b634,01e64b526ae9ed2d5f192ae14068302e806c1e8b44576f4b4eb4b5f83a8e8039,configs/doxorubicin_parameters.json,b14b641f69afb70af9ff7557a062c2ce00e0b0cb74381ba69fcfaad4f17f04af,configs/parameter_provenance.csv,86c4261fcb9616a643db79340fe0b7398ba10a5c46464e67e8b697bcfc3a4ec9
spontaneous_only,Spontaneous only,0.07875,1e-05,7.133298543317046e-06,2.147735662793326e-08,7.111821186689113e-06,1.4333507283414772e-06,0.0,1e-05,0.0,7.4,4.88,760000.0,85000000.0,,0.0,,analytic Riccati radical-pool solution plus integrating-factor adaptive quadrature for H2O2,241,"[""fixed pH"", ""rapid HO2/O2-minus acid-base equilibrium"", ""constant SOD concentration"", ""constant elementary rate coefficients"", ""single-pulse radical decay with no continuous source"", ""first-order H2O2 loss when enabled""]",True,illustrative single-pulse molar concentration,M except time_s and rate fields,"Fixed pH, rapid equilibrium, constant SOD and rates, single pulse; not continuously driven cellular ROS.",1d8208b504af787754e184f77640f85675b5b634,01e64b526ae9ed2d5f192ae14068302e806c1e8b44576f4b4eb4b5f83a8e8039,configs/doxorubicin_parameters.json,b14b641f69afb70af9ff7557a062c2ce00e0b0cb74381ba69fcfaad4f17f04af,configs/parameter_provenance.csv,86c4261fcb9616a643db79340fe0b7398ba10a5c46464e67e8b697bcfc3a4ec9
spontaneous_only,Spontaneous only,0.07916666666666668,1e-05,7.122495332869451e-06,2.1444829683757202e-08,7.1010505031856935e-06,1.438752333565275e-06,0.0,1e-05,0.0,7.4,4.88,760000.0,85000000.0,,0.0,,analytic Riccati radical-pool solution plus integrating-factor adaptive quadrature for H2O2,241,"[""fixed pH"", ""rapid HO2/O2-minus acid-base equilibrium"", ""constant SOD concentration"", ""constant elementary rate coefficients"", ""single-pulse radical decay with no continuous source"", ""first-order H2O2 loss when enabled""]",True,illustrative single-pulse molar concentration,M except time_s and rate fields,"Fixed pH, rapid equilibrium, constant SOD and rates, single pulse; not continuously driven cellular ROS.",1d8208b504af787754e184f77640f85675b5b634,01e64b526ae9ed2d5f192ae14068302e806c1e8b44576f4b4eb4b5f83a8e8039,configs/doxorubicin_parameters.json,b14b641f69afb70af9ff7557a062c2ce00e0b0cb74381ba69fcfaad4f17f04af,configs/parameter_provenance.csv,86c4261fcb9616a643db79340fe0b7398ba10a5c46464e67e8b697bcfc3a4ec9
spontaneous_only,Spontaneous only,0.07958333333333334,1e-05,7.111724795348418e-06,2.1412401113158475e-08,7.0903123942352596e-06,1.4441376023257914e-06,0.0,1e-05,0.0,7.4,4.88,760000.0,85000000.0,,0.0,,analytic Riccati radical-pool solution plus integrating-factor adaptive quadrature for H2O2,241,"[""fixed pH"", ""rapid HO2/O2-minus acid-base equilibrium"", ""constant SOD concentration"", ""constant elementary rate coefficients"", ""single-pulse radical decay with no continuous source"", ""first-order H2O2 loss when enabled""]",True,illustrative single-pulse molar concentration,M except time_s and rate fields,"Fixed pH, rapid equilibrium, constant SOD and rates, single pulse; not continuously driven cellular ROS.",1d8208b504af787754e184f77640f85675b5b634,01e64b526ae9ed2d5f192ae14068302e806c1e8b44576f4b4eb4b5f83a8e8039,configs/doxorubicin_parameters.json,b14b641f69afb70af9ff7557a062c2ce00e0b0cb74381ba69fcfaad4f17f04af,configs/parameter_provenance.csv,86c4261fcb9616a643db79340fe0b7398ba10a5c46464e67e8b697bcfc3a4ec9
spontaneous_only,Spontaneous only,0.08,1e-05,7.100986782755126e-06,2.1380070470533482e-08,7.079606712284592e-06,1.4495066086224376e-06,0.0,1e-05,0.0,7.4,4.88,760000.0,85000000.0,,0.0,,analytic Riccati radical-pool solution plus integrating-factor adaptive quadrature for H2O2,241,"[""fixed pH"", ""rapid HO2/O2-minus acid-base equilibrium"", ""constant SOD concentration"", ""constant elementary rate coefficients"", ""single-pulse radical decay with no continuous source"", ""first-order H2O2 loss when enabled""]",True,illustrative single-pulse molar concentration,M except time_s and rate fields,"Fixed pH, rapid equilibrium, constant SOD and rates, single pulse; not continuously driven cellular ROS.",1d8208b504af787754e184f77640f85675b5b634,01e64b526ae9ed2d5f192ae14068302e806c1e8b44576f4b4eb4b5f83a8e8039,configs/doxorubicin_parameters.json,b14b641f69afb70af9ff7557a062c2ce00e0b0cb74381ba69fcfaad4f17f04af,configs/parameter_provenance.csv,86c4261fcb9616a643db79340fe0b7398ba10a5c46464e67e8b697bcfc3a4ec9
spontaneous_only,Spontaneous only,0.08041666666666668,1e-05,7.090281147983257e-06,2.134783731296583e-08,7.068933310670291e-06,1.4548594260083719e-06,0.0,1e-05,0.0,7.4,4.88,760000.0,85000000.0,,0.0,,analytic Riccati radical-pool solution plus integrating-factor adaptive quadrature for H2O2,241,"[""fixed pH"", ""rapid HO2/O2-minus acid-base equilibrium"", ""constant SOD concentration"", ""constant elementary rate coefficients"", ""single-pulse radical decay with no continuous source"", ""first-order H2O2 loss when enabled""]",True,illustrative single-pulse molar concentration,M except time_s and rate fields,"Fixed pH, rapid equilibrium, constant SOD and rates, single pulse; not continuously driven cellular ROS.",1d8208b504af787754e184f77640f85675b5b634,01e64b526ae9ed2d5f192ae14068302e806c1e8b44576f4b4eb4b5f83a8e8039,configs/doxorubicin_parameters.json,b14b641f69afb70af9ff7557a062c2ce00e0b0cb74381ba69fcfaad4f17f04af,configs/parameter_provenance.csv,86c4261fcb9616a643db79340fe0b7398ba10a5c46464e67e8b697bcfc3a4ec9
spontaneous_only,Spontaneous only,0.08083333333333334,1e-05,7.079607744812292e-06,2.1315701200206148e-08,7.058292043612085e-06,1.4601961275938544e-06,0.0,1e-05,0.0,7.4,4.88,760000.0,85000000.0,,0.0,,analytic Riccati radical-pool solution plus integrating-factor adaptive quadrature for H2O2,241,"[""fixed pH"", ""rapid HO2/O2-minus acid-base equilibrium"", ""constant SOD concentration"", ""constant elementary rate coefficients"", ""single-pulse radical decay with no continuous source"", ""first-order H2O2 loss when enabled""]",True,illustrative single-pulse molar concentration,M except time_s and rate fields,"Fixed pH, rapid equilibrium, constant SOD and rates, single pulse; not continuously driven cellular ROS.",1d8208b504af787754e184f77640f85675b5b634,01e64b526ae9ed2d5f192ae14068302e806c1e8b44576f4b4eb4b5f83a8e8039,configs/doxorubicin_parameters.json,b14b641f69afb70af9ff7557a062c2ce00e0b0cb74381ba69fcfaad4f17f04af,configs/parameter_provenance.csv,86c4261fcb9616a643db79340fe0b7398ba10a5c46464e67e8b697bcfc3a4ec9
spontaneous_only,Spontaneous only,0.08125,1e-05,7.068966427900836e-06,2.1283661694651973e-08,7.047682766206185e-06,1.4655167860495822e-06,0.0,1e-05,0.0,7.4,4.88,760000.0,85000000.0,,0.0,,analytic Riccati radical-pool solution plus integrating-factor adaptive quadrature for H2O2,241,"[""fixed pH"", ""rapid HO2/O2-minus acid-base equilibrium"", ""constant SOD concentration"", ""constant elementary rate coefficients"", ""single-pulse radical decay with no continuous source"", ""first-order H2O2 loss when enabled""]",True,illustrative single-pulse molar concentration,M except time_s and rate fields,"Fixed pH, rapid equilibrium, constant SOD and rates, single pulse; not continuously driven cellular ROS.",1d8208b504af787754e184f77640f85675b5b634,01e64b526ae9ed2d5f192ae14068302e806c1e8b44576f4b4eb4b5f83a8e8039,configs/doxorubicin_parameters.json,b14b641f69afb70af9ff7557a062c2ce00e0b0cb74381ba69fcfaad4f17f04af,configs/parameter_provenance.csv,86c4261fcb9616a643db79340fe0b7398ba10a5c46464e67e8b697bcfc3a4ec9
spontaneous_only,Spontaneous only,0.08166666666666667,1e-05,7.0583570527800366e-06,2.125171836132795e-08,7.037105334418709e-06,1.4708214736099821e-06,0.0,1e-05,0.0,7.4,4.88,760000.0,85000000.0,,0.0,,analytic Riccati radical-pool solution plus integrating-factor adaptive quadrature for H2O2,241,"[""fixed pH"", ""rapid HO2/O2-minus acid-base equilibrium"", ""constant SOD concentration"", ""constant elementary rate coefficients"", ""single-pulse radical decay with no continuous source"", ""first-order H2O2 loss when enabled""]",True,illustrative single-pulse molar concentration,M except time_s and rate fields,"Fixed pH, rapid equilibrium, constant SOD and rates, single pulse; not continuously driven cellular ROS.",1d8208b504af787754e184f77640f85675b5b634,01e64b526ae9ed2d5f192ae14068302e806c1e8b44576f4b4eb4b5f83a8e8039,configs/doxorubicin_parameters.json,b14b641f69afb70af9ff7557a062c2ce00e0b0cb74381ba69fcfaad4f17f04af,configs/parameter_provenance.csv,86c4261fcb9616a643db79340fe0b7398ba10a5c46464e67e8b697bcfc3a4ec9
spontaneous_only,Spontaneous only,0.08208333333333334,1e-05,7.047779475847032e-06,2.1219870767866104e-08,7.026559605079166e-06,1.4761102620764844e-06,0.0,1e-05,0.0,7.4,4.88,760000.0,85000000.0,,0.0,,analytic Riccati radical-pool solution plus integrating-factor adaptive quadrature for H2O2,241,"[""fixed pH"", ""rapid HO2/O2-minus acid-base equilibrium"", ""constant SOD concentration"", ""constant elementary rate coefficients"", ""single-pulse radical decay with no continuous source"", ""first-order H2O2 loss when enabled""]",True,illustrative single-pulse molar concentration,M except time_s and rate fields,"Fixed pH, rapid equilibrium, constant SOD and rates, single pulse; not continuously driven cellular ROS.",1d8208b504af787754e184f77640f85675b5b634,01e64b526ae9ed2d5f192ae14068302e806c1e8b44576f4b4eb4b5f83a8e8039,configs/doxorubicin_parameters.json,b14b641f69afb70af9ff7557a062c2ce00e0b0cb74381ba69fcfaad4f17f04af,configs/parameter_provenance.csv,86c4261fcb9616a643db79340fe0b7398ba10a5c46464e67e8b697bcfc3a4ec9
spontaneous_only,Spontaneous only,0.0825,1e-05,7.037233554358486e-06,2.1188118484486364e-08,7.016045435874e-06,1.4813832228207574e-06,0.0,1e-05,0.0,7.4,4.88,760000.0,85000000.0,,0.0,,analytic Riccati radical-pool solution plus integrating-factor adaptive quadrature for H2O2,241,"[""fixed pH"", ""rapid HO2/O2-minus acid-base equilibrium"", ""constant SOD concentration"", ""constant elementary rate coefficients"", ""single-pulse radical decay with no continuous source"", ""first-order H2O2 loss when enabled""]",True,illustrative single-pulse molar concentration,M except time_s and rate fields,"Fixed pH, rapid equilibrium, constant SOD and rates, single pulse; not continuously driven cellular ROS.",1d8208b504af787754e184f77640f85675b5b634,01e64b526ae9ed2d5f192ae14068302e806c1e8b44576f4b4eb4b5f83a8e8039,configs/doxorubicin_parameters.json,b14b641f69afb70af9ff7557a062c2ce00e0b0cb74381ba69fcfaad4f17f04af,configs/parameter_provenance.csv,86c4261fcb9616a643db79340fe0b7398ba10a5c46464e67e8b697bcfc3a4ec9
spontaneous_only,Spontaneous only,0.08291666666666667,1e-05,7.026719146424157e-06,2.1156461083977208e-08,7.005562685340179e-06,1.486640426787922e-06,0.0,1e-05,0.0,7.4,4.88,760000.0,85000000.0,,0.0,,analytic Riccati radical-pool solution plus integrating-factor adaptive quadrature for H2O2,241,"[""fixed pH"", ""rapid HO2/O2-minus acid-base equilibrium"", ""constant SOD concentration"", ""constant elementary rate coefficients"", ""single-pulse radical decay with no continuous source"", ""first-order H2O2 loss when enabled""]",True,illustrative single-pulse molar concentration,M except time_s and rate fields,"Fixed pH, rapid equilibrium, constant SOD and rates, single pulse; not continuously driven cellular ROS.",1d8208b504af787754e184f77640f85675b5b634,01e64b526ae9ed2d5f192ae14068302e806c1e8b44576f4b4eb4b5f83a8e8039,configs/doxorubicin_parameters.json,b14b641f69afb70af9ff7557a062c2ce00e0b0cb74381ba69fcfaad4f17f04af,configs/parameter_provenance.csv,86c4261fcb9616a643db79340fe0b7398ba10a5c46464e67e8b697bcfc3a4ec9
spontaneous_only,Spontaneous only,0.08333333333333334,1e-05,7.016236111000536e-06,2.1124898141676514e-08,6.99511121285886e-06,1.4918819444997323e-06,0.0,1e-05,0.0,7.4,4.88,760000.0,85000000.0,,0.0,,analytic Riccati radical-pool solution plus integrating-factor adaptive quadrature for H2O2,241,"[""fixed pH"", ""rapid HO2/O2-minus acid-base equilibrium"", ""constant SOD concentration"", ""constant elementary rate coefficients"", ""single-pulse radical decay with no continuous source"", ""first-order H2O2 loss when enabled""]",True,illustrative single-pulse molar concentration,M except time_s and rate fields,"Fixed pH, rapid equilibrium, constant SOD and rates, single pulse; not continuously driven cellular ROS.",1d8208b504af787754e184f77640f85675b5b634,01e64b526ae9ed2d5f192ae14068302e806c1e8b44576f4b4eb4b5f83a8e8039,configs/doxorubicin_parameters.json,b14b641f69afb70af9ff7557a062c2ce00e0b0cb74381ba69fcfaad4f17f04af,configs/parameter_provenance.csv,86c4261fcb9616a643db79340fe0b7398ba10a5c46464e67e8b697bcfc3a4ec9
spontaneous_only,Spontaneous only,0.08375,1e-05,7.005784307884543e-06,2.1093429235452554e-08,6.98469087864909e-06,1.497107846057729e-06,0.0,1e-05,0.0,7.4,4.88,760000.0,85000000.0,,0.0,,analytic Riccati radical-pool solution plus integrating-factor adaptive quadrature for H2O2,241,"[""fixed pH"", ""rapid HO2/O2-minus acid-base equilibrium"", ""constant SOD concentration"", ""constant elementary rate coefficients"", ""single-pulse radical decay with no continuous source"", ""first-order H2O2 loss when enabled""]",True,illustrative single-pulse molar concentration,M except time_s and rate fields,"Fixed pH, rapid equilibrium, constant SOD and rates, single pulse; not continuously driven cellular ROS.",1d8208b504af787754e184f77640f85675b5b634,01e64b526ae9ed2d5f192ae14068302e806c1e8b44576f4b4eb4b5f83a8e8039,configs/doxorubicin_parameters.json,b14b641f69afb70af9ff7557a062c2ce00e0b0cb74381ba69fcfaad4f17f04af,configs/parameter_provenance.csv,86c4261fcb9616a643db79340fe0b7398ba10a5c46464e67e8b697bcfc3a4ec9
spontaneous_only,Spontaneous only,0.08416666666666667,1e-05,6.995363597707276e-06,2.1062053945685218e-08,6.974301543761591e-06,1.5023182011463625e-06,0.0,1e-05,0.0,7.4,4.88,760000.0,85000000.0,,0.0,,analytic Riccati radical-pool solution plus integrating-factor adaptive quadrature for H2O2,241,"[""fixed pH"", ""rapid HO2/O2-minus acid-base equilibrium"", ""constant SOD concentration"", ""constant elementary rate coefficients"", ""single-pulse radical decay with no continuous source"", ""first-order H2O2 loss when enabled""]",True,illustrative single-pulse molar concentration,M except time_s and rate fields,"Fixed pH, rapid equilibrium, constant SOD and rates, single pulse; not continuously driven cellular ROS.",1d8208b504af787754e184f77640f85675b5b634,01e64b526ae9ed2d5f192ae14068302e806c1e8b44576f4b4eb4b5f83a8e8039,configs/doxorubicin_parameters.json,b14b641f69afb70af9ff7557a062c2ce00e0b0cb74381ba69fcfaad4f17f04af,configs/parameter_provenance.csv,86c4261fcb9616a643db79340fe0b7398ba10a5c46464e67e8b697bcfc3a4ec9
spontaneous_only,Spontaneous only,0.08458333333333334,1e-05,6.9849738419278114e-06,2.1030771855247305e-08,6.963943070072564e-06,1.5075130790360947e-06,0.0,1e-05,0.0,7.4,4.88,760000.0,85000000.0,,0.0,,analytic Riccati radical-pool solution plus integrating-factor adaptive quadrature for H2O2,241,"[""fixed pH"", ""rapid HO2/O2-minus acid-base equilibrium"", ""constant SOD concentration"", ""constant elementary rate coefficients"", ""single-pulse radical decay with no continuous source"", ""first-order H2O2 loss when enabled""]",True,illustrative single-pulse molar concentration,M except time_s and rate fields,"Fixed pH, rapid equilibrium, constant SOD and rates, single pulse; not continuously driven cellular ROS.",1d8208b504af787754e184f77640f85675b5b634,01e64b526ae9ed2d5f192ae14068302e806c1e8b44576f4b4eb4b5f83a8e8039,configs/doxorubicin_parameters.json,b14b641f69afb70af9ff7557a062c2ce00e0b0cb74381ba69fcfaad4f17f04af,configs/parameter_provenance.csv,86c4261fcb9616a643db79340fe0b7398ba10a5c46464e67e8b697bcfc3a4ec9
spontaneous_only,Spontaneous only,0.085,1e-05,6.974614902827069e-06,2.099958254948607e-08,6.953615320277583e-06,1.5126925485864657e-06,0.0,1e-05,0.0,7.4,4.88,760000.0,85000000.0,,0.0,,analytic Riccati radical-pool solution plus integrating-factor adaptive quadrature for H2O2,241,"[""fixed pH"", ""rapid HO2/O2-minus acid-base equilibrium"", ""constant SOD concentration"", ""constant elementary rate coefficients"", ""single-pulse radical decay with no continuous source"", ""first-order H2O2 loss when enabled""]",True,illustrative single-pulse molar concentration,M except time_s and rate fields,"Fixed pH, rapid equilibrium, constant SOD and rates, single pulse; not continuously driven cellular ROS.",1d8208b504af787754e184f77640f85675b5b634,01e64b526ae9ed2d5f192ae14068302e806c1e8b44576f4b4eb4b5f83a8e8039,configs/doxorubicin_parameters.json,b14b641f69afb70af9ff7557a062c2ce00e0b0cb74381ba69fcfaad4f17f04af,configs/parameter_provenance.csv,86c4261fcb9616a643db79340fe0b7398ba10a5c46464e67e8b697bcfc3a4ec9
spontaneous_only,Spontaneous only,0.08541666666666667,1e-05,6.964286643501732e-06,2.096848561620492e-08,6.943318157885527e-06,1.5178566782491345e-06,0.0,1e-05,0.0,7.4,4.88,760000.0,85000000.0,,0.0,,analytic Riccati radical-pool solution plus integrating-factor adaptive quadrature for H2O2,241,"[""fixed pH"", ""rapid HO2/O2-minus acid-base equilibrium"", ""constant SOD concentration"", ""constant elementary rate coefficients"", ""single-pulse radical decay with no continuous source"", ""first-order H2O2 loss when enabled""]",True,illustrative single-pulse molar concentration,M except time_s and rate fields,"Fixed pH, rapid equilibrium, constant SOD and rates, single pulse; not continuously driven cellular ROS.",1d8208b504af787754e184f77640f85675b5b634,01e64b526ae9ed2d5f192ae14068302e806c1e8b44576f4b4eb4b5f83a8e8039,configs/doxorubicin_parameters.json,b14b641f69afb70af9ff7557a062c2ce00e0b0cb74381ba69fcfaad4f17f04af,configs/parameter_provenance.csv,86c4261fcb9616a643db79340fe0b7398ba10a5c46464e67e8b697bcfc3a4ec9
spontaneous_only,Spontaneous only,0.08583333333333334,1e-05,6.9539889278582e-06,2.0937480645645208e-08,6.933051447212555e-06,1.5230055360709003e-06,0.0,1e-05,0.0,7.4,4.88,760000.0,85000000.0,,0.0,,analytic Riccati radical-pool solution plus integrating-factor adaptive quadrature for H2O2,241,"[""fixed pH"", ""rapid HO2/O2-minus acid-base equilibrium"", ""constant SOD concentration"", ""constant elementary rate coefficients"", ""single-pulse radical decay with no continuous source"", ""first-order H2O2 loss when enabled""]",True,illustrative single-pulse molar concentration,M except time_s and rate fields,"Fixed pH, rapid equilibrium, constant SOD and rates, single pulse; not continuously driven cellular ROS.",1d8208b504af787754e184f77640f85675b5b634,01e64b526ae9ed2d5f192ae14068302e806c1e8b44576f4b4eb4b5f83a8e8039,configs/doxorubicin_parameters.json,b14b641f69afb70af9ff7557a062c2ce00e0b0cb74381ba69fcfaad4f17f04af,configs/parameter_provenance.csv,86c4261fcb9616a643db79340fe0b7398ba10a5c46464e67e8b697bcfc3a4ec9
spontaneous_only,Spontaneous only,0.08625000000000001,1e-05,6.943721620606627e-06,2.0906567230468272e-08,6.922815053376159e-06,1.5281391896966867e-06,0.0,1e-05,0.0,7.4,4.88,760000.0,85000000.0,,0.0,,analytic Riccati radical-pool solution plus integrating-factor adaptive quadrature for H2O2,241,"[""fixed pH"", ""rapid HO2/O2-minus acid-base equilibrium"", ""constant SOD concentration"", ""constant elementary rate coefficients"", ""single-pulse radical decay with no continuous source"", ""first-order H2O2 loss when enabled""]",True,illustrative single-pulse molar concentration,M except time_s and rate fields,"Fixed pH, rapid equilibrium, constant SOD and rates, single pulse; not continuously driven cellular ROS.",1d8208b504af787754e184f77640f85675b5b634,01e64b526ae9ed2d5f192ae14068302e806c1e8b44576f4b4eb4b5f83a8e8039,configs/doxorubicin_parameters.json,b14b641f69afb70af9ff7557a062c2ce00e0b0cb74381ba69fcfaad4f17f04af,configs/parameter_provenance.csv,86c4261fcb9616a643db79340fe0b7398ba10a5c46464e67e8b697bcfc3a4ec9
spontaneous_only,Spontaneous only,0.08666666666666667,1e-05,6.933484587254992e-06,2.087574496573759e-08,6.912608842289254e-06,1.5332577063725042e-06,0.0,1e-05,0.0,7.4,4.88,760000.0,85000000.0,,0.0,,analytic Riccati radical-pool solution plus integrating-factor adaptive quadrature for H2O2,241,"[""fixed pH"", ""rapid HO2/O2-minus acid-base equilibrium"", ""constant SOD concentration"", ""constant elementary rate coefficients"", ""single-pulse radical decay with no continuous source"", ""first-order H2O2 loss when enabled""]",True,illustrative single-pulse molar concentration,M except time_s and rate fields,"Fixed pH, rapid equilibrium, constant SOD and rates, single pulse; not continuously driven cellular ROS.",1d8208b504af787754e184f77640f85675b5b634,01e64b526ae9ed2d5f192ae14068302e806c1e8b44576f4b4eb4b5f83a8e8039,configs/doxorubicin_parameters.json,b14b641f69afb70af9ff7557a062c2ce00e0b0cb74381ba69fcfaad4f17f04af,configs/parameter_provenance.csv,86c4261fcb9616a643db79340fe0b7398ba10a5c46464e67e8b697bcfc3a4ec9
spontaneous_only,Spontaneous only,0.08708333333333333,1e-05,6.923277694103224e-06,2.0845013448901088e-08,6.902432680654323e-06,1.5383611529483886e-06,0.0,1e-05,0.0,7.4,4.88,760000.0,85000000.0,,0.0,,analytic Riccati radical-pool solution plus integrating-factor adaptive quadrature for H2O2,241,"[""fixed pH"", ""rapid HO2/O2-minus acid-base equilibrium"", ""constant SOD concentration"", ""constant elementary rate coefficients"", ""single-pulse radical decay with no continuous source"", ""first-order H2O2 loss when enabled""]",True,illustrative single-pulse molar concentration,M except time_s and rate fields,"Fixed pH, rapid equilibrium, constant SOD and rates, single pulse; not continuously driven cellular ROS.",1d8208b504af787754e184f77640f85675b5b634,01e64b526ae9ed2d5f192ae14068302e806c1e8b44576f4b4eb4b5f83a8e8039,configs/doxorubicin_parameters.json,b14b641f69afb70af9ff7557a062c2ce00e0b0cb74381ba69fcfaad4f17f04af,configs/parameter_provenance.csv,86c4261fcb9616a643db79340fe0b7398ba10a5c46464e67e8b697bcfc3a4ec9
spontaneous_only,Spontaneous only,0.08750000000000001,1e-05,6.913100808237377e-06,2.0814372279773612e-08,6.892286435957603e-06,1.5434495958813119e-06,0.0,1e-05,0.0,7.4,4.88,760000.0,85000000.0,,0.0,,analytic Riccati radical-pool solution plus integrating-factor adaptive quadrature for H2O2,241,"[""fixed pH"", ""rapid HO2/O2-minus acid-base equilibrium"", ""constant SOD concentration"", ""constant elementary rate coefficients"", ""single-pulse radical decay with no continuous source"", ""first-order H2O2 loss when enabled""]",True,illustrative single-pulse molar concentration,M except time_s and rate fields,"Fixed pH, rapid equilibrium, constant SOD and rates, single pulse; not continuously driven cellular ROS.",1d8208b504af787754e184f77640f85675b5b634,01e64b526ae9ed2d5f192ae14068302e806c1e8b44576f4b4eb4b5f83a8e8039,configs/doxorubicin_parameters.json,b14b641f69afb70af9ff7557a062c2ce00e0b0cb74381ba69fcfaad4f17f04af,configs/parameter_provenance.csv,86c4261fcb9616a643db79340fe0b7398ba10a5c46464e67e8b697bcfc3a4ec9
spontaneous_only,Spontaneous only,0.08791666666666667,1e-05,6.902953797523877e-06,2.0783821060519586e-08,6.882169976463357e-06,1.548523101238062e-06,0.0,1e-05,0.0,7.4,4.88,760000.0,85000000.0,,0.0,,analytic Riccati radical-pool solution plus integrating-factor adaptive quadrature for H2O2,241,"[""fixed pH"", ""rapid HO2/O2-minus acid-base equilibrium"", ""constant SOD concentration"", ""constant elementary rate coefficients"", ""single-pulse radical decay with no continuous source"", ""first-order H2O2 loss when enabled""]",True,illustrative single-pulse molar concentration,M except time_s and rate fields,"Fixed pH, rapid equilibrium, constant SOD and rates, single pulse; not continuously driven cellular ROS.",1d8208b504af787754e184f77640f85675b5b634,01e64b526ae9ed2d5f192ae14068302e806c1e8b44576f4b4eb4b5f83a8e8039,configs/doxorubicin_parameters.json,b14b641f69afb70af9ff7557a062c2ce00e0b0cb74381ba69fcfaad4f17f04af,configs/parameter_provenance.csv,86c4261fcb9616a643db79340fe0b7398ba10a5c46464e67e8b697bcfc3a4ec9
spontaneous_only,Spontaneous only,0.08833333333333333,1e-05,6.892836530603785e-06,2.0753359395635758e-08,6.872083171208149e-06,1.5535817346981079e-06,0.0,1e-05,0.0,7.4,4.88,760000.0,85000000.0,,0.0,,analytic Riccati radical-pool solution plus integrating-factor adaptive quadrature for H2O2,241,"[""fixed pH"", ""rapid HO2/O2-minus acid-base equilibrium"", ""constant SOD concentration"", ""constant elementary rate coefficients"", ""single-pulse radical decay with no continuous source"", ""first-order H2O2 loss when enabled""]",True,illustrative single-pulse molar concentration,M except time_s and rate fields,"Fixed pH, rapid equilibrium, constant SOD and rates, single pulse; not continuously driven cellular ROS.",1d8208b504af787754e184f77640f85675b5b634,01e64b526ae9ed2d5f192ae14068302e806c1e8b44576f4b4eb4b5f83a8e8039,configs/doxorubicin_parameters.json,b14b641f69afb70af9ff7557a062c2ce00e0b0cb74381ba69fcfaad4f17f04af,configs/parameter_provenance.csv,86c4261fcb9616a643db79340fe0b7398ba10a5c46464e67e8b697bcfc3a4ec9
spontaneous_only,Spontaneous only,0.08875000000000001,1e-05,6.8827488768871374e-06,2.0722986891934156e-08,6.8620258899952035e-06,1.5586255615564317e-06,0.0,1e-05,0.0,7.4,4.88,760000.0,85000000.0,,0.0,,analytic Riccati radical-pool solution plus integrating-factor adaptive quadrature for H2O2,241,"[""fixed pH"", ""rapid HO2/O2-minus acid-base equilibrium"", ""constant SOD concentration"", ""constant elementary rate coefficients"", ""single-pulse radical decay with no continuous source"", ""first-order H2O2 loss when enabled""]",True,illustrative single-pulse molar concentration,M except time_s and rate fields,"Fixed pH, rapid equilibrium, constant SOD and rates, single pulse; not continuously driven cellular ROS.",1d8208b504af787754e184f77640f85675b5b634,01e64b526ae9ed2d5f192ae14068302e806c1e8b44576f4b4eb4b5f83a8e8039,configs/doxorubicin_parameters.json,b14b641f69afb70af9ff7557a062c2ce00e0b0cb74381ba69fcfaad4f17f04af,configs/parameter_provenance.csv,86c4261fcb9616a643db79340fe0b7398ba10a5c46464e67e8b697bcfc3a4ec9
spontaneous_only,Spontaneous only,0.08916666666666667,1e-05,6.872690706547329e-06,2.0692703158525164e-08,6.851998003388804e-06,1.5636546467263358e-06,0.0,1e-05,0.0,7.4,4.88,760000.0,85000000.0,,0.0,,analytic Riccati radical-pool solution plus integrating-factor adaptive quadrature for H2O2,241,"[""fixed pH"", ""rapid HO2/O2-minus acid-base equilibrium"", ""constant SOD concentration"", ""constant elementary rate coefficients"", ""single-pulse radical decay with no continuous source"", ""first-order H2O2 loss when enabled""]",True,illustrative single-pulse molar concentration,M except time_s and rate fields,"Fixed pH, rapid equilibrium, constant SOD and rates, single pulse; not continuously driven cellular ROS.",1d8208b504af787754e184f77640f85675b5b634,01e64b526ae9ed2d5f192ae14068302e806c1e8b44576f4b4eb4b5f83a8e8039,configs/doxorubicin_parameters.json,b14b641f69afb70af9ff7557a062c2ce00e0b0cb74381ba69fcfaad4f17f04af,configs/parameter_provenance.csv,86c4261fcb9616a643db79340fe0b7398ba10a5c46464e67e8b697bcfc3a4ec9
spontaneous_only,Spontaneous only,0.08958333333333333,1e-05,6.862661890515538e-06,2.066250780680075e-08,6.8419993827087374e-06,1.5686690547422313e-06,0.0,1e-05,0.0,7.4,4.88,760000.0,85000000.0,,0.0,,analytic Riccati radical-pool solution plus integrating-factor adaptive quadrature for H2O2,241,"[""fixed pH"", ""rapid HO2/O2-minus acid-base equilibrium"", ""constant SOD concentration"", ""constant elementary rate coefficients"", ""single-pulse radical decay with no continuous source"", ""first-order H2O2 loss when enabled""]",True,illustrative single-pulse molar concentration,M except time_s and rate fields,"Fixed pH, rapid equilibrium, constant SOD and rates, single pulse; not continuously driven cellular ROS.",1d8208b504af787754e184f77640f85675b5b634,01e64b526ae9ed2d5f192ae14068302e806c1e8b44576f4b4eb4b5f83a8e8039,configs/doxorubicin_parameters.json,b14b641f69afb70af9ff7557a062c2ce00e0b0cb74381ba69fcfaad4f17f04af,configs/parameter_provenance.csv,86c4261fcb9616a643db79340fe0b7398ba10a5c46464e67e8b697bcfc3a4ec9
spontaneous_only,Spontaneous only,0.09000000000000001,1e-05,6.852662300475208e-06,2.0632400450417847e-08,6.83202990002479e-06,1.5736688497623964e-06,0.0,1e-05,0.0,7.4,4.88,760000.0,85000000.0,,0.0,,analytic Riccati radical-pool solution plus integrating-factor adaptive quadrature for H2O2,241,"[""fixed pH"", ""rapid HO2/O2-minus acid-base equilibrium"", ""constant SOD concentration"", ""constant elementary rate coefficients"", ""single-pulse radical decay with no continuous source"", ""first-order H2O2 loss when enabled""]",True,illustrative single-pulse molar concentration,M except time_s and rate fields,"Fixed pH, rapid equilibrium, constant SOD and rates, single pulse; not continuously driven cellular ROS.",1d8208b504af787754e184f77640f85675b5b634,01e64b526ae9ed2d5f192ae14068302e806c1e8b44576f4b4eb4b5f83a8e8039,configs/doxorubicin_parameters.json,b14b641f69afb70af9ff7557a062c2ce00e0b0cb74381ba69fcfaad4f17f04af,configs/parameter_provenance.csv,86c4261fcb9616a643db79340fe0b7398ba10a5c46464e67e8b697bcfc3a4ec9
spontaneous_only,Spontaneous only,0.09041666666666667,1e-05,6.842691808856577e-06,2.0602380705281878e-08,6.822089428151295e-06,1.578654095571712e-06,0.0,1e-05,0.0,7.4,4.88,760000.0,85000000.0,,0.0,,analytic Riccati radical-pool solution plus integrating-factor adaptive quadrature for H2O2,241,"[""fixed pH"", ""rapid HO2/O2-minus acid-base equilibrium"", ""constant SOD concentration"", ""constant elementary rate coefficients"", ""single-pulse radical decay with no continuous source"", ""first-order H2O2 loss when enabled""]",True,illustrative single-pulse molar concentration,M except time_s and rate fields,"Fixed pH, rapid equilibrium, constant SOD and rates, single pulse; not continuously driven cellular ROS.",1d8208b504af787754e184f77640f85675b5b634,01e64b526ae9ed2d5f192ae14068302e806c1e8b44576f4b4eb4b5f83a8e8039,configs/doxorubicin_parameters.json,b14b641f69afb70af9ff7557a062c2ce00e0b0cb74381ba69fcfaad4f17f04af,configs/parameter_provenance.csv,86c4261fcb9616a643db79340fe0b7398ba10a5c46464e67e8b697bcfc3a4ec9
spontaneous_only,Spontaneous only,0.09083333333333334,1e-05,6.832750288831249e-06,2.0572448189530416e-08,6.812177840641718e-06,1.583624855584376e-06,0.0,1e-05,0.0,7.4,4.88,760000.0,85000000.0,,0.0,,analytic Riccati radical-pool solution plus integrating-factor adaptive quadrature for H2O2,241,"[""fixed pH"", ""rapid HO2/O2-minus acid-base equilibrium"", ""constant SOD concentration"", ""constant elementary rate coefficients"", ""single-pulse radical decay with no continuous source"", ""first-order H2O2 loss when enabled""]",True,illustrative single-pulse molar concentration,M except time_s and rate fields,"Fixed pH, rapid equilibrium, constant SOD and rates, single pulse; not continuously driven cellular ROS.",1d8208b504af787754e184f77640f85675b5b634,01e64b526ae9ed2d5f192ae14068302e806c1e8b44576f4b4eb4b5f83a8e8039,configs/doxorubicin_parameters.json,b14b641f69afb70af9ff7557a062c2ce00e0b0cb74381ba69fcfaad4f17f04af,configs/parameter_provenance.csv,86c4261fcb9616a643db79340fe0b7398ba10a5c46464e67e8b697bcfc3a4ec9
spontaneous_only,Spontaneous only,0.09125000000000001,1e-05,6.822837614306814e-06,2.0542602523516988e-08,6.802295011783297e-06,1.5885811928465932e-06,0.0,1e-05,0.0,7.4,4.88,760000.0,85000000.0,,0.0,,analytic Riccati radical-pool solution plus integrating-factor adaptive quadrature for H2O2,241,"[""fixed pH"", ""rapid HO2/O2-minus acid-base equilibrium"", ""constant SOD concentration"", ""constant elementary rate coefficients"", ""single-pulse radical decay with no continuous source"", ""first-order H2O2 loss when enabled""]",True,illustrative single-pulse molar concentration,M except time_s and rate fields,"Fixed pH, rapid equilibrium, constant SOD and rates, single pulse; not continuously driven cellular ROS.",1d8208b504af787754e184f77640f85675b5b634,01e64b526ae9ed2d5f192ae14068302e806c1e8b44576f4b4eb4b5f83a8e8039,configs/doxorubicin_parameters.json,b14b641f69afb70af9ff7557a062c2ce00e0b0cb74381ba69fcfaad4f17f04af,configs/parameter_provenance.csv,86c4261fcb9616a643db79340fe0b7398ba10a5c46464e67e8b697bcfc3a4ec9
spontaneous_only,Spontaneous only,0.09166666666666667,1e-05,6.81295365992153e-06,2.051284332979505e-08,6.792440816591735e-06,1.5935231700392355e-06,0.0,1e-05,0.0,7.4,4.88,760000.0,85000000.0,,0.0,,analytic Riccati radical-pool solution plus integrating-factor adaptive quadrature for H2O2,241,"[""fixed pH"", ""rapid HO2/O2-minus acid-base equilibrium"", ""constant SOD concentration"", ""constant elementary rate coefficients"", ""single-pulse radical decay with no continuous source"", ""first-order H2O2 loss when enabled""]",True,illustrative single-pulse molar concentration,M except time_s and rate fields,"Fixed pH, rapid equilibrium, constant SOD and rates, single pulse; not continuously driven cellular ROS.",1d8208b504af787754e184f77640f85675b5b634,01e64b526ae9ed2d5f192ae14068302e806c1e8b44576f4b4eb4b5f83a8e8039,configs/doxorubicin_parameters.json,b14b641f69afb70af9ff7557a062c2ce00e0b0cb74381ba69fcfaad4f17f04af,configs/parameter_provenance.csv,86c4261fcb9616a643db79340fe0b7398ba10a5c46464e67e8b697bcfc3a4ec9
spontaneous_only,Spontaneous only,0.09208333333333334,1e-05,6.803098301039021e-06,2.0483170233102048e-08,6.7826151308059185e-06,1.59845084948049e-06,0.0,1e-05,0.0,7.4,4.88,760000.0,85000000.0,,0.0,,analytic Riccati radical-pool solution plus integrating-factor adaptive quadrature for H2O2,241,"[""fixed pH"", ""rapid HO2/O2-minus acid-base equilibrium"", ""constant SOD concentration"", ""constant elementary rate coefficients"", ""single-pulse radical decay with no continuous source"", ""first-order H2O2 loss when enabled""]",True,illustrative single-pulse molar concentration,M except time_s and rate fields,"Fixed pH, rapid equilibrium, constant SOD and rates, single pulse; not continuously driven cellular ROS.",1d8208b504af787754e184f77640f85675b5b634,01e64b526ae9ed2d5f192ae14068302e806c1e8b44576f4b4eb4b5f83a8e8039,configs/doxorubicin_parameters.json,b14b641f69afb70af9ff7557a062c2ce00e0b0cb74381ba69fcfaad4f17f04af,configs/parameter_provenance.csv,86c4261fcb9616a643db79340fe0b7398ba10a5c46464e67e8b697bcfc3a4ec9
spontaneous_only,Spontaneous only,0.09250000000000001,1e-05,6.793271413743049e-06,2.0453582860343645e-08,6.772817830882705e-06,1.603364293128476e-06,0.0,1e-05,0.0,7.4,4.88,760000.0,85000000.0,,0.0,,analytic Riccati radical-pool solution plus integrating-factor adaptive quadrature for H2O2,241,"[""fixed pH"", ""rapid HO2/O2-minus acid-base equilibrium"", ""constant SOD concentration"", ""constant elementary rate coefficients"", ""single-pulse radical decay with no continuous source"", ""first-order H2O2 loss when enabled""]",True,illustrative single-pulse molar concentration,M except time_s and rate fields,"Fixed pH, rapid equilibrium, constant SOD and rates, single pulse; not continuously driven cellular ROS.",1d8208b504af787754e184f77640f85675b5b634,01e64b526ae9ed2d5f192ae14068302e806c1e8b44576f4b4eb4b5f83a8e8039,configs/doxorubicin_parameters.json,b14b641f69afb70af9ff7557a062c2ce00e0b0cb74381ba69fcfaad4f17f04af,configs/parameter_provenance.csv,86c4261fcb9616a643db79340fe0b7398ba10a5c46464e67e8b697bcfc3a4ec9
spontaneous_only,Spontaneous only,0.09291666666666668,1e-05,6.7834728748323174e-06,2.04240808405781e-08,6.763048793991739e-06,1.6082635625838417e-06,0.0,1e-05,0.0,7.4,4.88,760000.0,85000000.0,,0.0,,analytic Riccati radical-pool solution plus integrating-factor adaptive quadrature for H2O2,241,"[""fixed pH"", ""rapid HO2/O2-minus acid-base equilibrium"", ""constant SOD concentration"", ""constant elementary rate coefficients"", ""single-pulse radical decay with no continuous source"", ""first-order H2O2 loss when enabled""]",True,illustrative single-pulse molar concentration,M except time_s and rate fields,"Fixed pH, rapid equilibrium, constant SOD and rates, single pulse; not continuously driven cellular ROS.",1d8208b504af787754e184f77640f85675b5b634,01e64b526ae9ed2d5f192ae14068302e806c1e8b44576f4b4eb4b5f83a8e8039,configs/doxorubicin_parameters.json,b14b641f69afb70af9ff7557a062c2ce00e0b0cb74381ba69fcfaad4f17f04af,configs/parameter_provenance.csv,86c4261fcb9616a643db79340fe0b7398ba10a5c46464e67e8b697bcfc3a4ec9
spontaneous_only,Spontaneous only,0.09333333333333334,1e-05,6.773702561815324e-06,2.0394663805000764e-08,6.753307898010323e-06,1.6131487190923385e-06,0.0,1e-05,0.0,7.4,4.88,760000.0,85000000.0,,0.0,,analytic Riccati radical-pool solution plus integrating-factor adaptive quadrature for H2O2,241,"[""fixed pH"", ""rapid HO2/O2-minus acid-base equilibrium"", ""constant SOD concentration"", ""constant elementary rate coefficients"", ""single-pulse radical decay with no continuous source"", ""first-order H2O2 loss when enabled""]",True,illustrative single-pulse molar concentration,M except time_s and rate fields,"Fixed pH, rapid equilibrium, constant SOD and rates, single pulse; not continuously driven cellular ROS.",1d8208b504af787754e184f77640f85675b5b634,01e64b526ae9ed2d5f192ae14068302e806c1e8b44576f4b4eb4b5f83a8e8039,configs/doxorubicin_parameters.json,b14b641f69afb70af9ff7557a062c2ce00e0b0cb74381ba69fcfaad4f17f04af,configs/parameter_provenance.csv,86c4261fcb9616a643db79340fe0b7398ba10a5c46464e67e8b697bcfc3a4ec9
spontaneous_only,Spontaneous only,0.09375,1e-05,6.763960352905251e-06,2.0365331386928697e-08,6.743595021518323e-06,1.6180198235473747e-06,0.0,1e-05,0.0,7.4,4.88,760000.0,85000000.0,,0.0,,analytic Riccati radical-pool solution plus integrating-factor adaptive quadrature for H2O2,241,"[""fixed pH"", ""rapid HO2/O2-minus acid-base equilibrium"", ""constant SOD concentration"", ""constant elementary rate coefficients"", ""single-pulse radical decay with no continuous source"", ""first-order H2O2 loss when enabled""]",True,illustrative single-pulse molar concentration,M except time_s and rate fields,"Fixed pH, rapid equilibrium, constant SOD and rates, single pulse; not continuously driven cellular ROS.",1d8208b504af787754e184f77640f85675b5b634,01e64b526ae9ed2d5f192ae14068302e806c1e8b44576f4b4eb4b5f83a8e8039,configs/doxorubicin_parameters.json,b14b641f69afb70af9ff7557a062c2ce00e0b0cb74381ba69fcfaad4f17f04af,configs/parameter_provenance.csv,86c4261fcb9616a643db79340fe0b7398ba10a5c46464e67e8b697bcfc3a4ec9
spontaneous_only,Spontaneous only,0.09416666666666668,1e-05,6.754246127014915e-06,2.0336083221785444e-08,6.73391004379313e-06,1.6228769364925428e-06,0.0,1e-05,0.0,7.4,4.88,760000.0,85000000.0,,0.0,,analytic Riccati radical-pool solution plus integrating-factor adaptive quadrature for H2O2,241,"[""fixed pH"", ""rapid HO2/O2-minus acid-base equilibrium"", ""constant SOD concentration"", ""constant elementary rate coefficients"", ""single-pulse radical decay with no continuous source"", ""first-order H2O2 loss when enabled""]",True,illustrative single-pulse molar concentration,M except time_s and rate fields,"Fixed pH, rapid equilibrium, constant SOD and rates, single pulse; not continuously driven cellular ROS.",1d8208b504af787754e184f77640f85675b5b634,01e64b526ae9ed2d5f192ae14068302e806c1e8b44576f4b4eb4b5f83a8e8039,configs/doxorubicin_parameters.json,b14b641f69afb70af9ff7557a062c2ce00e0b0cb74381ba69fcfaad4f17f04af,configs/parameter_provenance.csv,86c4261fcb9616a643db79340fe0b7398ba10a5c46464e67e8b697bcfc3a4ec9
spontaneous_only,Spontaneous only,0.09458333333333334,1e-05,6.7445597637517405e-06,2.0306918947085936e-08,6.724252844804655e-06,1.6277201181241302e-06,0.0,1e-05,0.0,7.4,4.88,760000.0,85000000.0,,0.0,,analytic Riccati radical-pool solution plus integrating-factor adaptive quadrature for H2O2,241,"[""fixed pH"", ""rapid HO2/O2-minus acid-base equilibrium"", ""constant SOD concentration"", ""constant elementary rate coefficients"", ""single-pulse radical decay with no continuous source"", ""first-order H2O2 loss when enabled""]",True,illustrative single-pulse molar concentration,M except time_s and rate fields,"Fixed pH, rapid equilibrium, constant SOD and rates, single pulse; not continuously driven cellular ROS.",1d8208b504af787754e184f77640f85675b5b634,01e64b526ae9ed2d5f192ae14068302e806c1e8b44576f4b4eb4b5f83a8e8039,configs/doxorubicin_parameters.json,b14b641f69afb70af9ff7557a062c2ce00e0b0cb74381ba69fcfaad4f17f04af,configs/parameter_provenance.csv,86c4261fcb9616a643db79340fe0b7398ba10a5c46464e67e8b697bcfc3a4ec9
spontaneous_only,Spontaneous only,0.095,1e-05,6.734901143412788e-06,2.0277838202421485e-08,6.714623305210367e-06,1.6325494282936064e-06,0.0,1e-05,0.0,7.4,4.88,760000.0,85000000.0,,0.0,,analytic Riccati radical-pool solution plus integrating-factor adaptive quadrature for H2O2,241,"[""fixed pH"", ""rapid HO2/O2-minus acid-base equilibrium"", ""constant SOD concentration"", ""constant elementary rate coefficients"", ""single-pulse radical decay with no continuous source"", ""first-order H2O2 loss when enabled""]",True,illustrative single-pulse molar concentration,M except time_s and rate fields,"Fixed pH, rapid equilibrium, constant SOD and rates, single pulse; not continuously driven cellular ROS.",1d8208b504af787754e184f77640f85675b5b634,01e64b526ae9ed2d5f192ae14068302e806c1e8b44576f4b4eb4b5f83a8e8039,configs/doxorubicin_parameters.json,b14b641f69afb70af9ff7557a062c2ce00e0b0cb74381ba69fcfaad4f17f04af,configs/parameter_provenance.csv,86c4261fcb9616a643db79340fe0b7398ba10a5c46464e67e8b697bcfc3a4ec9
spontaneous_only,Spontaneous only,0.09541666666666668,1e-05,6.72527014697983e-06,2.0248840629444983e-08,6.705021306350385e-06,1.6373649265100856e-06,0.0,1e-05,0.0,7.4,4.88,760000.0,85000000.0,,0.0,,analytic Riccati radical-pool solution plus integrating-factor adaptive quadrature for H2O2,241,"[""fixed pH"", ""rapid HO2/O2-minus acid-base equilibrium"", ""constant SOD concentration"", ""constant elementary rate coefficients"", ""single-pulse radical decay with no continuous source"", ""first-order H2O2 loss when enabled""]",True,illustrative single-pulse molar concentration,M except time_s and rate fields,"Fixed pH, rapid equilibrium, constant SOD and rates, single pulse; not continuously driven cellular ROS.",1d8208b504af787754e184f77640f85675b5b634,01e64b526ae9ed2d5f192ae14068302e806c1e8b44576f4b4eb4b5f83a8e8039,configs/doxorubicin_parameters.json,b14b641f69afb70af9ff7557a062c2ce00e0b0cb74381ba69fcfaad4f17f04af,configs/parameter_provenance.csv,86c4261fcb9616a643db79340fe0b7398ba10a5c46464e67e8b697bcfc3a4ec9
spontaneous_only,Spontaneous only,0.09583333333333334,1e-05,6.7156666561144546e-06,2.0219925871856155e-08,6.695446730242598e-06,1.6421666719427731e-06,0.0,1e-05,0.0,7.4,4.88,760000.0,85000000.0,,0.0,,analytic Riccati radical-pool solution plus integrating-factor adaptive quadrature for H2O2,241,"[""fixed pH"", ""rapid HO2/O2-minus acid-base equilibrium"", ""constant SOD concentration"", ""constant elementary rate coefficients"", ""single-pulse radical decay with no continuous source"", ""first-order H2O2 loss when enabled""]",True,illustrative single-pulse molar concentration,M except time_s and rate fields,"Fixed pH, rapid equilibrium, constant SOD and rates, single pulse; not continuously driven cellular ROS.",1d8208b504af787754e184f77640f85675b5b634,01e64b526ae9ed2d5f192ae14068302e806c1e8b44576f4b4eb4b5f83a8e8039,configs/doxorubicin_parameters.json,b14b641f69afb70af9ff7557a062c2ce00e0b0cb74381ba69fcfaad4f17f04af,configs/parameter_provenance.csv,86c4261fcb9616a643db79340fe0b7398ba10a5c46464e67e8b697bcfc3a4ec9
spontaneous_only,Spontaneous only,0.09625,1e-05,6.7060905531532215e-06,2.0191093575386958e-08,6.6858994595778345e-06,1.6469547234233897e-06,0.0,1e-05,0.0,7.4,4.88,760000.0,85000000.0,,0.0,,analytic Riccati radical-pool solution plus integrating-factor adaptive quadrature for H2O2,241,"[""fixed pH"", ""rapid HO2/O2-minus acid-base equilibrium"", ""constant SOD concentration"", ""constant elementary rate coefficients"", ""single-pulse radical decay with no continuous source"", ""first-order H2O2 loss when enabled""]",True,illustrative single-pulse molar concentration,M except time_s and rate fields,"Fixed pH, rapid equilibrium, constant SOD and rates, single pulse; not continuously driven cellular ROS.",1d8208b504af787754e184f77640f85675b5b634,01e64b526ae9ed2d5f192ae14068302e806c1e8b44576f4b4eb4b5f83a8e8039,configs/doxorubicin_parameters.json,b14b641f69afb70af9ff7557a062c2ce00e0b0cb74381ba69fcfaad4f17f04af,configs/parameter_provenance.csv,86c4261fcb9616a643db79340fe0b7398ba10a5c46464e67e8b697bcfc3a4ec9
spontaneous_only,Spontaneous only,0.09666666666666668,1e-05,6.6965417211028554e-06,2.016234338778713e-08,6.676379377715068e-06,1.6517291394485727e-06,0.0,1e-05,0.0,7.4,4.88,760000.0,85000000.0,,0.0,,analytic Riccati radical-pool solution plus integrating-factor adaptive quadrature for H2O2,241,"[""fixed pH"", ""rapid HO2/O2-minus acid-base equilibrium"", ""constant SOD concentration"", ""constant elementary rate coefficients"", ""single-pulse radical decay with no continuous source"", ""first-order H2O2 loss when enabled""]",True,illustrative single-pulse molar concentration,M except time_s and rate fields,"Fixed pH, rapid equilibrium, constant SOD and rates, single pulse; not continuously driven cellular ROS.",1d8208b504af787754e184f77640f85675b5b634,01e64b526ae9ed2d5f192ae14068302e806c1e8b44576f4b4eb4b5f83a8e8039,configs/doxorubicin_parameters.json,b14b641f69afb70af9ff7557a062c2ce00e0b0cb74381ba69fcfaad4f17f04af,configs/parameter_provenance.csv,86c4261fcb9616a643db79340fe0b7398ba10a5c46464e67e8b697bcfc3a4ec9
spontaneous_only,Spontaneous only,0.09708333333333334,1e-05,6.687020043635485e-06,2.0133674958809842e-08,6.666886368676675e-06,1.6564899781822578e-06,0.0,1e-05,0.0,7.4,4.88,760000.0,85000000.0,,0.0,,analytic Riccati radical-pool solution plus integrating-factor adaptive quadrature for H2O2,241,"[""fixed pH"", ""rapid HO2/O2-minus acid-base equilibrium"", ""constant SOD concentration"", ""constant elementary rate coefficients"", ""single-pulse radical decay with no continuous source"", ""first-order H2O2 loss when enabled""]",True,illustrative single-pulse molar concentration,M except time_s and rate fields,"Fixed pH, rapid equilibrium, constant SOD and rates, single pulse; not continuously driven cellular ROS.",1d8208b504af787754e184f77640f85675b5b634,01e64b526ae9ed2d5f192ae14068302e806c1e8b44576f4b4eb4b5f83a8e8039,configs/doxorubicin_parameters.json,b14b641f69afb70af9ff7557a062c2ce00e0b0cb74381ba69fcfaad4f17f04af,configs/parameter_provenance.csv,86c4261fcb9616a643db79340fe0b7398ba10a5c46464e67e8b697bcfc3a4ec9
spontaneous_only,Spontaneous only,0.0975,1e-05,6.677525405083915e-06,2.0105087940197474e-08,6.657420317143718e-06,1.6612372974580428e-06,0.0,1e-05,0.0,7.4,4.88,760000.0,85000000.0,,0.0,,analytic Riccati radical-pool solution plus integrating-factor adaptive quadrature for H2O2,241,"[""fixed pH"", ""rapid HO2/O2-minus acid-base equilibrium"", ""constant SOD concentration"", ""constant elementary rate coefficients"", ""single-pulse radical decay with no continuous source"", ""first-order H2O2 loss when enabled""]",True,illustrative single-pulse molar concentration,M except time_s and rate fields,"Fixed pH, rapid equilibrium, constant SOD and rates, single pulse; not continuously driven cellular ROS.",1d8208b504af787754e184f77640f85675b5b634,01e64b526ae9ed2d5f192ae14068302e806c1e8b44576f4b4eb4b5f83a8e8039,configs/doxorubicin_parameters.json,b14b641f69afb70af9ff7557a062c2ce00e0b0cb74381ba69fcfaad4f17f04af,configs/parameter_provenance.csv,86c4261fcb9616a643db79340fe0b7398ba10a5c46464e67e8b697bcfc3a4ec9
spontaneous_only,Spontaneous only,0.09791666666666668,1e-05,6.668057690436945e-06,2.0076581985667505e-08,6.647981108451277e-06,1.665971154781528e-06,0.0,1e-05,0.0,7.4,4.88,760000.0,85000000.0,,0.0,,analytic Riccati radical-pool solution plus integrating-factor adaptive quadrature for H2O2,241,"[""fixed pH"", ""rapid HO2/O2-minus acid-base equilibrium"", ""constant SOD concentration"", ""constant elementary rate coefficients"", ""single-pulse radical decay with no continuous source"", ""first-order H2O2 loss when enabled""]",True,illustrative single-pulse molar concentration,M except time_s and rate fields,"Fixed pH, rapid equilibrium, constant SOD and rates, single pulse; not continuously driven cellular ROS.",1d8208b504af787754e184f77640f85675b5b634,01e64b526ae9ed2d5f192ae14068302e806c1e8b44576f4b4eb4b5f83a8e8039,configs/doxorubicin_parameters.json,b14b641f69afb70af9ff7557a062c2ce00e0b0cb74381ba69fcfaad4f17f04af,configs/parameter_provenance.csv,86c4261fcb9616a643db79340fe0b7398ba10a5c46464e67e8b697bcfc3a4ec9
spontaneous_only,Spontaneous only,0.09833333333333334,1e-05,6.6586167853347215e-06,2.0048156750898535e-08,6.638568628583823e-06,1.6706916073326397e-06,0.0,1e-05,0.0,7.4,4.88,760000.0,85000000.0,,0.0,,analytic Riccati radical-pool solution plus integrating-factor adaptive quadrature for H2O2,241,"[""fixed pH"", ""rapid HO2/O2-minus acid-base equilibrium"", ""constant SOD concentration"", ""constant elementary rate coefficients"", ""single-pulse radical decay with no continuous source"", ""first-order H2O2 loss when enabled""]",True,illustrative single-pulse molar concentration,M except time_s and rate fields,"Fixed pH, rapid equilibrium, constant SOD and rates, single pulse; not continuously driven cellular ROS.",1d8208b504af787754e184f77640f85675b5b634,01e64b526ae9ed2d5f192ae14068302e806c1e8b44576f4b4eb4b5f83a8e8039,configs/doxorubicin_parameters.json,b14b641f69afb70af9ff7557a062c2ce00e0b0cb74381ba69fcfaad4f17f04af,configs/parameter_provenance.csv,86c4261fcb9616a643db79340fe0b7398ba10a5c46464e67e8b697bcfc3a4ec9
spontaneous_only,Spontaneous only,0.09875,1e-05,6.649202576064141e-06,2.001981189351644e-08,6.629182764170625e-06,1.6753987119679297e-06,0.0,1e-05,0.0,7.4,4.88,760000.0,85000000.0,,0.0,,analytic Riccati radical-pool solution plus integrating-factor adaptive quadrature for H2O2,241,"[""fixed pH"", ""rapid HO2/O2-minus acid-base equilibrium"", ""constant SOD concentration"", ""constant elementary rate coefficients"", ""single-pulse radical decay with no continuous source"", ""first-order H2O2 loss when enabled""]",True,illustrative single-pulse molar concentration,M except time_s and rate fields,"Fixed pH, rapid equilibrium, constant SOD and rates, single pulse; not continuously driven cellular ROS.",1d8208b504af787754e184f77640f85675b5b634,01e64b526ae9ed2d5f192ae14068302e806c1e8b44576f4b4eb4b5f83a8e8039,configs/doxorubicin_parameters.json,b14b641f69afb70af9ff7557a062c2ce00e0b0cb74381ba69fcfaad4f17f04af,configs/parameter_provenance.csv,86c4261fcb9616a643db79340fe0b7398ba10a5c46464e67e8b697bcfc3a4ec9
spontaneous_only,Spontaneous only,0.09916666666666667,1e-05,6.6398149495542775e-06,1.9991547073080586e-08,6.6198234024811966e-06,1.6800925252228617e-06,0.0,1e-05,0.0,7.4,4.88,760000.0,85000000.0,,0.0,,analytic Riccati radical-pool solution plus integrating-factor adaptive quadrature for H2O2,241,"[""fixed pH"", ""rapid HO2/O2-minus acid-base equilibrium"", ""constant SOD concentration"", ""constant elementary rate coefficients"", ""single-pulse radical decay with no continuous source"", ""first-order H2O2 loss when enabled""]",True,illustrative single-pulse molar concentration,M except time_s and rate fields,"Fixed pH, rapid equilibrium, constant SOD and rates, single pulse; not continuously driven cellular ROS.",1d8208b504af787754e184f77640f85675b5b634,01e64b526ae9ed2d5f192ae14068302e806c1e8b44576f4b4eb4b5f83a8e8039,configs/doxorubicin_parameters.json,b14b641f69afb70af9ff7557a062c2ce00e0b0cb74381ba69fcfaad4f17f04af,configs/parameter_provenance.csv,86c4261fcb9616a643db79340fe0b7398ba10a5c46464e67e8b697bcfc3a4ec9
spontaneous_only,Spontaneous only,0.09958333333333334,1e-05,6.6304537933718575e-06,1.996336195107024e-08,6.6104904314207875e-06,1.6847731033140717e-06,0.0,1e-05,0.0,7.4,4.88,760000.0,85000000.0,,0.0,,analytic Riccati radical-pool solution plus integrating-factor adaptive quadrature for H2O2,241,"[""fixed pH"", ""rapid HO2/O2-minus acid-base equilibrium"", ""constant SOD concentration"", ""constant elementary rate coefficients"", ""single-pulse radical decay with no continuous source"", ""first-order H2O2 loss when enabled""]",True,illustrative single-pulse molar concentration,M except time_s and rate fields,"Fixed pH, rapid equilibrium, constant SOD and rates, single pulse; not continuously driven cellular ROS.",1d8208b504af787754e184f77640f85675b5b634,01e64b526ae9ed2d5f192ae14068302e806c1e8b44576f4b4eb4b5f83a8e8039,configs/doxorubicin_parameters.json,b14b641f69afb70af9ff7557a062c2ce00e0b0cb74381ba69fcfaad4f17f04af,configs/parameter_provenance.csv,86c4261fcb9616a643db79340fe0b7398ba10a5c46464e67e8b697bcfc3a4ec9
spontaneous_only,Spontaneous only,0.1,1e-05,6.621118995716774e-06,1.993525619087103e-08,6.601183739525903e-06,1.6894405021416134e-06,0.0,1e-05,0.0,7.4,4.88,760000.0,85000000.0,,0.0,,analytic Riccati radical-pool solution plus integrating-factor adaptive quadrature for H2O2,241,"[""fixed pH"", ""rapid HO2/O2-minus acid-base equilibrium"", ""constant SOD concentration"", ""constant elementary rate coefficients"", ""single-pulse radical decay with no continuous source"", ""first-order H2O2 loss when enabled""]",True,illustrative single-pulse molar concentration,M except time_s and rate fields,"Fixed pH, rapid equilibrium, constant SOD and rates, single pulse; not continuously driven cellular ROS.",1d8208b504af787754e184f77640f85675b5b634,01e64b526ae9ed2d5f192ae14068302e806c1e8b44576f4b4eb4b5f83a8e8039,configs/doxorubicin_parameters.json,b14b641f69afb70af9ff7557a062c2ce00e0b0cb74381ba69fcfaad4f17f04af,configs/parameter_provenance.csv,86c4261fcb9616a643db79340fe0b7398ba10a5c46464e67e8b697bcfc3a4ec9
sod_mediated,SOD-mediated,0.0,1e-05,1e-05,3.010859071369541e-08,9.969891409286304e-06,0.0,0.0,1e-05,0.0,7.4,4.88,760000.0,85000000.0,2370000000.0,1e-08,,analytic Riccati radical-pool solution plus integrating-factor adaptive quadrature for H2O2,241,"[""fixed pH"", ""rapid HO2/O2-minus acid-base equilibrium"", ""constant SOD concentration"", ""constant elementary rate coefficients"", ""single-pulse radical decay with no continuous source"", ""first-order H2O2 loss when enabled""]",True,illustrative single-pulse molar concentration,M except time_s and rate fields,"Fixed pH, rapid equilibrium, constant SOD and rates, single pulse; not continuously driven cellular ROS.",1d8208b504af787754e184f77640f85675b5b634,01e64b526ae9ed2d5f192ae14068302e806c1e8b44576f4b4eb4b5f83a8e8039,configs/doxorubicin_parameters.json,b14b641f69afb70af9ff7557a062c2ce00e0b0cb74381ba69fcfaad4f17f04af,configs/parameter_provenance.csv,86c4261fcb9616a643db79340fe0b7398ba10a5c46464e67e8b697bcfc3a4ec9
sod_mediated,SOD-mediated,0.0004166666666666667,1e-05,9.881122962055515e-06,2.9750668705622712e-08,9.851372293349892e-06,5.943851897224303e-08,0.0,1e-05,0.0,7.4,4.88,760000.0,85000000.0,2370000000.0,1e-08,,analytic Riccati radical-pool solution plus integrating-factor adaptive quadrature for H2O2,241,"[""fixed pH"", ""rapid HO2/O2-minus acid-base equilibrium"", ""constant SOD concentration"", ""constant elementary rate coefficients"", ""single-pulse radical decay with no continuous source"", ""first-order H2O2 loss when enabled""]",True,illustrative single-pulse molar concentration,M except time_s and rate fields,"Fixed pH, rapid equilibrium, constant SOD and rates, single pulse; not continuously driven cellular ROS.",1d8208b504af787754e184f77640f85675b5b634,01e64b526ae9ed2d5f192ae14068302e806c1e8b44576f4b4eb4b5f83a8e8039,configs/doxorubicin_parameters.json,b14b641f69afb70af9ff7557a062c2ce00e0b0cb74381ba69fcfaad4f17f04af,configs/parameter_provenance.csv,86c4261fcb9616a643db79340fe0b7398ba10a5c46464e67e8b697bcfc3a4ec9
sod_mediated,SOD-mediated,0.0008333333333333334,1e-05,9.763904173372876e-06,2.939773945238264e-08,9.734506433920494e-06,1.1804791331356231e-07,0.0,1e-05,0.0,7.4,4.88,760000.0,85000000.0,2370000000.0,1e-08,,analytic Riccati radical-pool solution plus integrating-factor adaptive quadrature for H2O2,241,"[""fixed pH"", ""rapid HO2/O2-minus acid-base equilibrium"", ""constant SOD concentration"", ""constant elementary rate coefficients"", ""single-pulse radical decay with no continuous source"", ""first-order H2O2 loss when enabled""]",True,illustrative single-pulse molar concentration,M except time_s and rate fields,"Fixed pH, rapid equilibrium, constant SOD and rates, single pulse; not continuously driven cellular ROS.",1d8208b504af787754e184f77640f85675b5b634,01e64b526ae9ed2d5f192ae14068302e806c1e8b44576f4b4eb4b5f83a8e8039,configs/doxorubicin_parameters.json,b14b641f69afb70af9ff7557a062c2ce00e0b0cb74381ba69fcfaad4f17f04af,configs/parameter_provenance.csv,86c4261fcb9616a643db79340fe0b7398ba10a5c46464e67e8b697bcfc3a4ec9
sod_mediated,SOD-mediated,0.00125,1e-05,9.648314740441913e-06,2.9049715959687992e-08,9.619265024482226e-06,1.7584262977904376e-07,0.0,1e-05,0.0,7.4,4.88,760000.0,85000000.0,2370000000.0,1e-08,,analytic Riccati radical-pool solution plus integrating-factor adaptive quadrature for H2O2,241,"[""fixed pH"", ""rapid HO2/O2-minus acid-base equilibrium"", ""constant SOD concentration"", ""constant elementary rate coefficients"", ""single-pulse radical decay with no continuous source"", ""first-order H2O2 loss when enabled""]",True,illustrative single-pulse molar concentration,M except time_s and rate fields,"Fixed pH, rapid equilibrium, constant SOD and rates, single pulse; not continuously driven cellular ROS.",1d8208b504af787754e184f77640f85675b5b634,01e64b526ae9ed2d5f192ae14068302e806c1e8b44576f4b4eb4b5f83a8e8039,configs/doxorubicin_parameters.json,b14b641f69afb70af9ff7557a062c2ce00e0b0cb74381ba69fcfaad4f17f04af,configs/parameter_provenance.csv,86c4261fcb9616a643db79340fe0b7398ba10a5c46464e67e8b697bcfc3a4ec9
sod_mediated,SOD-mediated,0.0016666666666666668,1e-05,9.534326411690136e-06,2.870651316603545e-08,9.5056198985241e-06,2.3283679415493247e-07,0.0,1e-05,0.0,7.4,4.88,760000.0,85000000.0,2370000000.0,1e-08,,analytic Riccati radical-pool solution plus integrating-factor adaptive quadrature for H2O2,241,"[""fixed pH"", ""rapid HO2/O2-minus acid-base equilibrium"", ""constant SOD concentration"", ""constant elementary rate coefficients"", ""single-pulse radical decay with no continuous source"", ""first-order H2O2 loss when enabled""]",True,illustrative single-pulse molar concentration,M except time_s and rate fields,"Fixed pH, rapid equilibrium, constant SOD and rates, single pulse; not continuously driven cellular ROS.",1d8208b504af787754e184f77640f85675b5b634,01e64b526ae9ed2d5f192ae14068302e806c1e8b44576f4b4eb4b5f83a8e8039,configs/doxorubicin_parameters.json,b14b641f69afb70af9ff7557a062c2ce00e0b0cb74381ba69fcfaad4f17f04af,configs/parameter_provenance.csv,86c4261fcb9616a643db79340fe0b7398ba10a5c46464e67e8b697bcfc3a4ec9
sod_mediated,SOD-mediated,0.0020833333333333333,1e-05,9.42191155975202e-06,2.836804788932091e-08,9.3935435118627e-06,2.890442201239904e-07,0.0,1e-05,0.0,7.4,4.88,760000.0,85000000.0,2370000000.0,1e-08,,analytic Riccati radical-pool solution plus integrating-factor adaptive quadrature for H2O2,241,"[""fixed pH"", ""rapid HO2/O2-minus acid-base equilibrium"", ""constant SOD concentration"", ""constant elementary rate coefficients"", ""single-pulse radical decay with no continuous source"", ""first-order H2O2 loss when enabled""]",True,illustrative single-pulse molar concentration,M except time_s and rate fields,"Fixed pH, rapid equilibrium, constant SOD and rates, single pulse; not continuously driven cellular ROS.",1d8208b504af787754e184f77640f85675b5b634,01e64b526ae9ed2d5f192ae14068302e806c1e8b44576f4b4eb4b5f83a8e8039,configs/doxorubicin_parameters.json,b14b641f69afb70af9ff7557a062c2ce00e0b0cb74381ba69fcfaad4f17f04af,configs/parameter_provenance.csv,86c4261fcb9616a643db79340fe0b7398ba10a5c46464e67e8b697bcfc3a4ec9
sod_mediated,SOD-mediated,0.0025,1e-05,9.311043164324177e-06,2.8034238775218802e-08,9.283008925548959e-06,3.444784178379119e-07,0.0,1e-05,0.0,7.4,4.88,760000.0,85000000.0,2370000000.0,1e-08,,analytic Riccati radical-pool solution plus integrating-factor adaptive quadrature for H2O2,241,"[""fixed pH"", ""rapid HO2/O2-minus acid-base equilibrium"", ""constant SOD concentration"", ""constant elementary rate coefficients"", ""single-pulse radical decay with no continuous source"", ""first-order H2O2 loss when enabled""]",True,illustrative single-pulse molar concentration,M except time_s and rate fields,"Fixed pH, rapid equilibrium, constant SOD and rates, single pulse; not continuously driven cellular ROS.",1d8208b504af787754e184f77640f85675b5b634,01e64b526ae9ed2d5f192ae14068302e806c1e8b44576f4b4eb4b5f83a8e8039,configs/doxorubicin_parameters.json,b14b641f69afb70af9ff7557a062c2ce00e0b0cb74381ba69fcfaad4f17f04af,configs/parameter_provenance.csv,86c4261fcb9616a643db79340fe0b7398ba10a5c46464e67e8b697bcfc3a4ec9
sod_mediated,SOD-mediated,0.002916666666666667,1e-05,9.201694795583972e-06,2.7705006247257895e-08,9.173989789336714e-06,3.991526022080145e-07,0.0,1e-05,0.0,7.4,4.88,760000.0,85000000.0,2370000000.0,1e-08,,analytic Riccati radical-pool solution plus integrating-factor adaptive quadrature for H2O2,241,"[""fixed pH"", ""rapid HO2/O2-minus acid-base equilibrium"", ""constant SOD concentration"", ""constant elementary rate coefficients"", ""single-pulse radical decay with no continuous source"", ""first-order H2O2 loss when enabled""]",True,illustrative single-pulse molar concentration,M except time_s and rate fields,"Fixed pH, rapid equilibrium, constant SOD and rates, single pulse; not continuously driven cellular ROS.",1d8208b504af787754e184f77640f85675b5b634,01e64b526ae9ed2d5f192ae14068302e806c1e8b44576f4b4eb4b5f83a8e8039,configs/doxorubicin_parameters.json,b14b641f69afb70af9ff7557a062c2ce00e0b0cb74381ba69fcfaad4f17f04af,configs/parameter_provenance.csv,86c4261fcb9616a643db79340fe0b7398ba10a5c46464e67e8b697bcfc3a4ec9
sod_mediated,SOD-mediated,0.0033333333333333335,1e-05,9.093840598150083e-06,2.738027245852879e-08,9.066460325691555e-06,4.530797009249587e-07,0.0,1e-05,0.0,7.4,4.88,760000.0,85000000.0,2370000000.0,1e-08,,analytic Riccati radical-pool solution plus integrating-factor adaptive quadrature for H2O2,241,"[""fixed pH"", ""rapid HO2/O2-minus acid-base equilibrium"", ""constant SOD concentration"", ""constant elementary rate coefficients"", ""single-pulse radical decay with no continuous source"", ""first-order H2O2 loss when enabled""]",True,illustrative single-pulse molar concentration,M except time_s and rate fields,"Fixed pH, rapid equilibrium, constant SOD and rates, single pulse; not continuously driven cellular ROS.",1d8208b504af787754e184f77640f85675b5b634,01e64b526ae9ed2d5f192ae14068302e806c1e8b44576f4b4eb4b5f83a8e8039,configs/doxorubicin_parameters.json,b14b641f69afb70af9ff7557a062c2ce00e0b0cb74381ba69fcfaad4f17f04af,configs/parameter_provenance.csv,86c4261fcb9616a643db79340fe0b7398ba10a5c46464e67e8b697bcfc3a4ec9
sod_mediated,SOD-mediated,0.0037500000000000003,1e-05,8.98745527556443e-06,2.7059961244961197e-08,8.960395314319467e-06,5.062723622177858e-07,0.0,1e-05,0.0,7.4,4.88,760000.0,85000000.0,2370000000.0,1e-08,,analytic Riccati radical-pool solution plus integrating-factor adaptive quadrature for H2O2,241,"[""fixed pH"", ""rapid HO2/O2-minus acid-base equilibrium"", ""constant SOD concentration"", ""constant elementary rate coefficients"", ""single-pulse radical decay with no continuous source"", ""first-order H2O2 loss when enabled""]",True,illustrative single-pulse molar concentration,M except time_s and rate fields,"Fixed pH, rapid equilibrium, constant SOD and rates, single pulse; not continuously driven cellular ROS.",1d8208b504af787754e184f77640f85675b5b634,01e64b526ae9ed2d5f192ae14068302e806c1e8b44576f4b4eb4b5f83a8e8039,configs/doxorubicin_parameters.json,b14b641f69afb70af9ff7557a062c2ce00e0b0cb74381ba69fcfaad4f17f04af,configs/parameter_provenance.csv,86c4261fcb9616a643db79340fe0b7398ba10a5c46464e67e8b697bcfc3a4ec9
sod_mediated,SOD-mediated,0.004166666666666667,1e-05,8.882514075275811e-06,2.6743998080111804e-08,8.8557700771957e-06,5.587429623620948e-07,0.0,1e-05,0.0,7.4,4.88,760000.0,85000000.0,2370000000.0,1e-08,,analytic Riccati radical-pool solution plus integrating-factor adaptive quadrature for H2O2,241,"[""fixed pH"", ""rapid HO2/O2-minus acid-base equilibrium"", ""constant SOD concentration"", ""constant elementary rate coefficients"", ""single-pulse radical decay with no continuous source"", ""first-order H2O2 loss when enabled""]",True,illustrative single-pulse molar concentration,M except time_s and rate fields,"Fixed pH, rapid equilibrium, constant SOD and rates, single pulse; not continuously driven cellular ROS.",1d8208b504af787754e184f77640f85675b5b634,01e64b526ae9ed2d5f192ae14068302e806c1e8b44576f4b4eb4b5f83a8e8039,configs/doxorubicin_parameters.json,b14b641f69afb70af9ff7557a062c2ce00e0b0cb74381ba69fcfaad4f17f04af,configs/parameter_provenance.csv,86c4261fcb9616a643db79340fe0b7398ba10a5c46464e67e8b697bcfc3a4ec9
sod_mediated,SOD-mediated,0.004583333333333333,1e-05,8.778992774106426e-06,2.643231003140598e-08,8.75256046407502e-06,6.105036129467875e-07,0.0,1e-05,0.0,7.4,4.88,760000.0,85000000.0,2370000000.0,1e-08,,analytic Riccati radical-pool solution plus integrating-factor adaptive quadrature for H2O2,241,"[""fixed pH"", ""rapid HO2/O2-minus acid-base equilibrium"", ""constant SOD concentration"", ""constant elementary rate coefficients"", ""single-pulse radical decay with no continuous source"", ""first-order H2O2 loss when enabled""]",True,illustrative single-pulse molar concentration,M except time_s and rate fields,"Fixed pH, rapid equilibrium, constant SOD and rates, single pulse; not continuously driven cellular ROS.",1d8208b504af787754e184f77640f85675b5b634,01e64b526ae9ed2d5f192ae14068302e806c1e8b44576f4b4eb4b5f83a8e8039,configs/doxorubicin_parameters.json,b14b641f69afb70af9ff7557a062c2ce00e0b0cb74381ba69fcfaad4f17f04af,configs/parameter_provenance.csv,86c4261fcb9616a643db79340fe0b7398ba10a5c46464e67e8b697bcfc3a4ec9
sod_mediated,SOD-mediated,0.005,1e-05,8.676867664183211e-06,2.612482571777906e-08,8.650742838465433e-06,6.615661679083949e-07,0.0,1e-05,0.0,7.4,4.88,760000.0,85000000.0,2370000000.0,1e-08,,analytic Riccati radical-pool solution plus integrating-factor adaptive quadrature for H2O2,241,"[""fixed pH"", ""rapid HO2/O2-minus acid-base equilibrium"", ""constant SOD concentration"", ""constant elementary rate coefficients"", ""single-pulse radical decay with no continuous source"", ""first-order H2O2 loss when enabled""]",True,illustrative single-pulse molar concentration,M except time_s and rate fields,"Fixed pH, rapid equilibrium, constant SOD and rates, single pulse; not continuously driven cellular ROS.",1d8208b504af787754e184f77640f85675b5b634,01e64b526ae9ed2d5f192ae14068302e806c1e8b44576f4b4eb4b5f83a8e8039,configs/doxorubicin_parameters.json,b14b641f69afb70af9ff7557a062c2ce00e0b0cb74381ba69fcfaad4f17f04af,configs/parameter_provenance.csv,86c4261fcb9616a643db79340fe0b7398ba10a5c46464e67e8b697bcfc3a4ec9
sod_mediated,SOD-mediated,0.005416666666666667,1e-05,8.576115539316804e-06,2.582147526866528e-08,8.55029406404814e-06,7.119422303415982e-07,0.0,1e-05,0.0,7.4,4.88,760000.0,85000000.0,2370000000.0,1e-08,,analytic Riccati radical-pool solution plus integrating-factor adaptive quadrature for H2O2,241,"[""fixed pH"", ""rapid HO2/O2-minus acid-base equilibrium"", ""constant SOD concentration"", ""constant elementary rate coefficients"", ""single-pulse radical decay with no continuous source"", ""first-order H2O2 loss when enabled""]",True,illustrative single-pulse molar concentration,M except time_s and rate fields,"Fixed pH, rapid equilibrium, constant SOD and rates, single pulse; not continuously driven cellular ROS.",1d8208b504af787754e184f77640f85675b5b634,01e64b526ae9ed2d5f192ae14068302e806c1e8b44576f4b4eb4b5f83a8e8039,configs/doxorubicin_parameters.json,b14b641f69afb70af9ff7557a062c2ce00e0b0cb74381ba69fcfaad4f17f04af,configs/parameter_provenance.csv,86c4261fcb9616a643db79340fe0b7398ba10a5c46464e67e8b697bcfc3a4ec9
sod_mediated,SOD-mediated,0.005833333333333334,1e-05,8.4767136818115e-06,2.5522190284284456e-08,8.451191491527216e-06,7.616431590942502e-07,0.0,1e-05,0.0,7.4,4.88,760000.0,85000000.0,2370000000.0,1e-08,,analytic Riccati radical-pool solution plus integrating-factor adaptive quadrature for H2O2,241,"[""fixed pH"", ""rapid HO2/O2-minus acid-base equilibrium"", ""constant SOD concentration"", ""constant elementary rate coefficients"", ""single-pulse radical decay with no continuous source"", ""first-order H2O2 loss when enabled""]",True,illustrative single-pulse molar concentration,M except time_s and rate fields,"Fixed pH, rapid equilibrium, constant SOD and rates, single pulse; not continuously driven cellular ROS.",1d8208b504af787754e184f77640f85675b5b634,01e64b526ae9ed2d5f192ae14068302e806c1e8b44576f4b4eb4b5f83a8e8039,configs/doxorubicin_parameters.json,b14b641f69afb70af9ff7557a062c2ce00e0b0cb74381ba69fcfaad4f17f04af,configs/parameter_provenance.csv,86c4261fcb9616a643db79340fe0b7398ba10a5c46464e67e8b697bcfc3a4ec9
sod_mediated,SOD-mediated,0.00625,1e-05,8.378639849690476e-06,2.5226903797178895e-08,8.353412945893296e-06,8.106800751547626e-07,0.0,1e-05,0.0,7.4,4.88,760000.0,85000000.0,2370000000.0,1e-08,,analytic Riccati radical-pool solution plus integrating-factor adaptive quadrature for H2O2,241,"[""fixed pH"", ""rapid HO2/O2-minus acid-base equilibrium"", ""constant SOD concentration"", ""constant elementary rate coefficients"", ""single-pulse radical decay with no continuous source"", ""first-order H2O2 loss when enabled""]",True,illustrative single-pulse molar concentration,M except time_s and rate fields,"Fixed pH, rapid equilibrium, constant SOD and rates, single pulse; not continuously driven cellular ROS.",1d8208b504af787754e184f77640f85675b5b634,01e64b526ae9ed2d5f192ae14068302e806c1e8b44576f4b4eb4b5f83a8e8039,configs/doxorubicin_parameters.json,b14b641f69afb70af9ff7557a062c2ce00e0b0cb74381ba69fcfaad4f17f04af,configs/parameter_provenance.csv,86c4261fcb9616a643db79340fe0b7398ba10a5c46464e67e8b697bcfc3a4ec9
sod_mediated,SOD-mediated,0.006666666666666667,1e-05,8.281872264320993e-06,2.4935550234954662e-08,8.256936714086038e-06,8.59063867839504e-07,0.0,1e-05,0.0,7.4,4.88,760000.0,85000000.0,2370000000.0,1e-08,,analytic Riccati radical-pool solution plus integrating-factor adaptive quadrature for H2O2,241,"[""fixed pH"", ""rapid HO2/O2-minus acid-base equilibrium"", ""constant SOD concentration"", ""constant elementary rate coefficients"", ""single-pulse radical decay with no continuous source"", ""first-order H2O2 loss when enabled""]",True,illustrative single-pulse molar concentration,M except time_s and rate fields,"Fixed pH, rapid equilibrium, constant SOD and rates, single pulse; not continuously driven cellular ROS.",1d8208b504af787754e184f77640f85675b5b634,01e64b526ae9ed2d5f192ae14068302e806c1e8b44576f4b4eb4b5f83a8e8039,configs/doxorubicin_parameters.json,b14b641f69afb70af9ff7557a062c2ce00e0b0cb74381ba69fcfaad4f17f04af,configs/parameter_provenance.csv,86c4261fcb9616a643db79340fe0b7398ba10a5c46464e67e8b697bcfc3a4ec9
sod_mediated,SOD-mediated,0.007083333333333334,1e-05,8.186389598425121e-06,2.464806538418353e-08,8.161741533040938e-06,9.068052007874397e-07,0.0,1e-05,0.0,7.4,4.88,760000.0,85000000.0,2370000000.0,1e-08,,analytic Riccati radical-pool solution plus integrating-factor adaptive quadrature for H2O2,241,"[""fixed pH"", ""rapid HO2/O2-minus acid-base equilibrium"", ""constant SOD concentration"", ""constant elementary rate coefficients"", ""single-pulse radical decay with no continuous source"", ""first-order H2O2 loss when enabled""]",True,illustrative single-pulse molar concentration,M except time_s and rate fields,"Fixed pH, rapid equilibrium, constant SOD and rates, single pulse; not continuously driven cellular ROS.",1d8208b504af787754e184f77640f85675b5b634,01e64b526ae9ed2d5f192ae14068302e806c1e8b44576f4b4eb4b5f83a8e8039,configs/doxorubicin_parameters.json,b14b641f69afb70af9ff7557a062c2ce00e0b0cb74381ba69fcfaad4f17f04af,configs/parameter_provenance.csv,86c4261fcb9616a643db79340fe0b7398ba10a5c46464e67e8b697bcfc3a4ec9
sod_mediated,SOD-mediated,0.007500000000000001,1e-05,8.092170964461985e-06,2.4364386355423574e-08,8.067806578106562e-06,9.53914517769008e-07,0.0,1e-05,0.0,7.4,4.88,760000.0,85000000.0,2370000000.0,1e-08,,analytic Riccati radical-pool solution plus integrating-factor adaptive quadrature for H2O2,241,"[""fixed pH"", ""rapid HO2/O2-minus acid-base equilibrium"", ""constant SOD concentration"", ""constant elementary rate coefficients"", ""single-pulse radical decay with no continuous source"", ""first-order H2O2 loss when enabled""]",True,illustrative single-pulse molar concentration,M except time_s and rate fields,"Fixed pH, rapid equilibrium, constant SOD and rates, single pulse; not continuously driven cellular ROS.",1d8208b504af787754e184f77640f85675b5b634,01e64b526ae9ed2d5f192ae14068302e806c1e8b44576f4b4eb4b5f83a8e8039,configs/doxorubicin_parameters.json,b14b641f69afb70af9ff7557a062c2ce00e0b0cb74381ba69fcfaad4f17f04af,configs/parameter_provenance.csv,86c4261fcb9616a643db79340fe0b7398ba10a5c46464e67e8b697bcfc3a4ec9
sod_mediated,SOD-mediated,0.007916666666666667,1e-05,7.999195903368157e-06,2.4084451549318086e-08,7.975111451818839e-06,1.0004020483159217e-06,0.0,1e-05,0.0,7.4,4.88,760000.0,85000000.0,2370000000.0,1e-08,,analytic Riccati radical-pool solution plus integrating-factor adaptive quadrature for H2O2,241,"[""fixed pH"", ""rapid HO2/O2-minus acid-base equilibrium"", ""constant SOD concentration"", ""constant elementary rate coefficients"", ""single-pulse radical decay with no continuous source"", ""first-order H2O2 loss when enabled""]",True,illustrative single-pulse molar concentration,M except time_s and rate fields,"Fixed pH, rapid equilibrium, constant SOD and rates, single pulse; not continuously driven cellular ROS.",1d8208b504af787754e184f77640f85675b5b634,01e64b526ae9ed2d5f192ae14068302e806c1e8b44576f4b4eb4b5f83a8e8039,configs/doxorubicin_parameters.json,b14b641f69afb70af9ff7557a062c2ce00e0b0cb74381ba69fcfaad4f17f04af,configs/parameter_provenance.csv,86c4261fcb9616a643db79340fe0b7398ba10a5c46464e67e8b697bcfc3a4ec9
sod_mediated,SOD-mediated,0.008333333333333333,1e-05,7.907444373643431e-06,2.380820062373436e-08,7.883636173019697e-06,1.0462778131782847e-06,0.0,1e-05,0.0,7.4,4.88,760000.0,85000000.0,2370000000.0,1e-08,,analytic Riccati radical-pool solution plus integrating-factor adaptive quadrature for H2O2,241,"[""fixed pH"", ""rapid HO2/O2-minus acid-base equilibrium"", ""constant SOD concentration"", ""constant elementary rate coefficients"", ""single-pulse radical decay with no continuous source"", ""first-order H2O2 loss when enabled""]",True,illustrative single-pulse molar concentration,M except time_s and rate fields,"Fixed pH, rapid equilibrium, constant SOD and rates, single pulse; not continuously driven cellular ROS.",1d8208b504af787754e184f77640f85675b5b634,01e64b526ae9ed2d5f192ae14068302e806c1e8b44576f4b4eb4b5f83a8e8039,configs/doxorubicin_parameters.json,b14b641f69afb70af9ff7557a062c2ce00e0b0cb74381ba69fcfaad4f17f04af,configs/parameter_provenance.csv,86c4261fcb9616a643db79340fe0b7398ba10a5c46464e67e8b697bcfc3a4ec9
sod_mediated,SOD-mediated,0.00875,1e-05,7.816896740769598e-06,2.353557446190514e-08,7.793361166307693e-06,1.0915516296152013e-06,0.0,1e-05,0.0,7.4,4.88,760000.0,85000000.0,2370000000.0,1e-08,,analytic Riccati radical-pool solution plus integrating-factor adaptive quadrature for H2O2,241,"[""fixed pH"", ""rapid HO2/O2-minus acid-base equilibrium"", ""constant SOD concentration"", ""constant elementary rate coefficients"", ""single-pulse radical decay with no continuous source"", ""first-order H2O2 loss when enabled""]",True,illustrative single-pulse molar concentration,M except time_s and rate fields,"Fixed pH, rapid equilibrium, constant SOD and rates, single pulse; not continuously driven cellular ROS.",1d8208b504af787754e184f77640f85675b5b634,01e64b526ae9ed2d5f192ae14068302e806c1e8b44576f4b4eb4b5f83a8e8039,configs/doxorubicin_parameters.json,b14b641f69afb70af9ff7557a062c2ce00e0b0cb74381ba69fcfaad4f17f04af,configs/parameter_provenance.csv,86c4261fcb9616a643db79340fe0b7398ba10a5c46464e67e8b697bcfc3a4ec9
sod_mediated,SOD-mediated,0.009166666666666667,1e-05,7.727533766950457e-06,2.326651514153722e-08,7.704267251808919e-06,1.1362331165247721e-06,0.0,1e-05,0.0,7.4,4.88,760000.0,85000000.0,2370000000.0,1e-08,,analytic Riccati radical-pool solution plus integrating-factor adaptive quadrature for H2O2,241,"[""fixed pH"", ""rapid HO2/O2-minus acid-base equilibrium"", ""constant SOD concentration"", ""constant elementary rate coefficients"", ""single-pulse radical decay with no continuous source"", ""first-order H2O2 loss when enabled""]",True,illustrative single-pulse molar concentration,M except time_s and rate fields,"Fixed pH, rapid equilibrium, constant SOD and rates, single pulse; not continuously driven cellular ROS.",1d8208b504af787754e184f77640f85675b5b634,01e64b526ae9ed2d5f192ae14068302e806c1e8b44576f4b4eb4b5f83a8e8039,configs/doxorubicin_parameters.json,b14b641f69afb70af9ff7557a062c2ce00e0b0cb74381ba69fcfaad4f17f04af,configs/parameter_provenance.csv,86c4261fcb9616a643db79340fe0b7398ba10a5c46464e67e8b697bcfc3a4ec9
sod_mediated,SOD-mediated,0.009583333333333334,1e-05,7.639336601161756e-06,2.300096590485323e-08,7.6163356352569026e-06,1.1803316994191223e-06,0.0,1e-05,0.0,7.4,4.88,760000.0,85000000.0,2370000000.0,1e-08,,analytic Riccati radical-pool solution plus integrating-factor adaptive quadrature for H2O2,241,"[""fixed pH"", ""rapid HO2/O2-minus acid-base equilibrium"", ""constant SOD concentration"", ""constant elementary rate coefficients"", ""single-pulse radical decay with no continuous source"", ""first-order H2O2 loss when enabled""]",True,illustrative single-pulse molar concentration,M except time_s and rate fields,"Fixed pH, rapid equilibrium, constant SOD and rates, single pulse; not continuously driven cellular ROS.",1d8208b504af787754e184f77640f85675b5b634,01e64b526ae9ed2d5f192ae14068302e806c1e8b44576f4b4eb4b5f83a8e8039,configs/doxorubicin_parameters.json,b14b641f69afb70af9ff7557a062c2ce00e0b0cb74381ba69fcfaad4f17f04af,configs/parameter_provenance.csv,86c4261fcb9616a643db79340fe0b7398ba10a5c46464e67e8b697bcfc3a4ec9
sod_mediated,SOD-mediated,0.01,1e-05,7.552286769500123e-06,2.273887112953361e-08,7.529547898370589e-06,1.2238566152499388e-06,0.0,1e-05,0.0,7.4,4.88,760000.0,85000000.0,2370000000.0,1e-08,,analytic Riccati radical-pool solution plus integrating-factor adaptive quadrature for H2O2,241,"[""fixed pH"", ""rapid HO2/O2-minus acid-base equilibrium"", ""constant SOD concentration"", ""constant elementary rate coefficients"", ""single-pulse radical decay with no continuous source"", ""first-order H2O2 loss when enabled""]",True,illustrative single-pulse molar concentration,M except time_s and rate fields,"Fixed pH, rapid equilibrium, constant SOD and rates, single pulse; not continuously driven cellular ROS.",1d8208b504af787754e184f77640f85675b5b634,01e64b526ae9ed2d5f192ae14068302e806c1e8b44576f4b4eb4b5f83a8e8039,configs/doxorubicin_parameters.json,b14b641f69afb70af9ff7557a062c2ce00e0b0cb74381ba69fcfaad4f17f04af,configs/parameter_provenance.csv,86c4261fcb9616a643db79340fe0b7398ba10a5c46464e67e8b697bcfc3a4ec9
sod_mediated,SOD-mediated,0.010416666666666668,1e-05,7.466366165820605e-06,2.2480176300527584e-08,7.443885989520077e-06,1.266816917089698e-06,0.0,1e-05,0.0,7.4,4.88,760000.0,85000000.0,2370000000.0,1e-08,,analytic Riccati radical-pool solution plus integrating-factor adaptive quadrature for H2O2,241,"[""fixed pH"", ""rapid HO2/O2-minus acid-base equilibrium"", ""constant SOD concentration"", ""constant elementary rate coefficients"", ""single-pulse radical decay with no continuous source"", ""first-order H2O2 loss when enabled""]",True,illustrative single-pulse molar concentration,M except time_s and rate fields,"Fixed pH, rapid equilibrium, constant SOD and rates, single pulse; not continuously driven cellular ROS.",1d8208b504af787754e184f77640f85675b5b634,01e64b526ae9ed2d5f192ae14068302e806c1e8b44576f4b4eb4b5f83a8e8039,configs/doxorubicin_parameters.json,b14b641f69afb70af9ff7557a062c2ce00e0b0cb74381ba69fcfaad4f17f04af,configs/parameter_provenance.csv,86c4261fcb9616a643db79340fe0b7398ba10a5c46464e67e8b697bcfc3a4ec9
sod_mediated,SOD-mediated,0.010833333333333334,1e-05,7.3815570426527765e-06,2.2224827982702833e-08,7.3593322146700735e-06,1.3092214786736121e-06,0.0,1e-05,0.0,7.4,4.88,760000.0,85000000.0,2370000000.0,1e-08,,analytic Riccati radical-pool solution plus integrating-factor adaptive quadrature for H2O2,241,"[""fixed pH"", ""rapid HO2/O2-minus acid-base equilibrium"", ""constant SOD concentration"", ""constant elementary rate coefficients"", ""single-pulse radical decay with no continuous source"", ""first-order H2O2 loss when enabled""]",True,illustrative single-pulse molar concentration,M except time_s and rate fields,"Fixed pH, rapid equilibrium, constant SOD and rates, single pulse; not continuously driven cellular ROS.",1d8208b504af787754e184f77640f85675b5b634,01e64b526ae9ed2d5f192ae14068302e806c1e8b44576f4b4eb4b5f83a8e8039,configs/doxorubicin_parameters.json,b14b641f69afb70af9ff7557a062c2ce00e0b0cb74381ba69fcfaad4f17f04af,configs/parameter_provenance.csv,86c4261fcb9616a643db79340fe0b7398ba10a5c46464e67e8b697bcfc3a4ec9
sod_mediated,SOD-mediated,0.011250000000000001,1e-05,7.297842002385744e-06,2.197277379430477e-08,7.27586922859144e-06,1.3510789988071283e-06,0.0,1e-05,0.0,7.4,4.88,760000.0,85000000.0,2370000000.0,1e-08,,analytic Riccati radical-pool solution plus integrating-factor adaptive quadrature for H2O2,241,"[""fixed pH"", ""rapid HO2/O2-minus acid-base equilibrium"", ""constant SOD concentration"", ""constant elementary rate coefficients"", ""single-pulse radical decay with no continuous source"", ""first-order H2O2 loss when enabled""]",True,illustrative single-pulse molar concentration,M except time_s and rate fields,"Fixed pH, rapid equilibrium, constant SOD and rates, single pulse; not continuously driven cellular ROS.",1d8208b504af787754e184f77640f85675b5b634,01e64b526ae9ed2d5f192ae14068302e806c1e8b44576f4b4eb4b5f83a8e8039,configs/doxorubicin_parameters.json,b14b641f69afb70af9ff7557a062c2ce00e0b0cb74381ba69fcfaad4f17f04af,configs/parameter_provenance.csv,86c4261fcb9616a643db79340fe0b7398ba10a5c46464e67e8b697bcfc3a4ec9
sod_mediated,SOD-mediated,0.011666666666666667,1e-05,7.215203988712867e-06,2.172396238119783e-08,7.1934800263316685e-06,1.392398005643567e-06,0.0,1e-05,0.0,7.4,4.88,760000.0,85000000.0,2370000000.0,1e-08,,analytic Riccati radical-pool solution plus integrating-factor adaptive quadrature for H2O2,241,"[""fixed pH"", ""rapid HO2/O2-minus acid-base equilibrium"", ""constant SOD concentration"", ""constant elementary rate coefficients"", ""single-pulse radical decay with no continuous source"", ""first-order H2O2 loss when enabled""]",True,illustrative single-pulse molar concentration,M except time_s and rate fields,"Fixed pH, rapid equilibrium, constant SOD and rates, single pulse; not continuously driven cellular ROS.",1d8208b504af787754e184f77640f85675b5b634,01e64b526ae9ed2d5f192ae14068302e806c1e8b44576f4b4eb4b5f83a8e8039,configs/doxorubicin_parameters.json,b14b641f69afb70af9ff7557a062c2ce00e0b0cb74381ba69fcfaad4f17f04af,configs/parameter_provenance.csv,86c4261fcb9616a643db79340fe0b7398ba10a5c46464e67e8b697bcfc3a4ec9
sod_mediated,SOD-mediated,0.012083333333333335,1e-05,7.133626278327248e-06,2.1478343391861733e-08,7.112147934935387e-06,1.4331868608363763e-06,0.0,1e-05,0.0,7.4,4.88,760000.0,85000000.0,2370000000.0,1e-08,,analytic Riccati radical-pool solution plus integrating-factor adaptive quadrature for H2O2,241,"[""fixed pH"", ""rapid HO2/O2-minus acid-base equilibrium"", ""constant SOD concentration"", ""constant elementary rate coefficients"", ""single-pulse radical decay with no continuous source"", ""first-order H2O2 loss when enabled""]",True,illustrative single-pulse molar concentration,M except time_s and rate fields,"Fixed pH, rapid equilibrium, constant SOD and rates, single pulse; not continuously driven cellular ROS.",1d8208b504af787754e184f77640f85675b5b634,01e64b526ae9ed2d5f192ae14068302e806c1e8b44576f4b4eb4b5f83a8e8039,configs/doxorubicin_parameters.json,b14b641f69afb70af9ff7557a062c2ce00e0b0cb74381ba69fcfaad4f17f04af,configs/parameter_provenance.csv,86c4261fcb9616a643db79340fe0b7398ba10a5c46464e67e8b697bcfc3a4ec9
sod_mediated,SOD-mediated,0.0125,1e-05,7.05309247285946e-06,2.123586745311713e-08,7.0318566054063424e-06,1.4734537635702705e-06,0.0,1e-05,0.0,7.4,4.88,760000.0,85000000.0,2370000000.0,1e-08,,analytic Riccati radical-pool solution plus integrating-factor adaptive quadrature for H2O2,241,"[""fixed pH"", ""rapid HO2/O2-minus acid-base equilibrium"", ""constant SOD concentration"", ""constant elementary rate coefficients"", ""single-pulse radical decay with no continuous source"", ""first-order H2O2 loss when enabled""]",True,illustrative single-pulse molar concentration,M except time_s and rate fields,"Fixed pH, rapid equilibrium, constant SOD and rates, single pulse; not continuously driven cellular ROS.",1d8208b504af787754e184f77640f85675b5b634,01e64b526ae9ed2d5f192ae14068302e806c1e8b44576f4b4eb4b5f83a8e8039,configs/doxorubicin_parameters.json,b14b641f69afb70af9ff7557a062c2ce00e0b0cb74381ba69fcfaad4f17f04af,configs/parameter_provenance.csv,86c4261fcb9616a643db79340fe0b7398ba10a5c46464e67e8b697bcfc3a4ec9
sod_mediated,SOD-mediated,0.012916666666666668,1e-05,6.973586491049323e-06,2.099648614655594e-08,6.952590004902768e-06,1.5132067544753387e-06,0.0,1e-05,0.0,7.4,4.88,760000.0,85000000.0,2370000000.0,1e-08,,analytic Riccati radical-pool solution plus integrating-factor adaptive quadrature for H2O2,241,"[""fixed pH"", ""rapid HO2/O2-minus acid-base equilibrium"", ""constant SOD concentration"", ""constant elementary rate coefficients"", ""single-pulse radical decay with no continuous source"", ""first-order H2O2 loss when enabled""]",True,illustrative single-pulse molar concentration,M except time_s and rate fields,"Fixed pH, rapid equilibrium, constant SOD and rates, single pulse; not continuously driven cellular ROS.",1d8208b504af787754e184f77640f85675b5b634,01e64b526ae9ed2d5f192ae14068302e806c1e8b44576f4b4eb4b5f83a8e8039,configs/doxorubicin_parameters.json,b14b641f69afb70af9ff7557a062c2ce00e0b0cb74381ba69fcfaad4f17f04af,configs/parameter_provenance.csv,86c4261fcb9616a643db79340fe0b7398ba10a5c46464e67e8b697bcfc3a4ec9
sod_mediated,SOD-mediated,0.013333333333333334,1e-05,6.895092561143814e-06,2.0760151985652493e-08,6.874332409158162e-06,1.5524537194280933e-06,0.0,1e-05,0.0,7.4,4.88,760000.0,85000000.0,2370000000.0,1e-08,,analytic Riccati radical-pool solution plus integrating-factor adaptive quadrature for H2O2,241,"[""fixed pH"", ""rapid HO2/O2-minus acid-base equilibrium"", ""constant SOD concentration"", ""constant elementary rate coefficients"", ""single-pulse radical decay with no continuous source"", ""first-order H2O2 loss when enabled""]",True,illustrative single-pulse molar concentration,M except time_s and rate fields,"Fixed pH, rapid equilibrium, constant SOD and rates, single pulse; not continuously driven cellular ROS.",1d8208b504af787754e184f77640f85675b5b634,01e64b526ae9ed2d5f192ae14068302e806c1e8b44576f4b4eb4b5f83a8e8039,configs/doxorubicin_parameters.json,b14b641f69afb70af9ff7557a062c2ce00e0b0cb74381ba69fcfaad4f17f04af,configs/parameter_provenance.csv,86c4261fcb9616a643db79340fe0b7398ba10a5c46464e67e8b697bcfc3a4ec9
sod_mediated,SOD-mediated,0.01375,1e-05,6.817595213513496e-06,2.052681839353267e-08,6.797068395119963e-06,1.5912023932432524e-06,0.0,1e-05,0.0,7.4,4.88,760000.0,85000000.0,2370000000.0,1e-08,,analytic Riccati radical-pool solution plus integrating-factor adaptive quadrature for H2O2,241,"[""fixed pH"", ""rapid HO2/O2-minus acid-base equilibrium"", ""constant SOD concentration"", ""constant elementary rate coefficients"", ""single-pulse radical decay with no continuous source"", ""first-order H2O2 loss when enabled""]",True,illustrative single-pulse molar concentration,M except time_s and rate fields,"Fixed pH, rapid equilibrium, constant SOD and rates, single pulse; not continuously driven cellular ROS.",1d8208b504af787754e184f77640f85675b5b634,01e64b526ae9ed2d5f192ae14068302e806c1e8b44576f4b4eb4b5f83a8e8039,configs/doxorubicin_parameters.json,b14b641f69afb70af9ff7557a062c2ce00e0b0cb74381ba69fcfaad4f17f04af,configs/parameter_provenance.csv,86c4261fcb9616a643db79340fe0b7398ba10a5c46464e67e8b697bcfc3a4ec9
sod_mediated,SOD-mediated,0.014166666666666668,1e-05,6.7410792734802256e-06,2.029643968137913e-08,6.720782833798846e-06,1.6294603632598876e-06,0.0,1e-05,0.0,7.4,4.88,760000.0,85000000.0,2370000000.0,1e-08,,analytic Riccati radical-pool solution plus integrating-factor adaptive quadrature for H2O2,241,"[""fixed pH"", ""rapid HO2/O2-minus acid-base equilibrium"", ""constant SOD concentration"", ""constant elementary rate coefficients"", ""single-pulse radical decay with no continuous source"", ""first-order H2O2 loss when enabled""]",True,illustrative single-pulse molar concentration,M except time_s and rate fields,"Fixed pH, rapid equilibrium, constant SOD and rates, single pulse; not continuously driven cellular ROS.",1d8208b504af787754e184f77640f85675b5b634,01e64b526ae9ed2d5f192ae14068302e806c1e8b44576f4b4eb4b5f83a8e8039,configs/doxorubicin_parameters.json,b14b641f69afb70af9ff7557a062c2ce00e0b0cb74381ba69fcfaad4f17f04af,configs/parameter_provenance.csv,86c4261fcb9616a643db79340fe0b7398ba10a5c46464e67e8b697bcfc3a4ec9
sod_mediated,SOD-mediated,0.014583333333333334,1e-05,6.665529854349042e-06,2.0068971027451305e-08,6.64546088332159e-06,1.6672350728254794e-06,0.0,1e-05,0.0,7.4,4.88,760000.0,85000000.0,2370000000.0,1e-08,,analytic Riccati radical-pool solution plus integrating-factor adaptive quadrature for H2O2,241,"[""fixed pH"", ""rapid HO2/O2-minus acid-base equilibrium"", ""constant SOD concentration"", ""constant elementary rate coefficients"", ""single-pulse radical decay with no continuous source"", ""first-order H2O2 loss when enabled""]",True,illustrative single-pulse molar concentration,M except time_s and rate fields,"Fixed pH, rapid equilibrium, constant SOD and rates, single pulse; not continuously driven cellular ROS.",1d8208b504af787754e184f77640f85675b5b634,01e64b526ae9ed2d5f192ae14068302e806c1e8b44576f4b4eb4b5f83a8e8039,configs/doxorubicin_parameters.json,b14b641f69afb70af9ff7557a062c2ce00e0b0cb74381ba69fcfaad4f17f04af,configs/parameter_provenance.csv,86c4261fcb9616a643db79340fe0b7398ba10a5c46464e67e8b697bcfc3a4ec9
sod_mediated,SOD-mediated,0.015000000000000001,1e-05,6.590932350637514e-06,1.984436845669993e-08,6.571087982180814e-06,1.7045338246812434e-06,0.0,1e-05,0.0,7.4,4.88,760000.0,85000000.0,2370000000.0,1e-08,,analytic Riccati radical-pool solution plus integrating-factor adaptive quadrature for H2O2,241,"[""fixed pH"", ""rapid HO2/O2-minus acid-base equilibrium"", ""constant SOD concentration"", ""constant elementary rate coefficients"", ""single-pulse radical decay with no continuous source"", ""first-order H2O2 loss when enabled""]",True,illustrative single-pulse molar concentration,M except time_s and rate fields,"Fixed pH, rapid equilibrium, constant SOD and rates, single pulse; not continuously driven cellular ROS.",1d8208b504af787754e184f77640f85675b5b634,01e64b526ae9ed2d5f192ae14068302e806c1e8b44576f4b4eb4b5f83a8e8039,configs/doxorubicin_parameters.json,b14b641f69afb70af9ff7557a062c2ce00e0b0cb74381ba69fcfaad4f17f04af,configs/parameter_provenance.csv,86c4261fcb9616a643db79340fe0b7398ba10a5c46464e67e8b697bcfc3a4ec9
sod_mediated,SOD-mediated,0.015416666666666667,1e-05,6.5172724314960546e-06,1.962258882095652e-08,6.4976498426750976e-06,1.7413637842519731e-06,0.0,1e-05,0.0,7.4,4.88,760000.0,85000000.0,2370000000.0,1e-08,,analytic Riccati radical-pool solution plus integrating-factor adaptive quadrature for H2O2,241,"[""fixed pH"", ""rapid HO2/O2-minus acid-base equilibrium"", ""constant SOD concentration"", ""constant elementary rate coefficients"", ""single-pulse radical decay with no continuous source"", ""first-order H2O2 loss when enabled""]",True,illustrative single-pulse molar concentration,M except time_s and rate fields,"Fixed pH, rapid equilibrium, constant SOD and rates, single pulse; not continuously driven cellular ROS.",1d8208b504af787754e184f77640f85675b5b634,01e64b526ae9ed2d5f192ae14068302e806c1e8b44576f4b4eb4b5f83a8e8039,configs/doxorubicin_parameters.json,b14b641f69afb70af9ff7557a062c2ce00e0b0cb74381ba69fcfaad4f17f04af,configs/parameter_provenance.csv,86c4261fcb9616a643db79340fe0b7398ba10a5c46464e67e8b697bcfc3a4ec9
sod_mediated,SOD-mediated,0.015833333333333335,1e-05,6.444536034312902e-06,1.9403589779678887e-08,6.425132444533223e-06,1.7777319828435492e-06,0.0,1e-05,0.0,7.4,4.88,760000.0,85000000.0,2370000000.0,1e-08,,analytic Riccati radical-pool solution plus integrating-factor adaptive quadrature for H2O2,241,"[""fixed pH"", ""rapid HO2/O2-minus acid-base equilibrium"", ""constant SOD concentration"", ""constant elementary rate coefficients"", ""single-pulse radical decay with no continuous source"", ""first-order H2O2 loss when enabled""]",True,illustrative single-pulse molar concentration,M except time_s and rate fields,"Fixed pH, rapid equilibrium, constant SOD and rates, single pulse; not continuously driven cellular ROS.",1d8208b504af787754e184f77640f85675b5b634,01e64b526ae9ed2d5f192ae14068302e806c1e8b44576f4b4eb4b5f83a8e8039,configs/doxorubicin_parameters.json,b14b641f69afb70af9ff7557a062c2ce00e0b0cb74381ba69fcfaad4f17f04af,configs/parameter_provenance.csv,86c4261fcb9616a643db79340fe0b7398ba10a5c46464e67e8b697bcfc3a4ec9
sod_mediated,SOD-mediated,0.01625,1e-05,6.372709358497768e-06,1.918732978123457e-08,6.353522028716533e-06,1.8136453207511166e-06,0.0,1e-05,0.0,7.4,4.88,760000.0,85000000.0,2370000000.0,1e-08,,analytic Riccati radical-pool solution plus integrating-factor adaptive quadrature for H2O2,241,"[""fixed pH"", ""rapid HO2/O2-minus acid-base equilibrium"", ""constant SOD concentration"", ""constant elementary rate coefficients"", ""single-pulse radical decay with no continuous source"", ""first-order H2O2 loss when enabled""]",True,illustrative single-pulse molar concentration,M except time_s and rate fields,"Fixed pH, rapid equilibrium, constant SOD and rates, single pulse; not continuously driven cellular ROS.",1d8208b504af787754e184f77640f85675b5b634,01e64b526ae9ed2d5f192ae14068302e806c1e8b44576f4b4eb4b5f83a8e8039,configs/doxorubicin_parameters.json,b14b641f69afb70af9ff7557a062c2ce00e0b0cb74381ba69fcfaad4f17f04af,configs/parameter_provenance.csv,86c4261fcb9616a643db79340fe0b7398ba10a5c46464e67e8b697bcfc3a4ec9
sod_mediated,SOD-mediated,0.016666666666666666,1e-05,6.3017788594383345e-06,1.897376804470471e-08,6.28280509139363e-06,1.8491105702808332e-06,0.0,1e-05,0.0,7.4,4.88,760000.0,85000000.0,2370000000.0,1e-08,,analytic Riccati radical-pool solution plus integrating-factor adaptive quadrature for H2O2,241,"[""fixed pH"", ""rapid HO2/O2-minus acid-base equilibrium"", ""constant SOD concentration"", ""constant elementary rate coefficients"", ""single-pulse radical decay with no continuous source"", ""first-order H2O2 loss when enabled""]",True,illustrative single-pulse molar concentration,M except time_s and rate fields,"Fixed pH, rapid equilibrium, constant SOD and rates, single pulse; not continuously driven cellular ROS.",1d8208b504af787754e184f77640f85675b5b634,01e64b526ae9ed2d5f192ae14068302e806c1e8b44576f4b4eb4b5f83a8e8039,configs/doxorubicin_parameters.json,b14b641f69afb70af9ff7557a062c2ce00e0b0cb74381ba69fcfaad4f17f04af,configs/parameter_provenance.csv,86c4261fcb9616a643db79340fe0b7398ba10a5c46464e67e8b697bcfc3a4ec9
sod_mediated,SOD-mediated,0.017083333333333336,1e-05,6.231731242624025e-06,1.8762864542191527e-08,6.2129683780818335e-06,1.884134378687988e-06,0.0,1e-05,0.0,7.4,4.88,760000.0,85000000.0,2370000000.0,1e-08,,analytic Riccati radical-pool solution plus integrating-factor adaptive quadrature for H2O2,241,"[""fixed pH"", ""rapid HO2/O2-minus acid-base equilibrium"", ""constant SOD concentration"", ""constant elementary rate coefficients"", ""single-pulse radical decay with no continuous source"", ""first-order H2O2 loss when enabled""]",True,illustrative single-pulse molar concentration,M except time_s and rate fields,"Fixed pH, rapid equilibrium, constant SOD and rates, single pulse; not continuously driven cellular ROS.",1d8208b504af787754e184f77640f85675b5b634,01e64b526ae9ed2d5f192ae14068302e806c1e8b44576f4b4eb4b5f83a8e8039,configs/doxorubicin_parameters.json,b14b641f69afb70af9ff7557a062c2ce00e0b0cb74381ba69fcfaad4f17f04af,configs/parameter_provenance.csv,86c4261fcb9616a643db79340fe0b7398ba10a5c46464e67e8b697bcfc3a4ec9
sod_mediated,SOD-mediated,0.0175,1e-05,6.162553457931642e-06,1.8554579981613216e-08,6.143998877950029e-06,1.9187232710341792e-06,0.0,1e-05,0.0,7.4,4.88,760000.0,85000000.0,2370000000.0,1e-08,,analytic Riccati radical-pool solution plus integrating-factor adaptive quadrature for H2O2,241,"[""fixed pH"", ""rapid HO2/O2-minus acid-base equilibrium"", ""constant SOD concentration"", ""constant elementary rate coefficients"", ""single-pulse radical decay with no continuous source"", ""first-order H2O2 loss when enabled""]",True,illustrative single-pulse molar concentration,M except time_s and rate fields,"Fixed pH, rapid equilibrium, constant SOD and rates, single pulse; not continuously driven cellular ROS.",1d8208b504af787754e184f77640f85675b5b634,01e64b526ae9ed2d5f192ae14068302e806c1e8b44576f4b4eb4b5f83a8e8039,configs/doxorubicin_parameters.json,b14b641f69afb70af9ff7557a062c2ce00e0b0cb74381ba69fcfaad4f17f04af,configs/parameter_provenance.csv,86c4261fcb9616a643db79340fe0b7398ba10a5c46464e67e8b697bcfc3a4ec9
sod_mediated,SOD-mediated,0.017916666666666668,1e-05,6.0942326940677095e-06,1.83488757899706e-08,6.075883818277739e-06,1.9528836529661456e-06,0.0,1e-05,0.0,7.4,4.88,760000.0,85000000.0,2370000000.0,1e-08,,analytic Riccati radical-pool solution plus integrating-factor adaptive quadrature for H2O2,241,"[""fixed pH"", ""rapid HO2/O2-minus acid-base equilibrium"", ""constant SOD concentration"", ""constant elementary rate coefficients"", ""single-pulse radical decay with no continuous source"", ""first-order H2O2 loss when enabled""]",True,illustrative single-pulse molar concentration,M except time_s and rate fields,"Fixed pH, rapid equilibrium, constant SOD and rates, single pulse; not continuously driven cellular ROS.",1d8208b504af787754e184f77640f85675b5b634,01e64b526ae9ed2d5f192ae14068302e806c1e8b44576f4b4eb4b5f83a8e8039,configs/doxorubicin_parameters.json,b14b641f69afb70af9ff7557a062c2ce00e0b0cb74381ba69fcfaad4f17f04af,configs/parameter_provenance.csv,86c4261fcb9616a643db79340fe0b7398ba10a5c46464e67e8b697bcfc3a4ec9
sod_mediated,SOD-mediated,0.018333333333333333,1e-05,6.026756373162504e-06,1.814571409707052e-08,6.0086106590654335e-06,1.9866218134187485e-06,0.0,1e-05,0.0,7.4,4.88,760000.0,85000000.0,2370000000.0,1e-08,,analytic Riccati radical-pool solution plus integrating-factor adaptive quadrature for H2O2,241,"[""fixed pH"", ""rapid HO2/O2-minus acid-base equilibrium"", ""constant SOD concentration"", ""constant elementary rate coefficients"", ""single-pulse radical decay with no continuous source"", ""first-order H2O2 loss when enabled""]",True,illustrative single-pulse molar concentration,M except time_s and rate fields,"Fixed pH, rapid equilibrium, constant SOD and rates, single pulse; not continuously driven cellular ROS.",1d8208b504af787754e184f77640f85675b5b634,01e64b526ae9ed2d5f192ae14068302e806c1e8b44576f4b4eb4b5f83a8e8039,configs/doxorubicin_parameters.json,b14b641f69afb70af9ff7557a062c2ce00e0b0cb74381ba69fcfaad4f17f04af,configs/parameter_provenance.csv,86c4261fcb9616a643db79340fe0b7398ba10a5c46464e67e8b697bcfc3a4ec9
sod_mediated,SOD-mediated,0.018750000000000003,1e-05,5.960112145510957e-06,1.794505771969144e-08,5.942167087791265e-06,2.019943927244522e-06,0.0,1e-05,0.0,7.4,4.88,760000.0,85000000.0,2370000000.0,1e-08,,analytic Riccati radical-pool solution plus integrating-factor adaptive quadrature for H2O2,241,"[""fixed pH"", ""rapid HO2/O2-minus acid-base equilibrium"", ""constant SOD concentration"", ""constant elementary rate coefficients"", ""single-pulse radical decay with no continuous source"", ""first-order H2O2 loss when enabled""]",True,illustrative single-pulse molar concentration,M except time_s and rate fields,"Fixed pH, rapid equilibrium, constant SOD and rates, single pulse; not continuously driven cellular ROS.",1d8208b504af787754e184f77640f85675b5b634,01e64b526ae9ed2d5f192ae14068302e806c1e8b44576f4b4eb4b5f83a8e8039,configs/doxorubicin_parameters.json,b14b641f69afb70af9ff7557a062c2ce00e0b0cb74381ba69fcfaad4f17f04af,configs/parameter_provenance.csv,86c4261fcb9616a643db79340fe0b7398ba10a5c46464e67e8b697bcfc3a4ec9
sod_mediated,SOD-mediated,0.01916666666666667,1e-05,5.894287884455818e-06,1.774687014617738e-08,5.876541014309641e-06,2.0528560577720913e-06,0.0,1e-05,0.0,7.4,4.88,760000.0,85000000.0,2370000000.0,1e-08,,analytic Riccati radical-pool solution plus integrating-factor adaptive quadrature for H2O2,241,"[""fixed pH"", ""rapid HO2/O2-minus acid-base equilibrium"", ""constant SOD concentration"", ""constant elementary rate coefficients"", ""single-pulse radical decay with no continuous source"", ""first-order H2O2 loss when enabled""]",True,illustrative single-pulse molar concentration,M except time_s and rate fields,"Fixed pH, rapid equilibrium, constant SOD and rates, single pulse; not continuously driven cellular ROS.",1d8208b504af787754e184f77640f85675b5b634,01e64b526ae9ed2d5f192ae14068302e806c1e8b44576f4b4eb4b5f83a8e8039,configs/doxorubicin_parameters.json,b14b641f69afb70af9ff7557a062c2ce00e0b0cb74381ba69fcfaad4f17f04af,configs/parameter_provenance.csv,86c4261fcb9616a643db79340fe0b7398ba10a5c46464e67e8b697bcfc3a4ec9
sod_mediated,SOD-mediated,0.019583333333333335,1e-05,5.829271681408541e-06,1.7551115521446482e-08,5.811720565887095e-06,2.0853641592957298e-06,0.0,1e-05,0.0,7.4,4.88,760000.0,85000000.0,2370000000.0,1e-08,,analytic Riccati radical-pool solution plus integrating-factor adaptive quadrature for H2O2,241,"[""fixed pH"", ""rapid HO2/O2-minus acid-base equilibrium"", ""constant SOD concentration"", ""constant elementary rate coefficients"", ""single-pulse radical decay with no continuous source"", ""first-order H2O2 loss when enabled""]",True,illustrative single-pulse molar concentration,M except time_s and rate fields,"Fixed pH, rapid equilibrium, constant SOD and rates, single pulse; not continuously driven cellular ROS.",1d8208b504af787754e184f77640f85675b5b634,01e64b526ae9ed2d5f192ae14068302e806c1e8b44576f4b4eb4b5f83a8e8039,configs/doxorubicin_parameters.json,b14b641f69afb70af9ff7557a062c2ce00e0b0cb74381ba69fcfaad4f17f04af,configs/parameter_provenance.csv,86c4261fcb9616a643db79340fe0b7398ba10a5c46464e67e8b697bcfc3a4ec9
sod_mediated,SOD-mediated,0.02,1e-05,5.765051841003645e-06,1.7357758632401497e-08,5.747694082371243e-06,2.117474079498178e-06,0.0,1e-05,0.0,7.4,4.88,760000.0,85000000.0,2370000000.0,1e-08,,analytic Riccati radical-pool solution plus integrating-factor adaptive quadrature for H2O2,241,"[""fixed pH"", ""rapid HO2/O2-minus acid-base equilibrium"", ""constant SOD concentration"", ""constant elementary rate coefficients"", ""single-pulse radical decay with no continuous source"", ""first-order H2O2 loss when enabled""]",True,illustrative single-pulse molar concentration,M except time_s and rate fields,"Fixed pH, rapid equilibrium, constant SOD and rates, single pulse; not continuously driven cellular ROS.",1d8208b504af787754e184f77640f85675b5b634,01e64b526ae9ed2d5f192ae14068302e806c1e8b44576f4b4eb4b5f83a8e8039,configs/doxorubicin_parameters.json,b14b641f69afb70af9ff7557a062c2ce00e0b0cb74381ba69fcfaad4f17f04af,configs/parameter_provenance.csv,86c4261fcb9616a643db79340fe0b7398ba10a5c46464e67e8b697bcfc3a4ec9
sod_mediated,SOD-mediated,0.020416666666666666,1e-05,5.701616876382344e-06,1.716676489372945e-08,5.684450111488615e-06,2.1491915618088283e-06,0.0,1e-05,0.0,7.4,4.88,760000.0,85000000.0,2370000000.0,1e-08,,analytic Riccati radical-pool solution plus integrating-factor adaptive quadrature for H2O2,241,"[""fixed pH"", ""rapid HO2/O2-minus acid-base equilibrium"", ""constant SOD concentration"", ""constant elementary rate coefficients"", ""single-pulse radical decay with no continuous source"", ""first-order H2O2 loss when enabled""]",True,illustrative single-pulse molar concentration,M except time_s and rate fields,"Fixed pH, rapid equilibrium, constant SOD and rates, single pulse; not continuously driven cellular ROS.",1d8208b504af787754e184f77640f85675b5b634,01e64b526ae9ed2d5f192ae14068302e806c1e8b44576f4b4eb4b5f83a8e8039,configs/doxorubicin_parameters.json,b14b641f69afb70af9ff7557a062c2ce00e0b0cb74381ba69fcfaad4f17f04af,configs/parameter_provenance.csv,86c4261fcb9616a643db79340fe0b7398ba10a5c46464e67e8b697bcfc3a4ec9
sod_mediated,SOD-mediated,0.020833333333333336,1e-05,5.638955504601443e-06,1.697810033407846e-08,5.621977404267364e-06,2.180522247699279e-06,0.0,1e-05,0.0,7.4,4.88,760000.0,85000000.0,2370000000.0,1e-08,,analytic Riccati radical-pool solution plus integrating-factor adaptive quadrature for H2O2,241,"[""fixed pH"", ""rapid HO2/O2-minus acid-base equilibrium"", ""constant SOD concentration"", ""constant elementary rate coefficients"", ""single-pulse radical decay with no continuous source"", ""first-order H2O2 loss when enabled""]",True,illustrative single-pulse molar concentration,M except time_s and rate fields,"Fixed pH, rapid equilibrium, constant SOD and rates, single pulse; not continuously driven cellular ROS.",1d8208b504af787754e184f77640f85675b5b634,01e64b526ae9ed2d5f192ae14068302e806c1e8b44576f4b4eb4b5f83a8e8039,configs/doxorubicin_parameters.json,b14b641f69afb70af9ff7557a062c2ce00e0b0cb74381ba69fcfaad4f17f04af,configs/parameter_provenance.csv,86c4261fcb9616a643db79340fe0b7398ba10a5c46464e67e8b697bcfc3a4ec9
sod_mediated,SOD-mediated,0.02125,1e-05,5.577056642163635e-06,1.6791731582600133e-08,5.560264910581035e-06,2.2114716789181828e-06,0.0,1e-05,0.0,7.4,4.88,760000.0,85000000.0,2370000000.0,1e-08,,analytic Riccati radical-pool solution plus integrating-factor adaptive quadrature for H2O2,241,"[""fixed pH"", ""rapid HO2/O2-minus acid-base equilibrium"", ""constant SOD concentration"", ""constant elementary rate coefficients"", ""single-pulse radical decay with no continuous source"", ""first-order H2O2 loss when enabled""]",True,illustrative single-pulse molar concentration,M except time_s and rate fields,"Fixed pH, rapid equilibrium, constant SOD and rates, single pulse; not continuously driven cellular ROS.",1d8208b504af787754e184f77640f85675b5b634,01e64b526ae9ed2d5f192ae14068302e806c1e8b44576f4b4eb4b5f83a8e8039,configs/doxorubicin_parameters.json,b14b641f69afb70af9ff7557a062c2ce00e0b0cb74381ba69fcfaad4f17f04af,configs/parameter_provenance.csv,86c4261fcb9616a643db79340fe0b7398ba10a5c46464e67e8b697bcfc3a4ec9
sod_mediated,SOD-mediated,0.021666666666666667,1e-05,5.515909400665467e-06,1.6607625855846148e-08,5.499301774809621e-06,2.2420452996672667e-06,0.0,1e-05,0.0,7.4,4.88,760000.0,85000000.0,2370000000.0,1e-08,,analytic Riccati radical-pool solution plus integrating-factor adaptive quadrature for H2O2,241,"[""fixed pH"", ""rapid HO2/O2-minus acid-base equilibrium"", ""constant SOD concentration"", ""constant elementary rate coefficients"", ""single-pulse radical decay with no continuous source"", ""first-order H2O2 loss when enabled""]",True,illustrative single-pulse molar concentration,M except time_s and rate fields,"Fixed pH, rapid equilibrium, constant SOD and rates, single pulse; not continuously driven cellular ROS.",1d8208b504af787754e184f77640f85675b5b634,01e64b526ae9ed2d5f192ae14068302e806c1e8b44576f4b4eb4b5f83a8e8039,configs/doxorubicin_parameters.json,b14b641f69afb70af9ff7557a062c2ce00e0b0cb74381ba69fcfaad4f17f04af,configs/parameter_provenance.csv,86c4261fcb9616a643db79340fe0b7398ba10a5c46464e67e8b697bcfc3a4ec9
sod_mediated,SOD-mediated,0.022083333333333333,1e-05,5.455503082559331e-06,1.6425750945008253e-08,5.439077331614323e-06,2.272248458720335e-06,0.0,1e-05,0.0,7.4,4.88,760000.0,85000000.0,2370000000.0,1e-08,,analytic Riccati radical-pool solution plus integrating-factor adaptive quadrature for H2O2,241,"[""fixed pH"", ""rapid HO2/O2-minus acid-base equilibrium"", ""constant SOD concentration"", ""constant elementary rate coefficients"", ""single-pulse radical decay with no continuous source"", ""first-order H2O2 loss when enabled""]",True,illustrative single-pulse molar concentration,M except time_s and rate fields,"Fixed pH, rapid equilibrium, constant SOD and rates, single pulse; not continuously driven cellular ROS.",1d8208b504af787754e184f77640f85675b5b634,01e64b526ae9ed2d5f192ae14068302e806c1e8b44576f4b4eb4b5f83a8e8039,configs/doxorubicin_parameters.json,b14b641f69afb70af9ff7557a062c2ce00e0b0cb74381ba69fcfaad4f17f04af,configs/parameter_provenance.csv,86c4261fcb9616a643db79340fe0b7398ba10a5c46464e67e8b697bcfc3a4ec9
sod_mediated,SOD-mediated,0.022500000000000003,1e-05,5.395827177026071e-06,1.6246075203491244e-08,5.379581101822579e-06,2.302086411486965e-06,0.0,1e-05,0.0,7.4,4.88,760000.0,85000000.0,2370000000.0,1e-08,,analytic Riccati radical-pool solution plus integrating-factor adaptive quadrature for H2O2,241,"[""fixed pH"", ""rapid HO2/O2-minus acid-base equilibrium"", ""constant SOD concentration"", ""constant elementary rate coefficients"", ""single-pulse radical decay with no continuous source"", ""first-order H2O2 loss when enabled""]",True,illustrative single-pulse molar concentration,M except time_s and rate fields,"Fixed pH, rapid equilibrium, constant SOD and rates, single pulse; not continuously driven cellular ROS.",1d8208b504af787754e184f77640f85675b5b634,01e64b526ae9ed2d5f192ae14068302e806c1e8b44576f4b4eb4b5f83a8e8039,configs/doxorubicin_parameters.json,b14b641f69afb70af9ff7557a062c2ce00e0b0cb74381ba69fcfaad4f17f04af,configs/parameter_provenance.csv,86c4261fcb9616a643db79340fe0b7398ba10a5c46464e67e8b697bcfc3a4ec9
sod_mediated,SOD-mediated,0.02291666666666667,1e-05,5.336871355954767e-06,1.6068567534808673e-08,5.320802788419958e-06,2.331564322022617e-06,0.0,1e-05,0.0,7.4,4.88,760000.0,85000000.0,2370000000.0,1e-08,,analytic Riccati radical-pool solution plus integrating-factor adaptive quadrature for H2O2,241,"[""fixed pH"", ""rapid HO2/O2-minus acid-base equilibrium"", ""constant SOD concentration"", ""constant elementary rate coefficients"", ""single-pulse radical decay with no continuous source"", ""first-order H2O2 loss when enabled""]",True,illustrative single-pulse molar concentration,M except time_s and rate fields,"Fixed pH, rapid equilibrium, constant SOD and rates, single pulse; not continuously driven cellular ROS.",1d8208b504af787754e184f77640f85675b5b634,01e64b526ae9ed2d5f192ae14068302e806c1e8b44576f4b4eb4b5f83a8e8039,configs/doxorubicin_parameters.json,b14b641f69afb70af9ff7557a062c2ce00e0b0cb74381ba69fcfaad4f17f04af,configs/parameter_provenance.csv,86c4261fcb9616a643db79340fe0b7398ba10a5c46464e67e8b697bcfc3a4ec9
sod_mediated,SOD-mediated,0.023333333333333334,1e-05,5.27862547002652e-06,1.5893197380791654e-08,5.262732272645728e-06,2.3606872649867405e-06,0.0,1e-05,0.0,7.4,4.88,760000.0,85000000.0,2370000000.0,1e-08,,analytic Riccati radical-pool solution plus integrating-factor adaptive quadrature for H2O2,241,"[""fixed pH"", ""rapid HO2/O2-minus acid-base equilibrium"", ""constant SOD concentration"", ""constant elementary rate coefficients"", ""single-pulse radical decay with no continuous source"", ""first-order H2O2 loss when enabled""]",True,illustrative single-pulse molar concentration,M except time_s and rate fields,"Fixed pH, rapid equilibrium, constant SOD and rates, single pulse; not continuously driven cellular ROS.",1d8208b504af787754e184f77640f85675b5b634,01e64b526ae9ed2d5f192ae14068302e806c1e8b44576f4b4eb4b5f83a8e8039,configs/doxorubicin_parameters.json,b14b641f69afb70af9ff7557a062c2ce00e0b0cb74381ba69fcfaad4f17f04af,configs/parameter_provenance.csv,86c4261fcb9616a643db79340fe0b7398ba10a5c46464e67e8b697bcfc3a4ec9
sod_mediated,SOD-mediated,0.02375,1e-05,5.22107954489907e-06,1.5719934710101316e-08,5.205359610188969e-06,2.3894602275504655e-06,0.0,1e-05,0.0,7.4,4.88,760000.0,85000000.0,2370000000.0,1e-08,,analytic Riccati radical-pool solution plus integrating-factor adaptive quadrature for H2O2,241,"[""fixed pH"", ""rapid HO2/O2-minus acid-base equilibrium"", ""constant SOD concentration"", ""constant elementary rate coefficients"", ""single-pulse radical decay with no continuous source"", ""first-order H2O2 loss when enabled""]",True,illustrative single-pulse molar concentration,M except time_s and rate fields,"Fixed pH, rapid equilibrium, constant SOD and rates, single pulse; not continuously driven cellular ROS.",1d8208b504af787754e184f77640f85675b5b634,01e64b526ae9ed2d5f192ae14068302e806c1e8b44576f4b4eb4b5f83a8e8039,configs/doxorubicin_parameters.json,b14b641f69afb70af9ff7557a062c2ce00e0b0cb74381ba69fcfaad4f17f04af,configs/parameter_provenance.csv,86c4261fcb9616a643db79340fe0b7398ba10a5c46464e67e8b697bcfc3a4ec9
sod_mediated,SOD-mediated,0.02416666666666667,1e-05,5.164223777489229e-06,1.5548750007035723e-08,5.1486750274821935e-06,2.417888111255386e-06,0.0,1e-05,0.0,7.4,4.88,760000.0,85000000.0,2370000000.0,1e-08,,analytic Riccati radical-pool solution plus integrating-factor adaptive quadrature for H2O2,241,"[""fixed pH"", ""rapid HO2/O2-minus acid-base equilibrium"", ""constant SOD concentration"", ""constant elementary rate coefficients"", ""single-pulse radical decay with no continuous source"", ""first-order H2O2 loss when enabled""]",True,illustrative single-pulse molar concentration,M except time_s and rate fields,"Fixed pH, rapid equilibrium, constant SOD and rates, single pulse; not continuously driven cellular ROS.",1d8208b504af787754e184f77640f85675b5b634,01e64b526ae9ed2d5f192ae14068302e806c1e8b44576f4b4eb4b5f83a8e8039,configs/doxorubicin_parameters.json,b14b641f69afb70af9ff7557a062c2ce00e0b0cb74381ba69fcfaad4f17f04af,configs/parameter_provenance.csv,86c4261fcb9616a643db79340fe0b7398ba10a5c46464e67e8b697bcfc3a4ec9
sod_mediated,SOD-mediated,0.024583333333333336,1e-05,5.1080485323502154e-06,1.5379614260622514e-08,5.092668918089593e-06,2.4459757338248927e-06,0.0,1e-05,0.0,7.4,4.88,760000.0,85000000.0,2370000000.0,1e-08,,analytic Riccati radical-pool solution plus integrating-factor adaptive quadrature for H2O2,241,"[""fixed pH"", ""rapid HO2/O2-minus acid-base equilibrium"", ""constant SOD concentration"", ""constant elementary rate coefficients"", ""single-pulse radical decay with no continuous source"", ""first-order H2O2 loss when enabled""]",True,illustrative single-pulse molar concentration,M except time_s and rate fields,"Fixed pH, rapid equilibrium, constant SOD and rates, single pulse; not continuously driven cellular ROS.",1d8208b504af787754e184f77640f85675b5b634,01e64b526ae9ed2d5f192ae14068302e806c1e8b44576f4b4eb4b5f83a8e8039,configs/doxorubicin_parameters.json,b14b641f69afb70af9ff7557a062c2ce00e0b0cb74381ba69fcfaad4f17f04af,configs/parameter_provenance.csv,86c4261fcb9616a643db79340fe0b7398ba10a5c46464e67e8b697bcfc3a4ec9
sod_mediated,SOD-mediated,0.025,1e-05,5.052544338141066e-06,1.521249895398884e-08,5.0373318391870766e-06,2.4737278309294675e-06,0.0,1e-05,0.0,7.4,4.88,760000.0,85000000.0,2370000000.0,1e-08,,analytic Riccati radical-pool solution plus integrating-factor adaptive quadrature for H2O2,241,"[""fixed pH"", ""rapid HO2/O2-minus acid-base equilibrium"", ""constant SOD concentration"", ""constant elementary rate coefficients"", ""single-pulse radical decay with no continuous source"", ""first-order H2O2 loss when enabled""]",True,illustrative single-pulse molar concentration,M except time_s and rate fields,"Fixed pH, rapid equilibrium, constant SOD and rates, single pulse; not continuously driven cellular ROS.",1d8208b504af787754e184f77640f85675b5b634,01e64b526ae9ed2d5f192ae14068302e806c1e8b44576f4b4eb4b5f83a8e8039,configs/doxorubicin_parameters.json,b14b641f69afb70af9ff7557a062c2ce00e0b0cb74381ba69fcfaad4f17f04af,configs/parameter_provenance.csv,86c4261fcb9616a643db79340fe0b7398ba10a5c46464e67e8b697bcfc3a4ec9
sod_mediated,SOD-mediated,0.025416666666666667,1e-05,4.997701884185398e-06,1.504737605400025e-08,4.982654508131397e-06,2.5011490579073015e-06,0.0,1e-05,0.0,7.4,4.88,760000.0,85000000.0,2370000000.0,1e-08,,analytic Riccati radical-pool solution plus integrating-factor adaptive quadrature for H2O2,241,"[""fixed pH"", ""rapid HO2/O2-minus acid-base equilibrium"", ""constant SOD concentration"", ""constant elementary rate coefficients"", ""single-pulse radical decay with no continuous source"", ""first-order H2O2 loss when enabled""]",True,illustrative single-pulse molar concentration,M except time_s and rate fields,"Fixed pH, rapid equilibrium, constant SOD and rates, single pulse; not continuously driven cellular ROS.",1d8208b504af787754e184f77640f85675b5b634,01e64b526ae9ed2d5f192ae14068302e806c1e8b44576f4b4eb4b5f83a8e8039,configs/doxorubicin_parameters.json,b14b641f69afb70af9ff7557a062c2ce00e0b0cb74381ba69fcfaad4f17f04af,configs/parameter_provenance.csv,86c4261fcb9616a643db79340fe0b7398ba10a5c46464e67e8b697bcfc3a4ec9
sod_mediated,SOD-mediated,0.025833333333333337,1e-05,4.9435120171168855e-06,1.4884218001160711e-08,4.9286277991157245e-06,2.5282439914415577e-06,0.0,1e-05,0.0,7.4,4.88,760000.0,85000000.0,2370000000.0,1e-08,,analytic Riccati radical-pool solution plus integrating-factor adaptive quadrature for H2O2,241,"[""fixed pH"", ""rapid HO2/O2-minus acid-base equilibrium"", ""constant SOD concentration"", ""constant elementary rate coefficients"", ""single-pulse radical decay with no continuous source"", ""first-order H2O2 loss when enabled""]",True,illustrative single-pulse molar concentration,M except time_s and rate fields,"Fixed pH, rapid equilibrium, constant SOD and rates, single pulse; not continuously driven cellular ROS.",1d8208b504af787754e184f77640f85675b5b634,01e64b526ae9ed2d5f192ae14068302e806c1e8b44576f4b4eb4b5f83a8e8039,configs/doxorubicin_parameters.json,b14b641f69afb70af9ff7557a062c2ce00e0b0cb74381ba69fcfaad4f17f04af,configs/parameter_provenance.csv,86c4261fcb9616a643db79340fe0b7398ba10a5c46464e67e8b697bcfc3a4ec9
sod_mediated,SOD-mediated,0.026250000000000002,1e-05,4.889965737608912e-06,1.472299769976604e-08,4.8752427399091455e-06,2.5550171311955444e-06,0.0,1e-05,0.0,7.4,4.88,760000.0,85000000.0,2370000000.0,1e-08,,analytic Riccati radical-pool solution plus integrating-factor adaptive quadrature for H2O2,241,"[""fixed pH"", ""rapid HO2/O2-minus acid-base equilibrium"", ""constant SOD concentration"", ""constant elementary rate coefficients"", ""single-pulse radical decay with no continuous source"", ""first-order H2O2 loss when enabled""]",True,illustrative single-pulse molar concentration,M except time_s and rate fields,"Fixed pH, rapid equilibrium, constant SOD and rates, single pulse; not continuously driven cellular ROS.",1d8208b504af787754e184f77640f85675b5b634,01e64b526ae9ed2d5f192ae14068302e806c1e8b44576f4b4eb4b5f83a8e8039,configs/doxorubicin_parameters.json,b14b641f69afb70af9ff7557a062c2ce00e0b0cb74381ba69fcfaad4f17f04af,configs/parameter_provenance.csv,86c4261fcb9616a643db79340fe0b7398ba10a5c46464e67e8b697bcfc3a4ec9
sod_mediated,SOD-mediated,0.02666666666666667,1e-05,4.837054197185928e-06,1.4563688508303364e-08,4.822490508677625e-06,2.5814729014070362e-06,0.0,1e-05,0.0,7.4,4.88,760000.0,85000000.0,2370000000.0,1e-08,,analytic Riccati radical-pool solution plus integrating-factor adaptive quadrature for H2O2,241,"[""fixed pH"", ""rapid HO2/O2-minus acid-base equilibrium"", ""constant SOD concentration"", ""constant elementary rate coefficients"", ""single-pulse radical decay with no continuous source"", ""first-order H2O2 loss when enabled""]",True,illustrative single-pulse molar concentration,M except time_s and rate fields,"Fixed pH, rapid equilibrium, constant SOD and rates, single pulse; not continuously driven cellular ROS.",1d8208b504af787754e184f77640f85675b5b634,01e64b526ae9ed2d5f192ae14068302e806c1e8b44576f4b4eb4b5f83a8e8039,configs/doxorubicin_parameters.json,b14b641f69afb70af9ff7557a062c2ce00e0b0cb74381ba69fcfaad4f17f04af,configs/parameter_provenance.csv,86c4261fcb9616a643db79340fe0b7398ba10a5c46464e67e8b697bcfc3a4ec9
sod_mediated,SOD-mediated,0.027083333333333334,1e-05,4.784768695114137e-06,1.44062642300894e-08,4.770362430884047e-06,2.607615652442932e-06,0.0,1e-05,0.0,7.4,4.88,760000.0,85000000.0,2370000000.0,1e-08,,analytic Riccati radical-pool solution plus integrating-factor adaptive quadrature for H2O2,241,"[""fixed pH"", ""rapid HO2/O2-minus acid-base equilibrium"", ""constant SOD concentration"", ""constant elementary rate coefficients"", ""single-pulse radical decay with no continuous source"", ""first-order H2O2 loss when enabled""]",True,illustrative single-pulse molar concentration,M except time_s and rate fields,"Fixed pH, rapid equilibrium, constant SOD and rates, single pulse; not continuously driven cellular ROS.",1d8208b504af787754e184f77640f85675b5b634,01e64b526ae9ed2d5f192ae14068302e806c1e8b44576f4b4eb4b5f83a8e8039,configs/doxorubicin_parameters.json,b14b641f69afb70af9ff7557a062c2ce00e0b0cb74381ba69fcfaad4f17f04af,configs/parameter_provenance.csv,86c4261fcb9616a643db79340fe0b7398ba10a5c46464e67e8b697bcfc3a4ec9
sod_mediated,SOD-mediated,0.0275,1e-05,4.733100675369222e-06,1.4250699104140722e-08,4.718849976265081e-06,2.6334496623153893e-06,0.0,1e-05,0.0,7.4,4.88,760000.0,85000000.0,2370000000.0,1e-08,,analytic Riccati radical-pool solution plus integrating-factor adaptive quadrature for H2O2,241,"[""fixed pH"", ""rapid HO2/O2-minus acid-base equilibrium"", ""constant SOD concentration"", ""constant elementary rate coefficients"", ""single-pulse radical decay with no continuous source"", ""first-order H2O2 loss when enabled""]",True,illustrative single-pulse molar concentration,M except time_s and rate fields,"Fixed pH, rapid equilibrium, constant SOD and rates, single pulse; not continuously driven cellular ROS.",1d8208b504af787754e184f77640f85675b5b634,01e64b526ae9ed2d5f192ae14068302e806c1e8b44576f4b4eb4b5f83a8e8039,configs/doxorubicin_parameters.json,b14b641f69afb70af9ff7557a062c2ce00e0b0cb74381ba69fcfaad4f17f04af,configs/parameter_provenance.csv,86c4261fcb9616a643db79340fe0b7398ba10a5c46464e67e8b697bcfc3a4ec9
sod_mediated,SOD-mediated,0.02791666666666667,1e-05,4.682041723678876e-06,1.4096967796269224e-08,4.667944755882606e-06,2.6589791381605625e-06,0.0,1e-05,0.0,7.4,4.88,760000.0,85000000.0,2370000000.0,1e-08,,analytic Riccati radical-pool solution plus integrating-factor adaptive quadrature for H2O2,241,"[""fixed pH"", ""rapid HO2/O2-minus acid-base equilibrium"", ""constant SOD concentration"", ""constant elementary rate coefficients"", ""single-pulse radical decay with no continuous source"", ""first-order H2O2 loss when enabled""]",True,illustrative single-pulse molar concentration,M except time_s and rate fields,"Fixed pH, rapid equilibrium, constant SOD and rates, single pulse; not continuously driven cellular ROS.",1d8208b504af787754e184f77640f85675b5b634,01e64b526ae9ed2d5f192ae14068302e806c1e8b44576f4b4eb4b5f83a8e8039,configs/doxorubicin_parameters.json,b14b641f69afb70af9ff7557a062c2ce00e0b0cb74381ba69fcfaad4f17f04af,configs/parameter_provenance.csv,86c4261fcb9616a643db79340fe0b7398ba10a5c46464e67e8b697bcfc3a4ec9
sod_mediated,SOD-mediated,0.028333333333333335,1e-05,4.631583564637983e-06,1.3945045390396343e-08,4.617638519247586e-06,2.684208217681009e-06,0.0,1e-05,0.0,7.4,4.88,760000.0,85000000.0,2370000000.0,1e-08,,analytic Riccati radical-pool solution plus integrating-factor adaptive quadrature for H2O2,241,"[""fixed pH"", ""rapid HO2/O2-minus acid-base equilibrium"", ""constant SOD concentration"", ""constant elementary rate coefficients"", ""single-pulse radical decay with no continuous source"", ""first-order H2O2 loss when enabled""]",True,illustrative single-pulse molar concentration,M except time_s and rate fields,"Fixed pH, rapid equilibrium, constant SOD and rates, single pulse; not continuously driven cellular ROS.",1d8208b504af787754e184f77640f85675b5b634,01e64b526ae9ed2d5f192ae14068302e806c1e8b44576f4b4eb4b5f83a8e8039,configs/doxorubicin_parameters.json,b14b641f69afb70af9ff7557a062c2ce00e0b0cb74381ba69fcfaad4f17f04af,configs/parameter_provenance.csv,86c4261fcb9616a643db79340fe0b7398ba10a5c46464e67e8b697bcfc3a4ec9
sod_mediated,SOD-mediated,0.02875,1e-05,4.581718058894383e-06,1.3794907380079796e-08,4.567923151514303e-06,2.709140970552809e-06,0.0,1e-05,0.0,7.4,4.88,760000.0,85000000.0,2370000000.0,1e-08,,analytic Riccati radical-pool solution plus integrating-factor adaptive quadrature for H2O2,241,"[""fixed pH"", ""rapid HO2/O2-minus acid-base equilibrium"", ""constant SOD concentration"", ""constant elementary rate coefficients"", ""single-pulse radical decay with no continuous source"", ""first-order H2O2 loss when enabled""]",True,illustrative single-pulse molar concentration,M except time_s and rate fields,"Fixed pH, rapid equilibrium, constant SOD and rates, single pulse; not continuously driven cellular ROS.",1d8208b504af787754e184f77640f85675b5b634,01e64b526ae9ed2d5f192ae14068302e806c1e8b44576f4b4eb4b5f83a8e8039,configs/doxorubicin_parameters.json,b14b641f69afb70af9ff7557a062c2ce00e0b0cb74381ba69fcfaad4f17f04af,configs/parameter_provenance.csv,86c4261fcb9616a643db79340fe0b7398ba10a5c46464e67e8b697bcfc3a4ec9
sod_mediated,SOD-mediated,0.029166666666666667,1e-05,4.532437200403195e-06,1.3646529660246724e-08,4.518790670742948e-06,2.733781399798403e-06,0.0,1e-05,0.0,7.4,4.88,760000.0,85000000.0,2370000000.0,1e-08,,analytic Riccati radical-pool solution plus integrating-factor adaptive quadrature for H2O2,241,"[""fixed pH"", ""rapid HO2/O2-minus acid-base equilibrium"", ""constant SOD concentration"", ""constant elementary rate coefficients"", ""single-pulse radical decay with no continuous source"", ""first-order H2O2 loss when enabled""]",True,illustrative single-pulse molar concentration,M except time_s and rate fields,"Fixed pH, rapid equilibrium, constant SOD and rates, single pulse; not continuously driven cellular ROS.",1d8208b504af787754e184f77640f85675b5b634,01e64b526ae9ed2d5f192ae14068302e806c1e8b44576f4b4eb4b5f83a8e8039,configs/doxorubicin_parameters.json,b14b641f69afb70af9ff7557a062c2ce00e0b0cb74381ba69fcfaad4f17f04af,configs/parameter_provenance.csv,86c4261fcb9616a643db79340fe0b7398ba10a5c46464e67e8b697bcfc3a4ec9
sod_mediated,SOD-mediated,0.029583333333333336,1e-05,4.483733113747754e-06,1.3499888519127423e-08,4.470233225228627e-06,2.7581334431261234e-06,0.0,1e-05,0.0,7.4,4.88,760000.0,85000000.0,2370000000.0,1e-08,,analytic Riccati radical-pool solution plus integrating-factor adaptive quadrature for H2O2,241,"[""fixed pH"", ""rapid HO2/O2-minus acid-base equilibrium"", ""constant SOD concentration"", ""constant elementary rate coefficients"", ""single-pulse radical decay with no continuous source"", ""first-order H2O2 loss when enabled""]",True,illustrative single-pulse molar concentration,M except time_s and rate fields,"Fixed pH, rapid equilibrium, constant SOD and rates, single pulse; not continuously driven cellular ROS.",1d8208b504af787754e184f77640f85675b5b634,01e64b526ae9ed2d5f192ae14068302e806c1e8b44576f4b4eb4b5f83a8e8039,configs/doxorubicin_parameters.json,b14b641f69afb70af9ff7557a062c2ce00e0b0cb74381ba69fcfaad4f17f04af,configs/parameter_provenance.csv,86c4261fcb9616a643db79340fe0b7398ba10a5c46464e67e8b697bcfc3a4ec9
sod_mediated,SOD-mediated,0.030000000000000002,1e-05,4.43559805152529e-06,1.335496063038398e-08,4.422243090894906e-06,2.7822009742373553e-06,0.0,1e-05,0.0,7.4,4.88,760000.0,85000000.0,2370000000.0,1e-08,,analytic Riccati radical-pool solution plus integrating-factor adaptive quadrature for H2O2,241,"[""fixed pH"", ""rapid HO2/O2-minus acid-base equilibrium"", ""constant SOD concentration"", ""constant elementary rate coefficients"", ""single-pulse radical decay with no continuous source"", ""first-order H2O2 loss when enabled""]",True,illustrative single-pulse molar concentration,M except time_s and rate fields,"Fixed pH, rapid equilibrium, constant SOD and rates, single pulse; not continuously driven cellular ROS.",1d8208b504af787754e184f77640f85675b5b634,01e64b526ae9ed2d5f192ae14068302e806c1e8b44576f4b4eb4b5f83a8e8039,configs/doxorubicin_parameters.json,b14b641f69afb70af9ff7557a062c2ce00e0b0cb74381ba69fcfaad4f17f04af,configs/parameter_provenance.csv,86c4261fcb9616a643db79340fe0b7398ba10a5c46464e67e8b697bcfc3a4ec9
sod_mediated,SOD-mediated,0.030416666666666668,1e-05,4.388024391795497e-06,1.3211723045428285e-08,4.374812668750069e-06,2.805987804102252e-06,0.0,1e-05,0.0,7.4,4.88,760000.0,85000000.0,2370000000.0,1e-08,,analytic Riccati radical-pool solution plus integrating-factor adaptive quadrature for H2O2,241,"[""fixed pH"", ""rapid HO2/O2-minus acid-base equilibrium"", ""constant SOD concentration"", ""constant elementary rate coefficients"", ""single-pulse radical decay with no continuous source"", ""first-order H2O2 loss when enabled""]",True,illustrative single-pulse molar concentration,M except time_s and rate fields,"Fixed pH, rapid equilibrium, constant SOD and rates, single pulse; not continuously driven cellular ROS.",1d8208b504af787754e184f77640f85675b5b634,01e64b526ae9ed2d5f192ae14068302e806c1e8b44576f4b4eb4b5f83a8e8039,configs/doxorubicin_parameters.json,b14b641f69afb70af9ff7557a062c2ce00e0b0cb74381ba69fcfaad4f17f04af,configs/parameter_provenance.csv,86c4261fcb9616a643db79340fe0b7398ba10a5c46464e67e8b697bcfc3a4ec9
sod_mediated,SOD-mediated,0.030833333333333334,1e-05,4.341004635590262e-06,1.3070153185924168e-08,4.327934482404338e-06,2.8294976822048694e-06,0.0,1e-05,0.0,7.4,4.88,760000.0,85000000.0,2370000000.0,1e-08,,analytic Riccati radical-pool solution plus integrating-factor adaptive quadrature for H2O2,241,"[""fixed pH"", ""rapid HO2/O2-minus acid-base equilibrium"", ""constant SOD concentration"", ""constant elementary rate coefficients"", ""single-pulse radical decay with no continuous source"", ""first-order H2O2 loss when enabled""]",True,illustrative single-pulse molar concentration,M except time_s and rate fields,"Fixed pH, rapid equilibrium, constant SOD and rates, single pulse; not continuously driven cellular ROS.",1d8208b504af787754e184f77640f85675b5b634,01e64b526ae9ed2d5f192ae14068302e806c1e8b44576f4b4eb4b5f83a8e8039,configs/doxorubicin_parameters.json,b14b641f69afb70af9ff7557a062c2ce00e0b0cb74381ba69fcfaad4f17f04af,configs/parameter_provenance.csv,86c4261fcb9616a643db79340fe0b7398ba10a5c46464e67e8b697bcfc3a4ec9
sod_mediated,SOD-mediated,0.03125,1e-05,4.2945314044828114e-06,1.2930228836468447e-08,4.281601175646343e-06,2.8527342977585947e-06,0.0,1e-05,0.0,7.4,4.88,760000.0,85000000.0,2370000000.0,1e-08,,analytic Riccati radical-pool solution plus integrating-factor adaptive quadrature for H2O2,241,"[""fixed pH"", ""rapid HO2/O2-minus acid-base equilibrium"", ""constant SOD concentration"", ""constant elementary rate coefficients"", ""single-pulse radical decay with no continuous source"", ""first-order H2O2 loss when enabled""]",True,illustrative single-pulse molar concentration,M except time_s and rate fields,"Fixed pH, rapid equilibrium, constant SOD and rates, single pulse; not continuously driven cellular ROS.",1d8208b504af787754e184f77640f85675b5b634,01e64b526ae9ed2d5f192ae14068302e806c1e8b44576f4b4eb4b5f83a8e8039,configs/doxorubicin_parameters.json,b14b641f69afb70af9ff7557a062c2ce00e0b0cb74381ba69fcfaad4f17f04af,configs/parameter_provenance.csv,86c4261fcb9616a643db79340fe0b7398ba10a5c46464e67e8b697bcfc3a4ec9
sod_mediated,SOD-mediated,0.03166666666666667,1e-05,4.2485974382146505e-06,1.2791928137445973e-08,4.2358055100772046e-06,2.875701280892675e-06,0.0,1e-05,0.0,7.4,4.88,760000.0,85000000.0,2370000000.0,1e-08,,analytic Riccati radical-pool solution plus integrating-factor adaptive quadrature for H2O2,241,"[""fixed pH"", ""rapid HO2/O2-minus acid-base equilibrium"", ""constant SOD concentration"", ""constant elementary rate coefficients"", ""single-pulse radical decay with no continuous source"", ""first-order H2O2 loss when enabled""]",True,illustrative single-pulse molar concentration,M except time_s and rate fields,"Fixed pH, rapid equilibrium, constant SOD and rates, single pulse; not continuously driven cellular ROS.",1d8208b504af787754e184f77640f85675b5b634,01e64b526ae9ed2d5f192ae14068302e806c1e8b44576f4b4eb4b5f83a8e8039,configs/doxorubicin_parameters.json,b14b641f69afb70af9ff7557a062c2ce00e0b0cb74381ba69fcfaad4f17f04af,configs/parameter_provenance.csv,86c4261fcb9616a643db79340fe0b7398ba10a5c46464e67e8b697bcfc3a4ec9
sod_mediated,SOD-mediated,0.03208333333333334,1e-05,4.203195592378667e-06,1.265522957805378e-08,4.1905403628006135e-06,2.898402203810667e-06,0.0,1e-05,0.0,7.4,4.88,760000.0,85000000.0,2370000000.0,1e-08,,analytic Riccati radical-pool solution plus integrating-factor adaptive quadrature for H2O2,241,"[""fixed pH"", ""rapid HO2/O2-minus acid-base equilibrium"", ""constant SOD concentration"", ""constant elementary rate coefficients"", ""single-pulse radical decay with no continuous source"", ""first-order H2O2 loss when enabled""]",True,illustrative single-pulse molar concentration,M except time_s and rate fields,"Fixed pH, rapid equilibrium, constant SOD and rates, single pulse; not continuously driven cellular ROS.",1d8208b504af787754e184f77640f85675b5b634,01e64b526ae9ed2d5f192ae14068302e806c1e8b44576f4b4eb4b5f83a8e8039,configs/doxorubicin_parameters.json,b14b641f69afb70af9ff7557a062c2ce00e0b0cb74381ba69fcfaad4f17f04af,configs/parameter_provenance.csv,86c4261fcb9616a643db79340fe0b7398ba10a5c46464e67e8b697bcfc3a4ec9
sod_mediated,SOD-mediated,0.0325,1e-05,4.158318836156873e-06,1.2520111989489752e-08,4.145798724167383e-06,2.920840581921564e-06,0.0,1e-05,0.0,7.4,4.88,760000.0,85000000.0,2370000000.0,1e-08,,analytic Riccati radical-pool solution plus integrating-factor adaptive quadrature for H2O2,241,"[""fixed pH"", ""rapid HO2/O2-minus acid-base equilibrium"", ""constant SOD concentration"", ""constant elementary rate coefficients"", ""single-pulse radical decay with no continuous source"", ""first-order H2O2 loss when enabled""]",True,illustrative single-pulse molar concentration,M except time_s and rate fields,"Fixed pH, rapid equilibrium, constant SOD and rates, single pulse; not continuously driven cellular ROS.",1d8208b504af787754e184f77640f85675b5b634,01e64b526ae9ed2d5f192ae14068302e806c1e8b44576f4b4eb4b5f83a8e8039,configs/doxorubicin_parameters.json,b14b641f69afb70af9ff7557a062c2ce00e0b0cb74381ba69fcfaad4f17f04af,configs/parameter_provenance.csv,86c4261fcb9616a643db79340fe0b7398ba10a5c46464e67e8b697bcfc3a4ec9
sod_mediated,SOD-mediated,0.03291666666666667,1e-05,4.113960250111254e-06,1.2386554538301173e-08,4.101573695572952e-06,2.9430198749443735e-06,0.0,1e-05,0.0,7.4,4.88,760000.0,85000000.0,2370000000.0,1e-08,,analytic Riccati radical-pool solution plus integrating-factor adaptive quadrature for H2O2,241,"[""fixed pH"", ""rapid HO2/O2-minus acid-base equilibrium"", ""constant SOD concentration"", ""constant elementary rate coefficients"", ""single-pulse radical decay with no continuous source"", ""first-order H2O2 loss when enabled""]",True,illustrative single-pulse molar concentration,M except time_s and rate fields,"Fixed pH, rapid equilibrium, constant SOD and rates, single pulse; not continuously driven cellular ROS.",1d8208b504af787754e184f77640f85675b5b634,01e64b526ae9ed2d5f192ae14068302e806c1e8b44576f4b4eb4b5f83a8e8039,configs/doxorubicin_parameters.json,b14b641f69afb70af9ff7557a062c2ce00e0b0cb74381ba69fcfaad4f17f04af,configs/parameter_provenance.csv,86c4261fcb9616a643db79340fe0b7398ba10a5c46464e67e8b697bcfc3a4ec9
sod_mediated,SOD-mediated,0.03333333333333333,1e-05,4.070113024026301e-06,1.2254536719888903e-08,4.057858487306412e-06,2.9649434879868498e-06,0.0,1e-05,0.0,7.4,4.88,760000.0,85000000.0,2370000000.0,1e-08,,analytic Riccati radical-pool solution plus integrating-factor adaptive quadrature for H2O2,241,"[""fixed pH"", ""rapid HO2/O2-minus acid-base equilibrium"", ""constant SOD concentration"", ""constant elementary rate coefficients"", ""single-pulse radical decay with no continuous source"", ""first-order H2O2 loss when enabled""]",True,illustrative single-pulse molar concentration,M except time_s and rate fields,"Fixed pH, rapid equilibrium, constant SOD and rates, single pulse; not continuously driven cellular ROS.",1d8208b504af787754e184f77640f85675b5b634,01e64b526ae9ed2d5f192ae14068302e806c1e8b44576f4b4eb4b5f83a8e8039,configs/doxorubicin_parameters.json,b14b641f69afb70af9ff7557a062c2ce00e0b0cb74381ba69fcfaad4f17f04af,configs/parameter_provenance.csv,86c4261fcb9616a643db79340fe0b7398ba10a5c46464e67e8b697bcfc3a4ec9
sod_mediated,SOD-mediated,0.03375,1e-05,4.02677045480179e-06,1.2124038352162822e-08,4.014646416449627e-06,2.9866147725991053e-06,0.0,1e-05,0.0,7.4,4.88,760000.0,85000000.0,2370000000.0,1e-08,,analytic Riccati radical-pool solution plus integrating-factor adaptive quadrature for H2O2,241,"[""fixed pH"", ""rapid HO2/O2-minus acid-base equilibrium"", ""constant SOD concentration"", ""constant elementary rate coefficients"", ""single-pulse radical decay with no continuous source"", ""first-order H2O2 loss when enabled""]",True,illustrative single-pulse molar concentration,M except time_s and rate fields,"Fixed pH, rapid equilibrium, constant SOD and rates, single pulse; not continuously driven cellular ROS.",1d8208b504af787754e184f77640f85675b5b634,01e64b526ae9ed2d5f192ae14068302e806c1e8b44576f4b4eb4b5f83a8e8039,configs/doxorubicin_parameters.json,b14b641f69afb70af9ff7557a062c2ce00e0b0cb74381ba69fcfaad4f17f04af,configs/parameter_provenance.csv,86c4261fcb9616a643db79340fe0b7398ba10a5c46464e67e8b697bcfc3a4ec9
sod_mediated,SOD-mediated,0.03416666666666667,1e-05,3.98392594439445e-06,1.1995039569344495e-08,3.971930904825105e-06,3.0080370278027755e-06,0.0,1e-05,0.0,7.4,4.88,760000.0,85000000.0,2370000000.0,1e-08,,analytic Riccati radical-pool solution plus integrating-factor adaptive quadrature for H2O2,241,"[""fixed pH"", ""rapid HO2/O2-minus acid-base equilibrium"", ""constant SOD concentration"", ""constant elementary rate coefficients"", ""single-pulse radical decay with no continuous source"", ""first-order H2O2 loss when enabled""]",True,illustrative single-pulse molar concentration,M except time_s and rate fields,"Fixed pH, rapid equilibrium, constant SOD and rates, single pulse; not continuously driven cellular ROS.",1d8208b504af787754e184f77640f85675b5b634,01e64b526ae9ed2d5f192ae14068302e806c1e8b44576f4b4eb4b5f83a8e8039,configs/doxorubicin_parameters.json,b14b641f69afb70af9ff7557a062c2ce00e0b0cb74381ba69fcfaad4f17f04af,configs/parameter_provenance.csv,86c4261fcb9616a643db79340fe0b7398ba10a5c46464e67e8b697bcfc3a4ec9
sod_mediated,SOD-mediated,0.034583333333333334,1e-05,3.941572997807207e-06,1.1867520815913064e-08,3.929705476991294e-06,3.029213501096397e-06,0.0,1e-05,0.0,7.4,4.88,760000.0,85000000.0,2370000000.0,1e-08,,analytic Riccati radical-pool solution plus integrating-factor adaptive quadrature for H2O2,241,"[""fixed pH"", ""rapid HO2/O2-minus acid-base equilibrium"", ""constant SOD concentration"", ""constant elementary rate coefficients"", ""single-pulse radical decay with no continuous source"", ""first-order H2O2 loss when enabled""]",True,illustrative single-pulse molar concentration,M except time_s and rate fields,"Fixed pH, rapid equilibrium, constant SOD and rates, single pulse; not continuously driven cellular ROS.",1d8208b504af787754e184f77640f85675b5b634,01e64b526ae9ed2d5f192ae14068302e806c1e8b44576f4b4eb4b5f83a8e8039,configs/doxorubicin_parameters.json,b14b641f69afb70af9ff7557a062c2ce00e0b0cb74381ba69fcfaad4f17f04af,configs/parameter_provenance.csv,86c4261fcb9616a643db79340fe0b7398ba10a5c46464e67e8b697bcfc3a4ec9
sod_mediated,SOD-mediated,0.035,1e-05,3.899705221124701e-06,1.1741462840690468e-08,3.887963758284011e-06,3.0501473894376497e-06,0.0,1e-05,0.0,7.4,4.88,760000.0,85000000.0,2370000000.0,1e-08,,analytic Riccati radical-pool solution plus integrating-factor adaptive quadrature for H2O2,241,"[""fixed pH"", ""rapid HO2/O2-minus acid-base equilibrium"", ""constant SOD concentration"", ""constant elementary rate coefficients"", ""single-pulse radical decay with no continuous source"", ""first-order H2O2 loss when enabled""]",True,illustrative single-pulse molar concentration,M except time_s and rate fields,"Fixed pH, rapid equilibrium, constant SOD and rates, single pulse; not continuously driven cellular ROS.",1d8208b504af787754e184f77640f85675b5b634,01e64b526ae9ed2d5f192ae14068302e806c1e8b44576f4b4eb4b5f83a8e8039,configs/doxorubicin_parameters.json,b14b641f69afb70af9ff7557a062c2ce00e0b0cb74381ba69fcfaad4f17f04af,configs/parameter_provenance.csv,86c4261fcb9616a643db79340fe0b7398ba10a5c46464e67e8b697bcfc3a4ec9
sod_mediated,SOD-mediated,0.035416666666666666,1e-05,3.858316319593855e-06,1.1616846691062298e-08,3.846699472902793e-06,3.070841840203073e-06,0.0,1e-05,0.0,7.4,4.88,760000.0,85000000.0,2370000000.0,1e-08,,analytic Riccati radical-pool solution plus integrating-factor adaptive quadrature for H2O2,241,"[""fixed pH"", ""rapid HO2/O2-minus acid-base equilibrium"", ""constant SOD concentration"", ""constant elementary rate coefficients"", ""single-pulse radical decay with no continuous source"", ""first-order H2O2 loss when enabled""]",True,illustrative single-pulse molar concentration,M except time_s and rate fields,"Fixed pH, rapid equilibrium, constant SOD and rates, single pulse; not continuously driven cellular ROS.",1d8208b504af787754e184f77640f85675b5b634,01e64b526ae9ed2d5f192ae14068302e806c1e8b44576f4b4eb4b5f83a8e8039,configs/doxorubicin_parameters.json,b14b641f69afb70af9ff7557a062c2ce00e0b0cb74381ba69fcfaad4f17f04af,configs/parameter_provenance.csv,86c4261fcb9616a643db79340fe0b7398ba10a5c46464e67e8b697bcfc3a4ec9
sod_mediated,SOD-mediated,0.035833333333333335,1e-05,3.817400095748259e-06,1.14936537073306e-08,3.8059064420409283e-06,3.091299952125871e-06,0.0,1e-05,0.0,7.4,4.88,760000.0,85000000.0,2370000000.0,1e-08,,analytic Riccati radical-pool solution plus integrating-factor adaptive quadrature for H2O2,241,"[""fixed pH"", ""rapid HO2/O2-minus acid-base equilibrium"", ""constant SOD concentration"", ""constant elementary rate coefficients"", ""single-pulse radical decay with no continuous source"", ""first-order H2O2 loss when enabled""]",True,illustrative single-pulse molar concentration,M except time_s and rate fields,"Fixed pH, rapid equilibrium, constant SOD and rates, single pulse; not continuously driven cellular ROS.",1d8208b504af787754e184f77640f85675b5b634,01e64b526ae9ed2d5f192ae14068302e806c1e8b44576f4b4eb4b5f83a8e8039,configs/doxorubicin_parameters.json,b14b641f69afb70af9ff7557a062c2ce00e0b0cb74381ba69fcfaad4f17f04af,configs/parameter_provenance.csv,86c4261fcb9616a643db79340fe0b7398ba10a5c46464e67e8b697bcfc3a4ec9
sod_mediated,SOD-mediated,0.036250000000000004,1e-05,3.7769504475752408e-06,1.137186551719516e-08,3.7655785820580455e-06,3.11152477621238e-06,0.0,1e-05,0.0,7.4,4.88,760000.0,85000000.0,2370000000.0,1e-08,,analytic Riccati radical-pool solution plus integrating-factor adaptive quadrature for H2O2,241,"[""fixed pH"", ""rapid HO2/O2-minus acid-base equilibrium"", ""constant SOD concentration"", ""constant elementary rate coefficients"", ""single-pulse radical decay with no continuous source"", ""first-order H2O2 loss when enabled""]",True,illustrative single-pulse molar concentration,M except time_s and rate fields,"Fixed pH, rapid equilibrium, constant SOD and rates, single pulse; not continuously driven cellular ROS.",1d8208b504af787754e184f77640f85675b5b634,01e64b526ae9ed2d5f192ae14068302e806c1e8b44576f4b4eb4b5f83a8e8039,configs/doxorubicin_parameters.json,b14b641f69afb70af9ff7557a062c2ce00e0b0cb74381ba69fcfaad4f17f04af,configs/parameter_provenance.csv,86c4261fcb9616a643db79340fe0b7398ba10a5c46464e67e8b697bcfc3a4ec9
sod_mediated,SOD-mediated,0.03666666666666667,1e-05,3.736961366724455e-06,1.1251464030359841e-08,3.725709902694095e-06,3.1315193166377732e-06,0.0,1e-05,0.0,7.4,4.88,760000.0,85000000.0,2370000000.0,1e-08,,analytic Riccati radical-pool solution plus integrating-factor adaptive quadrature for H2O2,241,"[""fixed pH"", ""rapid HO2/O2-minus acid-base equilibrium"", ""constant SOD concentration"", ""constant elementary rate coefficients"", ""single-pulse radical decay with no continuous source"", ""first-order H2O2 loss when enabled""]",True,illustrative single-pulse molar concentration,M except time_s and rate fields,"Fixed pH, rapid equilibrium, constant SOD and rates, single pulse; not continuously driven cellular ROS.",1d8208b504af787754e184f77640f85675b5b634,01e64b526ae9ed2d5f192ae14068302e806c1e8b44576f4b4eb4b5f83a8e8039,configs/doxorubicin_parameters.json,b14b641f69afb70af9ff7557a062c2ce00e0b0cb74381ba69fcfaad4f17f04af,configs/parameter_provenance.csv,86c4261fcb9616a643db79340fe0b7398ba10a5c46464e67e8b697bcfc3a4ec9
sod_mediated,SOD-mediated,0.037083333333333336,1e-05,3.6974269367569004e-06,1.1132431433260607e-08,3.68629450532364e-06,3.1512865316215504e-06,0.0,1e-05,0.0,7.4,4.88,760000.0,85000000.0,2370000000.0,1e-08,,analytic Riccati radical-pool solution plus integrating-factor adaptive quadrature for H2O2,241,"[""fixed pH"", ""rapid HO2/O2-minus acid-base equilibrium"", ""constant SOD concentration"", ""constant elementary rate coefficients"", ""single-pulse radical decay with no continuous source"", ""first-order H2O2 loss when enabled""]",True,illustrative single-pulse molar concentration,M except time_s and rate fields,"Fixed pH, rapid equilibrium, constant SOD and rates, single pulse; not continuously driven cellular ROS.",1d8208b504af787754e184f77640f85675b5b634,01e64b526ae9ed2d5f192ae14068302e806c1e8b44576f4b4eb4b5f83a8e8039,configs/doxorubicin_parameters.json,b14b641f69afb70af9ff7557a062c2ce00e0b0cb74381ba69fcfaad4f17f04af,configs/parameter_provenance.csv,86c4261fcb9616a643db79340fe0b7398ba10a5c46464e67e8b697bcfc3a4ec9
sod_mediated,SOD-mediated,0.037500000000000006,1e-05,3.6583413314333225e-06,1.1014750183912142e-08,3.64732658124941e-06,3.1708293342833394e-06,0.0,1e-05,0.0,7.4,4.88,760000.0,85000000.0,2370000000.0,1e-08,,analytic Riccati radical-pool solution plus integrating-factor adaptive quadrature for H2O2,241,"[""fixed pH"", ""rapid HO2/O2-minus acid-base equilibrium"", ""constant SOD concentration"", ""constant elementary rate coefficients"", ""single-pulse radical decay with no continuous source"", ""first-order H2O2 loss when enabled""]",True,illustrative single-pulse molar concentration,M except time_s and rate fields,"Fixed pH, rapid equilibrium, constant SOD and rates, single pulse; not continuously driven cellular ROS.",1d8208b504af787754e184f77640f85675b5b634,01e64b526ae9ed2d5f192ae14068302e806c1e8b44576f4b4eb4b5f83a8e8039,configs/doxorubicin_parameters.json,b14b641f69afb70af9ff7557a062c2ce00e0b0cb74381ba69fcfaad4f17f04af,configs/parameter_provenance.csv,86c4261fcb9616a643db79340fe0b7398ba10a5c46464e67e8b697bcfc3a4ec9
sod_mediated,SOD-mediated,0.03791666666666667,1e-05,3.6196988130409257e-06,1.0898403006869831e-08,3.608800410034056e-06,3.1901505934795377e-06,0.0,1e-05,0.0,7.4,4.88,760000.0,85000000.0,2370000000.0,1e-08,,analytic Riccati radical-pool solution plus integrating-factor adaptive quadrature for H2O2,241,"[""fixed pH"", ""rapid HO2/O2-minus acid-base equilibrium"", ""constant SOD concentration"", ""constant elementary rate coefficients"", ""single-pulse radical decay with no continuous source"", ""first-order H2O2 loss when enabled""]",True,illustrative single-pulse molar concentration,M except time_s and rate fields,"Fixed pH, rapid equilibrium, constant SOD and rates, single pulse; not continuously driven cellular ROS.",1d8208b504af787754e184f77640f85675b5b634,01e64b526ae9ed2d5f192ae14068302e806c1e8b44576f4b4eb4b5f83a8e8039,configs/doxorubicin_parameters.json,b14b641f69afb70af9ff7557a062c2ce00e0b0cb74381ba69fcfaad4f17f04af,configs/parameter_provenance.csv,86c4261fcb9616a643db79340fe0b7398ba10a5c46464e67e8b697bcfc3a4ec9
sod_mediated,SOD-mediated,0.03833333333333334,1e-05,3.581493730757432e-06,1.0783372888304154e-08,3.570710357869128e-06,3.2092531346212846e-06,0.0,1e-05,0.0,7.4,4.88,760000.0,85000000.0,2370000000.0,1e-08,,analytic Riccati radical-pool solution plus integrating-factor adaptive quadrature for H2O2,241,"[""fixed pH"", ""rapid HO2/O2-minus acid-base equilibrium"", ""constant SOD concentration"", ""constant elementary rate coefficients"", ""single-pulse radical decay with no continuous source"", ""first-order H2O2 loss when enabled""]",True,illustrative single-pulse molar concentration,M except time_s and rate fields,"Fixed pH, rapid equilibrium, constant SOD and rates, single pulse; not continuously driven cellular ROS.",1d8208b504af787754e184f77640f85675b5b634,01e64b526ae9ed2d5f192ae14068302e806c1e8b44576f4b4eb4b5f83a8e8039,configs/doxorubicin_parameters.json,b14b641f69afb70af9ff7557a062c2ce00e0b0cb74381ba69fcfaad4f17f04af,configs/parameter_provenance.csv,86c4261fcb9616a643db79340fe0b7398ba10a5c46464e67e8b697bcfc3a4ec9
sod_mediated,SOD-mediated,0.03875,1e-05,3.5437205190514874e-06,1.0669643071184549e-08,3.533050875980303e-06,3.2281397404742565e-06,0.0,1e-05,0.0,7.4,4.88,760000.0,85000000.0,2370000000.0,1e-08,,analytic Riccati radical-pool solution plus integrating-factor adaptive quadrature for H2O2,241,"[""fixed pH"", ""rapid HO2/O2-minus acid-base equilibrium"", ""constant SOD concentration"", ""constant elementary rate coefficients"", ""single-pulse radical decay with no continuous source"", ""first-order H2O2 loss when enabled""]",True,illustrative single-pulse molar concentration,M except time_s and rate fields,"Fixed pH, rapid equilibrium, constant SOD and rates, single pulse; not continuously driven cellular ROS.",1d8208b504af787754e184f77640f85675b5b634,01e64b526ae9ed2d5f192ae14068302e806c1e8b44576f4b4eb4b5f83a8e8039,configs/doxorubicin_parameters.json,b14b641f69afb70af9ff7557a062c2ce00e0b0cb74381ba69fcfaad4f17f04af,configs/parameter_provenance.csv,86c4261fcb9616a643db79340fe0b7398ba10a5c46464e67e8b697bcfc3a4ec9
sod_mediated,SOD-mediated,0.03916666666666667,1e-05,3.5063736961184845e-06,1.0557197050569885e-08,3.4958164990679146e-06,3.246813151940758e-06,0.0,1e-05,0.0,7.4,4.88,760000.0,85000000.0,2370000000.0,1e-08,,analytic Riccati radical-pool solution plus integrating-factor adaptive quadrature for H2O2,241,"[""fixed pH"", ""rapid HO2/O2-minus acid-base equilibrium"", ""constant SOD concentration"", ""constant elementary rate coefficients"", ""single-pulse radical decay with no continuous source"", ""first-order H2O2 loss when enabled""]",True,illustrative single-pulse molar concentration,M except time_s and rate fields,"Fixed pH, rapid equilibrium, constant SOD and rates, single pulse; not continuously driven cellular ROS.",1d8208b504af787754e184f77640f85675b5b634,01e64b526ae9ed2d5f192ae14068302e806c1e8b44576f4b4eb4b5f83a8e8039,configs/doxorubicin_parameters.json,b14b641f69afb70af9ff7557a062c2ce00e0b0cb74381ba69fcfaad4f17f04af,configs/parameter_provenance.csv,86c4261fcb9616a643db79340fe0b7398ba10a5c46464e67e8b697bcfc3a4ec9
sod_mediated,SOD-mediated,0.03958333333333334,1e-05,3.469447862350878e-06,1.0446018569002802e-08,3.459001843781875e-06,3.2652760688245615e-06,0.0,1e-05,0.0,7.4,4.88,760000.0,85000000.0,2370000000.0,1e-08,,analytic Riccati radical-pool solution plus integrating-factor adaptive quadrature for H2O2,241,"[""fixed pH"", ""rapid HO2/O2-minus acid-base equilibrium"", ""constant SOD concentration"", ""constant elementary rate coefficients"", ""single-pulse radical decay with no continuous source"", ""first-order H2O2 loss when enabled""]",True,illustrative single-pulse molar concentration,M except time_s and rate fields,"Fixed pH, rapid equilibrium, constant SOD and rates, single pulse; not continuously driven cellular ROS.",1d8208b504af787754e184f77640f85675b5b634,01e64b526ae9ed2d5f192ae14068302e806c1e8b44576f4b4eb4b5f83a8e8039,configs/doxorubicin_parameters.json,b14b641f69afb70af9ff7557a062c2ce00e0b0cb74381ba69fcfaad4f17f04af,configs/parameter_provenance.csv,86c4261fcb9616a643db79340fe0b7398ba10a5c46464e67e8b697bcfc3a4ec9
sod_mediated,SOD-mediated,0.04,1e-05,3.4329376988421095e-06,1.0336091612005241e-08,3.422601607230104e-06,3.283531150578946e-06,0.0,1e-05,0.0,7.4,4.88,760000.0,85000000.0,2370000000.0,1e-08,,analytic Riccati radical-pool solution plus integrating-factor adaptive quadrature for H2O2,241,"[""fixed pH"", ""rapid HO2/O2-minus acid-base equilibrium"", ""constant SOD concentration"", ""constant elementary rate coefficients"", ""single-pulse radical decay with no continuous source"", ""first-order H2O2 loss when enabled""]",True,illustrative single-pulse molar concentration,M except time_s and rate fields,"Fixed pH, rapid equilibrium, constant SOD and rates, single pulse; not continuously driven cellular ROS.",1d8208b504af787754e184f77640f85675b5b634,01e64b526ae9ed2d5f192ae14068302e806c1e8b44576f4b4eb4b5f83a8e8039,configs/doxorubicin_parameters.json,b14b641f69afb70af9ff7557a062c2ce00e0b0cb74381ba69fcfaad4f17f04af,configs/parameter_provenance.csv,86c4261fcb9616a643db79340fe0b7398ba10a5c46464e67e8b697bcfc3a4ec9
sod_mediated,SOD-mediated,0.04041666666666667,1e-05,3.3968379659232716e-06,1.0227400403672541e-08,3.3866105655195992e-06,3.3015810170383646e-06,0.0,1e-05,0.0,7.4,4.88,760000.0,85000000.0,2370000000.0,1e-08,,analytic Riccati radical-pool solution plus integrating-factor adaptive quadrature for H2O2,241,"[""fixed pH"", ""rapid HO2/O2-minus acid-base equilibrium"", ""constant SOD concentration"", ""constant elementary rate coefficients"", ""single-pulse radical decay with no continuous source"", ""first-order H2O2 loss when enabled""]",True,illustrative single-pulse molar concentration,M except time_s and rate fields,"Fixed pH, rapid equilibrium, constant SOD and rates, single pulse; not continuously driven cellular ROS.",1d8208b504af787754e184f77640f85675b5b634,01e64b526ae9ed2d5f192ae14068302e806c1e8b44576f4b4eb4b5f83a8e8039,configs/doxorubicin_parameters.json,b14b641f69afb70af9ff7557a062c2ce00e0b0cb74381ba69fcfaad4f17f04af,configs/parameter_provenance.csv,86c4261fcb9616a643db79340fe0b7398ba10a5c46464e67e8b697bcfc3a4ec9
sod_mediated,SOD-mediated,0.04083333333333333,1e-05,3.3611435017316853e-06,1.0119929402363629e-08,3.3510235723293215e-06,3.3194282491341575e-06,0.0,1e-05,0.0,7.4,4.88,760000.0,85000000.0,2370000000.0,1e-08,,analytic Riccati radical-pool solution plus integrating-factor adaptive quadrature for H2O2,241,"[""fixed pH"", ""rapid HO2/O2-minus acid-base equilibrium"", ""constant SOD concentration"", ""constant elementary rate coefficients"", ""single-pulse radical decay with no continuous source"", ""first-order H2O2 loss when enabled""]",True,illustrative single-pulse molar concentration,M except time_s and rate fields,"Fixed pH, rapid equilibrium, constant SOD and rates, single pulse; not continuously driven cellular ROS.",1d8208b504af787754e184f77640f85675b5b634,01e64b526ae9ed2d5f192ae14068302e806c1e8b44576f4b4eb4b5f83a8e8039,configs/doxorubicin_parameters.json,b14b641f69afb70af9ff7557a062c2ce00e0b0cb74381ba69fcfaad4f17f04af,configs/parameter_provenance.csv,86c4261fcb9616a643db79340fe0b7398ba10a5c46464e67e8b697bcfc3a4ec9
sod_mediated,SOD-mediated,0.04125,1e-05,3.32584922081056e-06,1.0013663296484793e-08,3.315835557514075e-06,3.3370753895947206e-06,0.0,1e-05,0.0,7.4,4.88,760000.0,85000000.0,2370000000.0,1e-08,,analytic Riccati radical-pool solution plus integrating-factor adaptive quadrature for H2O2,241,"[""fixed pH"", ""rapid HO2/O2-minus acid-base equilibrium"", ""constant SOD concentration"", ""constant elementary rate coefficients"", ""single-pulse radical decay with no continuous source"", ""first-order H2O2 loss when enabled""]",True,illustrative single-pulse molar concentration,M except time_s and rate fields,"Fixed pH, rapid equilibrium, constant SOD and rates, single pulse; not continuously driven cellular ROS.",1d8208b504af787754e184f77640f85675b5b634,01e64b526ae9ed2d5f192ae14068302e806c1e8b44576f4b4eb4b5f83a8e8039,configs/doxorubicin_parameters.json,b14b641f69afb70af9ff7557a062c2ce00e0b0cb74381ba69fcfaad4f17f04af,configs/parameter_provenance.csv,86c4261fcb9616a643db79340fe0b7398ba10a5c46464e67e8b697bcfc3a4ec9
sod_mediated,SOD-mediated,0.04166666666666667,1e-05,3.290950112738965e-06,9.908587000364726e-09,3.2810415257386002e-06,3.354524943630518e-06,0.0,1e-05,0.0,7.4,4.88,760000.0,85000000.0,2370000000.0,1e-08,,analytic Riccati radical-pool solution plus integrating-factor adaptive quadrature for H2O2,241,"[""fixed pH"", ""rapid HO2/O2-minus acid-base equilibrium"", ""constant SOD concentration"", ""constant elementary rate coefficients"", ""single-pulse radical decay with no continuous source"", ""first-order H2O2 loss when enabled""]",True,illustrative single-pulse molar concentration,M except time_s and rate fields,"Fixed pH, rapid equilibrium, constant SOD and rates, single pulse; not continuously driven cellular ROS.",1d8208b504af787754e184f77640f85675b5b634,01e64b526ae9ed2d5f192ae14068302e806c1e8b44576f4b4eb4b5f83a8e8039,configs/doxorubicin_parameters.json,b14b641f69afb70af9ff7557a062c2ce00e0b0cb74381ba69fcfaad4f17f04af,configs/parameter_provenance.csv,86c4261fcb9616a643db79340fe0b7398ba10a5c46464e67e8b697bcfc3a4ec9
sod_mediated,SOD-mediated,0.042083333333333334,1e-05,3.2564412407913286e-06,9.804685650218454e-09,3.2466365551411103e-06,3.3717793796043363e-06,0.0,1e-05,0.0,7.4,4.88,760000.0,85000000.0,2370000000.0,1e-08,,analytic Riccati radical-pool solution plus integrating-factor adaptive quadrature for H2O2,241,"[""fixed pH"", ""rapid HO2/O2-minus acid-base equilibrium"", ""constant SOD concentration"", ""constant elementary rate coefficients"", ""single-pulse radical decay with no continuous source"", ""first-order H2O2 loss when enabled""]",True,illustrative single-pulse molar concentration,M except time_s and rate fields,"Fixed pH, rapid equilibrium, constant SOD and rates, single pulse; not continuously driven cellular ROS.",1d8208b504af787754e184f77640f85675b5b634,01e64b526ae9ed2d5f192ae14068302e806c1e8b44576f4b4eb4b5f83a8e8039,configs/doxorubicin_parameters.json,b14b641f69afb70af9ff7557a062c2ce00e0b0cb74381ba69fcfaad4f17f04af,configs/parameter_provenance.csv,86c4261fcb9616a643db79340fe0b7398ba10a5c46464e67e8b697bcfc3a4ec9
sod_mediated,SOD-mediated,0.0425,1e-05,3.2223177406257355e-06,9.701944600198e-09,3.2126157960255373e-06,3.3888411296871327e-06,0.0,1e-05,0.0,7.4,4.88,760000.0,85000000.0,2370000000.0,1e-08,,analytic Riccati radical-pool solution plus integrating-factor adaptive quadrature for H2O2,241,"[""fixed pH"", ""rapid HO2/O2-minus acid-base equilibrium"", ""constant SOD concentration"", ""constant elementary rate coefficients"", ""single-pulse radical decay with no continuous source"", ""first-order H2O2 loss when enabled""]",True,illustrative single-pulse molar concentration,M except time_s and rate fields,"Fixed pH, rapid equilibrium, constant SOD and rates, single pulse; not continuously driven cellular ROS.",1d8208b504af787754e184f77640f85675b5b634,01e64b526ae9ed2d5f192ae14068302e806c1e8b44576f4b4eb4b5f83a8e8039,configs/doxorubicin_parameters.json,b14b641f69afb70af9ff7557a062c2ce00e0b0cb74381ba69fcfaad4f17f04af,configs/parameter_provenance.csv,86c4261fcb9616a643db79340fe0b7398ba10a5c46464e67e8b697bcfc3a4ec9
sod_mediated,SOD-mediated,0.04291666666666667,1e-05,3.1885748190002855e-06,9.600349418527501e-09,3.178974469581758e-06,3.4057125904998574e-06,0.0,1e-05,0.0,7.4,4.88,760000.0,85000000.0,2370000000.0,1e-08,,analytic Riccati radical-pool solution plus integrating-factor adaptive quadrature for H2O2,241,"[""fixed pH"", ""rapid HO2/O2-minus acid-base equilibrium"", ""constant SOD concentration"", ""constant elementary rate coefficients"", ""single-pulse radical decay with no continuous source"", ""first-order H2O2 loss when enabled""]",True,illustrative single-pulse molar concentration,M except time_s and rate fields,"Fixed pH, rapid equilibrium, constant SOD and rates, single pulse; not continuously driven cellular ROS.",1d8208b504af787754e184f77640f85675b5b634,01e64b526ae9ed2d5f192ae14068302e806c1e8b44576f4b4eb4b5f83a8e8039,configs/doxorubicin_parameters.json,b14b641f69afb70af9ff7557a062c2ce00e0b0cb74381ba69fcfaad4f17f04af,configs/parameter_provenance.csv,86c4261fcb9616a643db79340fe0b7398ba10a5c46464e67e8b697bcfc3a4ec9
sod_mediated,SOD-mediated,0.043333333333333335,1e-05,3.15520775251682e-06,9.499885883720769e-09,3.1457078666330993e-06,3.42239612374159e-06,0.0,1e-05,0.0,7.4,4.88,760000.0,85000000.0,2370000000.0,1e-08,,analytic Riccati radical-pool solution plus integrating-factor adaptive quadrature for H2O2,241,"[""fixed pH"", ""rapid HO2/O2-minus acid-base equilibrium"", ""constant SOD concentration"", ""constant elementary rate coefficients"", ""single-pulse radical decay with no continuous source"", ""first-order H2O2 loss when enabled""]",True,illustrative single-pulse molar concentration,M except time_s and rate fields,"Fixed pH, rapid equilibrium, constant SOD and rates, single pulse; not continuously driven cellular ROS.",1d8208b504af787754e184f77640f85675b5b634,01e64b526ae9ed2d5f192ae14068302e806c1e8b44576f4b4eb4b5f83a8e8039,configs/doxorubicin_parameters.json,b14b641f69afb70af9ff7557a062c2ce00e0b0cb74381ba69fcfaad4f17f04af,configs/parameter_provenance.csv,86c4261fcb9616a643db79340fe0b7398ba10a5c46464e67e8b697bcfc3a4ec9
sod_mediated,SOD-mediated,0.043750000000000004,1e-05,3.122211886391329e-06,9.40053998087914e-09,3.1128113464104497e-06,3.438894056804336e-06,0.0,1e-05,0.0,7.4,4.88,760000.0,85000000.0,2370000000.0,1e-08,,analytic Riccati radical-pool solution plus integrating-factor adaptive quadrature for H2O2,241,"[""fixed pH"", ""rapid HO2/O2-minus acid-base equilibrium"", ""constant SOD concentration"", ""constant elementary rate coefficients"", ""single-pulse radical decay with no continuous source"", ""first-order H2O2 loss when enabled""]",True,illustrative single-pulse molar concentration,M except time_s and rate fields,"Fixed pH, rapid equilibrium, constant SOD and rates, single pulse; not continuously driven cellular ROS.",1d8208b504af787754e184f77640f85675b5b634,01e64b526ae9ed2d5f192ae14068302e806c1e8b44576f4b4eb4b5f83a8e8039,configs/doxorubicin_parameters.json,b14b641f69afb70af9ff7557a062c2ce00e0b0cb74381ba69fcfaad4f17f04af,configs/parameter_provenance.csv,86c4261fcb9616a643db79340fe0b7398ba10a5c46464e67e8b697bcfc3a4ec9
sod_mediated,SOD-mediated,0.04416666666666667,1e-05,3.08958263325038e-06,9.3022978980677e-09,3.0802803353523122e-06,3.45520868337481e-06,0.0,1e-05,0.0,7.4,4.88,760000.0,85000000.0,2370000000.0,1e-08,,analytic Riccati radical-pool solution plus integrating-factor adaptive quadrature for H2O2,241,"[""fixed pH"", ""rapid HO2/O2-minus acid-base equilibrium"", ""constant SOD concentration"", ""constant elementary rate coefficients"", ""single-pulse radical decay with no continuous source"", ""first-order H2O2 loss when enabled""]",True,illustrative single-pulse molar concentration,M except time_s and rate fields,"Fixed pH, rapid equilibrium, constant SOD and rates, single pulse; not continuously driven cellular ROS.",1d8208b504af787754e184f77640f85675b5b634,01e64b526ae9ed2d5f192ae14068302e806c1e8b44576f4b4eb4b5f83a8e8039,configs/doxorubicin_parameters.json,b14b641f69afb70af9ff7557a062c2ce00e0b0cb74381ba69fcfaad4f17f04af,configs/parameter_provenance.csv,86c4261fcb9616a643db79340fe0b7398ba10a5c46464e67e8b697bcfc3a4ec9
sod_mediated,SOD-mediated,0.044583333333333336,1e-05,3.0573154719529195e-06,9.205146022767897e-09,3.0481103259301516e-06,3.471342264023541e-06,0.0,1e-05,0.0,7.4,4.88,760000.0,85000000.0,2370000000.0,1e-08,,analytic Riccati radical-pool solution plus integrating-factor adaptive quadrature for H2O2,241,"[""fixed pH"", ""rapid HO2/O2-minus acid-base equilibrium"", ""constant SOD concentration"", ""constant elementary rate coefficients"", ""single-pulse radical decay with no continuous source"", ""first-order H2O2 loss when enabled""]",True,illustrative single-pulse molar concentration,M except time_s and rate fields,"Fixed pH, rapid equilibrium, constant SOD and rates, single pulse; not continuously driven cellular ROS.",1d8208b504af787754e184f77640f85675b5b634,01e64b526ae9ed2d5f192ae14068302e806c1e8b44576f4b4eb4b5f83a8e8039,configs/doxorubicin_parameters.json,b14b641f69afb70af9ff7557a062c2ce00e0b0cb74381ba69fcfaad4f17f04af,configs/parameter_provenance.csv,86c4261fcb9616a643db79340fe0b7398ba10a5c46464e67e8b697bcfc3a4ec9
sod_mediated,SOD-mediated,0.045000000000000005,1e-05,3.0254059464368213e-06,9.109070938404654e-09,3.0162968754984167e-06,3.48729702678159e-06,0.0,1e-05,0.0,7.4,4.88,760000.0,85000000.0,2370000000.0,1e-08,,analytic Riccati radical-pool solution plus integrating-factor adaptive quadrature for H2O2,241,"[""fixed pH"", ""rapid HO2/O2-minus acid-base equilibrium"", ""constant SOD concentration"", ""constant elementary rate coefficients"", ""single-pulse radical decay with no continuous source"", ""first-order H2O2 loss when enabled""]",True,illustrative single-pulse molar concentration,M except time_s and rate fields,"Fixed pH, rapid equilibrium, constant SOD and rates, single pulse; not continuously driven cellular ROS.",1d8208b504af787754e184f77640f85675b5b634,01e64b526ae9ed2d5f192ae14068302e806c1e8b44576f4b4eb4b5f83a8e8039,configs/doxorubicin_parameters.json,b14b641f69afb70af9ff7557a062c2ce00e0b0cb74381ba69fcfaad4f17f04af,configs/parameter_provenance.csv,86c4261fcb9616a643db79340fe0b7398ba10a5c46464e67e8b697bcfc3a4ec9
sod_mediated,SOD-mediated,0.04541666666666667,1e-05,2.993849664589578e-06,9.014059420946188e-09,2.9848356051686316e-06,3.5030751677052115e-06,0.0,1e-05,0.0,7.4,4.88,760000.0,85000000.0,2370000000.0,1e-08,,analytic Riccati radical-pool solution plus integrating-factor adaptive quadrature for H2O2,241,"[""fixed pH"", ""rapid HO2/O2-minus acid-base equilibrium"", ""constant SOD concentration"", ""constant elementary rate coefficients"", ""single-pulse radical decay with no continuous source"", ""first-order H2O2 loss when enabled""]",True,illustrative single-pulse molar concentration,M except time_s and rate fields,"Fixed pH, rapid equilibrium, constant SOD and rates, single pulse; not continuously driven cellular ROS.",1d8208b504af787754e184f77640f85675b5b634,01e64b526ae9ed2d5f192ae14068302e806c1e8b44576f4b4eb4b5f83a8e8039,configs/doxorubicin_parameters.json,b14b641f69afb70af9ff7557a062c2ce00e0b0cb74381ba69fcfaad4f17f04af,configs/parameter_provenance.csv,86c4261fcb9616a643db79340fe0b7398ba10a5c46464e67e8b697bcfc3a4ec9
sod_mediated,SOD-mediated,0.04583333333333334,1e-05,2.9626422971425385e-06,8.920098435574707e-09,2.953722198706964e-06,3.518678851428731e-06,0.0,1e-05,0.0,7.4,4.88,760000.0,85000000.0,2370000000.0,1e-08,,analytic Riccati radical-pool solution plus integrating-factor adaptive quadrature for H2O2,241,"[""fixed pH"", ""rapid HO2/O2-minus acid-base equilibrium"", ""constant SOD concentration"", ""constant elementary rate coefficients"", ""single-pulse radical decay with no continuous source"", ""first-order H2O2 loss when enabled""]",True,illustrative single-pulse molar concentration,M except time_s and rate fields,"Fixed pH, rapid equilibrium, constant SOD and rates, single pulse; not continuously driven cellular ROS.",1d8208b504af787754e184f77640f85675b5b634,01e64b526ae9ed2d5f192ae14068302e806c1e8b44576f4b4eb4b5f83a8e8039,configs/doxorubicin_parameters.json,b14b641f69afb70af9ff7557a062c2ce00e0b0cb74381ba69fcfaad4f17f04af,configs/parameter_provenance.csv,86c4261fcb9616a643db79340fe0b7398ba10a5c46464e67e8b697bcfc3a4ec9
sod_mediated,SOD-mediated,0.046250000000000006,1e-05,2.9317795765881217e-06,8.827175133426297e-09,2.9229524014546956e-06,3.5341102117059398e-06,0.0,1e-05,0.0,7.4,4.88,760000.0,85000000.0,2370000000.0,1e-08,,analytic Riccati radical-pool solution plus integrating-factor adaptive quadrature for H2O2,241,"[""fixed pH"", ""rapid HO2/O2-minus acid-base equilibrium"", ""constant SOD concentration"", ""constant elementary rate coefficients"", ""single-pulse radical decay with no continuous source"", ""first-order H2O2 loss when enabled""]",True,illustrative single-pulse molar concentration,M except time_s and rate fields,"Fixed pH, rapid equilibrium, constant SOD and rates, single pulse; not continuously driven cellular ROS.",1d8208b504af787754e184f77640f85675b5b634,01e64b526ae9ed2d5f192ae14068302e806c1e8b44576f4b4eb4b5f83a8e8039,configs/doxorubicin_parameters.json,b14b641f69afb70af9ff7557a062c2ce00e0b0cb74381ba69fcfaad4f17f04af,configs/parameter_provenance.csv,86c4261fcb9616a643db79340fe0b7398ba10a5c46464e67e8b697bcfc3a4ec9
sod_mediated,SOD-mediated,0.04666666666666667,1e-05,2.901257296119439e-06,8.735276848398279e-09,2.8925220192710406e-06,3.549371351940281e-06,0.0,1e-05,0.0,7.4,4.88,760000.0,85000000.0,2370000000.0,1e-08,,analytic Riccati radical-pool solution plus integrating-factor adaptive quadrature for H2O2,241,"[""fixed pH"", ""rapid HO2/O2-minus acid-base equilibrium"", ""constant SOD concentration"", ""constant elementary rate coefficients"", ""single-pulse radical decay with no continuous source"", ""first-order H2O2 loss when enabled""]",True,illustrative single-pulse molar concentration,M except time_s and rate fields,"Fixed pH, rapid equilibrium, constant SOD and rates, single pulse; not continuously driven cellular ROS.",1d8208b504af787754e184f77640f85675b5b634,01e64b526ae9ed2d5f192ae14068302e806c1e8b44576f4b4eb4b5f83a8e8039,configs/doxorubicin_parameters.json,b14b641f69afb70af9ff7557a062c2ce00e0b0cb74381ba69fcfaad4f17f04af,configs/parameter_provenance.csv,86c4261fcb9616a643db79340fe0b7398ba10a5c46464e67e8b697bcfc3a4ec9
sod_mediated,SOD-mediated,0.04708333333333334,1e-05,2.8710713085917965e-06,8.644391094022429e-09,2.862426917497774e-06,3.564464345704102e-06,0.0,1e-05,0.0,7.4,4.88,760000.0,85000000.0,2370000000.0,1e-08,,analytic Riccati radical-pool solution plus integrating-factor adaptive quadrature for H2O2,241,"[""fixed pH"", ""rapid HO2/O2-minus acid-base equilibrium"", ""constant SOD concentration"", ""constant elementary rate coefficients"", ""single-pulse radical decay with no continuous source"", ""first-order H2O2 loss when enabled""]",True,illustrative single-pulse molar concentration,M except time_s and rate fields,"Fixed pH, rapid equilibrium, constant SOD and rates, single pulse; not continuously driven cellular ROS.",1d8208b504af787754e184f77640f85675b5b634,01e64b526ae9ed2d5f192ae14068302e806c1e8b44576f4b4eb4b5f83a8e8039,configs/doxorubicin_parameters.json,b14b641f69afb70af9ff7557a062c2ce00e0b0cb74381ba69fcfaad4f17f04af,configs/parameter_provenance.csv,86c4261fcb9616a643db79340fe0b7398ba10a5c46464e67e8b697bcfc3a4ec9
sod_mediated,SOD-mediated,0.0475,1e-05,2.8412175255055338e-06,8.554505560402456e-09,2.8326630199451314e-06,3.5793912372472335e-06,0.0,1e-05,0.0,7.4,4.88,760000.0,85000000.0,2370000000.0,1e-08,,analytic Riccati radical-pool solution plus integrating-factor adaptive quadrature for H2O2,241,"[""fixed pH"", ""rapid HO2/O2-minus acid-base equilibrium"", ""constant SOD concentration"", ""constant elementary rate coefficients"", ""single-pulse radical decay with no continuous source"", ""first-order H2O2 loss when enabled""]",True,illustrative single-pulse molar concentration,M except time_s and rate fields,"Fixed pH, rapid equilibrium, constant SOD and rates, single pulse; not continuously driven cellular ROS.",1d8208b504af787754e184f77640f85675b5b634,01e64b526ae9ed2d5f192ae14068302e806c1e8b44576f4b4eb4b5f83a8e8039,configs/doxorubicin_parameters.json,b14b641f69afb70af9ff7557a062c2ce00e0b0cb74381ba69fcfaad4f17f04af,configs/parameter_provenance.csv,86c4261fcb9616a643db79340fe0b7398ba10a5c46464e67e8b697bcfc3a4ec9
sod_mediated,SOD-mediated,0.04791666666666667,1e-05,2.8116919160096867e-06,8.46560811121417e-09,2.8032263078984723e-06,3.594154041995157e-06,0.0,1e-05,0.0,7.4,4.88,760000.0,85000000.0,2370000000.0,1e-08,,analytic Riccati radical-pool solution plus integrating-factor adaptive quadrature for H2O2,241,"[""fixed pH"", ""rapid HO2/O2-minus acid-base equilibrium"", ""constant SOD concentration"", ""constant elementary rate coefficients"", ""single-pulse radical decay with no continuous source"", ""first-order H2O2 loss when enabled""]",True,illustrative single-pulse molar concentration,M except time_s and rate fields,"Fixed pH, rapid equilibrium, constant SOD and rates, single pulse; not continuously driven cellular ROS.",1d8208b504af787754e184f77640f85675b5b634,01e64b526ae9ed2d5f192ae14068302e806c1e8b44576f4b4eb4b5f83a8e8039,configs/doxorubicin_parameters.json,b14b641f69afb70af9ff7557a062c2ce00e0b0cb74381ba69fcfaad4f17f04af,configs/parameter_provenance.csv,86c4261fcb9616a643db79340fe0b7398ba10a5c46464e67e8b697bcfc3a4ec9
sod_mediated,SOD-mediated,0.04833333333333334,1e-05,2.782490505925998e-06,8.377686780766913e-09,2.774112819145231e-06,3.6087547470370013e-06,0.0,1e-05,0.0,7.4,4.88,760000.0,85000000.0,2370000000.0,1e-08,,analytic Riccati radical-pool solution plus integrating-factor adaptive quadrature for H2O2,241,"[""fixed pH"", ""rapid HO2/O2-minus acid-base equilibrium"", ""constant SOD concentration"", ""constant elementary rate coefficients"", ""single-pulse radical decay with no continuous source"", ""first-order H2O2 loss when enabled""]",True,illustrative single-pulse molar concentration,M except time_s and rate fields,"Fixed pH, rapid equilibrium, constant SOD and rates, single pulse; not continuously driven cellular ROS.",1d8208b504af787754e184f77640f85675b5b634,01e64b526ae9ed2d5f192ae14068302e806c1e8b44576f4b4eb4b5f83a8e8039,configs/doxorubicin_parameters.json,b14b641f69afb70af9ff7557a062c2ce00e0b0cb74381ba69fcfaad4f17f04af,configs/parameter_provenance.csv,86c4261fcb9616a643db79340fe0b7398ba10a5c46464e67e8b697bcfc3a4ec9
sod_mediated,SOD-mediated,0.04875,1e-05,2.7536093767927457e-06,8.290729771124666e-09,2.745318647021621e-06,3.623195311603628e-06,0.0,1e-05,0.0,7.4,4.88,760000.0,85000000.0,2370000000.0,1e-08,,analytic Riccati radical-pool solution plus integrating-factor adaptive quadrature for H2O2,241,"[""fixed pH"", ""rapid HO2/O2-minus acid-base equilibrium"", ""constant SOD concentration"", ""constant elementary rate coefficients"", ""single-pulse radical decay with no continuous source"", ""first-order H2O2 loss when enabled""]",True,illustrative single-pulse molar concentration,M except time_s and rate fields,"Fixed pH, rapid equilibrium, constant SOD and rates, single pulse; not continuously driven cellular ROS.",1d8208b504af787754e184f77640f85675b5b634,01e64b526ae9ed2d5f192ae14068302e806c1e8b44576f4b4eb4b5f83a8e8039,configs/doxorubicin_parameters.json,b14b641f69afb70af9ff7557a062c2ce00e0b0cb74381ba69fcfaad4f17f04af,configs/parameter_provenance.csv,86c4261fcb9616a643db79340fe0b7398ba10a5c46464e67e8b697bcfc3a4ec9
sod_mediated,SOD-mediated,0.04916666666666667,1e-05,2.7250446649279652e-06,8.204725449285535e-09,2.7168399394786796e-06,3.6374776675360176e-06,0.0,1e-05,0.0,7.4,4.88,760000.0,85000000.0,2370000000.0,1e-08,,analytic Riccati radical-pool solution plus integrating-factor adaptive quadrature for H2O2,241,"[""fixed pH"", ""rapid HO2/O2-minus acid-base equilibrium"", ""constant SOD concentration"", ""constant elementary rate coefficients"", ""single-pulse radical decay with no continuous source"", ""first-order H2O2 loss when enabled""]",True,illustrative single-pulse molar concentration,M except time_s and rate fields,"Fixed pH, rapid equilibrium, constant SOD and rates, single pulse; not continuously driven cellular ROS.",1d8208b504af787754e184f77640f85675b5b634,01e64b526ae9ed2d5f192ae14068302e806c1e8b44576f4b4eb4b5f83a8e8039,configs/doxorubicin_parameters.json,b14b641f69afb70af9ff7557a062c2ce00e0b0cb74381ba69fcfaad4f17f04af,configs/parameter_provenance.csv,86c4261fcb9616a643db79340fe0b7398ba10a5c46464e67e8b697bcfc3a4ec9
sod_mediated,SOD-mediated,0.04958333333333333,1e-05,2.696792560511565e-06,8.119662344418137e-09,2.6886728981671466e-06,3.651603719744218e-06,0.0,1e-05,0.0,7.4,4.88,760000.0,85000000.0,2370000000.0,1e-08,,analytic Riccati radical-pool solution plus integrating-factor adaptive quadrature for H2O2,241,"[""fixed pH"", ""rapid HO2/O2-minus acid-base equilibrium"", ""constant SOD concentration"", ""constant elementary rate coefficients"", ""single-pulse radical decay with no continuous source"", ""first-order H2O2 loss when enabled""]",True,illustrative single-pulse molar concentration,M except time_s and rate fields,"Fixed pH, rapid equilibrium, constant SOD and rates, single pulse; not continuously driven cellular ROS.",1d8208b504af787754e184f77640f85675b5b634,01e64b526ae9ed2d5f192ae14068302e806c1e8b44576f4b4eb4b5f83a8e8039,configs/doxorubicin_parameters.json,b14b641f69afb70af9ff7557a062c2ce00e0b0cb74381ba69fcfaad4f17f04af,configs/parameter_provenance.csv,86c4261fcb9616a643db79340fe0b7398ba10a5c46464e67e8b697bcfc3a4ec9
sod_mediated,SOD-mediated,0.05,1e-05,2.6688493066859126e-06,8.03552914515359e-09,2.660813777540759e-06,3.665575346657044e-06,0.0,1e-05,0.0,7.4,4.88,760000.0,85000000.0,2370000000.0,1e-08,,analytic Riccati radical-pool solution plus integrating-factor adaptive quadrature for H2O2,241,"[""fixed pH"", ""rapid HO2/O2-minus acid-base equilibrium"", ""constant SOD concentration"", ""constant elementary rate coefficients"", ""single-pulse radical decay with no continuous source"", ""first-order H2O2 loss when enabled""]",True,illustrative single-pulse molar concentration,M except time_s and rate fields,"Fixed pH, rapid equilibrium, constant SOD and rates, single pulse; not continuously driven cellular ROS.",1d8208b504af787754e184f77640f85675b5b634,01e64b526ae9ed2d5f192ae14068302e806c1e8b44576f4b4eb4b5f83a8e8039,configs/doxorubicin_parameters.json,b14b641f69afb70af9ff7557a062c2ce00e0b0cb74381ba69fcfaad4f17f04af,configs/parameter_provenance.csv,86c4261fcb9616a643db79340fe0b7398ba10a5c46464e67e8b697bcfc3a4ec9
sod_mediated,SOD-mediated,0.05041666666666667,1e-05,2.641211198674453e-06,7.952314696931795e-09,2.6332588839775212e-06,3.679394400662774e-06,0.0,1e-05,0.0,7.4,4.88,760000.0,85000000.0,2370000000.0,1e-08,,analytic Riccati radical-pool solution plus integrating-factor adaptive quadrature for H2O2,241,"[""fixed pH"", ""rapid HO2/O2-minus acid-base equilibrium"", ""constant SOD concentration"", ""constant elementary rate coefficients"", ""single-pulse radical decay with no continuous source"", ""first-order H2O2 loss when enabled""]",True,illustrative single-pulse molar concentration,M except time_s and rate fields,"Fixed pH, rapid equilibrium, constant SOD and rates, single pulse; not continuously driven cellular ROS.",1d8208b504af787754e184f77640f85675b5b634,01e64b526ae9ed2d5f192ae14068302e806c1e8b44576f4b4eb4b5f83a8e8039,configs/doxorubicin_parameters.json,b14b641f69afb70af9ff7557a062c2ce00e0b0cb74381ba69fcfaad4f17f04af,configs/parameter_provenance.csv,86c4261fcb9616a643db79340fe0b7398ba10a5c46464e67e8b697bcfc3a4ec9
sod_mediated,SOD-mediated,0.050833333333333335,1e-05,2.6138745829179177e-06,7.870007999400687e-09,2.606004574918517e-06,3.6930627085410415e-06,0.0,1e-05,0.0,7.4,4.88,760000.0,85000000.0,2370000000.0,1e-08,,analytic Riccati radical-pool solution plus integrating-factor adaptive quadrature for H2O2,241,"[""fixed pH"", ""rapid HO2/O2-minus acid-base equilibrium"", ""constant SOD concentration"", ""constant elementary rate coefficients"", ""single-pulse radical decay with no continuous source"", ""first-order H2O2 loss when enabled""]",True,illustrative single-pulse molar concentration,M except time_s and rate fields,"Fixed pH, rapid equilibrium, constant SOD and rates, single pulse; not continuously driven cellular ROS.",1d8208b504af787754e184f77640f85675b5b634,01e64b526ae9ed2d5f192ae14068302e806c1e8b44576f4b4eb4b5f83a8e8039,configs/doxorubicin_parameters.json,b14b641f69afb70af9ff7557a062c2ce00e0b0cb74381ba69fcfaad4f17f04af,configs/parameter_provenance.csv,86c4261fcb9616a643db79340fe0b7398ba10a5c46464e67e8b697bcfc3a4ec9
sod_mediated,SOD-mediated,0.051250000000000004,1e-05,2.586835856227738e-06,7.788598203867278e-09,2.5790472580238706e-06,3.7065820718861312e-06,0.0,1e-05,0.0,7.4,4.88,760000.0,85000000.0,2370000000.0,1e-08,,analytic Riccati radical-pool solution plus integrating-factor adaptive quadrature for H2O2,241,"[""fixed pH"", ""rapid HO2/O2-minus acid-base equilibrium"", ""constant SOD concentration"", ""constant elementary rate coefficients"", ""single-pulse radical decay with no continuous source"", ""first-order H2O2 loss when enabled""]",True,illustrative single-pulse molar concentration,M except time_s and rate fields,"Fixed pH, rapid equilibrium, constant SOD and rates, single pulse; not continuously driven cellular ROS.",1d8208b504af787754e184f77640f85675b5b634,01e64b526ae9ed2d5f192ae14068302e806c1e8b44576f4b4eb4b5f83a8e8039,configs/doxorubicin_parameters.json,b14b641f69afb70af9ff7557a062c2ce00e0b0cb74381ba69fcfaad4f17f04af,configs/parameter_provenance.csv,86c4261fcb9616a643db79340fe0b7398ba10a5c46464e67e8b697bcfc3a4ec9
sod_mediated,SOD-mediated,0.05166666666666667,1e-05,2.5600914649562437e-06,7.708074610799242e-09,2.5523833903454446e-06,3.7199542675218784e-06,0.0,1e-05,0.0,7.4,4.88,760000.0,85000000.0,2370000000.0,1e-08,,analytic Riccati radical-pool solution plus integrating-factor adaptive quadrature for H2O2,241,"[""fixed pH"", ""rapid HO2/O2-minus acid-base equilibrium"", ""constant SOD concentration"", ""constant elementary rate coefficients"", ""single-pulse radical decay with no continuous source"", ""first-order H2O2 loss when enabled""]",True,illustrative single-pulse molar concentration,M except time_s and rate fields,"Fixed pH, rapid equilibrium, constant SOD and rates, single pulse; not continuously driven cellular ROS.",1d8208b504af787754e184f77640f85675b5b634,01e64b526ae9ed2d5f192ae14068302e806c1e8b44576f4b4eb4b5f83a8e8039,configs/doxorubicin_parameters.json,b14b641f69afb70af9ff7557a062c2ce00e0b0cb74381ba69fcfaad4f17f04af,configs/parameter_provenance.csv,86c4261fcb9616a643db79340fe0b7398ba10a5c46464e67e8b697bcfc3a4ec9
sod_mediated,SOD-mediated,0.052083333333333336,1e-05,2.5336379041832632e-06,7.62842666737589e-09,2.526009477515887e-06,3.7331810479083688e-06,0.0,1e-05,0.0,7.4,4.88,760000.0,85000000.0,2370000000.0,1e-08,,analytic Riccati radical-pool solution plus integrating-factor adaptive quadrature for H2O2,241,"[""fixed pH"", ""rapid HO2/O2-minus acid-base equilibrium"", ""constant SOD concentration"", ""constant elementary rate coefficients"", ""single-pulse radical decay with no continuous source"", ""first-order H2O2 loss when enabled""]",True,illustrative single-pulse molar concentration,M except time_s and rate fields,"Fixed pH, rapid equilibrium, constant SOD and rates, single pulse; not continuously driven cellular ROS.",1d8208b504af787754e184f77640f85675b5b634,01e64b526ae9ed2d5f192ae14068302e806c1e8b44576f4b4eb4b5f83a8e8039,configs/doxorubicin_parameters.json,b14b641f69afb70af9ff7557a062c2ce00e0b0cb74381ba69fcfaad4f17f04af,configs/parameter_provenance.csv,86c4261fcb9616a643db79340fe0b7398ba10a5c46464e67e8b697bcfc3a4ec9
sod_mediated,SOD-mediated,0.052500000000000005,1e-05,2.50747171691874e-06,7.549643965087345e-09,2.4999220729536524e-06,3.7462641415406305e-06,0.0,1e-05,0.0,7.4,4.88,760000.0,85000000.0,2370000000.0,1e-08,,analytic Riccati radical-pool solution plus integrating-factor adaptive quadrature for H2O2,241,"[""fixed pH"", ""rapid HO2/O2-minus acid-base equilibrium"", ""constant SOD concentration"", ""constant elementary rate coefficients"", ""single-pulse radical decay with no continuous source"", ""first-order H2O2 loss when enabled""]",True,illustrative single-pulse molar concentration,M except time_s and rate fields,"Fixed pH, rapid equilibrium, constant SOD and rates, single pulse; not continuously driven cellular ROS.",1d8208b504af787754e184f77640f85675b5b634,01e64b526ae9ed2d5f192ae14068302e806c1e8b44576f4b4eb4b5f83a8e8039,configs/doxorubicin_parameters.json,b14b641f69afb70af9ff7557a062c2ce00e0b0cb74381ba69fcfaad4f17f04af,configs/parameter_provenance.csv,86c4261fcb9616a643db79340fe0b7398ba10a5c46464e67e8b697bcfc3a4ec9
sod_mediated,SOD-mediated,0.05291666666666667,1e-05,2.481589493321003e-06,7.471716237380884e-09,2.4741177770836222e-06,3.759205253339499e-06,0.0,1e-05,0.0,7.4,4.88,760000.0,85000000.0,2370000000.0,1e-08,,analytic Riccati radical-pool solution plus integrating-factor adaptive quadrature for H2O2,241,"[""fixed pH"", ""rapid HO2/O2-minus acid-base equilibrium"", ""constant SOD concentration"", ""constant elementary rate coefficients"", ""single-pulse radical decay with no continuous source"", ""first-order H2O2 loss when enabled""]",True,illustrative single-pulse molar concentration,M except time_s and rate fields,"Fixed pH, rapid equilibrium, constant SOD and rates, single pulse; not continuously driven cellular ROS.",1d8208b504af787754e184f77640f85675b5b634,01e64b526ae9ed2d5f192ae14068302e806c1e8b44576f4b4eb4b5f83a8e8039,configs/doxorubicin_parameters.json,b14b641f69afb70af9ff7557a062c2ce00e0b0cb74381ba69fcfaad4f17f04af,configs/parameter_provenance.csv,86c4261fcb9616a643db79340fe0b7398ba10a5c46464e67e8b697bcfc3a4ec9
sod_mediated,SOD-mediated,0.05333333333333334,1e-05,2.4559878699303236e-06,7.394633357353271e-09,2.44859323657297e-06,3.7720060650348384e-06,0.0,1e-05,0.0,7.4,4.88,760000.0,85000000.0,2370000000.0,1e-08,,analytic Riccati radical-pool solution plus integrating-factor adaptive quadrature for H2O2,241,"[""fixed pH"", ""rapid HO2/O2-minus acid-base equilibrium"", ""constant SOD concentration"", ""constant elementary rate coefficients"", ""single-pulse radical decay with no continuous source"", ""first-order H2O2 loss when enabled""]",True,illustrative single-pulse molar concentration,M except time_s and rate fields,"Fixed pH, rapid equilibrium, constant SOD and rates, single pulse; not continuously driven cellular ROS.",1d8208b504af787754e184f77640f85675b5b634,01e64b526ae9ed2d5f192ae14068302e806c1e8b44576f4b4eb4b5f83a8e8039,configs/doxorubicin_parameters.json,b14b641f69afb70af9ff7557a062c2ce00e0b0cb74381ba69fcfaad4f17f04af,configs/parameter_provenance.csv,86c4261fcb9616a643db79340fe0b7398ba10a5c46464e67e8b697bcfc3a4ec9
sod_mediated,SOD-mediated,0.053750000000000006,1e-05,2.430663528917415e-06,7.3183853354881e-09,2.423345143581927e-06,3.7846682355412926e-06,0.0,1e-05,0.0,7.4,4.88,760000.0,85000000.0,2370000000.0,1e-08,,analytic Riccati radical-pool solution plus integrating-factor adaptive quadrature for H2O2,241,"[""fixed pH"", ""rapid HO2/O2-minus acid-base equilibrium"", ""constant SOD concentration"", ""constant elementary rate coefficients"", ""single-pulse radical decay with no continuous source"", ""first-order H2O2 loss when enabled""]",True,illustrative single-pulse molar concentration,M except time_s and rate fields,"Fixed pH, rapid equilibrium, constant SOD and rates, single pulse; not continuously driven cellular ROS.",1d8208b504af787754e184f77640f85675b5b634,01e64b526ae9ed2d5f192ae14068302e806c1e8b44576f4b4eb4b5f83a8e8039,configs/doxorubicin_parameters.json,b14b641f69afb70af9ff7557a062c2ce00e0b0cb74381ba69fcfaad4f17f04af,configs/parameter_provenance.csv,86c4261fcb9616a643db79340fe0b7398ba10a5c46464e67e8b697bcfc3a4ec9
sod_mediated,SOD-mediated,0.05416666666666667,1e-05,2.4056131973465214e-06,7.2429623174370594e-09,2.3983702350290845e-06,3.7971934013267395e-06,0.0,1e-05,0.0,7.4,4.88,760000.0,85000000.0,2370000000.0,1e-08,,analytic Riccati radical-pool solution plus integrating-factor adaptive quadrature for H2O2,241,"[""fixed pH"", ""rapid HO2/O2-minus acid-base equilibrium"", ""constant SOD concentration"", ""constant elementary rate coefficients"", ""single-pulse radical decay with no continuous source"", ""first-order H2O2 loss when enabled""]",True,illustrative single-pulse molar concentration,M except time_s and rate fields,"Fixed pH, rapid equilibrium, constant SOD and rates, single pulse; not continuously driven cellular ROS.",1d8208b504af787754e184f77640f85675b5b634,01e64b526ae9ed2d5f192ae14068302e806c1e8b44576f4b4eb4b5f83a8e8039,configs/doxorubicin_parameters.json,b14b641f69afb70af9ff7557a062c2ce00e0b0cb74381ba69fcfaad4f17f04af,configs/parameter_provenance.csv,86c4261fcb9616a643db79340fe0b7398ba10a5c46464e67e8b697bcfc3a4ec9
sod_mediated,SOD-mediated,0.05458333333333334,1e-05,2.380833646452777e-06,7.168354581844165e-09,2.3736652918709326e-06,3.809583176773612e-06,0.0,1e-05,0.0,7.4,4.88,760000.0,85000000.0,2370000000.0,1e-08,,analytic Riccati radical-pool solution plus integrating-factor adaptive quadrature for H2O2,241,"[""fixed pH"", ""rapid HO2/O2-minus acid-base equilibrium"", ""constant SOD concentration"", ""constant elementary rate coefficients"", ""single-pulse radical decay with no continuous source"", ""first-order H2O2 loss when enabled""]",True,illustrative single-pulse molar concentration,M except time_s and rate fields,"Fixed pH, rapid equilibrium, constant SOD and rates, single pulse; not continuously driven cellular ROS.",1d8208b504af787754e184f77640f85675b5b634,01e64b526ae9ed2d5f192ae14068302e806c1e8b44576f4b4eb4b5f83a8e8039,configs/doxorubicin_parameters.json,b14b641f69afb70af9ff7557a062c2ce00e0b0cb74381ba69fcfaad4f17f04af,configs/parameter_provenance.csv,86c4261fcb9616a643db79340fe0b7398ba10a5c46464e67e8b697bcfc3a4ec9
sod_mediated,SOD-mediated,0.055,1e-05,2.356321690933508e-06,7.094552538211969e-09,2.349227138395296e-06,3.821839154533246e-06,0.0,1e-05,0.0,7.4,4.88,760000.0,85000000.0,2370000000.0,1e-08,,analytic Riccati radical-pool solution plus integrating-factor adaptive quadrature for H2O2,241,"[""fixed pH"", ""rapid HO2/O2-minus acid-base equilibrium"", ""constant SOD concentration"", ""constant elementary rate coefficients"", ""single-pulse radical decay with no continuous source"", ""first-order H2O2 loss when enabled""]",True,illustrative single-pulse molar concentration,M except time_s and rate fields,"Fixed pH, rapid equilibrium, constant SOD and rates, single pulse; not continuously driven cellular ROS.",1d8208b504af787754e184f77640f85675b5b634,01e64b526ae9ed2d5f192ae14068302e806c1e8b44576f4b4eb4b5f83a8e8039,configs/doxorubicin_parameters.json,b14b641f69afb70af9ff7557a062c2ce00e0b0cb74381ba69fcfaad4f17f04af,configs/parameter_provenance.csv,86c4261fcb9616a643db79340fe0b7398ba10a5c46464e67e8b697bcfc3a4ec9
sod_mediated,SOD-mediated,0.05541666666666667,1e-05,2.3320741882531447e-06,7.021546724808739e-09,2.325052641528336e-06,3.833962905873428e-06,0.0,1e-05,0.0,7.4,4.88,760000.0,85000000.0,2370000000.0,1e-08,,analytic Riccati radical-pool solution plus integrating-factor adaptive quadrature for H2O2,241,"[""fixed pH"", ""rapid HO2/O2-minus acid-base equilibrium"", ""constant SOD concentration"", ""constant elementary rate coefficients"", ""single-pulse radical decay with no continuous source"", ""first-order H2O2 loss when enabled""]",True,illustrative single-pulse molar concentration,M except time_s and rate fields,"Fixed pH, rapid equilibrium, constant SOD and rates, single pulse; not continuously driven cellular ROS.",1d8208b504af787754e184f77640f85675b5b634,01e64b526ae9ed2d5f192ae14068302e806c1e8b44576f4b4eb4b5f83a8e8039,configs/doxorubicin_parameters.json,b14b641f69afb70af9ff7557a062c2ce00e0b0cb74381ba69fcfaad4f17f04af,configs/parameter_provenance.csv,86c4261fcb9616a643db79340fe0b7398ba10a5c46464e67e8b697bcfc3a4ec9
sod_mediated,SOD-mediated,0.05583333333333334,1e-05,2.3080880379614706e-06,6.949327806615819e-09,2.301138710154855e-06,3.845955981019265e-06,0.0,1e-05,0.0,7.4,4.88,760000.0,85000000.0,2370000000.0,1e-08,,analytic Riccati radical-pool solution plus integrating-factor adaptive quadrature for H2O2,241,"[""fixed pH"", ""rapid HO2/O2-minus acid-base equilibrium"", ""constant SOD concentration"", ""constant elementary rate coefficients"", ""single-pulse radical decay with no continuous source"", ""first-order H2O2 loss when enabled""]",True,illustrative single-pulse molar concentration,M except time_s and rate fields,"Fixed pH, rapid equilibrium, constant SOD and rates, single pulse; not continuously driven cellular ROS.",1d8208b504af787754e184f77640f85675b5b634,01e64b526ae9ed2d5f192ae14068302e806c1e8b44576f4b4eb4b5f83a8e8039,configs/doxorubicin_parameters.json,b14b641f69afb70af9ff7557a062c2ce00e0b0cb74381ba69fcfaad4f17f04af,configs/parameter_provenance.csv,86c4261fcb9616a643db79340fe0b7398ba10a5c46464e67e8b697bcfc3a4ec9
sod_mediated,SOD-mediated,0.05625,1e-05,2.284360181024872e-06,6.877886573314102e-09,2.2774822944515577e-06,3.857819909487565e-06,0.0,1e-05,0.0,7.4,4.88,760000.0,85000000.0,2370000000.0,1e-08,,analytic Riccati radical-pool solution plus integrating-factor adaptive quadrature for H2O2,241,"[""fixed pH"", ""rapid HO2/O2-minus acid-base equilibrium"", ""constant SOD concentration"", ""constant elementary rate coefficients"", ""single-pulse radical decay with no continuous source"", ""first-order H2O2 loss when enabled""]",True,illustrative single-pulse molar concentration,M except time_s and rate fields,"Fixed pH, rapid equilibrium, constant SOD and rates, single pulse; not continuously driven cellular ROS.",1d8208b504af787754e184f77640f85675b5b634,01e64b526ae9ed2d5f192ae14068302e806c1e8b44576f4b4eb4b5f83a8e8039,configs/doxorubicin_parameters.json,b14b641f69afb70af9ff7557a062c2ce00e0b0cb74381ba69fcfaad4f17f04af,configs/parameter_provenance.csv,86c4261fcb9616a643db79340fe0b7398ba10a5c46464e67e8b697bcfc3a4ec9
sod_mediated,SOD-mediated,0.05666666666666667,1e-05,2.260887599170318e-06,6.807213937308854e-09,2.254080385233009e-06,3.869556200414842e-06,0.0,1e-05,0.0,7.4,4.88,760000.0,85000000.0,2370000000.0,1e-08,,analytic Riccati radical-pool solution plus integrating-factor adaptive quadrature for H2O2,241,"[""fixed pH"", ""rapid HO2/O2-minus acid-base equilibrium"", ""constant SOD concentration"", ""constant elementary rate coefficients"", ""single-pulse radical decay with no continuous source"", ""first-order H2O2 loss when enabled""]",True,illustrative single-pulse molar concentration,M except time_s and rate fields,"Fixed pH, rapid equilibrium, constant SOD and rates, single pulse; not continuously driven cellular ROS.",1d8208b504af787754e184f77640f85675b5b634,01e64b526ae9ed2d5f192ae14068302e806c1e8b44576f4b4eb4b5f83a8e8039,configs/doxorubicin_parameters.json,b14b641f69afb70af9ff7557a062c2ce00e0b0cb74381ba69fcfaad4f17f04af,configs/parameter_provenance.csv,86c4261fcb9616a643db79340fe0b7398ba10a5c46464e67e8b697bcfc3a4ec9
sod_mediated,SOD-mediated,0.05708333333333334,1e-05,2.2376673142417928e-06,6.737300931792019e-09,2.2309300133100005e-06,3.8811663428791045e-06,0.0,1.0000000000000003e-05,1.6940658945086007e-21,7.4,4.88,760000.0,85000000.0,2370000000.0,1e-08,,analytic Riccati radical-pool solution plus integrating-factor adaptive quadrature for H2O2,241,"[""fixed pH"", ""rapid HO2/O2-minus acid-base equilibrium"", ""constant SOD concentration"", ""constant elementary rate coefficients"", ""single-pulse radical decay with no continuous source"", ""first-order H2O2 loss when enabled""]",True,illustrative single-pulse molar concentration,M except time_s and rate fields,"Fixed pH, rapid equilibrium, constant SOD and rates, single pulse; not continuously driven cellular ROS.",1d8208b504af787754e184f77640f85675b5b634,01e64b526ae9ed2d5f192ae14068302e806c1e8b44576f4b4eb4b5f83a8e8039,configs/doxorubicin_parameters.json,b14b641f69afb70af9ff7557a062c2ce00e0b0cb74381ba69fcfaad4f17f04af,configs/parameter_provenance.csv,86c4261fcb9616a643db79340fe0b7398ba10a5c46464e67e8b697bcfc3a4ec9
sod_mediated,SOD-mediated,0.0575,1e-05,2.2146963875688735e-06,6.668138708841095e-09,2.2080282488600326e-06,3.892651806215564e-06,0.0,1e-05,0.0,7.4,4.88,760000.0,85000000.0,2370000000.0,1e-08,,analytic Riccati radical-pool solution plus integrating-factor adaptive quadrature for H2O2,241,"[""fixed pH"", ""rapid HO2/O2-minus acid-base equilibrium"", ""constant SOD concentration"", ""constant elementary rate coefficients"", ""single-pulse radical decay with no continuous source"", ""first-order H2O2 loss when enabled""]",True,illustrative single-pulse molar concentration,M except time_s and rate fields,"Fixed pH, rapid equilibrium, constant SOD and rates, single pulse; not continuously driven cellular ROS.",1d8208b504af787754e184f77640f85675b5b634,01e64b526ae9ed2d5f192ae14068302e806c1e8b44576f4b4eb4b5f83a8e8039,configs/doxorubicin_parameters.json,b14b641f69afb70af9ff7557a062c2ce00e0b0cb74381ba69fcfaad4f17f04af,configs/parameter_provenance.csv,86c4261fcb9616a643db79340fe0b7398ba10a5c46464e67e8b697bcfc3a4ec9
sod_mediated,SOD-mediated,0.05791666666666667,1e-05,2.1919719193472113e-06,6.599718537553855e-09,2.1853722008096574e-06,3.904014040326395e-06,0.0,1.0000000000000003e-05,1.6940658945086007e-21,7.4,4.88,760000.0,85000000.0,2370000000.0,1e-08,,analytic Riccati radical-pool solution plus integrating-factor adaptive quadrature for H2O2,241,"[""fixed pH"", ""rapid HO2/O2-minus acid-base equilibrium"", ""constant SOD concentration"", ""constant elementary rate coefficients"", ""single-pulse radical decay with no continuous source"", ""first-order H2O2 loss when enabled""]",True,illustrative single-pulse molar concentration,M except time_s and rate fields,"Fixed pH, rapid equilibrium, constant SOD and rates, single pulse; not continuously driven cellular ROS.",1d8208b504af787754e184f77640f85675b5b634,01e64b526ae9ed2d5f192ae14068302e806c1e8b44576f4b4eb4b5f83a8e8039,configs/doxorubicin_parameters.json,b14b641f69afb70af9ff7557a062c2ce00e0b0cb74381ba69fcfaad4f17f04af,configs/parameter_provenance.csv,86c4261fcb9616a643db79340fe0b7398ba10a5c46464e67e8b697bcfc3a4ec9
sod_mediated,SOD-mediated,0.058333333333333334,1e-05,2.1694910480306464e-06,6.5320318022180836e-09,2.162959016228428e-06,3.915254475984677e-06,0.0,1e-05,0.0,7.4,4.88,760000.0,85000000.0,2370000000.0,1e-08,,analytic Riccati radical-pool solution plus integrating-factor adaptive quadrature for H2O2,241,"[""fixed pH"", ""rapid HO2/O2-minus acid-base equilibrium"", ""constant SOD concentration"", ""constant elementary rate coefficients"", ""single-pulse radical decay with no continuous source"", ""first-order H2O2 loss when enabled""]",True,illustrative single-pulse molar concentration,M except time_s and rate fields,"Fixed pH, rapid equilibrium, constant SOD and rates, single pulse; not continuously driven cellular ROS.",1d8208b504af787754e184f77640f85675b5b634,01e64b526ae9ed2d5f192ae14068302e806c1e8b44576f4b4eb4b5f83a8e8039,configs/doxorubicin_parameters.json,b14b641f69afb70af9ff7557a062c2ce00e0b0cb74381ba69fcfaad4f17f04af,configs/parameter_provenance.csv,86c4261fcb9616a643db79340fe0b7398ba10a5c46464e67e8b697bcfc3a4ec9
sod_mediated,SOD-mediated,0.058750000000000004,1e-05,2.147250949734694e-06,6.4650700005155654e-09,2.1407858797341785e-06,3.926374525132654e-06,0.0,1.0000000000000003e-05,1.6940658945086007e-21,7.4,4.88,760000.0,85000000.0,2370000000.0,1e-08,,analytic Riccati radical-pool solution plus integrating-factor adaptive quadrature for H2O2,241,"[""fixed pH"", ""rapid HO2/O2-minus acid-base equilibrium"", ""constant SOD concentration"", ""constant elementary rate coefficients"", ""single-pulse radical decay with no continuous source"", ""first-order H2O2 loss when enabled""]",True,illustrative single-pulse molar concentration,M except time_s and rate fields,"Fixed pH, rapid equilibrium, constant SOD and rates, single pulse; not continuously driven cellular ROS.",1d8208b504af787754e184f77640f85675b5b634,01e64b526ae9ed2d5f192ae14068302e806c1e8b44576f4b4eb4b5f83a8e8039,configs/doxorubicin_parameters.json,b14b641f69afb70af9ff7557a062c2ce00e0b0cb74381ba69fcfaad4f17f04af,configs/parameter_provenance.csv,86c4261fcb9616a643db79340fe0b7398ba10a5c46464e67e8b697bcfc3a4ec9
sod_mediated,SOD-mediated,0.05916666666666667,1e-05,2.125248837651151e-06,6.398824741759541e-09,2.1188500129093916e-06,3.937375581174425e-06,0.0,1.0000000000000003e-05,1.6940658945086007e-21,7.4,4.88,760000.0,85000000.0,2370000000.0,1e-08,,analytic Riccati radical-pool solution plus integrating-factor adaptive quadrature for H2O2,241,"[""fixed pH"", ""rapid HO2/O2-minus acid-base equilibrium"", ""constant SOD concentration"", ""constant elementary rate coefficients"", ""single-pulse radical decay with no continuous source"", ""first-order H2O2 loss when enabled""]",True,illustrative single-pulse molar concentration,M except time_s and rate fields,"Fixed pH, rapid equilibrium, constant SOD and rates, single pulse; not continuously driven cellular ROS.",1d8208b504af787754e184f77640f85675b5b634,01e64b526ae9ed2d5f192ae14068302e806c1e8b44576f4b4eb4b5f83a8e8039,configs/doxorubicin_parameters.json,b14b641f69afb70af9ff7557a062c2ce00e0b0cb74381ba69fcfaad4f17f04af,configs/parameter_provenance.csv,86c4261fcb9616a643db79340fe0b7398ba10a5c46464e67e8b697bcfc3a4ec9
sod_mediated,SOD-mediated,0.059583333333333335,1e-05,2.1034819614735888e-06,6.333287745164949e-09,2.097148673728424e-06,3.948259019263206e-06,0.0,1e-05,0.0,7.4,4.88,760000.0,85000000.0,2370000000.0,1e-08,,analytic Riccati radical-pool solution plus integrating-factor adaptive quadrature for H2O2,241,"[""fixed pH"", ""rapid HO2/O2-minus acid-base equilibrium"", ""constant SOD concentration"", ""constant elementary rate coefficients"", ""single-pulse radical decay with no continuous source"", ""first-order H2O2 loss when enabled""]",True,illustrative single-pulse molar concentration,M except time_s and rate fields,"Fixed pH, rapid equilibrium, constant SOD and rates, single pulse; not continuously driven cellular ROS.",1d8208b504af787754e184f77640f85675b5b634,01e64b526ae9ed2d5f192ae14068302e806c1e8b44576f4b4eb4b5f83a8e8039,configs/doxorubicin_parameters.json,b14b641f69afb70af9ff7557a062c2ce00e0b0cb74381ba69fcfaad4f17f04af,configs/parameter_provenance.csv,86c4261fcb9616a643db79340fe0b7398ba10a5c46464e67e8b697bcfc3a4ec9
sod_mediated,SOD-mediated,0.060000000000000005,1e-05,2.081947606833487e-06,6.26845083815071e-09,2.075679155995336e-06,3.959026196583257e-06,0.0,1e-05,0.0,7.4,4.88,760000.0,85000000.0,2370000000.0,1e-08,,analytic Riccati radical-pool solution plus integrating-factor adaptive quadrature for H2O2,241,"[""fixed pH"", ""rapid HO2/O2-minus acid-base equilibrium"", ""constant SOD concentration"", ""constant elementary rate coefficients"", ""single-pulse radical decay with no continuous source"", ""first-order H2O2 loss when enabled""]",True,illustrative single-pulse molar concentration,M except time_s and rate fields,"Fixed pH, rapid equilibrium, constant SOD and rates, single pulse; not continuously driven cellular ROS.",1d8208b504af787754e184f77640f85675b5b634,01e64b526ae9ed2d5f192ae14068302e806c1e8b44576f4b4eb4b5f83a8e8039,configs/doxorubicin_parameters.json,b14b641f69afb70af9ff7557a062c2ce00e0b0cb74381ba69fcfaad4f17f04af,configs/parameter_provenance.csv,86c4261fcb9616a643db79340fe0b7398ba10a5c46464e67e8b697bcfc3a4ec9
sod_mediated,SOD-mediated,0.06041666666666667,1e-05,2.0606430947467744e-06,6.204305954673329e-09,2.054438788792101e-06,3.9696784526266134e-06,0.0,1e-05,0.0,7.4,4.88,760000.0,85000000.0,2370000000.0,1e-08,,analytic Riccati radical-pool solution plus integrating-factor adaptive quadrature for H2O2,241,"[""fixed pH"", ""rapid HO2/O2-minus acid-base equilibrium"", ""constant SOD concentration"", ""constant elementary rate coefficients"", ""single-pulse radical decay with no continuous source"", ""first-order H2O2 loss when enabled""]",True,illustrative single-pulse molar concentration,M except time_s and rate fields,"Fixed pH, rapid equilibrium, constant SOD and rates, single pulse; not continuously driven cellular ROS.",1d8208b504af787754e184f77640f85675b5b634,01e64b526ae9ed2d5f192ae14068302e806c1e8b44576f4b4eb4b5f83a8e8039,configs/doxorubicin_parameters.json,b14b641f69afb70af9ff7557a062c2ce00e0b0cb74381ba69fcfaad4f17f04af,configs/parameter_provenance.csv,86c4261fcb9616a643db79340fe0b7398ba10a5c46464e67e8b697bcfc3a4ec9
sod_mediated,SOD-mediated,0.060833333333333336,1e-05,2.039565781070564e-06,6.14084513359121e-09,2.033424935936973e-06,3.980217109464718e-06,0.0,1e-05,0.0,7.4,4.88,760000.0,85000000.0,2370000000.0,1e-08,,analytic Riccati radical-pool solution plus integrating-factor adaptive quadrature for H2O2,241,"[""fixed pH"", ""rapid HO2/O2-minus acid-base equilibrium"", ""constant SOD concentration"", ""constant elementary rate coefficients"", ""single-pulse radical decay with no continuous source"", ""first-order H2O2 loss when enabled""]",True,illustrative single-pulse molar concentration,M except time_s and rate fields,"Fixed pH, rapid equilibrium, constant SOD and rates, single pulse; not continuously driven cellular ROS.",1d8208b504af787754e184f77640f85675b5b634,01e64b526ae9ed2d5f192ae14068302e806c1e8b44576f4b4eb4b5f83a8e8039,configs/doxorubicin_parameters.json,b14b641f69afb70af9ff7557a062c2ce00e0b0cb74381ba69fcfaad4f17f04af,configs/parameter_provenance.csv,86c4261fcb9616a643db79340fe0b7398ba10a5c46464e67e8b697bcfc3a4ec9
sod_mediated,SOD-mediated,0.061250000000000006,1e-05,2.018713055969842e-06,6.078060517058926e-09,2.012634995452783e-06,3.990643472015079e-06,0.0,1e-05,0.0,7.4,4.88,760000.0,85000000.0,2370000000.0,1e-08,,analytic Riccati radical-pool solution plus integrating-factor adaptive quadrature for H2O2,241,"[""fixed pH"", ""rapid HO2/O2-minus acid-base equilibrium"", ""constant SOD concentration"", ""constant elementary rate coefficients"", ""single-pulse radical decay with no continuous source"", ""first-order H2O2 loss when enabled""]",True,illustrative single-pulse molar concentration,M except time_s and rate fields,"Fixed pH, rapid equilibrium, constant SOD and rates, single pulse; not continuously driven cellular ROS.",1d8208b504af787754e184f77640f85675b5b634,01e64b526ae9ed2d5f192ae14068302e806c1e8b44576f4b4eb4b5f83a8e8039,configs/doxorubicin_parameters.json,b14b641f69afb70af9ff7557a062c2ce00e0b0cb74381ba69fcfaad4f17f04af,configs/parameter_provenance.csv,86c4261fcb9616a643db79340fe0b7398ba10a5c46464e67e8b697bcfc3a4ec9
sod_mediated,SOD-mediated,0.06166666666666667,1e-05,1.9980823433939156e-06,6.0159443489508806e-09,1.992066399044965e-06,4.000958828303043e-06,0.0,1e-05,0.0,7.4,4.88,760000.0,85000000.0,2370000000.0,1e-08,,analytic Riccati radical-pool solution plus integrating-factor adaptive quadrature for H2O2,241,"[""fixed pH"", ""rapid HO2/O2-minus acid-base equilibrium"", ""constant SOD concentration"", ""constant elementary rate coefficients"", ""single-pulse radical decay with no continuous source"", ""first-order H2O2 loss when enabled""]",True,illustrative single-pulse molar concentration,M except time_s and rate fields,"Fixed pH, rapid equilibrium, constant SOD and rates, single pulse; not continuously driven cellular ROS.",1d8208b504af787754e184f77640f85675b5b634,01e64b526ae9ed2d5f192ae14068302e806c1e8b44576f4b4eb4b5f83a8e8039,configs/doxorubicin_parameters.json,b14b641f69afb70af9ff7557a062c2ce00e0b0cb74381ba69fcfaad4f17f04af,configs/parameter_provenance.csv,86c4261fcb9616a643db79340fe0b7398ba10a5c46464e67e8b697bcfc3a4ec9
sod_mediated,SOD-mediated,0.06208333333333334,1e-05,1.977671100562397e-06,5.954488973313677e-09,1.9717166115890834e-06,4.011164449718802e-06,0.0,1.0000000000000003e-05,1.6940658945086007e-21,7.4,4.88,760000.0,85000000.0,2370000000.0,1e-08,,analytic Riccati radical-pool solution plus integrating-factor adaptive quadrature for H2O2,241,"[""fixed pH"", ""rapid HO2/O2-minus acid-base equilibrium"", ""constant SOD concentration"", ""constant elementary rate coefficients"", ""single-pulse radical decay with no continuous source"", ""first-order H2O2 loss when enabled""]",True,illustrative single-pulse molar concentration,M except time_s and rate fields,"Fixed pH, rapid equilibrium, constant SOD and rates, single pulse; not continuously driven cellular ROS.",1d8208b504af787754e184f77640f85675b5b634,01e64b526ae9ed2d5f192ae14068302e806c1e8b44576f4b4eb4b5f83a8e8039,configs/doxorubicin_parameters.json,b14b641f69afb70af9ff7557a062c2ce00e0b0cb74381ba69fcfaad4f17f04af,configs/parameter_provenance.csv,86c4261fcb9616a643db79340fe0b7398ba10a5c46464e67e8b697bcfc3a4ec9
sod_mediated,SOD-mediated,0.0625,1e-05,1.9574768174605246e-06,5.893686832846599e-09,1.9515831306276778e-06,4.021261591269738e-06,0.0,9.999999999999999e-06,1.6940658945086007e-21,7.4,4.88,760000.0,85000000.0,2370000000.0,1e-08,,analytic Riccati radical-pool solution plus integrating-factor adaptive quadrature for H2O2,241,"[""fixed pH"", ""rapid HO2/O2-minus acid-base equilibrium"", ""constant SOD concentration"", ""constant elementary rate coefficients"", ""single-pulse radical decay with no continuous source"", ""first-order H2O2 loss when enabled""]",True,illustrative single-pulse molar concentration,M except time_s and rate fields,"Fixed pH, rapid equilibrium, constant SOD and rates, single pulse; not continuously driven cellular ROS.",1d8208b504af787754e184f77640f85675b5b634,01e64b526ae9ed2d5f192ae14068302e806c1e8b44576f4b4eb4b5f83a8e8039,configs/doxorubicin_parameters.json,b14b641f69afb70af9ff7557a062c2ce00e0b0cb74381ba69fcfaad4f17f04af,configs/parameter_provenance.csv,86c4261fcb9616a643db79340fe0b7398ba10a5c46464e67e8b697bcfc3a4ec9
sod_mediated,SOD-mediated,0.06291666666666668,1e-05,1.9374970163436174e-06,5.8335304674095996e-09,1.931663485876208e-06,4.031251491828192e-06,0.0,1e-05,0.0,7.4,4.88,760000.0,85000000.0,2370000000.0,1e-08,,analytic Riccati radical-pool solution plus integrating-factor adaptive quadrature for H2O2,241,"[""fixed pH"", ""rapid HO2/O2-minus acid-base equilibrium"", ""constant SOD concentration"", ""constant elementary rate coefficients"", ""single-pulse radical decay with no continuous source"", ""first-order H2O2 loss when enabled""]",True,illustrative single-pulse molar concentration,M except time_s and rate fields,"Fixed pH, rapid equilibrium, constant SOD and rates, single pulse; not continuously driven cellular ROS.",1d8208b504af787754e184f77640f85675b5b634,01e64b526ae9ed2d5f192ae14068302e806c1e8b44576f4b4eb4b5f83a8e8039,configs/doxorubicin_parameters.json,b14b641f69afb70af9ff7557a062c2ce00e0b0cb74381ba69fcfaad4f17f04af,configs/parameter_provenance.csv,86c4261fcb9616a643db79340fe0b7398ba10a5c46464e67e8b697bcfc3a4ec9
sod_mediated,SOD-mediated,0.06333333333333334,1e-05,1.91772925125048e-06,5.7740125125582254e-09,1.9119552387379217e-06,4.04113537437476e-06,0.0,1e-05,0.0,7.4,4.88,760000.0,85000000.0,2370000000.0,1e-08,,analytic Riccati radical-pool solution plus integrating-factor adaptive quadrature for H2O2,241,"[""fixed pH"", ""rapid HO2/O2-minus acid-base equilibrium"", ""constant SOD concentration"", ""constant elementary rate coefficients"", ""single-pulse radical decay with no continuous source"", ""first-order H2O2 loss when enabled""]",True,illustrative single-pulse molar concentration,M except time_s and rate fields,"Fixed pH, rapid equilibrium, constant SOD and rates, single pulse; not continuously driven cellular ROS.",1d8208b504af787754e184f77640f85675b5b634,01e64b526ae9ed2d5f192ae14068302e806c1e8b44576f4b4eb4b5f83a8e8039,configs/doxorubicin_parameters.json,b14b641f69afb70af9ff7557a062c2ce00e0b0cb74381ba69fcfaad4f17f04af,configs/parameter_provenance.csv,86c4261fcb9616a643db79340fe0b7398ba10a5c46464e67e8b697bcfc3a4ec9
sod_mediated,SOD-mediated,0.06375,1e-05,1.8981711075255505e-06,5.715125698104872e-09,1.8924559818274455e-06,4.050914446237225e-06,0.0,1e-05,0.0,7.4,4.88,760000.0,85000000.0,2370000000.0,1e-08,,analytic Riccati radical-pool solution plus integrating-factor adaptive quadrature for H2O2,241,"[""fixed pH"", ""rapid HO2/O2-minus acid-base equilibrium"", ""constant SOD concentration"", ""constant elementary rate coefficients"", ""single-pulse radical decay with no continuous source"", ""first-order H2O2 loss when enabled""]",True,illustrative single-pulse molar concentration,M except time_s and rate fields,"Fixed pH, rapid equilibrium, constant SOD and rates, single pulse; not continuously driven cellular ROS.",1d8208b504af787754e184f77640f85675b5b634,01e64b526ae9ed2d5f192ae14068302e806c1e8b44576f4b4eb4b5f83a8e8039,configs/doxorubicin_parameters.json,b14b641f69afb70af9ff7557a062c2ce00e0b0cb74381ba69fcfaad4f17f04af,configs/parameter_provenance.csv,86c4261fcb9616a643db79340fe0b7398ba10a5c46464e67e8b697bcfc3a4ec9
sod_mediated,SOD-mediated,0.06416666666666668,1e-05,1.8788202013496177e-06,5.656862846705843e-09,1.873163338502912e-06,4.060589899325192e-06,0.0,1e-05,0.0,7.4,4.88,760000.0,85000000.0,2370000000.0,1e-08,,analytic Riccati radical-pool solution plus integrating-factor adaptive quadrature for H2O2,241,"[""fixed pH"", ""rapid HO2/O2-minus acid-base equilibrium"", ""constant SOD concentration"", ""constant elementary rate coefficients"", ""single-pulse radical decay with no continuous source"", ""first-order H2O2 loss when enabled""]",True,illustrative single-pulse molar concentration,M except time_s and rate fields,"Fixed pH, rapid equilibrium, constant SOD and rates, single pulse; not continuously driven cellular ROS.",1d8208b504af787754e184f77640f85675b5b634,01e64b526ae9ed2d5f192ae14068302e806c1e8b44576f4b4eb4b5f83a8e8039,configs/doxorubicin_parameters.json,b14b641f69afb70af9ff7557a062c2ce00e0b0cb74381ba69fcfaad4f17f04af,configs/parameter_provenance.csv,86c4261fcb9616a643db79340fe0b7398ba10a5c46464e67e8b697bcfc3a4ec9
sod_mediated,SOD-mediated,0.06458333333333334,1e-05,1.8596741792789351e-06,5.599216872473687e-09,1.8540749624064614e-06,4.070162910360533e-06,0.0,1e-05,0.0,7.4,4.88,760000.0,85000000.0,2370000000.0,1e-08,,analytic Riccati radical-pool solution plus integrating-factor adaptive quadrature for H2O2,241,"[""fixed pH"", ""rapid HO2/O2-minus acid-base equilibrium"", ""constant SOD concentration"", ""constant elementary rate coefficients"", ""single-pulse radical decay with no continuous source"", ""first-order H2O2 loss when enabled""]",True,illustrative single-pulse molar concentration,M except time_s and rate fields,"Fixed pH, rapid equilibrium, constant SOD and rates, single pulse; not continuously driven cellular ROS.",1d8208b504af787754e184f77640f85675b5b634,01e64b526ae9ed2d5f192ae14068302e806c1e8b44576f4b4eb4b5f83a8e8039,configs/doxorubicin_parameters.json,b14b641f69afb70af9ff7557a062c2ce00e0b0cb74381ba69fcfaad4f17f04af,configs/parameter_provenance.csv,86c4261fcb9616a643db79340fe0b7398ba10a5c46464e67e8b697bcfc3a4ec9
sod_mediated,SOD-mediated,0.065,1e-05,1.8407307177925272e-06,5.5421807796141965e-09,1.8351885370129129e-06,4.079634641103737e-06,0.0,1e-05,0.0,7.4,4.88,760000.0,85000000.0,2370000000.0,1e-08,,analytic Riccati radical-pool solution plus integrating-factor adaptive quadrature for H2O2,241,"[""fixed pH"", ""rapid HO2/O2-minus acid-base equilibrium"", ""constant SOD concentration"", ""constant elementary rate coefficients"", ""single-pulse radical decay with no continuous source"", ""first-order H2O2 loss when enabled""]",True,illustrative single-pulse molar concentration,M except time_s and rate fields,"Fixed pH, rapid equilibrium, constant SOD and rates, single pulse; not continuously driven cellular ROS.",1d8208b504af787754e184f77640f85675b5b634,01e64b526ae9ed2d5f192ae14068302e806c1e8b44576f4b4eb4b5f83a8e8039,configs/doxorubicin_parameters.json,b14b641f69afb70af9ff7557a062c2ce00e0b0cb74381ba69fcfaad4f17f04af,configs/parameter_provenance.csv,86c4261fcb9616a643db79340fe0b7398ba10a5c46464e67e8b697bcfc3a4ec9
sod_mediated,SOD-mediated,0.06541666666666666,1e-05,1.8219875228475474e-06,5.485747661087656e-09,1.8165017751864598e-06,4.0890062385762265e-06,0.0,1e-05,0.0,7.4,4.88,760000.0,85000000.0,2370000000.0,1e-08,,analytic Riccati radical-pool solution plus integrating-factor adaptive quadrature for H2O2,241,"[""fixed pH"", ""rapid HO2/O2-minus acid-base equilibrium"", ""constant SOD concentration"", ""constant elementary rate coefficients"", ""single-pulse radical decay with no continuous source"", ""first-order H2O2 loss when enabled""]",True,illustrative single-pulse molar concentration,M except time_s and rate fields,"Fixed pH, rapid equilibrium, constant SOD and rates, single pulse; not continuously driven cellular ROS.",1d8208b504af787754e184f77640f85675b5b634,01e64b526ae9ed2d5f192ae14068302e806c1e8b44576f4b4eb4b5f83a8e8039,configs/doxorubicin_parameters.json,b14b641f69afb70af9ff7557a062c2ce00e0b0cb74381ba69fcfaad4f17f04af,configs/parameter_provenance.csv,86c4261fcb9616a643db79340fe0b7398ba10a5c46464e67e8b697bcfc3a4ec9
sod_mediated,SOD-mediated,0.06583333333333334,1e-05,1.8034423294425032e-06,5.429910697293777e-09,1.7980124187452093e-06,4.098278835278749e-06,0.0,1e-05,0.0,7.4,4.88,760000.0,85000000.0,2370000000.0,1e-08,,analytic Riccati radical-pool solution plus integrating-factor adaptive quadrature for H2O2,241,"[""fixed pH"", ""rapid HO2/O2-minus acid-base equilibrium"", ""constant SOD concentration"", ""constant elementary rate coefficients"", ""single-pulse radical decay with no continuous source"", ""first-order H2O2 loss when enabled""]",True,illustrative single-pulse molar concentration,M except time_s and rate fields,"Fixed pH, rapid equilibrium, constant SOD and rates, single pulse; not continuously driven cellular ROS.",1d8208b504af787754e184f77640f85675b5b634,01e64b526ae9ed2d5f192ae14068302e806c1e8b44576f4b4eb4b5f83a8e8039,configs/doxorubicin_parameters.json,b14b641f69afb70af9ff7557a062c2ce00e0b0cb74381ba69fcfaad4f17f04af,configs/parameter_provenance.csv,86c4261fcb9616a643db79340fe0b7398ba10a5c46464e67e8b697bcfc3a4ec9
sod_mediated,SOD-mediated,0.06625,1e-05,1.7850929011881862e-06,5.374663154779821e-09,1.7797182380334063e-06,4.1074535494059075e-06,0.0,1e-05,0.0,7.4,4.88,760000.0,85000000.0,2370000000.0,1e-08,,analytic Riccati radical-pool solution plus integrating-factor adaptive quadrature for H2O2,241,"[""fixed pH"", ""rapid HO2/O2-minus acid-base equilibrium"", ""constant SOD concentration"", ""constant elementary rate coefficients"", ""single-pulse radical decay with no continuous source"", ""first-order H2O2 loss when enabled""]",True,illustrative single-pulse molar concentration,M except time_s and rate fields,"Fixed pH, rapid equilibrium, constant SOD and rates, single pulse; not continuously driven cellular ROS.",1d8208b504af787754e184f77640f85675b5b634,01e64b526ae9ed2d5f192ae14068302e806c1e8b44576f4b4eb4b5f83a8e8039,configs/doxorubicin_parameters.json,b14b641f69afb70af9ff7557a062c2ce00e0b0cb74381ba69fcfaad4f17f04af,configs/parameter_provenance.csv,86c4261fcb9616a643db79340fe0b7398ba10a5c46464e67e8b697bcfc3a4ec9
sod_mediated,SOD-mediated,0.06666666666666667,1e-05,1.7669370298861472e-06,5.319998384971459e-09,1.7616170315011757e-06,4.116531485056927e-06,0.0,1e-05,0.0,7.4,4.88,760000.0,85000000.0,2370000000.0,1e-08,,analytic Riccati radical-pool solution plus integrating-factor adaptive quadrature for H2O2,241,"[""fixed pH"", ""rapid HO2/O2-minus acid-base equilibrium"", ""constant SOD concentration"", ""constant elementary rate coefficients"", ""single-pulse radical decay with no continuous source"", ""first-order H2O2 loss when enabled""]",True,illustrative single-pulse molar concentration,M except time_s and rate fields,"Fixed pH, rapid equilibrium, constant SOD and rates, single pulse; not continuously driven cellular ROS.",1d8208b504af787754e184f77640f85675b5b634,01e64b526ae9ed2d5f192ae14068302e806c1e8b44576f4b4eb4b5f83a8e8039,configs/doxorubicin_parameters.json,b14b641f69afb70af9ff7557a062c2ce00e0b0cb74381ba69fcfaad4f17f04af,configs/parameter_provenance.csv,86c4261fcb9616a643db79340fe0b7398ba10a5c46464e67e8b697bcfc3a4ec9
sod_mediated,SOD-mediated,0.06708333333333334,1e-05,1.7489725351145645e-06,5.265909822925869e-09,1.7437066252916387e-06,4.125513732442718e-06,0.0,1e-05,0.0,7.4,4.88,760000.0,85000000.0,2370000000.0,1e-08,,analytic Riccati radical-pool solution plus integrating-factor adaptive quadrature for H2O2,241,"[""fixed pH"", ""rapid HO2/O2-minus acid-base equilibrium"", ""constant SOD concentration"", ""constant elementary rate coefficients"", ""single-pulse radical decay with no continuous source"", ""first-order H2O2 loss when enabled""]",True,illustrative single-pulse molar concentration,M except time_s and rate fields,"Fixed pH, rapid equilibrium, constant SOD and rates, single pulse; not continuously driven cellular ROS.",1d8208b504af787754e184f77640f85675b5b634,01e64b526ae9ed2d5f192ae14068302e806c1e8b44576f4b4eb4b5f83a8e8039,configs/doxorubicin_parameters.json,b14b641f69afb70af9ff7557a062c2ce00e0b0cb74381ba69fcfaad4f17f04af,configs/parameter_provenance.csv,86c4261fcb9616a643db79340fe0b7398ba10a5c46464e67e8b697bcfc3a4ec9
sod_mediated,SOD-mediated,0.0675,1e-05,1.7311972638213509e-06,5.2123909861066425e-09,1.7259848728352442e-06,4.134401368089325e-06,0.0,1e-05,0.0,7.4,4.88,760000.0,85000000.0,2370000000.0,1e-08,,analytic Riccati radical-pool solution plus integrating-factor adaptive quadrature for H2O2,241,"[""fixed pH"", ""rapid HO2/O2-minus acid-base equilibrium"", ""constant SOD concentration"", ""constant elementary rate coefficients"", ""single-pulse radical decay with no continuous source"", ""first-order H2O2 loss when enabled""]",True,illustrative single-pulse molar concentration,M except time_s and rate fields,"Fixed pH, rapid equilibrium, constant SOD and rates, single pulse; not continuously driven cellular ROS.",1d8208b504af787754e184f77640f85675b5b634,01e64b526ae9ed2d5f192ae14068302e806c1e8b44576f4b4eb4b5f83a8e8039,configs/doxorubicin_parameters.json,b14b641f69afb70af9ff7557a062c2ce00e0b0cb74381ba69fcfaad4f17f04af,configs/parameter_provenance.csv,86c4261fcb9616a643db79340fe0b7398ba10a5c46464e67e8b697bcfc3a4ec9
sod_mediated,SOD-mediated,0.06791666666666667,1e-05,1.7136090899243415e-06,5.159435473180007e-09,1.7084496544511614e-06,4.14319545503783e-06,0.0,1e-05,0.0,7.4,4.88,760000.0,85000000.0,2370000000.0,1e-08,,analytic Riccati radical-pool solution plus integrating-factor adaptive quadrature for H2O2,241,"[""fixed pH"", ""rapid HO2/O2-minus acid-base equilibrium"", ""constant SOD concentration"", ""constant elementary rate coefficients"", ""single-pulse radical decay with no continuous source"", ""first-order H2O2 loss when enabled""]",True,illustrative single-pulse molar concentration,M except time_s and rate fields,"Fixed pH, rapid equilibrium, constant SOD and rates, single pulse; not continuously driven cellular ROS.",1d8208b504af787754e184f77640f85675b5b634,01e64b526ae9ed2d5f192ae14068302e806c1e8b44576f4b4eb4b5f83a8e8039,configs/doxorubicin_parameters.json,b14b641f69afb70af9ff7557a062c2ce00e0b0cb74381ba69fcfaad4f17f04af,configs/parameter_provenance.csv,86c4261fcb9616a643db79340fe0b7398ba10a5c46464e67e8b697bcfc3a4ec9
sod_mediated,SOD-mediated,0.06833333333333334,1e-05,1.696205913918436e-06,5.107036962831986e-09,1.691098876955604e-06,4.1518970430407825e-06,0.0,1e-05,0.0,7.4,4.88,760000.0,85000000.0,2370000000.0,1e-08,,analytic Riccati radical-pool solution plus integrating-factor adaptive quadrature for H2O2,241,"[""fixed pH"", ""rapid HO2/O2-minus acid-base equilibrium"", ""constant SOD concentration"", ""constant elementary rate coefficients"", ""single-pulse radical decay with no continuous source"", ""first-order H2O2 loss when enabled""]",True,illustrative single-pulse molar concentration,M except time_s and rate fields,"Fixed pH, rapid equilibrium, constant SOD and rates, single pulse; not continuously driven cellular ROS.",1d8208b504af787754e184f77640f85675b5b634,01e64b526ae9ed2d5f192ae14068302e806c1e8b44576f4b4eb4b5f83a8e8039,configs/doxorubicin_parameters.json,b14b641f69afb70af9ff7557a062c2ce00e0b0cb74381ba69fcfaad4f17f04af,configs/parameter_provenance.csv,86c4261fcb9616a643db79340fe0b7398ba10a5c46464e67e8b697bcfc3a4ec9
sod_mediated,SOD-mediated,0.06875,1e-05,1.678985662489537e-06,5.05518921260602e-09,1.673930473276931e-06,4.160507168755232e-06,0.0,1.0000000000000003e-05,1.6940658945086007e-21,7.4,4.88,760000.0,85000000.0,2370000000.0,1e-08,,analytic Riccati radical-pool solution plus integrating-factor adaptive quadrature for H2O2,241,"[""fixed pH"", ""rapid HO2/O2-minus acid-base equilibrium"", ""constant SOD concentration"", ""constant elementary rate coefficients"", ""single-pulse radical decay with no continuous source"", ""first-order H2O2 loss when enabled""]",True,illustrative single-pulse molar concentration,M except time_s and rate fields,"Fixed pH, rapid equilibrium, constant SOD and rates, single pulse; not continuously driven cellular ROS.",1d8208b504af787754e184f77640f85675b5b634,01e64b526ae9ed2d5f192ae14068302e806c1e8b44576f4b4eb4b5f83a8e8039,configs/doxorubicin_parameters.json,b14b641f69afb70af9ff7557a062c2ce00e0b0cb74381ba69fcfaad4f17f04af,configs/parameter_provenance.csv,86c4261fcb9616a643db79340fe0b7398ba10a5c46464e67e8b697bcfc3a4ec9
sod_mediated,SOD-mediated,0.06916666666666667,1e-05,1.661946288135147e-06,5.003886057760644e-09,1.6569424020773862e-06,4.169026855932427e-06,0.0,1.0000000000000003e-05,1.6940658945086007e-21,7.4,4.88,760000.0,85000000.0,2370000000.0,1e-08,,analytic Riccati radical-pool solution plus integrating-factor adaptive quadrature for H2O2,241,"[""fixed pH"", ""rapid HO2/O2-minus acid-base equilibrium"", ""constant SOD concentration"", ""constant elementary rate coefficients"", ""single-pulse radical decay with no continuous source"", ""first-order H2O2 loss when enabled""]",True,illustrative single-pulse molar concentration,M except time_s and rate fields,"Fixed pH, rapid equilibrium, constant SOD and rates, single pulse; not continuously driven cellular ROS.",1d8208b504af787754e184f77640f85675b5b634,01e64b526ae9ed2d5f192ae14068302e806c1e8b44576f4b4eb4b5f83a8e8039,configs/doxorubicin_parameters.json,b14b641f69afb70af9ff7557a062c2ce00e0b0cb74381ba69fcfaad4f17f04af,configs/parameter_provenance.csv,86c4261fcb9616a643db79340fe0b7398ba10a5c46464e67e8b697bcfc3a4ec9
sod_mediated,SOD-mediated,0.06958333333333334,1e-05,1.645085768791504e-06,4.953121410146835e-09,1.640132647381357e-06,4.1774571156042485e-06,0.0,1e-05,0.0,7.4,4.88,760000.0,85000000.0,2370000000.0,1e-08,,analytic Riccati radical-pool solution plus integrating-factor adaptive quadrature for H2O2,241,"[""fixed pH"", ""rapid HO2/O2-minus acid-base equilibrium"", ""constant SOD concentration"", ""constant elementary rate coefficients"", ""single-pulse radical decay with no continuous source"", ""first-order H2O2 loss when enabled""]",True,illustrative single-pulse molar concentration,M except time_s and rate fields,"Fixed pH, rapid equilibrium, constant SOD and rates, single pulse; not continuously driven cellular ROS.",1d8208b504af787754e184f77640f85675b5b634,01e64b526ae9ed2d5f192ae14068302e806c1e8b44576f4b4eb4b5f83a8e8039,configs/doxorubicin_parameters.json,b14b641f69afb70af9ff7557a062c2ce00e0b0cb74381ba69fcfaad4f17f04af,configs/parameter_provenance.csv,86c4261fcb9616a643db79340fe0b7398ba10a5c46464e67e8b697bcfc3a4ec9
sod_mediated,SOD-mediated,0.07,1e-05,1.6284021074670998e-06,4.902889257104595e-09,1.6234992182099953e-06,4.18579894626645e-06,0.0,1e-05,0.0,7.4,4.88,760000.0,85000000.0,2370000000.0,1e-08,,analytic Riccati radical-pool solution plus integrating-factor adaptive quadrature for H2O2,241,"[""fixed pH"", ""rapid HO2/O2-minus acid-base equilibrium"", ""constant SOD concentration"", ""constant elementary rate coefficients"", ""single-pulse radical decay with no continuous source"", ""first-order H2O2 loss when enabled""]",True,illustrative single-pulse molar concentration,M except time_s and rate fields,"Fixed pH, rapid equilibrium, constant SOD and rates, single pulse; not continuously driven cellular ROS.",1d8208b504af787754e184f77640f85675b5b634,01e64b526ae9ed2d5f192ae14068302e806c1e8b44576f4b4eb4b5f83a8e8039,configs/doxorubicin_parameters.json,b14b641f69afb70af9ff7557a062c2ce00e0b0cb74381ba69fcfaad4f17f04af,configs/parameter_provenance.csv,86c4261fcb9616a643db79340fe0b7398ba10a5c46464e67e8b697bcfc3a4ec9
sod_mediated,SOD-mediated,0.07041666666666667,1e-05,1.6118933318824769e-06,4.8531836603784295e-09,1.6070401482220984e-06,4.194053334058762e-06,0.0,1e-05,0.0,7.4,4.88,760000.0,85000000.0,2370000000.0,1e-08,,analytic Riccati radical-pool solution plus integrating-factor adaptive quadrature for H2O2,241,"[""fixed pH"", ""rapid HO2/O2-minus acid-base equilibrium"", ""constant SOD concentration"", ""constant elementary rate coefficients"", ""single-pulse radical decay with no continuous source"", ""first-order H2O2 loss when enabled""]",True,illustrative single-pulse molar concentration,M except time_s and rate fields,"Fixed pH, rapid equilibrium, constant SOD and rates, single pulse; not continuously driven cellular ROS.",1d8208b504af787754e184f77640f85675b5b634,01e64b526ae9ed2d5f192ae14068302e806c1e8b44576f4b4eb4b5f83a8e8039,configs/doxorubicin_parameters.json,b14b641f69afb70af9ff7557a062c2ce00e0b0cb74381ba69fcfaad4f17f04af,configs/parameter_provenance.csv,86c4261fcb9616a643db79340fe0b7398ba10a5c46464e67e8b697bcfc3a4ec9
sod_mediated,SOD-mediated,0.07083333333333333,1e-05,1.5955574941161534e-06,4.8039987550512735e-09,1.590753495361102e-06,4.202221252941923e-06,0.0,9.999999999999999e-06,1.6940658945086007e-21,7.4,4.88,760000.0,85000000.0,2370000000.0,1e-08,,analytic Riccati radical-pool solution plus integrating-factor adaptive quadrature for H2O2,241,"[""fixed pH"", ""rapid HO2/O2-minus acid-base equilibrium"", ""constant SOD concentration"", ""constant elementary rate coefficients"", ""single-pulse radical decay with no continuous source"", ""first-order H2O2 loss when enabled""]",True,illustrative single-pulse molar concentration,M except time_s and rate fields,"Fixed pH, rapid equilibrium, constant SOD and rates, single pulse; not continuously driven cellular ROS.",1d8208b504af787754e184f77640f85675b5b634,01e64b526ae9ed2d5f192ae14068302e806c1e8b44576f4b4eb4b5f83a8e8039,configs/doxorubicin_parameters.json,b14b641f69afb70af9ff7557a062c2ce00e0b0cb74381ba69fcfaad4f17f04af,configs/parameter_provenance.csv,86c4261fcb9616a643db79340fe0b7398ba10a5c46464e67e8b697bcfc3a4ec9
sod_mediated,SOD-mediated,0.07125000000000001,1e-05,1.5793926702565743e-06,4.755328748496569e-09,1.5746373415080776e-06,4.210303664871713e-06,0.0,9.999999999999999e-06,1.6940658945086007e-21,7.4,4.88,760000.0,85000000.0,2370000000.0,1e-08,,analytic Riccati radical-pool solution plus integrating-factor adaptive quadrature for H2O2,241,"[""fixed pH"", ""rapid HO2/O2-minus acid-base equilibrium"", ""constant SOD concentration"", ""constant elementary rate coefficients"", ""single-pulse radical decay with no continuous source"", ""first-order H2O2 loss when enabled""]",True,illustrative single-pulse molar concentration,M except time_s and rate fields,"Fixed pH, rapid equilibrium, constant SOD and rates, single pulse; not continuously driven cellular ROS.",1d8208b504af787754e184f77640f85675b5b634,01e64b526ae9ed2d5f192ae14068302e806c1e8b44576f4b4eb4b5f83a8e8039,configs/doxorubicin_parameters.json,b14b641f69afb70af9ff7557a062c2ce00e0b0cb74381ba69fcfaad4f17f04af,configs/parameter_provenance.csv,86c4261fcb9616a643db79340fe0b7398ba10a5c46464e67e8b697bcfc3a4ec9
sod_mediated,SOD-mediated,0.07166666666666667,1e-05,1.563396960059957e-06,4.707167919348085e-09,1.5586897921406088e-06,4.218301519970022e-06,0.0,1e-05,0.0,7.4,4.88,760000.0,85000000.0,2370000000.0,1e-08,,analytic Riccati radical-pool solution plus integrating-factor adaptive quadrature for H2O2,241,"[""fixed pH"", ""rapid HO2/O2-minus acid-base equilibrium"", ""constant SOD concentration"", ""constant elementary rate coefficients"", ""single-pulse radical decay with no continuous source"", ""first-order H2O2 loss when enabled""]",True,illustrative single-pulse molar concentration,M except time_s and rate fields,"Fixed pH, rapid equilibrium, constant SOD and rates, single pulse; not continuously driven cellular ROS.",1d8208b504af787754e184f77640f85675b5b634,01e64b526ae9ed2d5f192ae14068302e806c1e8b44576f4b4eb4b5f83a8e8039,configs/doxorubicin_parameters.json,b14b641f69afb70af9ff7557a062c2ce00e0b0cb74381ba69fcfaad4f17f04af,configs/parameter_provenance.csv,86c4261fcb9616a643db79340fe0b7398ba10a5c46464e67e8b697bcfc3a4ec9
sod_mediated,SOD-mediated,0.07208333333333333,1e-05,1.5475684866139122e-06,4.6595106164871294e-09,1.542908975997425e-06,4.226215756693044e-06,0.0,1e-05,0.0,7.4,4.88,760000.0,85000000.0,2370000000.0,1e-08,,analytic Riccati radical-pool solution plus integrating-factor adaptive quadrature for H2O2,241,"[""fixed pH"", ""rapid HO2/O2-minus acid-base equilibrium"", ""constant SOD concentration"", ""constant elementary rate coefficients"", ""single-pulse radical decay with no continuous source"", ""first-order H2O2 loss when enabled""]",True,illustrative single-pulse molar concentration,M except time_s and rate fields,"Fixed pH, rapid equilibrium, constant SOD and rates, single pulse; not continuously driven cellular ROS.",1d8208b504af787754e184f77640f85675b5b634,01e64b526ae9ed2d5f192ae14068302e806c1e8b44576f4b4eb4b5f83a8e8039,configs/doxorubicin_parameters.json,b14b641f69afb70af9ff7557a062c2ce00e0b0cb74381ba69fcfaad4f17f04af,configs/parameter_provenance.csv,86c4261fcb9616a643db79340fe0b7398ba10a5c46464e67e8b697bcfc3a4ec9
sod_mediated,SOD-mediated,0.07250000000000001,1e-05,1.5319053960067292e-06,4.612351258046809e-09,1.5272930447486824e-06,4.234047301996636e-06,0.0,1e-05,0.0,7.4,4.88,760000.0,85000000.0,2370000000.0,1e-08,,analytic Riccati radical-pool solution plus integrating-factor adaptive quadrature for H2O2,241,"[""fixed pH"", ""rapid HO2/O2-minus acid-base equilibrium"", ""constant SOD concentration"", ""constant elementary rate coefficients"", ""single-pulse radical decay with no continuous source"", ""first-order H2O2 loss when enabled""]",True,illustrative single-pulse molar concentration,M except time_s and rate fields,"Fixed pH, rapid equilibrium, constant SOD and rates, single pulse; not continuously driven cellular ROS.",1d8208b504af787754e184f77640f85675b5b634,01e64b526ae9ed2d5f192ae14068302e806c1e8b44576f4b4eb4b5f83a8e8039,configs/doxorubicin_parameters.json,b14b641f69afb70af9ff7557a062c2ce00e0b0cb74381ba69fcfaad4f17f04af,configs/parameter_provenance.csv,86c4261fcb9616a643db79340fe0b7398ba10a5c46464e67e8b697bcfc3a4ec9
sod_mediated,SOD-mediated,0.07291666666666667,1e-05,1.5164058570022213e-06,4.5656843304330406e-09,1.5118401726717883e-06,4.2417970714988895e-06,0.0,1e-05,0.0,7.4,4.88,760000.0,85000000.0,2370000000.0,1e-08,,analytic Riccati radical-pool solution plus integrating-factor adaptive quadrature for H2O2,241,"[""fixed pH"", ""rapid HO2/O2-minus acid-base equilibrium"", ""constant SOD concentration"", ""constant elementary rate coefficients"", ""single-pulse radical decay with no continuous source"", ""first-order H2O2 loss when enabled""]",True,illustrative single-pulse molar concentration,M except time_s and rate fields,"Fixed pH, rapid equilibrium, constant SOD and rates, single pulse; not continuously driven cellular ROS.",1d8208b504af787754e184f77640f85675b5b634,01e64b526ae9ed2d5f192ae14068302e806c1e8b44576f4b4eb4b5f83a8e8039,configs/doxorubicin_parameters.json,b14b641f69afb70af9ff7557a062c2ce00e0b0cb74381ba69fcfaad4f17f04af,configs/parameter_provenance.csv,86c4261fcb9616a643db79340fe0b7398ba10a5c46464e67e8b697bcfc3a4ec9
sod_mediated,SOD-mediated,0.07333333333333333,1e-05,1.50106806072e-06,4.519504387361896e-09,1.496548556332638e-06,4.2494659696400006e-06,0.0,1e-05,0.0,7.4,4.88,760000.0,85000000.0,2370000000.0,1e-08,,analytic Riccati radical-pool solution plus integrating-factor adaptive quadrature for H2O2,241,"[""fixed pH"", ""rapid HO2/O2-minus acid-base equilibrium"", ""constant SOD concentration"", ""constant elementary rate coefficients"", ""single-pulse radical decay with no continuous source"", ""first-order H2O2 loss when enabled""]",True,illustrative single-pulse molar concentration,M except time_s and rate fields,"Fixed pH, rapid equilibrium, constant SOD and rates, single pulse; not continuously driven cellular ROS.",1d8208b504af787754e184f77640f85675b5b634,01e64b526ae9ed2d5f192ae14068302e806c1e8b44576f4b4eb4b5f83a8e8039,configs/doxorubicin_parameters.json,b14b641f69afb70af9ff7557a062c2ce00e0b0cb74381ba69fcfaad4f17f04af,configs/parameter_provenance.csv,86c4261fcb9616a643db79340fe0b7398ba10a5c46464e67e8b697bcfc3a4ec9
sod_mediated,SOD-mediated,0.07375000000000001,1e-05,1.4858902203210928e-06,4.473806048913048e-09,1.4814164142721796e-06,4.257054889839454e-06,0.0,1e-05,0.0,7.4,4.88,760000.0,85000000.0,2370000000.0,1e-08,,analytic Riccati radical-pool solution plus integrating-factor adaptive quadrature for H2O2,241,"[""fixed pH"", ""rapid HO2/O2-minus acid-base equilibrium"", ""constant SOD concentration"", ""constant elementary rate coefficients"", ""single-pulse radical decay with no continuous source"", ""first-order H2O2 loss when enabled""]",True,illustrative single-pulse molar concentration,M except time_s and rate fields,"Fixed pH, rapid equilibrium, constant SOD and rates, single pulse; not continuously driven cellular ROS.",1d8208b504af787754e184f77640f85675b5b634,01e64b526ae9ed2d5f192ae14068302e806c1e8b44576f4b4eb4b5f83a8e8039,configs/doxorubicin_parameters.json,b14b641f69afb70af9ff7557a062c2ce00e0b0cb74381ba69fcfaad4f17f04af,configs/parameter_provenance.csv,86c4261fcb9616a643db79340fe0b7398ba10a5c46464e67e8b697bcfc3a4ec9
sod_mediated,SOD-mediated,0.07416666666666667,1e-05,1.4708705706987915e-06,4.42858400059895e-09,1.4664419866981926e-06,4.264564714650605e-06,0.0,1e-05,0.0,7.4,4.88,760000.0,85000000.0,2370000000.0,1e-08,,analytic Riccati radical-pool solution plus integrating-factor adaptive quadrature for H2O2,241,"[""fixed pH"", ""rapid HO2/O2-minus acid-base equilibrium"", ""constant SOD concentration"", ""constant elementary rate coefficients"", ""single-pulse radical decay with no continuous source"", ""first-order H2O2 loss when enabled""]",True,illustrative single-pulse molar concentration,M except time_s and rate fields,"Fixed pH, rapid equilibrium, constant SOD and rates, single pulse; not continuously driven cellular ROS.",1d8208b504af787754e184f77640f85675b5b634,01e64b526ae9ed2d5f192ae14068302e806c1e8b44576f4b4eb4b5f83a8e8039,configs/doxorubicin_parameters.json,b14b641f69afb70af9ff7557a062c2ce00e0b0cb74381ba69fcfaad4f17f04af,configs/parameter_provenance.csv,86c4261fcb9616a643db79340fe0b7398ba10a5c46464e67e8b697bcfc3a4ec9
sod_mediated,SOD-mediated,0.07458333333333333,1e-05,1.4560073681746202e-06,4.383832992449446e-09,1.4516235351821709e-06,4.27199631591269e-06,0.0,1e-05,0.0,7.4,4.88,760000.0,85000000.0,2370000000.0,1e-08,,analytic Riccati radical-pool solution plus integrating-factor adaptive quadrature for H2O2,241,"[""fixed pH"", ""rapid HO2/O2-minus acid-base equilibrium"", ""constant SOD concentration"", ""constant elementary rate coefficients"", ""single-pulse radical decay with no continuous source"", ""first-order H2O2 loss when enabled""]",True,illustrative single-pulse molar concentration,M except time_s and rate fields,"Fixed pH, rapid equilibrium, constant SOD and rates, single pulse; not continuously driven cellular ROS.",1d8208b504af787754e184f77640f85675b5b634,01e64b526ae9ed2d5f192ae14068302e806c1e8b44576f4b4eb4b5f83a8e8039,configs/doxorubicin_parameters.json,b14b641f69afb70af9ff7557a062c2ce00e0b0cb74381ba69fcfaad4f17f04af,configs/parameter_provenance.csv,86c4261fcb9616a643db79340fe0b7398ba10a5c46464e67e8b697bcfc3a4ec9
sod_mediated,SOD-mediated,0.07500000000000001,1e-05,1.441298890199339e-06,4.339547838111531e-09,1.4369593423612274e-06,4.279350554900331e-06,0.0,1e-05,0.0,7.4,4.88,760000.0,85000000.0,2370000000.0,1e-08,,analytic Riccati radical-pool solution plus integrating-factor adaptive quadrature for H2O2,241,"[""fixed pH"", ""rapid HO2/O2-minus acid-base equilibrium"", ""constant SOD concentration"", ""constant elementary rate coefficients"", ""single-pulse radical decay with no continuous source"", ""first-order H2O2 loss when enabled""]",True,illustrative single-pulse molar concentration,M except time_s and rate fields,"Fixed pH, rapid equilibrium, constant SOD and rates, single pulse; not continuously driven cellular ROS.",1d8208b504af787754e184f77640f85675b5b634,01e64b526ae9ed2d5f192ae14068302e806c1e8b44576f4b4eb4b5f83a8e8039,configs/doxorubicin_parameters.json,b14b641f69afb70af9ff7557a062c2ce00e0b0cb74381ba69fcfaad4f17f04af,configs/parameter_provenance.csv,86c4261fcb9616a643db79340fe0b7398ba10a5c46464e67e8b697bcfc3a4ec9
sod_mediated,SOD-mediated,0.07541666666666667,1e-05,1.4267434350588732e-06,4.295723413963947e-09,1.4224477116449092e-06,4.286628282470564e-06,0.0,1e-05,0.0,7.4,4.88,760000.0,85000000.0,2370000000.0,1e-08,,analytic Riccati radical-pool solution plus integrating-factor adaptive quadrature for H2O2,241,"[""fixed pH"", ""rapid HO2/O2-minus acid-base equilibrium"", ""constant SOD concentration"", ""constant elementary rate coefficients"", ""single-pulse radical decay with no continuous source"", ""first-order H2O2 loss when enabled""]",True,illustrative single-pulse molar concentration,M except time_s and rate fields,"Fixed pH, rapid equilibrium, constant SOD and rates, single pulse; not continuously driven cellular ROS.",1d8208b504af787754e184f77640f85675b5b634,01e64b526ae9ed2d5f192ae14068302e806c1e8b44576f4b4eb4b5f83a8e8039,configs/doxorubicin_parameters.json,b14b641f69afb70af9ff7557a062c2ce00e0b0cb74381ba69fcfaad4f17f04af,configs/parameter_provenance.csv,86c4261fcb9616a643db79340fe0b7398ba10a5c46464e67e8b697bcfc3a4ec9
sod_mediated,SOD-mediated,0.07583333333333334,1e-05,1.4123393215850745e-06,4.252354658246324e-09,1.4080869669268282e-06,4.293830339207463e-06,0.0,1e-05,0.0,7.4,4.88,760000.0,85000000.0,2370000000.0,1e-08,,analytic Riccati radical-pool solution plus integrating-factor adaptive quadrature for H2O2,241,"[""fixed pH"", ""rapid HO2/O2-minus acid-base equilibrium"", ""constant SOD concentration"", ""constant elementary rate coefficients"", ""single-pulse radical decay with no continuous source"", ""first-order H2O2 loss when enabled""]",True,illustrative single-pulse molar concentration,M except time_s and rate fields,"Fixed pH, rapid equilibrium, constant SOD and rates, single pulse; not continuously driven cellular ROS.",1d8208b504af787754e184f77640f85675b5b634,01e64b526ae9ed2d5f192ae14068302e806c1e8b44576f4b4eb4b5f83a8e8039,configs/doxorubicin_parameters.json,b14b641f69afb70af9ff7557a062c2ce00e0b0cb74381ba69fcfaad4f17f04af,configs/parameter_provenance.csv,86c4261fcb9616a643db79340fe0b7398ba10a5c46464e67e8b697bcfc3a4ec9
sod_mediated,SOD-mediated,0.07625,1e-05,1.3980848888712257e-06,4.209436570202606e-09,1.393875452301023e-06,4.300957555564388e-06,0.0,1e-05,0.0,7.4,4.88,760000.0,85000000.0,2370000000.0,1e-08,,analytic Riccati radical-pool solution plus integrating-factor adaptive quadrature for H2O2,241,"[""fixed pH"", ""rapid HO2/O2-minus acid-base equilibrium"", ""constant SOD concentration"", ""constant elementary rate coefficients"", ""single-pulse radical decay with no continuous source"", ""first-order H2O2 loss when enabled""]",True,illustrative single-pulse molar concentration,M except time_s and rate fields,"Fixed pH, rapid equilibrium, constant SOD and rates, single pulse; not continuously driven cellular ROS.",1d8208b504af787754e184f77640f85675b5b634,01e64b526ae9ed2d5f192ae14068302e806c1e8b44576f4b4eb4b5f83a8e8039,configs/doxorubicin_parameters.json,b14b641f69afb70af9ff7557a062c2ce00e0b0cb74381ba69fcfaad4f17f04af,configs/parameter_provenance.csv,86c4261fcb9616a643db79340fe0b7398ba10a5c46464e67e8b697bcfc3a4ec9
sod_mediated,SOD-mediated,0.07666666666666667,1e-05,1.3839784959921947e-06,4.166964209238473e-09,1.3798115317829563e-06,4.308010752003903e-06,0.0,1e-05,0.0,7.4,4.88,760000.0,85000000.0,2370000000.0,1e-08,,analytic Riccati radical-pool solution plus integrating-factor adaptive quadrature for H2O2,241,"[""fixed pH"", ""rapid HO2/O2-minus acid-base equilibrium"", ""constant SOD concentration"", ""constant elementary rate coefficients"", ""single-pulse radical decay with no continuous source"", ""first-order H2O2 loss when enabled""]",True,illustrative single-pulse molar concentration,M except time_s and rate fields,"Fixed pH, rapid equilibrium, constant SOD and rates, single pulse; not continuously driven cellular ROS.",1d8208b504af787754e184f77640f85675b5b634,01e64b526ae9ed2d5f192ae14068302e806c1e8b44576f4b4eb4b5f83a8e8039,configs/doxorubicin_parameters.json,b14b641f69afb70af9ff7557a062c2ce00e0b0cb74381ba69fcfaad4f17f04af,configs/parameter_provenance.csv,86c4261fcb9616a643db79340fe0b7398ba10a5c46464e67e8b697bcfc3a4ec9
sod_mediated,SOD-mediated,0.07708333333333334,1e-05,1.370018521729143e-06,4.1249326940924785e-09,1.3658935890350505e-06,4.3149907391354284e-06,0.0,9.999999999999999e-06,1.6940658945086007e-21,7.4,4.88,760000.0,85000000.0,2370000000.0,1e-08,,analytic Riccati radical-pool solution plus integrating-factor adaptive quadrature for H2O2,241,"[""fixed pH"", ""rapid HO2/O2-minus acid-base equilibrium"", ""constant SOD concentration"", ""constant elementary rate coefficients"", ""single-pulse radical decay with no continuous source"", ""first-order H2O2 loss when enabled""]",True,illustrative single-pulse molar concentration,M except time_s and rate fields,"Fixed pH, rapid equilibrium, constant SOD and rates, single pulse; not continuously driven cellular ROS.",1d8208b504af787754e184f77640f85675b5b634,01e64b526ae9ed2d5f192ae14068302e806c1e8b44576f4b4eb4b5f83a8e8039,configs/doxorubicin_parameters.json,b14b641f69afb70af9ff7557a062c2ce00e0b0cb74381ba69fcfaad4f17f04af,configs/parameter_provenance.csv,86c4261fcb9616a643db79340fe0b7398ba10a5c46464e67e8b697bcfc3a4ec9
sod_mediated,SOD-mediated,0.0775,1e-05,1.3562033642987108e-06,4.083337202020663e-09,1.3521200270966901e-06,4.321898317850645e-06,0.0,1e-05,0.0,7.4,4.88,760000.0,85000000.0,2370000000.0,1e-08,,analytic Riccati radical-pool solution plus integrating-factor adaptive quadrature for H2O2,241,"[""fixed pH"", ""rapid HO2/O2-minus acid-base equilibrium"", ""constant SOD concentration"", ""constant elementary rate coefficients"", ""single-pulse radical decay with no continuous source"", ""first-order H2O2 loss when enabled""]",True,illustrative single-pulse molar concentration,M except time_s and rate fields,"Fixed pH, rapid equilibrium, constant SOD and rates, single pulse; not continuously driven cellular ROS.",1d8208b504af787754e184f77640f85675b5b634,01e64b526ae9ed2d5f192ae14068302e806c1e8b44576f4b4eb4b5f83a8e8039,configs/doxorubicin_parameters.json,b14b641f69afb70af9ff7557a062c2ce00e0b0cb74381ba69fcfaad4f17f04af,configs/parameter_provenance.csv,86c4261fcb9616a643db79340fe0b7398ba10a5c46464e67e8b697bcfc3a4ec9
sod_mediated,SOD-mediated,0.07791666666666668,1e-05,1.3425314410865842e-06,4.042172967994364e-09,1.33848926811859e-06,4.328734279456708e-06,0.0,1e-05,0.0,7.4,4.88,760000.0,85000000.0,2370000000.0,1e-08,,analytic Riccati radical-pool solution plus integrating-factor adaptive quadrature for H2O2,241,"[""fixed pH"", ""rapid HO2/O2-minus acid-base equilibrium"", ""constant SOD concentration"", ""constant elementary rate coefficients"", ""single-pulse radical decay with no continuous source"", ""first-order H2O2 loss when enabled""]",True,illustrative single-pulse molar concentration,M except time_s and rate fields,"Fixed pH, rapid equilibrium, constant SOD and rates, single pulse; not continuously driven cellular ROS.",1d8208b504af787754e184f77640f85675b5b634,01e64b526ae9ed2d5f192ae14068302e806c1e8b44576f4b4eb4b5f83a8e8039,configs/doxorubicin_parameters.json,b14b641f69afb70af9ff7557a062c2ce00e0b0cb74381ba69fcfaad4f17f04af,configs/parameter_provenance.csv,86c4261fcb9616a643db79340fe0b7398ba10a5c46464e67e8b697bcfc3a4ec9
sod_mediated,SOD-mediated,0.07833333333333334,1e-05,1.32900118838537e-06,4.001435283910992e-09,1.3249997531014592e-06,4.335499405807315e-06,0.0,1e-05,0.0,7.4,4.88,760000.0,85000000.0,2370000000.0,1e-08,,analytic Riccati radical-pool solution plus integrating-factor adaptive quadrature for H2O2,241,"[""fixed pH"", ""rapid HO2/O2-minus acid-base equilibrium"", ""constant SOD concentration"", ""constant elementary rate coefficients"", ""single-pulse radical decay with no continuous source"", ""first-order H2O2 loss when enabled""]",True,illustrative single-pulse molar concentration,M except time_s and rate fields,"Fixed pH, rapid equilibrium, constant SOD and rates, single pulse; not continuously driven cellular ROS.",1d8208b504af787754e184f77640f85675b5b634,01e64b526ae9ed2d5f192ae14068302e806c1e8b44576f4b4eb4b5f83a8e8039,configs/doxorubicin_parameters.json,b14b641f69afb70af9ff7557a062c2ce00e0b0cb74381ba69fcfaad4f17f04af,configs/parameter_provenance.csv,86c4261fcb9616a643db79340fe0b7398ba10a5c46464e67e8b697bcfc3a4ec9
sod_mediated,SOD-mediated,0.07875,1e-05,1.3156110611366873e-06,3.961119497817503e-09,1.3116499416388698e-06,4.342194469431657e-06,0.0,1.0000000000000003e-05,1.6940658945086007e-21,7.4,4.88,760000.0,85000000.0,2370000000.0,1e-08,,analytic Riccati radical-pool solution plus integrating-factor adaptive quadrature for H2O2,241,"[""fixed pH"", ""rapid HO2/O2-minus acid-base equilibrium"", ""constant SOD concentration"", ""constant elementary rate coefficients"", ""single-pulse radical decay with no continuous source"", ""first-order H2O2 loss when enabled""]",True,illustrative single-pulse molar concentration,M except time_s and rate fields,"Fixed pH, rapid equilibrium, constant SOD and rates, single pulse; not continuously driven cellular ROS.",1d8208b504af787754e184f77640f85675b5b634,01e64b526ae9ed2d5f192ae14068302e806c1e8b44576f4b4eb4b5f83a8e8039,configs/doxorubicin_parameters.json,b14b641f69afb70af9ff7557a062c2ce00e0b0cb74381ba69fcfaad4f17f04af,configs/parameter_provenance.csv,86c4261fcb9616a643db79340fe0b7398ba10a5c46464e67e8b697bcfc3a4ec9
sod_mediated,SOD-mediated,0.07916666666666668,1e-05,1.3023595326773987e-06,3.921221013146342e-09,1.2984383116642522e-06,4.348820233661301e-06,0.0,1e-05,0.0,7.4,4.88,760000.0,85000000.0,2370000000.0,1e-08,,analytic Riccati radical-pool solution plus integrating-factor adaptive quadrature for H2O2,241,"[""fixed pH"", ""rapid HO2/O2-minus acid-base equilibrium"", ""constant SOD concentration"", ""constant elementary rate coefficients"", ""single-pulse radical decay with no continuous source"", ""first-order H2O2 loss when enabled""]",True,illustrative single-pulse molar concentration,M except time_s and rate fields,"Fixed pH, rapid equilibrium, constant SOD and rates, single pulse; not continuously driven cellular ROS.",1d8208b504af787754e184f77640f85675b5b634,01e64b526ae9ed2d5f192ae14068302e806c1e8b44576f4b4eb4b5f83a8e8039,configs/doxorubicin_parameters.json,b14b641f69afb70af9ff7557a062c2ce00e0b0cb74381ba69fcfaad4f17f04af,configs/parameter_provenance.csv,86c4261fcb9616a643db79340fe0b7398ba10a5c46464e67e8b697bcfc3a4ec9
sod_mediated,SOD-mediated,0.07958333333333334,1e-05,1.2892450944899099e-06,3.881735287963626e-09,1.2853633592019462e-06,4.355377452755046e-06,0.0,1e-05,0.0,7.4,4.88,760000.0,85000000.0,2370000000.0,1e-08,,analytic Riccati radical-pool solution plus integrating-factor adaptive quadrature for H2O2,241,"[""fixed pH"", ""rapid HO2/O2-minus acid-base equilibrium"", ""constant SOD concentration"", ""constant elementary rate coefficients"", ""single-pulse radical decay with no continuous source"", ""first-order H2O2 loss when enabled""]",True,illustrative single-pulse molar concentration,M except time_s and rate fields,"Fixed pH, rapid equilibrium, constant SOD and rates, single pulse; not continuously driven cellular ROS.",1d8208b504af787754e184f77640f85675b5b634,01e64b526ae9ed2d5f192ae14068302e806c1e8b44576f4b4eb4b5f83a8e8039,configs/doxorubicin_parameters.json,b14b641f69afb70af9ff7557a062c2ce00e0b0cb74381ba69fcfaad4f17f04af,configs/parameter_provenance.csv,86c4261fcb9616a643db79340fe0b7398ba10a5c46464e67e8b697bcfc3a4ec9
sod_mediated,SOD-mediated,0.08,1e-05,1.2762662559564502e-06,3.842657834229318e-09,1.2724235981222209e-06,4.361866872021775e-06,0.0,1e-05,0.0,7.4,4.88,760000.0,85000000.0,2370000000.0,1e-08,,analytic Riccati radical-pool solution plus integrating-factor adaptive quadrature for H2O2,241,"[""fixed pH"", ""rapid HO2/O2-minus acid-base equilibrium"", ""constant SOD concentration"", ""constant elementary rate coefficients"", ""single-pulse radical decay with no continuous source"", ""first-order H2O2 loss when enabled""]",True,illustrative single-pulse molar concentration,M except time_s and rate fields,"Fixed pH, rapid equilibrium, constant SOD and rates, single pulse; not continuously driven cellular ROS.",1d8208b504af787754e184f77640f85675b5b634,01e64b526ae9ed2d5f192ae14068302e806c1e8b44576f4b4eb4b5f83a8e8039,configs/doxorubicin_parameters.json,b14b641f69afb70af9ff7557a062c2ce00e0b0cb74381ba69fcfaad4f17f04af,configs/parameter_provenance.csv,86c4261fcb9616a643db79340fe0b7398ba10a5c46464e67e8b697bcfc3a4ec9
sod_mediated,SOD-mediated,0.08041666666666668,1e-05,1.2634215441172633e-06,3.803984217069174e-09,1.259617559900194e-06,4.368289227941369e-06,0.0,1e-05,0.0,7.4,4.88,760000.0,85000000.0,2370000000.0,1e-08,,analytic Riccati radical-pool solution plus integrating-factor adaptive quadrature for H2O2,241,"[""fixed pH"", ""rapid HO2/O2-minus acid-base equilibrium"", ""constant SOD concentration"", ""constant elementary rate coefficients"", ""single-pulse radical decay with no continuous source"", ""first-order H2O2 loss when enabled""]",True,illustrative single-pulse molar concentration,M except time_s and rate fields,"Fixed pH, rapid equilibrium, constant SOD and rates, single pulse; not continuously driven cellular ROS.",1d8208b504af787754e184f77640f85675b5b634,01e64b526ae9ed2d5f192ae14068302e806c1e8b44576f4b4eb4b5f83a8e8039,configs/doxorubicin_parameters.json,b14b641f69afb70af9ff7557a062c2ce00e0b0cb74381ba69fcfaad4f17f04af,configs/parameter_provenance.csv,86c4261fcb9616a643db79340fe0b7398ba10a5c46464e67e8b697bcfc3a4ec9
sod_mediated,SOD-mediated,0.08083333333333334,1e-05,1.2507095034326411e-06,3.765710054058261e-09,1.2469437933785829e-06,4.37464524828368e-06,0.0,1e-05,0.0,7.4,4.88,760000.0,85000000.0,2370000000.0,1e-08,,analytic Riccati radical-pool solution plus integrating-factor adaptive quadrature for H2O2,241,"[""fixed pH"", ""rapid HO2/O2-minus acid-base equilibrium"", ""constant SOD concentration"", ""constant elementary rate coefficients"", ""single-pulse radical decay with no continuous source"", ""first-order H2O2 loss when enabled""]",True,illustrative single-pulse molar concentration,M except time_s and rate fields,"Fixed pH, rapid equilibrium, constant SOD and rates, single pulse; not continuously driven cellular ROS.",1d8208b504af787754e184f77640f85675b5b634,01e64b526ae9ed2d5f192ae14068302e806c1e8b44576f4b4eb4b5f83a8e8039,configs/doxorubicin_parameters.json,b14b641f69afb70af9ff7557a062c2ce00e0b0cb74381ba69fcfaad4f17f04af,configs/parameter_provenance.csv,86c4261fcb9616a643db79340fe0b7398ba10a5c46464e67e8b697bcfc3a4ec9
sod_mediated,SOD-mediated,0.08125,1e-05,1.2381286955487188e-06,3.727831014515797e-09,1.234400864534203e-06,4.380935652225641e-06,0.0,1e-05,0.0,7.4,4.88,760000.0,85000000.0,2370000000.0,1e-08,,analytic Riccati radical-pool solution plus integrating-factor adaptive quadrature for H2O2,241,"[""fixed pH"", ""rapid HO2/O2-minus acid-base equilibrium"", ""constant SOD concentration"", ""constant elementary rate coefficients"", ""single-pulse radical decay with no continuous source"", ""first-order H2O2 loss when enabled""]",True,illustrative single-pulse molar concentration,M except time_s and rate fields,"Fixed pH, rapid equilibrium, constant SOD and rates, single pulse; not continuously driven cellular ROS.",1d8208b504af787754e184f77640f85675b5b634,01e64b526ae9ed2d5f192ae14068302e806c1e8b44576f4b4eb4b5f83a8e8039,configs/doxorubicin_parameters.json,b14b641f69afb70af9ff7557a062c2ce00e0b0cb74381ba69fcfaad4f17f04af,configs/parameter_provenance.csv,86c4261fcb9616a643db79340fe0b7398ba10a5c46464e67e8b697bcfc3a4ec9
sod_mediated,SOD-mediated,0.08166666666666667,1e-05,1.2256776990669654e-06,3.690342818811119e-09,1.2219873562481544e-06,4.387161150466518e-06,0.0,1e-05,0.0,7.4,4.88,760000.0,85000000.0,2370000000.0,1e-08,,analytic Riccati radical-pool solution plus integrating-factor adaptive quadrature for H2O2,241,"[""fixed pH"", ""rapid HO2/O2-minus acid-base equilibrium"", ""constant SOD concentration"", ""constant elementary rate coefficients"", ""single-pulse radical decay with no continuous source"", ""first-order H2O2 loss when enabled""]",True,illustrative single-pulse molar concentration,M except time_s and rate fields,"Fixed pH, rapid equilibrium, constant SOD and rates, single pulse; not continuously driven cellular ROS.",1d8208b504af787754e184f77640f85675b5b634,01e64b526ae9ed2d5f192ae14068302e806c1e8b44576f4b4eb4b5f83a8e8039,configs/doxorubicin_parameters.json,b14b641f69afb70af9ff7557a062c2ce00e0b0cb74381ba69fcfaad4f17f04af,configs/parameter_provenance.csv,86c4261fcb9616a643db79340fe0b7398ba10a5c46464e67e8b697bcfc3a4ec9
sod_mediated,SOD-mediated,0.08208333333333334,1e-05,1.2133551093173062e-06,3.653241237680592e-09,1.2097018680796256e-06,4.3933224453413474e-06,0.0,1e-05,0.0,7.4,4.88,760000.0,85000000.0,2370000000.0,1e-08,,analytic Riccati radical-pool solution plus integrating-factor adaptive quadrature for H2O2,241,"[""fixed pH"", ""rapid HO2/O2-minus acid-base equilibrium"", ""constant SOD concentration"", ""constant elementary rate coefficients"", ""single-pulse radical decay with no continuous source"", ""first-order H2O2 loss when enabled""]",True,illustrative single-pulse molar concentration,M except time_s and rate fields,"Fixed pH, rapid equilibrium, constant SOD and rates, single pulse; not continuously driven cellular ROS.",1d8208b504af787754e184f77640f85675b5b634,01e64b526ae9ed2d5f192ae14068302e806c1e8b44576f4b4eb4b5f83a8e8039,configs/doxorubicin_parameters.json,b14b641f69afb70af9ff7557a062c2ce00e0b0cb74381ba69fcfaad4f17f04af,configs/parameter_provenance.csv,86c4261fcb9616a643db79340fe0b7398ba10a5c46464e67e8b697bcfc3a4ec9
sod_mediated,SOD-mediated,0.0825,1e-05,1.2011595381348028e-06,3.616522091555219e-09,1.1975430160432475e-06,4.399420230932599e-06,0.0,1e-05,0.0,7.4,4.88,760000.0,85000000.0,2370000000.0,1e-08,,analytic Riccati radical-pool solution plus integrating-factor adaptive quadrature for H2O2,241,"[""fixed pH"", ""rapid HO2/O2-minus acid-base equilibrium"", ""constant SOD concentration"", ""constant elementary rate coefficients"", ""single-pulse radical decay with no continuous source"", ""first-order H2O2 loss when enabled""]",True,illustrative single-pulse molar concentration,M except time_s and rate fields,"Fixed pH, rapid equilibrium, constant SOD and rates, single pulse; not continuously driven cellular ROS.",1d8208b504af787754e184f77640f85675b5b634,01e64b526ae9ed2d5f192ae14068302e806c1e8b44576f4b4eb4b5f83a8e8039,configs/doxorubicin_parameters.json,b14b641f69afb70af9ff7557a062c2ce00e0b0cb74381ba69fcfaad4f17f04af,configs/parameter_provenance.csv,86c4261fcb9616a643db79340fe0b7398ba10a5c46464e67e8b697bcfc3a4ec9
sod_mediated,SOD-mediated,0.08291666666666667,1e-05,1.1890896136398232e-06,3.5801812498987638e-09,1.1855094323899245e-06,4.4054551931800885e-06,0.0,1e-05,0.0,7.4,4.88,760000.0,85000000.0,2370000000.0,1e-08,,analytic Riccati radical-pool solution plus integrating-factor adaptive quadrature for H2O2,241,"[""fixed pH"", ""rapid HO2/O2-minus acid-base equilibrium"", ""constant SOD concentration"", ""constant elementary rate coefficients"", ""single-pulse radical decay with no continuous source"", ""first-order H2O2 loss when enabled""]",True,illustrative single-pulse molar concentration,M except time_s and rate fields,"Fixed pH, rapid equilibrium, constant SOD and rates, single pulse; not continuously driven cellular ROS.",1d8208b504af787754e184f77640f85675b5b634,01e64b526ae9ed2d5f192ae14068302e806c1e8b44576f4b4eb4b5f83a8e8039,configs/doxorubicin_parameters.json,b14b641f69afb70af9ff7557a062c2ce00e0b0cb74381ba69fcfaad4f17f04af,configs/parameter_provenance.csv,86c4261fcb9616a643db79340fe0b7398ba10a5c46464e67e8b697bcfc3a4ec9
sod_mediated,SOD-mediated,0.08333333333333334,1e-05,1.1771439800216485e-06,3.544214630556226e-09,1.1735997653910922e-06,4.411428009989176e-06,0.0,1e-05,0.0,7.4,4.88,760000.0,85000000.0,2370000000.0,1e-08,,analytic Riccati radical-pool solution plus integrating-factor adaptive quadrature for H2O2,241,"[""fixed pH"", ""rapid HO2/O2-minus acid-base equilibrium"", ""constant SOD concentration"", ""constant elementary rate coefficients"", ""single-pulse radical decay with no continuous source"", ""first-order H2O2 loss when enabled""]",True,illustrative single-pulse molar concentration,M except time_s and rate fields,"Fixed pH, rapid equilibrium, constant SOD and rates, single pulse; not continuously driven cellular ROS.",1d8208b504af787754e184f77640f85675b5b634,01e64b526ae9ed2d5f192ae14068302e806c1e8b44576f4b4eb4b5f83a8e8039,configs/doxorubicin_parameters.json,b14b641f69afb70af9ff7557a062c2ce00e0b0cb74381ba69fcfaad4f17f04af,configs/parameter_provenance.csv,86c4261fcb9616a643db79340fe0b7398ba10a5c46464e67e8b697bcfc3a4ec9
sod_mediated,SOD-mediated,0.08375,1e-05,1.165321297325444e-06,3.508618199112435e-09,1.1618126791263316e-06,4.4173393513372785e-06,0.0,1e-05,0.0,7.4,4.88,760000.0,85000000.0,2370000000.0,1e-08,,analytic Riccati radical-pool solution plus integrating-factor adaptive quadrature for H2O2,241,"[""fixed pH"", ""rapid HO2/O2-minus acid-base equilibrium"", ""constant SOD concentration"", ""constant elementary rate coefficients"", ""single-pulse radical decay with no continuous source"", ""first-order H2O2 loss when enabled""]",True,illustrative single-pulse molar concentration,M except time_s and rate fields,"Fixed pH, rapid equilibrium, constant SOD and rates, single pulse; not continuously driven cellular ROS.",1d8208b504af787754e184f77640f85675b5b634,01e64b526ae9ed2d5f192ae14068302e806c1e8b44576f4b4eb4b5f83a8e8039,configs/doxorubicin_parameters.json,b14b641f69afb70af9ff7557a062c2ce00e0b0cb74381ba69fcfaad4f17f04af,configs/parameter_provenance.csv,86c4261fcb9616a643db79340fe0b7398ba10a5c46464e67e8b697bcfc3a4ec9
sod_mediated,SOD-mediated,0.08416666666666667,1e-05,1.1536202412425323e-06,3.4733879682605963e-09,1.1501468532742716e-06,4.423189879378734e-06,0.0,1e-05,0.0,7.4,4.88,760000.0,85000000.0,2370000000.0,1e-08,,analytic Riccati radical-pool solution plus integrating-factor adaptive quadrature for H2O2,241,"[""fixed pH"", ""rapid HO2/O2-minus acid-base equilibrium"", ""constant SOD concentration"", ""constant elementary rate coefficients"", ""single-pulse radical decay with no continuous source"", ""first-order H2O2 loss when enabled""]",True,illustrative single-pulse molar concentration,M except time_s and rate fields,"Fixed pH, rapid equilibrium, constant SOD and rates, single pulse; not continuously driven cellular ROS.",1d8208b504af787754e184f77640f85675b5b634,01e64b526ae9ed2d5f192ae14068302e806c1e8b44576f4b4eb4b5f83a8e8039,configs/doxorubicin_parameters.json,b14b641f69afb70af9ff7557a062c2ce00e0b0cb74381ba69fcfaad4f17f04af,configs/parameter_provenance.csv,86c4261fcb9616a643db79340fe0b7398ba10a5c46464e67e8b697bcfc3a4ec9
sod_mediated,SOD-mediated,0.08458333333333334,1e-05,1.142039502903918e-06,3.4385199971806225e-09,1.1386009829067373e-06,4.428980248548041e-06,0.0,1e-05,0.0,7.4,4.88,760000.0,85000000.0,2370000000.0,1e-08,,analytic Riccati radical-pool solution plus integrating-factor adaptive quadrature for H2O2,241,"[""fixed pH"", ""rapid HO2/O2-minus acid-base equilibrium"", ""constant SOD concentration"", ""constant elementary rate coefficients"", ""single-pulse radical decay with no continuous source"", ""first-order H2O2 loss when enabled""]",True,illustrative single-pulse molar concentration,M except time_s and rate fields,"Fixed pH, rapid equilibrium, constant SOD and rates, single pulse; not continuously driven cellular ROS.",1d8208b504af787754e184f77640f85675b5b634,01e64b526ae9ed2d5f192ae14068302e806c1e8b44576f4b4eb4b5f83a8e8039,configs/doxorubicin_parameters.json,b14b641f69afb70af9ff7557a062c2ce00e0b0cb74381ba69fcfaad4f17f04af,configs/parameter_provenance.csv,86c4261fcb9616a643db79340fe0b7398ba10a5c46464e67e8b697bcfc3a4ec9
sod_mediated,SOD-mediated,0.085,1e-05,1.1305777886769919e-06,3.4040103909270366e-09,1.1271737782860648e-06,4.434711105661505e-06,0.0,1e-05,0.0,7.4,4.88,760000.0,85000000.0,2370000000.0,1e-08,,analytic Riccati radical-pool solution plus integrating-factor adaptive quadrature for H2O2,241,"[""fixed pH"", ""rapid HO2/O2-minus acid-base equilibrium"", ""constant SOD concentration"", ""constant elementary rate coefficients"", ""single-pulse radical decay with no continuous source"", ""first-order H2O2 loss when enabled""]",True,illustrative single-pulse molar concentration,M except time_s and rate fields,"Fixed pH, rapid equilibrium, constant SOD and rates, single pulse; not continuously driven cellular ROS.",1d8208b504af787754e184f77640f85675b5b634,01e64b526ae9ed2d5f192ae14068302e806c1e8b44576f4b4eb4b5f83a8e8039,configs/doxorubicin_parameters.json,b14b641f69afb70af9ff7557a062c2ce00e0b0cb74381ba69fcfaad4f17f04af,configs/parameter_provenance.csv,86c4261fcb9616a643db79340fe0b7398ba10a5c46464e67e8b697bcfc3a4ec9
sod_mediated,SOD-mediated,0.08541666666666667,1e-05,1.1192338199653664e-06,3.369855299826307e-09,1.1158639646655402e-06,4.440383090017317e-06,0.0,1e-05,0.0,7.4,4.88,760000.0,85000000.0,2370000000.0,1e-08,,analytic Riccati radical-pool solution plus integrating-factor adaptive quadrature for H2O2,241,"[""fixed pH"", ""rapid HO2/O2-minus acid-base equilibrium"", ""constant SOD concentration"", ""constant elementary rate coefficients"", ""single-pulse radical decay with no continuous source"", ""first-order H2O2 loss when enabled""]",True,illustrative single-pulse molar concentration,M except time_s and rate fields,"Fixed pH, rapid equilibrium, constant SOD and rates, single pulse; not continuously driven cellular ROS.",1d8208b504af787754e184f77640f85675b5b634,01e64b526ae9ed2d5f192ae14068302e806c1e8b44576f4b4eb4b5f83a8e8039,configs/doxorubicin_parameters.json,b14b641f69afb70af9ff7557a062c2ce00e0b0cb74381ba69fcfaad4f17f04af,configs/parameter_provenance.csv,86c4261fcb9616a643db79340fe0b7398ba10a5c46464e67e8b697bcfc3a4ec9
sod_mediated,SOD-mediated,0.08583333333333334,1e-05,1.1080063330117818e-06,3.3360509188834235e-09,1.1046702820928983e-06,4.445996833494109e-06,0.0,1e-05,0.0,7.4,4.88,760000.0,85000000.0,2370000000.0,1e-08,,analytic Riccati radical-pool solution plus integrating-factor adaptive quadrature for H2O2,241,"[""fixed pH"", ""rapid HO2/O2-minus acid-base equilibrium"", ""constant SOD concentration"", ""constant elementary rate coefficients"", ""single-pulse radical decay with no continuous source"", ""first-order H2O2 loss when enabled""]",True,illustrative single-pulse molar concentration,M except time_s and rate fields,"Fixed pH, rapid equilibrium, constant SOD and rates, single pulse; not continuously driven cellular ROS.",1d8208b504af787754e184f77640f85675b5b634,01e64b526ae9ed2d5f192ae14068302e806c1e8b44576f4b4eb4b5f83a8e8039,configs/doxorubicin_parameters.json,b14b641f69afb70af9ff7557a062c2ce00e0b0cb74381ba69fcfaad4f17f04af,configs/parameter_provenance.csv,86c4261fcb9616a643db79340fe0b7398ba10a5c46464e67e8b697bcfc3a4ec9
sod_mediated,SOD-mediated,0.08625000000000001,1e-05,1.0968940787040304e-06,3.302593487197565e-09,1.093591485216833e-06,4.451552960647986e-06,0.0,1.0000000000000003e-05,1.6940658945086007e-21,7.4,4.88,760000.0,85000000.0,2370000000.0,1e-08,,analytic Riccati radical-pool solution plus integrating-factor adaptive quadrature for H2O2,241,"[""fixed pH"", ""rapid HO2/O2-minus acid-base equilibrium"", ""constant SOD concentration"", ""constant elementary rate coefficients"", ""single-pulse radical decay with no continuous source"", ""first-order H2O2 loss when enabled""]",True,illustrative single-pulse molar concentration,M except time_s and rate fields,"Fixed pH, rapid equilibrium, constant SOD and rates, single pulse; not continuously driven cellular ROS.",1d8208b504af787754e184f77640f85675b5b634,01e64b526ae9ed2d5f192ae14068302e806c1e8b44576f4b4eb4b5f83a8e8039,configs/doxorubicin_parameters.json,b14b641f69afb70af9ff7557a062c2ce00e0b0cb74381ba69fcfaad4f17f04af,configs/parameter_provenance.csv,86c4261fcb9616a643db79340fe0b7398ba10a5c46464e67e8b697bcfc3a4ec9
sod_mediated,SOD-mediated,0.08666666666666667,1e-05,1.085895822383837e-06,3.269479287386663e-09,1.0826263430964503e-06,4.457052088808082e-06,0.0,1e-05,0.0,7.4,4.88,760000.0,85000000.0,2370000000.0,1e-08,,analytic Riccati radical-pool solution plus integrating-factor adaptive quadrature for H2O2,241,"[""fixed pH"", ""rapid HO2/O2-minus acid-base equilibrium"", ""constant SOD concentration"", ""constant elementary rate coefficients"", ""single-pulse radical decay with no continuous source"", ""first-order H2O2 loss when enabled""]",True,illustrative single-pulse molar concentration,M except time_s and rate fields,"Fixed pH, rapid equilibrium, constant SOD and rates, single pulse; not continuously driven cellular ROS.",1d8208b504af787754e184f77640f85675b5b634,01e64b526ae9ed2d5f192ae14068302e806c1e8b44576f4b4eb4b5f83a8e8039,configs/doxorubicin_parameters.json,b14b641f69afb70af9ff7557a062c2ce00e0b0cb74381ba69fcfaad4f17f04af,configs/parameter_provenance.csv,86c4261fcb9616a643db79340fe0b7398ba10a5c46464e67e8b697bcfc3a4ec9
sod_mediated,SOD-mediated,0.08708333333333333,1e-05,1.0750103436586545e-06,3.2367046450207475e-09,1.0717736390136337e-06,4.462494828170673e-06,0.0,1e-05,0.0,7.4,4.88,760000.0,85000000.0,2370000000.0,1e-08,,analytic Riccati radical-pool solution plus integrating-factor adaptive quadrature for H2O2,241,"[""fixed pH"", ""rapid HO2/O2-minus acid-base equilibrium"", ""constant SOD concentration"", ""constant elementary rate coefficients"", ""single-pulse radical decay with no continuous source"", ""first-order H2O2 loss when enabled""]",True,illustrative single-pulse molar concentration,M except time_s and rate fields,"Fixed pH, rapid equilibrium, constant SOD and rates, single pulse; not continuously driven cellular ROS.",1d8208b504af787754e184f77640f85675b5b634,01e64b526ae9ed2d5f192ae14068302e806c1e8b44576f4b4eb4b5f83a8e8039,configs/doxorubicin_parameters.json,b14b641f69afb70af9ff7557a062c2ce00e0b0cb74381ba69fcfaad4f17f04af,configs/parameter_provenance.csv,86c4261fcb9616a643db79340fe0b7398ba10a5c46464e67e8b697bcfc3a4ec9
sod_mediated,SOD-mediated,0.08750000000000001,1e-05,1.0642364362163114e-06,3.204265928063873e-09,1.0610321702882475e-06,4.467881781891844e-06,0.0,9.999999999999999e-06,1.6940658945086007e-21,7.4,4.88,760000.0,85000000.0,2370000000.0,1e-08,,analytic Riccati radical-pool solution plus integrating-factor adaptive quadrature for H2O2,241,"[""fixed pH"", ""rapid HO2/O2-minus acid-base equilibrium"", ""constant SOD concentration"", ""constant elementary rate coefficients"", ""single-pulse radical decay with no continuous source"", ""first-order H2O2 loss when enabled""]",True,illustrative single-pulse molar concentration,M except time_s and rate fields,"Fixed pH, rapid equilibrium, constant SOD and rates, single pulse; not continuously driven cellular ROS.",1d8208b504af787754e184f77640f85675b5b634,01e64b526ae9ed2d5f192ae14068302e806c1e8b44576f4b4eb4b5f83a8e8039,configs/doxorubicin_parameters.json,b14b641f69afb70af9ff7557a062c2ce00e0b0cb74381ba69fcfaad4f17f04af,configs/parameter_provenance.csv,86c4261fcb9616a643db79340fe0b7398ba10a5c46464e67e8b697bcfc3a4ec9
sod_mediated,SOD-mediated,0.08791666666666667,1e-05,1.0535729076424673e-06,3.1721595463245063e-09,1.0504007480961428e-06,4.473213546178767e-06,0.0,1e-05,0.0,7.4,4.88,760000.0,85000000.0,2370000000.0,1e-08,,analytic Riccati radical-pool solution plus integrating-factor adaptive quadrature for H2O2,241,"[""fixed pH"", ""rapid HO2/O2-minus acid-base equilibrium"", ""constant SOD concentration"", ""constant elementary rate coefficients"", ""single-pulse radical decay with no continuous source"", ""first-order H2O2 loss when enabled""]",True,illustrative single-pulse molar concentration,M except time_s and rate fields,"Fixed pH, rapid equilibrium, constant SOD and rates, single pulse; not continuously driven cellular ROS.",1d8208b504af787754e184f77640f85675b5b634,01e64b526ae9ed2d5f192ae14068302e806c1e8b44576f4b4eb4b5f83a8e8039,configs/doxorubicin_parameters.json,b14b641f69afb70af9ff7557a062c2ce00e0b0cb74381ba69fcfaad4f17f04af,configs/parameter_provenance.csv,86c4261fcb9616a643db79340fe0b7398ba10a5c46464e67e8b697bcfc3a4ec9
sod_mediated,SOD-mediated,0.08833333333333333,1e-05,1.0430185792408235e-06,3.140381950914204e-09,1.0398781972899093e-06,4.4784907103795884e-06,0.0,1e-05,0.0,7.4,4.88,760000.0,85000000.0,2370000000.0,1e-08,,analytic Riccati radical-pool solution plus integrating-factor adaptive quadrature for H2O2,241,"[""fixed pH"", ""rapid HO2/O2-minus acid-base equilibrium"", ""constant SOD concentration"", ""constant elementary rate coefficients"", ""single-pulse radical decay with no continuous source"", ""first-order H2O2 loss when enabled""]",True,illustrative single-pulse molar concentration,M except time_s and rate fields,"Fixed pH, rapid equilibrium, constant SOD and rates, single pulse; not continuously driven cellular ROS.",1d8208b504af787754e184f77640f85675b5b634,01e64b526ae9ed2d5f192ae14068302e806c1e8b44576f4b4eb4b5f83a8e8039,configs/doxorubicin_parameters.json,b14b641f69afb70af9ff7557a062c2ce00e0b0cb74381ba69fcfaad4f17f04af,configs/parameter_provenance.csv,86c4261fcb9616a643db79340fe0b7398ba10a5c46464e67e8b697bcfc3a4ec9
sod_mediated,SOD-mediated,0.08875000000000001,1e-05,1.032572285856037e-06,3.1089296337144315e-09,1.0294633562223225e-06,4.483713857071982e-06,0.0,1e-05,0.0,7.4,4.88,760000.0,85000000.0,2370000000.0,1e-08,,analytic Riccati radical-pool solution plus integrating-factor adaptive quadrature for H2O2,241,"[""fixed pH"", ""rapid HO2/O2-minus acid-base equilibrium"", ""constant SOD concentration"", ""constant elementary rate coefficients"", ""single-pulse radical decay with no continuous source"", ""first-order H2O2 loss when enabled""]",True,illustrative single-pulse molar concentration,M except time_s and rate fields,"Fixed pH, rapid equilibrium, constant SOD and rates, single pulse; not continuously driven cellular ROS.",1d8208b504af787754e184f77640f85675b5b634,01e64b526ae9ed2d5f192ae14068302e806c1e8b44576f4b4eb4b5f83a8e8039,configs/doxorubicin_parameters.json,b14b641f69afb70af9ff7557a062c2ce00e0b0cb74381ba69fcfaad4f17f04af,configs/parameter_provenance.csv,86c4261fcb9616a643db79340fe0b7398ba10a5c46464e67e8b697bcfc3a4ec9
sod_mediated,SOD-mediated,0.08916666666666667,1e-05,1.0222328756993003e-06,3.0777991268514105e-09,1.0191550765724488e-06,4.48888356215035e-06,0.0,9.999999999999999e-06,1.6940658945086007e-21,7.4,4.88,760000.0,85000000.0,2370000000.0,1e-08,,analytic Riccati radical-pool solution plus integrating-factor adaptive quadrature for H2O2,241,"[""fixed pH"", ""rapid HO2/O2-minus acid-base equilibrium"", ""constant SOD concentration"", ""constant elementary rate coefficients"", ""single-pulse radical decay with no continuous source"", ""first-order H2O2 loss when enabled""]",True,illustrative single-pulse molar concentration,M except time_s and rate fields,"Fixed pH, rapid equilibrium, constant SOD and rates, single pulse; not continuously driven cellular ROS.",1d8208b504af787754e184f77640f85675b5b634,01e64b526ae9ed2d5f192ae14068302e806c1e8b44576f4b4eb4b5f83a8e8039,configs/doxorubicin_parameters.json,b14b641f69afb70af9ff7557a062c2ce00e0b0cb74381ba69fcfaad4f17f04af,configs/parameter_provenance.csv,86c4261fcb9616a643db79340fe0b7398ba10a5c46464e67e8b697bcfc3a4ec9
sod_mediated,SOD-mediated,0.08958333333333333,1e-05,1.0119992101765264e-06,3.0469870021788052e-09,1.0089522231743476e-06,4.494000394911737e-06,0.0,1e-05,0.0,7.4,4.88,760000.0,85000000.0,2370000000.0,1e-08,,analytic Riccati radical-pool solution plus integrating-factor adaptive quadrature for H2O2,241,"[""fixed pH"", ""rapid HO2/O2-minus acid-base equilibrium"", ""constant SOD concentration"", ""constant elementary rate coefficients"", ""single-pulse radical decay with no continuous source"", ""first-order H2O2 loss when enabled""]",True,illustrative single-pulse molar concentration,M except time_s and rate fields,"Fixed pH, rapid equilibrium, constant SOD and rates, single pulse; not continuously driven cellular ROS.",1d8208b504af787754e184f77640f85675b5b634,01e64b526ae9ed2d5f192ae14068302e806c1e8b44576f4b4eb4b5f83a8e8039,configs/doxorubicin_parameters.json,b14b641f69afb70af9ff7557a062c2ce00e0b0cb74381ba69fcfaad4f17f04af,configs/parameter_provenance.csv,86c4261fcb9616a643db79340fe0b7398ba10a5c46464e67e8b697bcfc3a4ec9
sod_mediated,SOD-mediated,0.09000000000000001,1e-05,1.0018701637191024e-06,3.0164898707681462e-09,9.988536738483343e-07,4.499064918140449e-06,0.0,1e-05,0.0,7.4,4.88,760000.0,85000000.0,2370000000.0,1e-08,,analytic Riccati radical-pool solution plus integrating-factor adaptive quadrature for H2O2,241,"[""fixed pH"", ""rapid HO2/O2-minus acid-base equilibrium"", ""constant SOD concentration"", ""constant elementary rate coefficients"", ""single-pulse radical decay with no continuous source"", ""first-order H2O2 loss when enabled""]",True,illustrative single-pulse molar concentration,M except time_s and rate fields,"Fixed pH, rapid equilibrium, constant SOD and rates, single pulse; not continuously driven cellular ROS.",1d8208b504af787754e184f77640f85675b5b634,01e64b526ae9ed2d5f192ae14068302e806c1e8b44576f4b4eb4b5f83a8e8039,configs/doxorubicin_parameters.json,b14b641f69afb70af9ff7557a062c2ce00e0b0cb74381ba69fcfaad4f17f04af,configs/parameter_provenance.csv,86c4261fcb9616a643db79340fe0b7398ba10a5c46464e67e8b697bcfc3a4ec9
sod_mediated,SOD-mediated,0.09041666666666667,1e-05,9.918446236171664e-07,2.986304382406853e-09,9.888583192347595e-07,4.504077688191417e-06,0.0,1e-05,0.0,7.4,4.88,760000.0,85000000.0,2370000000.0,1e-08,,analytic Riccati radical-pool solution plus integrating-factor adaptive quadrature for H2O2,241,"[""fixed pH"", ""rapid HO2/O2-minus acid-base equilibrium"", ""constant SOD concentration"", ""constant elementary rate coefficients"", ""single-pulse radical decay with no continuous source"", ""first-order H2O2 loss when enabled""]",True,illustrative single-pulse molar concentration,M except time_s and rate fields,"Fixed pH, rapid equilibrium, constant SOD and rates, single pulse; not continuously driven cellular ROS.",1d8208b504af787754e184f77640f85675b5b634,01e64b526ae9ed2d5f192ae14068302e806c1e8b44576f4b4eb4b5f83a8e8039,configs/doxorubicin_parameters.json,b14b641f69afb70af9ff7557a062c2ce00e0b0cb74381ba69fcfaad4f17f04af,configs/parameter_provenance.csv,86c4261fcb9616a643db79340fe0b7398ba10a5c46464e67e8b697bcfc3a4ec9
sod_mediated,SOD-mediated,0.09083333333333334,1e-05,9.819214898553557e-07,2.9564272251036923e-09,9.78965062630252e-07,4.509039255072322e-06,0.0,1e-05,0.0,7.4,4.88,760000.0,85000000.0,2370000000.0,1e-08,,analytic Riccati radical-pool solution plus integrating-factor adaptive quadrature for H2O2,241,"[""fixed pH"", ""rapid HO2/O2-minus acid-base equilibrium"", ""constant SOD concentration"", ""constant elementary rate coefficients"", ""single-pulse radical decay with no continuous source"", ""first-order H2O2 loss when enabled""]",True,illustrative single-pulse molar concentration,M except time_s and rate fields,"Fixed pH, rapid equilibrium, constant SOD and rates, single pulse; not continuously driven cellular ROS.",1d8208b504af787754e184f77640f85675b5b634,01e64b526ae9ed2d5f192ae14068302e806c1e8b44576f4b4eb4b5f83a8e8039,configs/doxorubicin_parameters.json,b14b641f69afb70af9ff7557a062c2ce00e0b0cb74381ba69fcfaad4f17f04af,configs/parameter_provenance.csv,86c4261fcb9616a643db79340fe0b7398ba10a5c46464e67e8b697bcfc3a4ec9
sod_mediated,SOD-mediated,0.09125000000000001,1e-05,9.720996749509932e-07,2.92685512460158e-09,9.691728198263915e-07,4.513950162524504e-06,0.0,1e-05,0.0,7.4,4.88,760000.0,85000000.0,2370000000.0,1e-08,,analytic Riccati radical-pool solution plus integrating-factor adaptive quadrature for H2O2,241,"[""fixed pH"", ""rapid HO2/O2-minus acid-base equilibrium"", ""constant SOD concentration"", ""constant elementary rate coefficients"", ""single-pulse radical decay with no continuous source"", ""first-order H2O2 loss when enabled""]",True,illustrative single-pulse molar concentration,M except time_s and rate fields,"Fixed pH, rapid equilibrium, constant SOD and rates, single pulse; not continuously driven cellular ROS.",1d8208b504af787754e184f77640f85675b5b634,01e64b526ae9ed2d5f192ae14068302e806c1e8b44576f4b4eb4b5f83a8e8039,configs/doxorubicin_parameters.json,b14b641f69afb70af9ff7557a062c2ce00e0b0cb74381ba69fcfaad4f17f04af,configs/parameter_provenance.csv,86c4261fcb9616a643db79340fe0b7398ba10a5c46464e67e8b697bcfc3a4ec9
sod_mediated,SOD-mediated,0.09166666666666667,1e-05,9.623781037946649e-07,2.8975848438975844e-09,9.594805189507673e-07,4.518810948102668e-06,0.0,1e-05,0.0,7.4,4.88,760000.0,85000000.0,2370000000.0,1e-08,,analytic Riccati radical-pool solution plus integrating-factor adaptive quadrature for H2O2,241,"[""fixed pH"", ""rapid HO2/O2-minus acid-base equilibrium"", ""constant SOD concentration"", ""constant elementary rate coefficients"", ""single-pulse radical decay with no continuous source"", ""first-order H2O2 loss when enabled""]",True,illustrative single-pulse molar concentration,M except time_s and rate fields,"Fixed pH, rapid equilibrium, constant SOD and rates, single pulse; not continuously driven cellular ROS.",1d8208b504af787754e184f77640f85675b5b634,01e64b526ae9ed2d5f192ae14068302e806c1e8b44576f4b4eb4b5f83a8e8039,configs/doxorubicin_parameters.json,b14b641f69afb70af9ff7557a062c2ce00e0b0cb74381ba69fcfaad4f17f04af,configs/parameter_provenance.csv,86c4261fcb9616a643db79340fe0b7398ba10a5c46464e67e8b697bcfc3a4ec9
sod_mediated,SOD-mediated,0.09208333333333334,1e-05,9.527557134931434e-07,2.86861318276999e-09,9.498871003103734e-07,4.523622143253429e-06,0.0,1e-05,0.0,7.4,4.88,760000.0,85000000.0,2370000000.0,1e-08,,analytic Riccati radical-pool solution plus integrating-factor adaptive quadrature for H2O2,241,"[""fixed pH"", ""rapid HO2/O2-minus acid-base equilibrium"", ""constant SOD concentration"", ""constant elementary rate coefficients"", ""single-pulse radical decay with no continuous source"", ""first-order H2O2 loss when enabled""]",True,illustrative single-pulse molar concentration,M except time_s and rate fields,"Fixed pH, rapid equilibrium, constant SOD and rates, single pulse; not continuously driven cellular ROS.",1d8208b504af787754e184f77640f85675b5b634,01e64b526ae9ed2d5f192ae14068302e806c1e8b44576f4b4eb4b5f83a8e8039,configs/doxorubicin_parameters.json,b14b641f69afb70af9ff7557a062c2ce00e0b0cb74381ba69fcfaad4f17f04af,configs/parameter_provenance.csv,86c4261fcb9616a643db79340fe0b7398ba10a5c46464e67e8b697bcfc3a4ec9
sod_mediated,SOD-mediated,0.09250000000000001,1e-05,9.432314532146235e-07,2.8399369773123237e-09,9.403915162373112e-07,4.5283842733926884e-06,0.0,1e-05,0.0,7.4,4.88,760000.0,85000000.0,2370000000.0,1e-08,,analytic Riccati radical-pool solution plus integrating-factor adaptive quadrature for H2O2,241,"[""fixed pH"", ""rapid HO2/O2-minus acid-base equilibrium"", ""constant SOD concentration"", ""constant elementary rate coefficients"", ""single-pulse radical decay with no continuous source"", ""first-order H2O2 loss when enabled""]",True,illustrative single-pulse molar concentration,M except time_s and rate fields,"Fixed pH, rapid equilibrium, constant SOD and rates, single pulse; not continuously driven cellular ROS.",1d8208b504af787754e184f77640f85675b5b634,01e64b526ae9ed2d5f192ae14068302e806c1e8b44576f4b4eb4b5f83a8e8039,configs/doxorubicin_parameters.json,b14b641f69afb70af9ff7557a062c2ce00e0b0cb74381ba69fcfaad4f17f04af,configs/parameter_provenance.csv,86c4261fcb9616a643db79340fe0b7398ba10a5c46464e67e8b697bcfc3a4ec9
sod_mediated,SOD-mediated,0.09291666666666668,1e-05,9.33804284036229e-07,2.8115530994742192e-09,9.309927309367548e-07,4.533097857981886e-06,0.0,1e-05,0.0,7.4,4.88,760000.0,85000000.0,2370000000.0,1e-08,,analytic Riccati radical-pool solution plus integrating-factor adaptive quadrature for H2O2,241,"[""fixed pH"", ""rapid HO2/O2-minus acid-base equilibrium"", ""constant SOD concentration"", ""constant elementary rate coefficients"", ""single-pulse radical decay with no continuous source"", ""first-order H2O2 loss when enabled""]",True,illustrative single-pulse molar concentration,M except time_s and rate fields,"Fixed pH, rapid equilibrium, constant SOD and rates, single pulse; not continuously driven cellular ROS.",1d8208b504af787754e184f77640f85675b5b634,01e64b526ae9ed2d5f192ae14068302e806c1e8b44576f4b4eb4b5f83a8e8039,configs/doxorubicin_parameters.json,b14b641f69afb70af9ff7557a062c2ce00e0b0cb74381ba69fcfaad4f17f04af,configs/parameter_provenance.csv,86c4261fcb9616a643db79340fe0b7398ba10a5c46464e67e8b697bcfc3a4ec9
sod_mediated,SOD-mediated,0.09333333333333334,1e-05,9.244731787937429e-07,2.7834584566089764e-09,9.216897203371339e-07,4.537763410603129e-06,0.0,1e-05,0.0,7.4,4.88,760000.0,85000000.0,2370000000.0,1e-08,,analytic Riccati radical-pool solution plus integrating-factor adaptive quadrature for H2O2,241,"[""fixed pH"", ""rapid HO2/O2-minus acid-base equilibrium"", ""constant SOD concentration"", ""constant elementary rate coefficients"", ""single-pulse radical decay with no continuous source"", ""first-order H2O2 loss when enabled""]",True,illustrative single-pulse molar concentration,M except time_s and rate fields,"Fixed pH, rapid equilibrium, constant SOD and rates, single pulse; not continuously driven cellular ROS.",1d8208b504af787754e184f77640f85675b5b634,01e64b526ae9ed2d5f192ae14068302e806c1e8b44576f4b4eb4b5f83a8e8039,configs/doxorubicin_parameters.json,b14b641f69afb70af9ff7557a062c2ce00e0b0cb74381ba69fcfaad4f17f04af,configs/parameter_provenance.csv,86c4261fcb9616a643db79340fe0b7398ba10a5c46464e67e8b697bcfc3a4ec9
sod_mediated,SOD-mediated,0.09375,1e-05,9.152371219335383e-07,2.7556499910277445e-09,9.124814719425106e-07,4.542381439033232e-06,0.0,1.0000000000000003e-05,1.6940658945086007e-21,7.4,4.88,760000.0,85000000.0,2370000000.0,1e-08,,analytic Riccati radical-pool solution plus integrating-factor adaptive quadrature for H2O2,241,"[""fixed pH"", ""rapid HO2/O2-minus acid-base equilibrium"", ""constant SOD concentration"", ""constant elementary rate coefficients"", ""single-pulse radical decay with no continuous source"", ""first-order H2O2 loss when enabled""]",True,illustrative single-pulse molar concentration,M except time_s and rate fields,"Fixed pH, rapid equilibrium, constant SOD and rates, single pulse; not continuously driven cellular ROS.",1d8208b504af787754e184f77640f85675b5b634,01e64b526ae9ed2d5f192ae14068302e806c1e8b44576f4b4eb4b5f83a8e8039,configs/doxorubicin_parameters.json,b14b641f69afb70af9ff7557a062c2ce00e0b0cb74381ba69fcfaad4f17f04af,configs/parameter_provenance.csv,86c4261fcb9616a643db79340fe0b7398ba10a5c46464e67e8b697bcfc3a4ec9
sod_mediated,SOD-mediated,0.09416666666666668,1e-05,9.060951093666553e-07,2.7281246795601703e-09,9.033669846870951e-07,4.546952445316673e-06,0.0,1e-05,0.0,7.4,4.88,760000.0,85000000.0,2370000000.0,1e-08,,analytic Riccati radical-pool solution plus integrating-factor adaptive quadrature for H2O2,241,"[""fixed pH"", ""rapid HO2/O2-minus acid-base equilibrium"", ""constant SOD concentration"", ""constant elementary rate coefficients"", ""single-pulse radical decay with no continuous source"", ""first-order H2O2 loss when enabled""]",True,illustrative single-pulse molar concentration,M except time_s and rate fields,"Fixed pH, rapid equilibrium, constant SOD and rates, single pulse; not continuously driven cellular ROS.",1d8208b504af787754e184f77640f85675b5b634,01e64b526ae9ed2d5f192ae14068302e806c1e8b44576f4b4eb4b5f83a8e8039,configs/doxorubicin_parameters.json,b14b641f69afb70af9ff7557a062c2ce00e0b0cb74381ba69fcfaad4f17f04af,configs/parameter_provenance.csv,86c4261fcb9616a643db79340fe0b7398ba10a5c46464e67e8b697bcfc3a4ec9
sod_mediated,SOD-mediated,0.09458333333333334,1e-05,8.970461483250031e-07,2.700879533121442e-09,8.943452687918816e-07,4.551476925837499e-06,0.0,1e-05,0.0,7.4,4.88,760000.0,85000000.0,2370000000.0,1e-08,,analytic Riccati radical-pool solution plus integrating-factor adaptive quadrature for H2O2,241,"[""fixed pH"", ""rapid HO2/O2-minus acid-base equilibrium"", ""constant SOD concentration"", ""constant elementary rate coefficients"", ""single-pulse radical decay with no continuous source"", ""first-order H2O2 loss when enabled""]",True,illustrative single-pulse molar concentration,M except time_s and rate fields,"Fixed pH, rapid equilibrium, constant SOD and rates, single pulse; not continuously driven cellular ROS.",1d8208b504af787754e184f77640f85675b5b634,01e64b526ae9ed2d5f192ae14068302e806c1e8b44576f4b4eb4b5f83a8e8039,configs/doxorubicin_parameters.json,b14b641f69afb70af9ff7557a062c2ce00e0b0cb74381ba69fcfaad4f17f04af,configs/parameter_provenance.csv,86c4261fcb9616a643db79340fe0b7398ba10a5c46464e67e8b697bcfc3a4ec9
sod_mediated,SOD-mediated,0.095,1e-05,8.880892572196371e-07,2.673911596285582e-09,8.854153456233516e-07,4.5559553713901816e-06,0.0,1e-05,0.0,7.4,4.88,760000.0,85000000.0,2370000000.0,1e-08,,analytic Riccati radical-pool solution plus integrating-factor adaptive quadrature for H2O2,241,"[""fixed pH"", ""rapid HO2/O2-minus acid-base equilibrium"", ""constant SOD concentration"", ""constant elementary rate coefficients"", ""single-pulse radical decay with no continuous source"", ""first-order H2O2 loss when enabled""]",True,illustrative single-pulse molar concentration,M except time_s and rate fields,"Fixed pH, rapid equilibrium, constant SOD and rates, single pulse; not continuously driven cellular ROS.",1d8208b504af787754e184f77640f85675b5b634,01e64b526ae9ed2d5f192ae14068302e806c1e8b44576f4b4eb4b5f83a8e8039,configs/doxorubicin_parameters.json,b14b641f69afb70af9ff7557a062c2ce00e0b0cb74381ba69fcfaad4f17f04af,configs/parameter_provenance.csv,86c4261fcb9616a643db79340fe0b7398ba10a5c46464e67e8b697bcfc3a4ec9
sod_mediated,SOD-mediated,0.09541666666666668,1e-05,8.79223465501087e-07,2.6472179468649123e-09,8.76576247554222e-07,4.560388267249457e-06,0.0,1e-05,0.0,7.4,4.88,760000.0,85000000.0,2370000000.0,1e-08,,analytic Riccati radical-pool solution plus integrating-factor adaptive quadrature for H2O2,241,"[""fixed pH"", ""rapid HO2/O2-minus acid-base equilibrium"", ""constant SOD concentration"", ""constant elementary rate coefficients"", ""single-pulse radical decay with no continuous source"", ""first-order H2O2 loss when enabled""]",True,illustrative single-pulse molar concentration,M except time_s and rate fields,"Fixed pH, rapid equilibrium, constant SOD and rates, single pulse; not continuously driven cellular ROS.",1d8208b504af787754e184f77640f85675b5b634,01e64b526ae9ed2d5f192ae14068302e806c1e8b44576f4b4eb4b5f83a8e8039,configs/doxorubicin_parameters.json,b14b641f69afb70af9ff7557a062c2ce00e0b0cb74381ba69fcfaad4f17f04af,configs/parameter_provenance.csv,86c4261fcb9616a643db79340fe0b7398ba10a5c46464e67e8b697bcfc3a4ec9
sod_mediated,SOD-mediated,0.09583333333333334,1e-05,8.704478135216951e-07,2.6207956954955782e-09,8.678270178261995e-07,4.5647760932391524e-06,0.0,9.999999999999999e-06,1.6940658945086007e-21,7.4,4.88,760000.0,85000000.0,2370000000.0,1e-08,,analytic Riccati radical-pool solution plus integrating-factor adaptive quadrature for H2O2,241,"[""fixed pH"", ""rapid HO2/O2-minus acid-base equilibrium"", ""constant SOD concentration"", ""constant elementary rate coefficients"", ""single-pulse radical decay with no continuous source"", ""first-order H2O2 loss when enabled""]",True,illustrative single-pulse molar concentration,M except time_s and rate fields,"Fixed pH, rapid equilibrium, constant SOD and rates, single pulse; not continuously driven cellular ROS.",1d8208b504af787754e184f77640f85675b5b634,01e64b526ae9ed2d5f192ae14068302e806c1e8b44576f4b4eb4b5f83a8e8039,configs/doxorubicin_parameters.json,b14b641f69afb70af9ff7557a062c2ce00e0b0cb74381ba69fcfaad4f17f04af,configs/parameter_provenance.csv,86c4261fcb9616a643db79340fe0b7398ba10a5c46464e67e8b697bcfc3a4ec9
sod_mediated,SOD-mediated,0.09625,1e-05,8.617613523999307e-07,2.594641985229015e-09,8.591667104147016e-07,4.569119323800035e-06,0.0,1e-05,0.0,7.4,4.88,760000.0,85000000.0,2370000000.0,1e-08,,analytic Riccati radical-pool solution plus integrating-factor adaptive quadrature for H2O2,241,"[""fixed pH"", ""rapid HO2/O2-minus acid-base equilibrium"", ""constant SOD concentration"", ""constant elementary rate coefficients"", ""single-pulse radical decay with no continuous source"", ""first-order H2O2 loss when enabled""]",True,illustrative single-pulse molar concentration,M except time_s and rate fields,"Fixed pH, rapid equilibrium, constant SOD and rates, single pulse; not continuously driven cellular ROS.",1d8208b504af787754e184f77640f85675b5b634,01e64b526ae9ed2d5f192ae14068302e806c1e8b44576f4b4eb4b5f83a8e8039,configs/doxorubicin_parameters.json,b14b641f69afb70af9ff7557a062c2ce00e0b0cb74381ba69fcfaad4f17f04af,configs/parameter_provenance.csv,86c4261fcb9616a643db79340fe0b7398ba10a5c46464e67e8b697bcfc3a4ec9
sod_mediated,SOD-mediated,0.09666666666666668,1e-05,8.531631438866509e-07,2.5687539911292794e-09,8.505943898955216e-07,4.573418428056675e-06,0.0,1e-05,0.0,7.4,4.88,760000.0,85000000.0,2370000000.0,1e-08,,analytic Riccati radical-pool solution plus integrating-factor adaptive quadrature for H2O2,241,"[""fixed pH"", ""rapid HO2/O2-minus acid-base equilibrium"", ""constant SOD concentration"", ""constant elementary rate coefficients"", ""single-pulse radical decay with no continuous source"", ""first-order H2O2 loss when enabled""]",True,illustrative single-pulse molar concentration,M except time_s and rate fields,"Fixed pH, rapid equilibrium, constant SOD and rates, single pulse; not continuously driven cellular ROS.",1d8208b504af787754e184f77640f85675b5b634,01e64b526ae9ed2d5f192ae14068302e806c1e8b44576f4b4eb4b5f83a8e8039,configs/doxorubicin_parameters.json,b14b641f69afb70af9ff7557a062c2ce00e0b0cb74381ba69fcfaad4f17f04af,configs/parameter_provenance.csv,86c4261fcb9616a643db79340fe0b7398ba10a5c46464e67e8b697bcfc3a4ec9
sod_mediated,SOD-mediated,0.09708333333333334,1e-05,8.446522602332741e-07,2.5431289198761395e-09,8.42109131313398e-07,4.577673869883363e-06,0.0,1e-05,0.0,7.4,4.88,760000.0,85000000.0,2370000000.0,1e-08,,analytic Riccati radical-pool solution plus integrating-factor adaptive quadrature for H2O2,241,"[""fixed pH"", ""rapid HO2/O2-minus acid-base equilibrium"", ""constant SOD concentration"", ""constant elementary rate coefficients"", ""single-pulse radical decay with no continuous source"", ""first-order H2O2 loss when enabled""]",True,illustrative single-pulse molar concentration,M except time_s and rate fields,"Fixed pH, rapid equilibrium, constant SOD and rates, single pulse; not continuously driven cellular ROS.",1d8208b504af787754e184f77640f85675b5b634,01e64b526ae9ed2d5f192ae14068302e806c1e8b44576f4b4eb4b5f83a8e8039,configs/doxorubicin_parameters.json,b14b641f69afb70af9ff7557a062c2ce00e0b0cb74381ba69fcfaad4f17f04af,configs/parameter_provenance.csv,86c4261fcb9616a643db79340fe0b7398ba10a5c46464e67e8b697bcfc3a4ec9
sod_mediated,SOD-mediated,0.0975,1e-05,8.362277840618287e-07,2.517764009373806e-09,8.337100200524548e-07,4.581886107969086e-06,0.0,1e-05,0.0,7.4,4.88,760000.0,85000000.0,2370000000.0,1e-08,,analytic Riccati radical-pool solution plus integrating-factor adaptive quadrature for H2O2,241,"[""fixed pH"", ""rapid HO2/O2-minus acid-base equilibrium"", ""constant SOD concentration"", ""constant elementary rate coefficients"", ""single-pulse radical decay with no continuous source"", ""first-order H2O2 loss when enabled""]",True,illustrative single-pulse molar concentration,M except time_s and rate fields,"Fixed pH, rapid equilibrium, constant SOD and rates, single pulse; not continuously driven cellular ROS.",1d8208b504af787754e184f77640f85675b5b634,01e64b526ae9ed2d5f192ae14068302e806c1e8b44576f4b4eb4b5f83a8e8039,configs/doxorubicin_parameters.json,b14b641f69afb70af9ff7557a062c2ce00e0b0cb74381ba69fcfaad4f17f04af,configs/parameter_provenance.csv,86c4261fcb9616a643db79340fe0b7398ba10a5c46464e67e8b697bcfc3a4ec9
sod_mediated,SOD-mediated,0.09791666666666668,1e-05,8.27888808236855e-07,2.492656528365253e-09,8.253961517084897e-07,4.586055595881573e-06,0.0,1e-05,0.0,7.4,4.88,760000.0,85000000.0,2370000000.0,1e-08,,analytic Riccati radical-pool solution plus integrating-factor adaptive quadrature for H2O2,241,"[""fixed pH"", ""rapid HO2/O2-minus acid-base equilibrium"", ""constant SOD concentration"", ""constant elementary rate coefficients"", ""single-pulse radical decay with no continuous source"", ""first-order H2O2 loss when enabled""]",True,illustrative single-pulse molar concentration,M except time_s and rate fields,"Fixed pH, rapid equilibrium, constant SOD and rates, single pulse; not continuously driven cellular ROS.",1d8208b504af787754e184f77640f85675b5b634,01e64b526ae9ed2d5f192ae14068302e806c1e8b44576f4b4eb4b5f83a8e8039,configs/doxorubicin_parameters.json,b14b641f69afb70af9ff7557a062c2ce00e0b0cb74381ba69fcfaad4f17f04af,configs/parameter_provenance.csv,86c4261fcb9616a643db79340fe0b7398ba10a5c46464e67e8b697bcfc3a4ec9
sod_mediated,SOD-mediated,0.09833333333333334,1e-05,8.196344357391227e-07,2.4678037760519922e-09,8.171666319630707e-07,4.590182782130439e-06,0.0,1e-05,0.0,7.4,4.88,760000.0,85000000.0,2370000000.0,1e-08,,analytic Riccati radical-pool solution plus integrating-factor adaptive quadrature for H2O2,241,"[""fixed pH"", ""rapid HO2/O2-minus acid-base equilibrium"", ""constant SOD concentration"", ""constant elementary rate coefficients"", ""single-pulse radical decay with no continuous source"", ""first-order H2O2 loss when enabled""]",True,illustrative single-pulse molar concentration,M except time_s and rate fields,"Fixed pH, rapid equilibrium, constant SOD and rates, single pulse; not continuously driven cellular ROS.",1d8208b504af787754e184f77640f85675b5b634,01e64b526ae9ed2d5f192ae14068302e806c1e8b44576f4b4eb4b5f83a8e8039,configs/doxorubicin_parameters.json,b14b641f69afb70af9ff7557a062c2ce00e0b0cb74381ba69fcfaad4f17f04af,configs/parameter_provenance.csv,86c4261fcb9616a643db79340fe0b7398ba10a5c46464e67e8b697bcfc3a4ec9
sod_mediated,SOD-mediated,0.09875,1e-05,8.11463779541136e-07,2.4432030817192424e-09,8.090205764594167e-07,4.594268110229432e-06,0.0,1e-05,0.0,7.4,4.88,760000.0,85000000.0,2370000000.0,1e-08,,analytic Riccati radical-pool solution plus integrating-factor adaptive quadrature for H2O2,241,"[""fixed pH"", ""rapid HO2/O2-minus acid-base equilibrium"", ""constant SOD concentration"", ""constant elementary rate coefficients"", ""single-pulse radical decay with no continuous source"", ""first-order H2O2 loss when enabled""]",True,illustrative single-pulse molar concentration,M except time_s and rate fields,"Fixed pH, rapid equilibrium, constant SOD and rates, single pulse; not continuously driven cellular ROS.",1d8208b504af787754e184f77640f85675b5b634,01e64b526ae9ed2d5f192ae14068302e806c1e8b44576f4b4eb4b5f83a8e8039,configs/doxorubicin_parameters.json,b14b641f69afb70af9ff7557a062c2ce00e0b0cb74381ba69fcfaad4f17f04af,configs/parameter_provenance.csv,86c4261fcb9616a643db79340fe0b7398ba10a5c46464e67e8b697bcfc3a4ec9
sod_mediated,SOD-mediated,0.09916666666666667,1e-05,8.033759624843952e-07,2.418851804366377e-09,8.009571106800289e-07,4.598312018757803e-06,0.0,1e-05,0.0,7.4,4.88,760000.0,85000000.0,2370000000.0,1e-08,,analytic Riccati radical-pool solution plus integrating-factor adaptive quadrature for H2O2,241,"[""fixed pH"", ""rapid HO2/O2-minus acid-base equilibrium"", ""constant SOD concentration"", ""constant elementary rate coefficients"", ""single-pulse radical decay with no continuous source"", ""first-order H2O2 loss when enabled""]",True,illustrative single-pulse molar concentration,M except time_s and rate fields,"Fixed pH, rapid equilibrium, constant SOD and rates, single pulse; not continuously driven cellular ROS.",1d8208b504af787754e184f77640f85675b5b634,01e64b526ae9ed2d5f192ae14068302e806c1e8b44576f4b4eb4b5f83a8e8039,configs/doxorubicin_parameters.json,b14b641f69afb70af9ff7557a062c2ce00e0b0cb74381ba69fcfaad4f17f04af,configs/parameter_provenance.csv,86c4261fcb9616a643db79340fe0b7398ba10a5c46464e67e8b697bcfc3a4ec9
sod_mediated,SOD-mediated,0.09958333333333334,1e-05,7.953701171583887e-07,2.394747332342589e-09,7.929753698260461e-07,4.602314941420806e-06,0.0,1e-05,0.0,7.4,4.88,760000.0,85000000.0,2370000000.0,1e-08,,analytic Riccati radical-pool solution plus integrating-factor adaptive quadrature for H2O2,241,"[""fixed pH"", ""rapid HO2/O2-minus acid-base equilibrium"", ""constant SOD concentration"", ""constant elementary rate coefficients"", ""single-pulse radical decay with no continuous source"", ""first-order H2O2 loss when enabled""]",True,illustrative single-pulse molar concentration,M except time_s and rate fields,"Fixed pH, rapid equilibrium, constant SOD and rates, single pulse; not continuously driven cellular ROS.",1d8208b504af787754e184f77640f85675b5b634,01e64b526ae9ed2d5f192ae14068302e806c1e8b44576f4b4eb4b5f83a8e8039,configs/doxorubicin_parameters.json,b14b641f69afb70af9ff7557a062c2ce00e0b0cb74381ba69fcfaad4f17f04af,configs/parameter_provenance.csv,86c4261fcb9616a643db79340fe0b7398ba10a5c46464e67e8b697bcfc3a4ec9
sod_mediated,SOD-mediated,0.1,1e-05,7.874453857812864e-07,2.370887082987674e-09,7.850744986982988e-07,4.606277307109357e-06,0.0,1e-05,0.0,7.4,4.88,760000.0,85000000.0,2370000000.0,1e-08,,analytic Riccati radical-pool solution plus integrating-factor adaptive quadrature for H2O2,241,"[""fixed pH"", ""rapid HO2/O2-minus acid-base equilibrium"", ""constant SOD concentration"", ""constant elementary rate coefficients"", ""single-pulse radical decay with no continuous source"", ""first-order H2O2 loss when enabled""]",True,illustrative single-pulse molar concentration,M except time_s and rate fields,"Fixed pH, rapid equilibrium, constant SOD and rates, single pulse; not continuously driven cellular ROS.",1d8208b504af787754e184f77640f85675b5b634,01e64b526ae9ed2d5f192ae14068302e806c1e8b44576f4b4eb4b5f83a8e8039,configs/doxorubicin_parameters.json,b14b641f69afb70af9ff7557a062c2ce00e0b0cb74381ba69fcfaad4f17f04af,configs/parameter_provenance.csv,86c4261fcb9616a643db79340fe0b7398ba10a5c46464e67e8b697bcfc3a4ec9
sod_plus_h2o2_loss,SOD + H2O2 loss,0.0,1e-05,1e-05,3.010859071369541e-08,9.969891409286304e-06,0.0,0.0,1e-05,0.0,7.4,4.88,760000.0,85000000.0,2370000000.0,1e-08,20.0,analytic Riccati radical-pool solution plus integrating-factor adaptive quadrature for H2O2,241,"[""fixed pH"", ""rapid HO2/O2-minus acid-base equilibrium"", ""constant SOD concentration"", ""constant elementary rate coefficients"", ""single-pulse radical decay with no continuous source"", ""first-order H2O2 loss when enabled""]",True,illustrative single-pulse molar concentration,M except time_s and rate fields,"Fixed pH, rapid equilibrium, constant SOD and rates, single pulse; not continuously driven cellular ROS.",1d8208b504af787754e184f77640f85675b5b634,01e64b526ae9ed2d5f192ae14068302e806c1e8b44576f4b4eb4b5f83a8e8039,configs/doxorubicin_parameters.json,b14b641f69afb70af9ff7557a062c2ce00e0b0cb74381ba69fcfaad4f17f04af,configs/parameter_provenance.csv,86c4261fcb9616a643db79340fe0b7398ba10a5c46464e67e8b697bcfc3a4ec9
sod_plus_h2o2_loss,SOD + H2O2 loss,0.0004166666666666667,1e-05,9.881122962055515e-06,2.9750668705622712e-08,9.851372293349892e-06,5.919096653794692e-08,2.4755243429611214e-10,1e-05,0.0,7.4,4.88,760000.0,85000000.0,2370000000.0,1e-08,20.0,analytic Riccati radical-pool solution plus integrating-factor adaptive quadrature for H2O2,241,"[""fixed pH"", ""rapid HO2/O2-minus acid-base equilibrium"", ""constant SOD concentration"", ""constant elementary rate coefficients"", ""single-pulse radical decay with no continuous source"", ""first-order H2O2 loss when enabled""]",True,illustrative single-pulse molar concentration,M except time_s and rate fields,"Fixed pH, rapid equilibrium, constant SOD and rates, single pulse; not continuously driven cellular ROS.",1d8208b504af787754e184f77640f85675b5b634,01e64b526ae9ed2d5f192ae14068302e806c1e8b44576f4b4eb4b5f83a8e8039,configs/doxorubicin_parameters.json,b14b641f69afb70af9ff7557a062c2ce00e0b0cb74381ba69fcfaad4f17f04af,configs/parameter_provenance.csv,86c4261fcb9616a643db79340fe0b7398ba10a5c46464e67e8b697bcfc3a4ec9
sod_plus_h2o2_loss,SOD + H2O2 loss,0.0008333333333333334,1e-05,9.763904173372876e-06,2.939773945238264e-08,9.734506433920494e-06,1.1706505514853351e-07,9.828581650287963e-10,1e-05,0.0,7.4,4.88,760000.0,85000000.0,2370000000.0,1e-08,20.0,analytic Riccati radical-pool solution plus integrating-factor adaptive quadrature for H2O2,241,"[""fixed pH"", ""rapid HO2/O2-minus acid-base equilibrium"", ""constant SOD concentration"", ""constant elementary rate coefficients"", ""single-pulse radical decay with no continuous source"", ""first-order H2O2 loss when enabled""]",True,illustrative single-pulse molar concentration,M except time_s and rate fields,"Fixed pH, rapid equilibrium, constant SOD and rates, single pulse; not continuously driven cellular ROS.",1d8208b504af787754e184f77640f85675b5b634,01e64b526ae9ed2d5f192ae14068302e806c1e8b44576f4b4eb4b5f83a8e8039,configs/doxorubicin_parameters.json,b14b641f69afb70af9ff7557a062c2ce00e0b0cb74381ba69fcfaad4f17f04af,configs/parameter_provenance.csv,86c4261fcb9616a643db79340fe0b7398ba10a5c46464e67e8b697bcfc3a4ec9
sod_plus_h2o2_loss,SOD + H2O2 loss,0.00125,1e-05,9.648314740441913e-06,2.9049715959687992e-08,9.619265024482226e-06,1.7364758071834342e-07,2.195049060700333e-09,1e-05,0.0,7.4,4.88,760000.0,85000000.0,2370000000.0,1e-08,20.0,analytic Riccati radical-pool solution plus integrating-factor adaptive quadrature for H2O2,241,"[""fixed pH"", ""rapid HO2/O2-minus acid-base equilibrium"", ""constant SOD concentration"", ""constant elementary rate coefficients"", ""single-pulse radical decay with no continuous source"", ""first-order H2O2 loss when enabled""]",True,illustrative single-pulse molar concentration,M except time_s and rate fields,"Fixed pH, rapid equilibrium, constant SOD and rates, single pulse; not continuously driven cellular ROS.",1d8208b504af787754e184f77640f85675b5b634,01e64b526ae9ed2d5f192ae14068302e806c1e8b44576f4b4eb4b5f83a8e8039,configs/doxorubicin_parameters.json,b14b641f69afb70af9ff7557a062c2ce00e0b0cb74381ba69fcfaad4f17f04af,configs/parameter_provenance.csv,86c4261fcb9616a643db79340fe0b7398ba10a5c46464e67e8b697bcfc3a4ec9
sod_plus_h2o2_loss,SOD + H2O2 loss,0.0016666666666666668,1e-05,9.534326411690136e-06,2.870651316603545e-08,9.5056198985241e-06,2.289633284241796e-07,3.8734657307528635e-09,1e-05,0.0,7.4,4.88,760000.0,85000000.0,2370000000.0,1e-08,20.0,analytic Riccati radical-pool solution plus integrating-factor adaptive quadrature for H2O2,241,"[""fixed pH"", ""rapid HO2/O2-minus acid-base equilibrium"", ""constant SOD concentration"", ""constant elementary rate coefficients"", ""single-pulse radical decay with no continuous source"", ""first-order H2O2 loss when enabled""]",True,illustrative single-pulse molar concentration,M except time_s and rate fields,"Fixed pH, rapid equilibrium, constant SOD and rates, single pulse; not continuously driven cellular ROS.",1d8208b504af787754e184f77640f85675b5b634,01e64b526ae9ed2d5f192ae14068302e806c1e8b44576f4b4eb4b5f83a8e8039,configs/doxorubicin_parameters.json,b14b641f69afb70af9ff7557a062c2ce00e0b0cb74381ba69fcfaad4f17f04af,configs/parameter_provenance.csv,86c4261fcb9616a643db79340fe0b7398ba10a5c46464e67e8b697bcfc3a4ec9
sod_plus_h2o2_loss,SOD + H2O2 loss,0.0020833333333333333,1e-05,9.42191155975202e-06,2.836804788932091e-08,9.3935435118627e-06,2.8303656695729076e-07,6.007653166699626e-09,1e-05,0.0,7.4,4.88,760000.0,85000000.0,2370000000.0,1e-08,20.0,analytic Riccati radical-pool solution plus integrating-factor adaptive quadrature for H2O2,241,"[""fixed pH"", ""rapid HO2/O2-minus acid-base equilibrium"", ""constant SOD concentration"", ""constant elementary rate coefficients"", ""single-pulse radical decay with no continuous source"", ""first-order H2O2 loss when enabled""]",True,illustrative single-pulse molar concentration,M except time_s and rate fields,"Fixed pH, rapid equilibrium, constant SOD and rates, single pulse; not continuously driven cellular ROS.",1d8208b504af787754e184f77640f85675b5b634,01e64b526ae9ed2d5f192ae14068302e806c1e8b44576f4b4eb4b5f83a8e8039,configs/doxorubicin_parameters.json,b14b641f69afb70af9ff7557a062c2ce00e0b0cb74381ba69fcfaad4f17f04af,configs/parameter_provenance.csv,86c4261fcb9616a643db79340fe0b7398ba10a5c46464e67e8b697bcfc3a4ec9
sod_plus_h2o2_loss,SOD + H2O2 loss,0.0025,1e-05,9.311043164324177e-06,2.8034238775218802e-08,9.283008925548959e-06,3.358910613461255e-07,8.587356491786367e-09,1e-05,0.0,7.4,4.88,760000.0,85000000.0,2370000000.0,1e-08,20.0,analytic Riccati radical-pool solution plus integrating-factor adaptive quadrature for H2O2,241,"[""fixed pH"", ""rapid HO2/O2-minus acid-base equilibrium"", ""constant SOD concentration"", ""constant elementary rate coefficients"", ""single-pulse radical decay with no continuous source"", ""first-order H2O2 loss when enabled""]",True,illustrative single-pulse molar concentration,M except time_s and rate fields,"Fixed pH, rapid equilibrium, constant SOD and rates, single pulse; not continuously driven cellular ROS.",1d8208b504af787754e184f77640f85675b5b634,01e64b526ae9ed2d5f192ae14068302e806c1e8b44576f4b4eb4b5f83a8e8039,configs/doxorubicin_parameters.json,b14b641f69afb70af9ff7557a062c2ce00e0b0cb74381ba69fcfaad4f17f04af,configs/parameter_provenance.csv,86c4261fcb9616a643db79340fe0b7398ba10a5c46464e67e8b697bcfc3a4ec9
sod_plus_h2o2_loss,SOD + H2O2 loss,0.002916666666666667,1e-05,9.201694795583972e-06,2.7705006247257895e-08,9.173989789336714e-06,3.8755008539213543e-07,1.1602516815879068e-08,1e-05,0.0,7.4,4.88,760000.0,85000000.0,2370000000.0,1e-08,20.0,analytic Riccati radical-pool solution plus integrating-factor adaptive quadrature for H2O2,241,"[""fixed pH"", ""rapid HO2/O2-minus acid-base equilibrium"", ""constant SOD concentration"", ""constant elementary rate coefficients"", ""single-pulse radical decay with no continuous source"", ""first-order H2O2 loss when enabled""]",True,illustrative single-pulse molar concentration,M except time_s and rate fields,"Fixed pH, rapid equilibrium, constant SOD and rates, single pulse; not continuously driven cellular ROS.",1d8208b504af787754e184f77640f85675b5b634,01e64b526ae9ed2d5f192ae14068302e806c1e8b44576f4b4eb4b5f83a8e8039,configs/doxorubicin_parameters.json,b14b641f69afb70af9ff7557a062c2ce00e0b0cb74381ba69fcfaad4f17f04af,configs/parameter_provenance.csv,86c4261fcb9616a643db79340fe0b7398ba10a5c46464e67e8b697bcfc3a4ec9
sod_plus_h2o2_loss,SOD + H2O2 loss,0.0033333333333333335,1e-05,9.093840598150083e-06,2.738027245852879e-08,9.066460325691555e-06,4.380364337325397e-07,1.5043267192418993e-08,1e-05,0.0,7.4,4.88,760000.0,85000000.0,2370000000.0,1e-08,20.0,analytic Riccati radical-pool solution plus integrating-factor adaptive quadrature for H2O2,241,"[""fixed pH"", ""rapid HO2/O2-minus acid-base equilibrium"", ""constant SOD concentration"", ""constant elementary rate coefficients"", ""single-pulse radical decay with no continuous source"", ""first-order H2O2 loss when enabled""]",True,illustrative single-pulse molar concentration,M except time_s and rate fields,"Fixed pH, rapid equilibrium, constant SOD and rates, single pulse; not continuously driven cellular ROS.",1d8208b504af787754e184f77640f85675b5b634,01e64b526ae9ed2d5f192ae14068302e806c1e8b44576f4b4eb4b5f83a8e8039,configs/doxorubicin_parameters.json,b14b641f69afb70af9ff7557a062c2ce00e0b0cb74381ba69fcfaad4f17f04af,configs/parameter_provenance.csv,86c4261fcb9616a643db79340fe0b7398ba10a5c46464e67e8b697bcfc3a4ec9
sod_plus_h2o2_loss,SOD + H2O2 loss,0.0037500000000000003,1e-05,8.98745527556443e-06,2.7059961244961197e-08,8.960395314319467e-06,4.873724335433855e-07,1.8899928674400215e-08,1e-05,0.0,7.4,4.88,760000.0,85000000.0,2370000000.0,1e-08,20.0,analytic Riccati radical-pool solution plus integrating-factor adaptive quadrature for H2O2,241,"[""fixed pH"", ""rapid HO2/O2-minus acid-base equilibrium"", ""constant SOD concentration"", ""constant elementary rate coefficients"", ""single-pulse radical decay with no continuous source"", ""first-order H2O2 loss when enabled""]",True,illustrative single-pulse molar concentration,M except time_s and rate fields,"Fixed pH, rapid equilibrium, constant SOD and rates, single pulse; not continuously driven cellular ROS.",1d8208b504af787754e184f77640f85675b5b634,01e64b526ae9ed2d5f192ae14068302e806c1e8b44576f4b4eb4b5f83a8e8039,configs/doxorubicin_parameters.json,b14b641f69afb70af9ff7557a062c2ce00e0b0cb74381ba69fcfaad4f17f04af,configs/parameter_provenance.csv,86c4261fcb9616a643db79340fe0b7398ba10a5c46464e67e8b697bcfc3a4ec9
sod_plus_h2o2_loss,SOD + H2O2 loss,0.004166666666666667,1e-05,8.882514075275811e-06,2.6743998080111804e-08,8.8557700771957e-06,5.35579955895685e-07,2.31630064664098e-08,1e-05,0.0,7.4,4.88,760000.0,85000000.0,2370000000.0,1e-08,20.0,analytic Riccati radical-pool solution plus integrating-factor adaptive quadrature for H2O2,241,"[""fixed pH"", ""rapid HO2/O2-minus acid-base equilibrium"", ""constant SOD concentration"", ""constant elementary rate coefficients"", ""single-pulse radical decay with no continuous source"", ""first-order H2O2 loss when enabled""]",True,illustrative single-pulse molar concentration,M except time_s and rate fields,"Fixed pH, rapid equilibrium, constant SOD and rates, single pulse; not continuously driven cellular ROS.",1d8208b504af787754e184f77640f85675b5b634,01e64b526ae9ed2d5f192ae14068302e806c1e8b44576f4b4eb4b5f83a8e8039,configs/doxorubicin_parameters.json,b14b641f69afb70af9ff7557a062c2ce00e0b0cb74381ba69fcfaad4f17f04af,configs/parameter_provenance.csv,86c4261fcb9616a643db79340fe0b7398ba10a5c46464e67e8b697bcfc3a4ec9
sod_plus_h2o2_loss,SOD + H2O2 loss,0.004583333333333333,1e-05,8.778992774106426e-06,2.643231003140598e-08,8.75256046407502e-06,5.826804267768838e-07,2.7823186169903702e-08,1e-05,0.0,7.4,4.88,760000.0,85000000.0,2370000000.0,1e-08,20.0,analytic Riccati radical-pool solution plus integrating-factor adaptive quadrature for H2O2,241,"[""fixed pH"", ""rapid HO2/O2-minus acid-base equilibrium"", ""constant SOD concentration"", ""constant elementary rate coefficients"", ""single-pulse radical decay with no continuous source"", ""first-order H2O2 loss when enabled""]",True,illustrative single-pulse molar concentration,M except time_s and rate fields,"Fixed pH, rapid equilibrium, constant SOD and rates, single pulse; not continuously driven cellular ROS.",1d8208b504af787754e184f77640f85675b5b634,01e64b526ae9ed2d5f192ae14068302e806c1e8b44576f4b4eb4b5f83a8e8039,configs/doxorubicin_parameters.json,b14b641f69afb70af9ff7557a062c2ce00e0b0cb74381ba69fcfaad4f17f04af,configs/parameter_provenance.csv,86c4261fcb9616a643db79340fe0b7398ba10a5c46464e67e8b697bcfc3a4ec9
sod_plus_h2o2_loss,SOD + H2O2 loss,0.005,1e-05,8.676867664183211e-06,2.612482571777906e-08,8.650742838465433e-06,6.286948377894156e-07,3.287133011897934e-08,1e-05,0.0,7.4,4.88,760000.0,85000000.0,2370000000.0,1e-08,20.0,analytic Riccati radical-pool solution plus integrating-factor adaptive quadrature for H2O2,241,"[""fixed pH"", ""rapid HO2/O2-minus acid-base equilibrium"", ""constant SOD concentration"", ""constant elementary rate coefficients"", ""single-pulse radical decay with no continuous source"", ""first-order H2O2 loss when enabled""]",True,illustrative single-pulse molar concentration,M except time_s and rate fields,"Fixed pH, rapid equilibrium, constant SOD and rates, single pulse; not continuously driven cellular ROS.",1d8208b504af787754e184f77640f85675b5b634,01e64b526ae9ed2d5f192ae14068302e806c1e8b44576f4b4eb4b5f83a8e8039,configs/doxorubicin_parameters.json,b14b641f69afb70af9ff7557a062c2ce00e0b0cb74381ba69fcfaad4f17f04af,configs/parameter_provenance.csv,86c4261fcb9616a643db79340fe0b7398ba10a5c46464e67e8b697bcfc3a4ec9
sod_plus_h2o2_loss,SOD + H2O2 loss,0.005416666666666667,1e-05,8.576115539316804e-06,2.582147526866528e-08,8.55029406404814e-06,6.736437565376165e-07,3.829847380398174e-08,1e-05,0.0,7.4,4.88,760000.0,85000000.0,2370000000.0,1e-08,20.0,analytic Riccati radical-pool solution plus integrating-factor adaptive quadrature for H2O2,241,"[""fixed pH"", ""rapid HO2/O2-minus acid-base equilibrium"", ""constant SOD concentration"", ""constant elementary rate coefficients"", ""single-pulse radical decay with no continuous source"", ""first-order H2O2 loss when enabled""]",True,illustrative single-pulse molar concentration,M except time_s and rate fields,"Fixed pH, rapid equilibrium, constant SOD and rates, single pulse; not continuously driven cellular ROS.",1d8208b504af787754e184f77640f85675b5b634,01e64b526ae9ed2d5f192ae14068302e806c1e8b44576f4b4eb4b5f83a8e8039,configs/doxorubicin_parameters.json,b14b641f69afb70af9ff7557a062c2ce00e0b0cb74381ba69fcfaad4f17f04af,configs/parameter_provenance.csv,86c4261fcb9616a643db79340fe0b7398ba10a5c46464e67e8b697bcfc3a4ec9
sod_plus_h2o2_loss,SOD + H2O2 loss,0.005833333333333334,1e-05,8.4767136818115e-06,2.5522190284284456e-08,8.451191491527216e-06,7.175473367138186e-07,4.409582238043163e-08,1e-05,0.0,7.4,4.88,760000.0,85000000.0,2370000000.0,1e-08,20.0,analytic Riccati radical-pool solution plus integrating-factor adaptive quadrature for H2O2,241,"[""fixed pH"", ""rapid HO2/O2-minus acid-base equilibrium"", ""constant SOD concentration"", ""constant elementary rate coefficients"", ""single-pulse radical decay with no continuous source"", ""first-order H2O2 loss when enabled""]",True,illustrative single-pulse molar concentration,M except time_s and rate fields,"Fixed pH, rapid equilibrium, constant SOD and rates, single pulse; not continuously driven cellular ROS.",1d8208b504af787754e184f77640f85675b5b634,01e64b526ae9ed2d5f192ae14068302e806c1e8b44576f4b4eb4b5f83a8e8039,configs/doxorubicin_parameters.json,b14b641f69afb70af9ff7557a062c2ce00e0b0cb74381ba69fcfaad4f17f04af,configs/parameter_provenance.csv,86c4261fcb9616a643db79340fe0b7398ba10a5c46464e67e8b697bcfc3a4ec9
sod_plus_h2o2_loss,SOD + H2O2 loss,0.00625,1e-05,8.378639849690476e-06,2.5226903797178895e-08,8.353412945893296e-06,7.604253278940054e-07,5.025474726075722e-08,1e-05,0.0,7.4,4.88,760000.0,85000000.0,2370000000.0,1e-08,20.0,analytic Riccati radical-pool solution plus integrating-factor adaptive quadrature for H2O2,241,"[""fixed pH"", ""rapid HO2/O2-minus acid-base equilibrium"", ""constant SOD concentration"", ""constant elementary rate coefficients"", ""single-pulse radical decay with no continuous source"", ""first-order H2O2 loss when enabled""]",True,illustrative single-pulse molar concentration,M except time_s and rate fields,"Fixed pH, rapid equilibrium, constant SOD and rates, single pulse; not continuously driven cellular ROS.",1d8208b504af787754e184f77640f85675b5b634,01e64b526ae9ed2d5f192ae14068302e806c1e8b44576f4b4eb4b5f83a8e8039,configs/doxorubicin_parameters.json,b14b641f69afb70af9ff7557a062c2ce00e0b0cb74381ba69fcfaad4f17f04af,configs/parameter_provenance.csv,86c4261fcb9616a643db79340fe0b7398ba10a5c46464e67e8b697bcfc3a4ec9
sod_plus_h2o2_loss,SOD + H2O2 loss,0.006666666666666667,1e-05,8.281872264320993e-06,2.4935550234954662e-08,8.256936714086038e-06,8.022970850529975e-07,5.676678278650643e-08,1e-05,0.0,7.4,4.88,760000.0,85000000.0,2370000000.0,1e-08,20.0,analytic Riccati radical-pool solution plus integrating-factor adaptive quadrature for H2O2,241,"[""fixed pH"", ""rapid HO2/O2-minus acid-base equilibrium"", ""constant SOD concentration"", ""constant elementary rate coefficients"", ""single-pulse radical decay with no continuous source"", ""first-order H2O2 loss when enabled""]",True,illustrative single-pulse molar concentration,M except time_s and rate fields,"Fixed pH, rapid equilibrium, constant SOD and rates, single pulse; not continuously driven cellular ROS.",1d8208b504af787754e184f77640f85675b5b634,01e64b526ae9ed2d5f192ae14068302e806c1e8b44576f4b4eb4b5f83a8e8039,configs/doxorubicin_parameters.json,b14b641f69afb70af9ff7557a062c2ce00e0b0cb74381ba69fcfaad4f17f04af,configs/parameter_provenance.csv,86c4261fcb9616a643db79340fe0b7398ba10a5c46464e67e8b697bcfc3a4ec9
sod_plus_h2o2_loss,SOD + H2O2 loss,0.007083333333333334,1e-05,8.186389598425121e-06,2.464806538418353e-08,8.161741533040938e-06,8.431815778087383e-07,6.36236229787014e-08,1e-05,0.0,7.4,4.88,760000.0,85000000.0,2370000000.0,1e-08,20.0,analytic Riccati radical-pool solution plus integrating-factor adaptive quadrature for H2O2,241,"[""fixed pH"", ""rapid HO2/O2-minus acid-base equilibrium"", ""constant SOD concentration"", ""constant elementary rate coefficients"", ""single-pulse radical decay with no continuous source"", ""first-order H2O2 loss when enabled""]",True,illustrative single-pulse molar concentration,M except time_s and rate fields,"Fixed pH, rapid equilibrium, constant SOD and rates, single pulse; not continuously driven cellular ROS.",1d8208b504af787754e184f77640f85675b5b634,01e64b526ae9ed2d5f192ae14068302e806c1e8b44576f4b4eb4b5f83a8e8039,configs/doxorubicin_parameters.json,b14b641f69afb70af9ff7557a062c2ce00e0b0cb74381ba69fcfaad4f17f04af,configs/parameter_provenance.csv,86c4261fcb9616a643db79340fe0b7398ba10a5c46464e67e8b697bcfc3a4ec9
sod_plus_h2o2_loss,SOD + H2O2 loss,0.007500000000000001,1e-05,8.092170964461985e-06,2.4364386355423574e-08,8.067806578106562e-06,8.830973994048719e-07,7.081711836413615e-08,1e-05,0.0,7.4,4.88,760000.0,85000000.0,2370000000.0,1e-08,20.0,analytic Riccati radical-pool solution plus integrating-factor adaptive quadrature for H2O2,241,"[""fixed pH"", ""rapid HO2/O2-minus acid-base equilibrium"", ""constant SOD concentration"", ""constant elementary rate coefficients"", ""single-pulse radical decay with no continuous source"", ""first-order H2O2 loss when enabled""]",True,illustrative single-pulse molar concentration,M except time_s and rate fields,"Fixed pH, rapid equilibrium, constant SOD and rates, single pulse; not continuously driven cellular ROS.",1d8208b504af787754e184f77640f85675b5b634,01e64b526ae9ed2d5f192ae14068302e806c1e8b44576f4b4eb4b5f83a8e8039,configs/doxorubicin_parameters.json,b14b641f69afb70af9ff7557a062c2ce00e0b0cb74381ba69fcfaad4f17f04af,configs/parameter_provenance.csv,86c4261fcb9616a643db79340fe0b7398ba10a5c46464e67e8b697bcfc3a4ec9
sod_plus_h2o2_loss,SOD + H2O2 loss,0.007916666666666667,1e-05,7.999195903368157e-06,2.4084451549318086e-08,7.975111451818839e-06,9.22062775440444e-07,7.83392728754777e-08,1e-05,0.0,7.4,4.88,760000.0,85000000.0,2370000000.0,1e-08,20.0,analytic Riccati radical-pool solution plus integrating-factor adaptive quadrature for H2O2,241,"[""fixed pH"", ""rapid HO2/O2-minus acid-base equilibrium"", ""constant SOD concentration"", ""constant elementary rate coefficients"", ""single-pulse radical decay with no continuous source"", ""first-order H2O2 loss when enabled""]",True,illustrative single-pulse molar concentration,M except time_s and rate fields,"Fixed pH, rapid equilibrium, constant SOD and rates, single pulse; not continuously driven cellular ROS.",1d8208b504af787754e184f77640f85675b5b634,01e64b526ae9ed2d5f192ae14068302e806c1e8b44576f4b4eb4b5f83a8e8039,configs/doxorubicin_parameters.json,b14b641f69afb70af9ff7557a062c2ce00e0b0cb74381ba69fcfaad4f17f04af,configs/parameter_provenance.csv,86c4261fcb9616a643db79340fe0b7398ba10a5c46464e67e8b697bcfc3a4ec9
sod_plus_h2o2_loss,SOD + H2O2 loss,0.008333333333333333,1e-05,7.907444373643431e-06,2.380820062373436e-08,7.883636173019697e-06,9.600955723552094e-07,8.618224082307533e-08,1e-05,0.0,7.4,4.88,760000.0,85000000.0,2370000000.0,1e-08,20.0,analytic Riccati radical-pool solution plus integrating-factor adaptive quadrature for H2O2,241,"[""fixed pH"", ""rapid HO2/O2-minus acid-base equilibrium"", ""constant SOD concentration"", ""constant elementary rate coefficients"", ""single-pulse radical decay with no continuous source"", ""first-order H2O2 loss when enabled""]",True,illustrative single-pulse molar concentration,M except time_s and rate fields,"Fixed pH, rapid equilibrium, constant SOD and rates, single pulse; not continuously driven cellular ROS.",1d8208b504af787754e184f77640f85675b5b634,01e64b526ae9ed2d5f192ae14068302e806c1e8b44576f4b4eb4b5f83a8e8039,configs/doxorubicin_parameters.json,b14b641f69afb70af9ff7557a062c2ce00e0b0cb74381ba69fcfaad4f17f04af,configs/parameter_provenance.csv,86c4261fcb9616a643db79340fe0b7398ba10a5c46464e67e8b697bcfc3a4ec9
sod_plus_h2o2_loss,SOD + H2O2 loss,0.00875,1e-05,7.816896740769598e-06,2.353557446190514e-08,7.793361166307693e-06,9.972133056787e-07,9.433832393650132e-08,1e-05,0.0,7.4,4.88,760000.0,85000000.0,2370000000.0,1e-08,20.0,analytic Riccati radical-pool solution plus integrating-factor adaptive quadrature for H2O2,241,"[""fixed pH"", ""rapid HO2/O2-minus acid-base equilibrium"", ""constant SOD concentration"", ""constant elementary rate coefficients"", ""single-pulse radical decay with no continuous source"", ""first-order H2O2 loss when enabled""]",True,illustrative single-pulse molar concentration,M except time_s and rate fields,"Fixed pH, rapid equilibrium, constant SOD and rates, single pulse; not continuously driven cellular ROS.",1d8208b504af787754e184f77640f85675b5b634,01e64b526ae9ed2d5f192ae14068302e806c1e8b44576f4b4eb4b5f83a8e8039,configs/doxorubicin_parameters.json,b14b641f69afb70af9ff7557a062c2ce00e0b0cb74381ba69fcfaad4f17f04af,configs/parameter_provenance.csv,86c4261fcb9616a643db79340fe0b7398ba10a5c46464e67e8b697bcfc3a4ec9
sod_plus_h2o2_loss,SOD + H2O2 loss,0.009166666666666667,1e-05,7.727533766950457e-06,2.326651514153722e-08,7.704267251808919e-06,1.033433148050892e-06,1.0279996847388019e-07,1e-05,0.0,7.4,4.88,760000.0,85000000.0,2370000000.0,1e-08,20.0,analytic Riccati radical-pool solution plus integrating-factor adaptive quadrature for H2O2,241,"[""fixed pH"", ""rapid HO2/O2-minus acid-base equilibrium"", ""constant SOD concentration"", ""constant elementary rate coefficients"", ""single-pulse radical decay with no continuous source"", ""first-order H2O2 loss when enabled""]",True,illustrative single-pulse molar concentration,M except time_s and rate fields,"Fixed pH, rapid equilibrium, constant SOD and rates, single pulse; not continuously driven cellular ROS.",1d8208b504af787754e184f77640f85675b5b634,01e64b526ae9ed2d5f192ae14068302e806c1e8b44576f4b4eb4b5f83a8e8039,configs/doxorubicin_parameters.json,b14b641f69afb70af9ff7557a062c2ce00e0b0cb74381ba69fcfaad4f17f04af,configs/parameter_provenance.csv,86c4261fcb9616a643db79340fe0b7398ba10a5c46464e67e8b697bcfc3a4ec9
sod_plus_h2o2_loss,SOD + H2O2 loss,0.009583333333333334,1e-05,7.639336601161756e-06,2.300096590485323e-08,7.6163356352569026e-06,1.0687719370220087e-06,1.1155976239711367e-07,1e-05,0.0,7.4,4.88,760000.0,85000000.0,2370000000.0,1e-08,20.0,analytic Riccati radical-pool solution plus integrating-factor adaptive quadrature for H2O2,241,"[""fixed pH"", ""rapid HO2/O2-minus acid-base equilibrium"", ""constant SOD concentration"", ""constant elementary rate coefficients"", ""single-pulse radical decay with no continuous source"", ""first-order H2O2 loss when enabled""]",True,illustrative single-pulse molar concentration,M except time_s and rate fields,"Fixed pH, rapid equilibrium, constant SOD and rates, single pulse; not continuously driven cellular ROS.",1d8208b504af787754e184f77640f85675b5b634,01e64b526ae9ed2d5f192ae14068302e806c1e8b44576f4b4eb4b5f83a8e8039,configs/doxorubicin_parameters.json,b14b641f69afb70af9ff7557a062c2ce00e0b0cb74381ba69fcfaad4f17f04af,configs/parameter_provenance.csv,86c4261fcb9616a643db79340fe0b7398ba10a5c46464e67e8b697bcfc3a4ec9
sod_plus_h2o2_loss,SOD + H2O2 loss,0.01,1e-05,7.552286769500123e-06,2.273887112953361e-08,7.529547898370589e-06,1.103246182638705e-06,1.206104326112337e-07,9.999999999999999e-06,1.6940658945086007e-21,7.4,4.88,760000.0,85000000.0,2370000000.0,1e-08,20.0,analytic Riccati radical-pool solution plus integrating-factor adaptive quadrature for H2O2,241,"[""fixed pH"", ""rapid HO2/O2-minus acid-base equilibrium"", ""constant SOD concentration"", ""constant elementary rate coefficients"", ""single-pulse radical decay with no continuous source"", ""first-order H2O2 loss when enabled""]",True,illustrative single-pulse molar concentration,M except time_s and rate fields,"Fixed pH, rapid equilibrium, constant SOD and rates, single pulse; not continuously driven cellular ROS.",1d8208b504af787754e184f77640f85675b5b634,01e64b526ae9ed2d5f192ae14068302e806c1e8b44576f4b4eb4b5f83a8e8039,configs/doxorubicin_parameters.json,b14b641f69afb70af9ff7557a062c2ce00e0b0cb74381ba69fcfaad4f17f04af,configs/parameter_provenance.csv,86c4261fcb9616a643db79340fe0b7398ba10a5c46464e67e8b697bcfc3a4ec9
sod_plus_h2o2_loss,SOD + H2O2 loss,0.010416666666666668,1e-05,7.466366165820605e-06,2.2480176300527584e-08,7.443885989520077e-06,1.1368720748236085e-06,1.2994484226608952e-07,1e-05,0.0,7.4,4.88,760000.0,85000000.0,2370000000.0,1e-08,20.0,analytic Riccati radical-pool solution plus integrating-factor adaptive quadrature for H2O2,241,"[""fixed pH"", ""rapid HO2/O2-minus acid-base equilibrium"", ""constant SOD concentration"", ""constant elementary rate coefficients"", ""single-pulse radical decay with no continuous source"", ""first-order H2O2 loss when enabled""]",True,illustrative single-pulse molar concentration,M except time_s and rate fields,"Fixed pH, rapid equilibrium, constant SOD and rates, single pulse; not continuously driven cellular ROS.",1d8208b504af787754e184f77640f85675b5b634,01e64b526ae9ed2d5f192ae14068302e806c1e8b44576f4b4eb4b5f83a8e8039,configs/doxorubicin_parameters.json,b14b641f69afb70af9ff7557a062c2ce00e0b0cb74381ba69fcfaad4f17f04af,configs/parameter_provenance.csv,86c4261fcb9616a643db79340fe0b7398ba10a5c46464e67e8b697bcfc3a4ec9
sod_plus_h2o2_loss,SOD + H2O2 loss,0.010833333333333334,1e-05,7.3815570426527765e-06,2.2224827982702833e-08,7.3593322146700735e-06,1.1696654905549175e-06,1.3955598811869464e-07,1.0000000000000003e-05,1.6940658945086007e-21,7.4,4.88,760000.0,85000000.0,2370000000.0,1e-08,20.0,analytic Riccati radical-pool solution plus integrating-factor adaptive quadrature for H2O2,241,"[""fixed pH"", ""rapid HO2/O2-minus acid-base equilibrium"", ""constant SOD concentration"", ""constant elementary rate coefficients"", ""single-pulse radical decay with no continuous source"", ""first-order H2O2 loss when enabled""]",True,illustrative single-pulse molar concentration,M except time_s and rate fields,"Fixed pH, rapid equilibrium, constant SOD and rates, single pulse; not continuously driven cellular ROS.",1d8208b504af787754e184f77640f85675b5b634,01e64b526ae9ed2d5f192ae14068302e806c1e8b44576f4b4eb4b5f83a8e8039,configs/doxorubicin_parameters.json,b14b641f69afb70af9ff7557a062c2ce00e0b0cb74381ba69fcfaad4f17f04af,configs/parameter_provenance.csv,86c4261fcb9616a643db79340fe0b7398ba10a5c46464e67e8b697bcfc3a4ec9
sod_plus_h2o2_loss,SOD + H2O2 loss,0.011250000000000001,1e-05,7.297842002385744e-06,2.197277379430477e-08,7.27586922859144e-06,1.2016420008525202e-06,1.494369979546081e-07,1e-05,0.0,7.4,4.88,760000.0,85000000.0,2370000000.0,1e-08,20.0,analytic Riccati radical-pool solution plus integrating-factor adaptive quadrature for H2O2,241,"[""fixed pH"", ""rapid HO2/O2-minus acid-base equilibrium"", ""constant SOD concentration"", ""constant elementary rate coefficients"", ""single-pulse radical decay with no continuous source"", ""first-order H2O2 loss when enabled""]",True,illustrative single-pulse molar concentration,M except time_s and rate fields,"Fixed pH, rapid equilibrium, constant SOD and rates, single pulse; not continuously driven cellular ROS.",1d8208b504af787754e184f77640f85675b5b634,01e64b526ae9ed2d5f192ae14068302e806c1e8b44576f4b4eb4b5f83a8e8039,configs/doxorubicin_parameters.json,b14b641f69afb70af9ff7557a062c2ce00e0b0cb74381ba69fcfaad4f17f04af,configs/parameter_provenance.csv,86c4261fcb9616a643db79340fe0b7398ba10a5c46464e67e8b697bcfc3a4ec9
sod_plus_h2o2_loss,SOD + H2O2 loss,0.011666666666666667,1e-05,7.215203988712867e-06,2.172396238119783e-08,7.1934800263316685e-06,1.2328168775768366e-06,1.5958112806673039e-07,1e-05,0.0,7.4,4.88,760000.0,85000000.0,2370000000.0,1e-08,20.0,analytic Riccati radical-pool solution plus integrating-factor adaptive quadrature for H2O2,241,"[""fixed pH"", ""rapid HO2/O2-minus acid-base equilibrium"", ""constant SOD concentration"", ""constant elementary rate coefficients"", ""single-pulse radical decay with no continuous source"", ""first-order H2O2 loss when enabled""]",True,illustrative single-pulse molar concentration,M except time_s and rate fields,"Fixed pH, rapid equilibrium, constant SOD and rates, single pulse; not continuously driven cellular ROS.",1d8208b504af787754e184f77640f85675b5b634,01e64b526ae9ed2d5f192ae14068302e806c1e8b44576f4b4eb4b5f83a8e8039,configs/doxorubicin_parameters.json,b14b641f69afb70af9ff7557a062c2ce00e0b0cb74381ba69fcfaad4f17f04af,configs/parameter_provenance.csv,86c4261fcb9616a643db79340fe0b7398ba10a5c46464e67e8b697bcfc3a4ec9
sod_plus_h2o2_loss,SOD + H2O2 loss,0.012083333333333335,1e-05,7.133626278327248e-06,2.1478343391861733e-08,7.112147934935387e-06,1.2632051000463728e-06,1.6998176079000346e-07,1.0000000000000003e-05,1.6940658945086007e-21,7.4,4.88,760000.0,85000000.0,2370000000.0,1e-08,20.0,analytic Riccati radical-pool solution plus integrating-factor adaptive quadrature for H2O2,241,"[""fixed pH"", ""rapid HO2/O2-minus acid-base equilibrium"", ""constant SOD concentration"", ""constant elementary rate coefficients"", ""single-pulse radical decay with no continuous source"", ""first-order H2O2 loss when enabled""]",True,illustrative single-pulse molar concentration,M except time_s and rate fields,"Fixed pH, rapid equilibrium, constant SOD and rates, single pulse; not continuously driven cellular ROS.",1d8208b504af787754e184f77640f85675b5b634,01e64b526ae9ed2d5f192ae14068302e806c1e8b44576f4b4eb4b5f83a8e8039,configs/doxorubicin_parameters.json,b14b641f69afb70af9ff7557a062c2ce00e0b0cb74381ba69fcfaad4f17f04af,configs/parameter_provenance.csv,86c4261fcb9616a643db79340fe0b7398ba10a5c46464e67e8b697bcfc3a4ec9
sod_plus_h2o2_loss,SOD + H2O2 loss,0.0125,1e-05,7.05309247285946e-06,2.123586745311713e-08,7.0318566054063424e-06,1.292821361479738e-06,1.806324020905324e-07,1e-05,0.0,7.4,4.88,760000.0,85000000.0,2370000000.0,1e-08,20.0,analytic Riccati radical-pool solution plus integrating-factor adaptive quadrature for H2O2,241,"[""fixed pH"", ""rapid HO2/O2-minus acid-base equilibrium"", ""constant SOD concentration"", ""constant elementary rate coefficients"", ""single-pulse radical decay with no continuous source"", ""first-order H2O2 loss when enabled""]",True,illustrative single-pulse molar concentration,M except time_s and rate fields,"Fixed pH, rapid equilibrium, constant SOD and rates, single pulse; not continuously driven cellular ROS.",1d8208b504af787754e184f77640f85675b5b634,01e64b526ae9ed2d5f192ae14068302e806c1e8b44576f4b4eb4b5f83a8e8039,configs/doxorubicin_parameters.json,b14b641f69afb70af9ff7557a062c2ce00e0b0cb74381ba69fcfaad4f17f04af,configs/parameter_provenance.csv,86c4261fcb9616a643db79340fe0b7398ba10a5c46464e67e8b697bcfc3a4ec9
sod_plus_h2o2_loss,SOD + H2O2 loss,0.012916666666666668,1e-05,6.973586491049323e-06,2.099648614655594e-08,6.952590004902768e-06,1.3216800752676783e-06,1.915266792076604e-07,1.0000000000000003e-05,1.6940658945086007e-21,7.4,4.88,760000.0,85000000.0,2370000000.0,1e-08,20.0,analytic Riccati radical-pool solution plus integrating-factor adaptive quadrature for H2O2,241,"[""fixed pH"", ""rapid HO2/O2-minus acid-base equilibrium"", ""constant SOD concentration"", ""constant elementary rate coefficients"", ""single-pulse radical decay with no continuous source"", ""first-order H2O2 loss when enabled""]",True,illustrative single-pulse molar concentration,M except time_s and rate fields,"Fixed pH, rapid equilibrium, constant SOD and rates, single pulse; not continuously driven cellular ROS.",1d8208b504af787754e184f77640f85675b5b634,01e64b526ae9ed2d5f192ae14068302e806c1e8b44576f4b4eb4b5f83a8e8039,configs/doxorubicin_parameters.json,b14b641f69afb70af9ff7557a062c2ce00e0b0cb74381ba69fcfaad4f17f04af,configs/parameter_provenance.csv,86c4261fcb9616a643db79340fe0b7398ba10a5c46464e67e8b697bcfc3a4ec9
sod_plus_h2o2_loss,SOD + H2O2 loss,0.013333333333333334,1e-05,6.895092561143814e-06,2.0760151985652493e-08,6.874332409158162e-06,1.3497953810804612e-06,2.026583383476321e-07,9.999999999999999e-06,1.6940658945086007e-21,7.4,4.88,760000.0,85000000.0,2370000000.0,1e-08,20.0,analytic Riccati radical-pool solution plus integrating-factor adaptive quadrature for H2O2,241,"[""fixed pH"", ""rapid HO2/O2-minus acid-base equilibrium"", ""constant SOD concentration"", ""constant elementary rate coefficients"", ""single-pulse radical decay with no continuous source"", ""first-order H2O2 loss when enabled""]",True,illustrative single-pulse molar concentration,M except time_s and rate fields,"Fixed pH, rapid equilibrium, constant SOD and rates, single pulse; not continuously driven cellular ROS.",1d8208b504af787754e184f77640f85675b5b634,01e64b526ae9ed2d5f192ae14068302e806c1e8b44576f4b4eb4b5f83a8e8039,configs/doxorubicin_parameters.json,b14b641f69afb70af9ff7557a062c2ce00e0b0cb74381ba69fcfaad4f17f04af,configs/parameter_provenance.csv,86c4261fcb9616a643db79340fe0b7398ba10a5c46464e67e8b697bcfc3a4ec9
sod_plus_h2o2_loss,SOD + H2O2 loss,0.01375,1e-05,6.817595213513496e-06,2.052681839353267e-08,6.797068395119963e-06,1.377181150815766e-06,2.1402124242748648e-07,1e-05,0.0,7.4,4.88,760000.0,85000000.0,2370000000.0,1e-08,20.0,analytic Riccati radical-pool solution plus integrating-factor adaptive quadrature for H2O2,241,"[""fixed pH"", ""rapid HO2/O2-minus acid-base equilibrium"", ""constant SOD concentration"", ""constant elementary rate coefficients"", ""single-pulse radical decay with no continuous source"", ""first-order H2O2 loss when enabled""]",True,illustrative single-pulse molar concentration,M except time_s and rate fields,"Fixed pH, rapid equilibrium, constant SOD and rates, single pulse; not continuously driven cellular ROS.",1d8208b504af787754e184f77640f85675b5b634,01e64b526ae9ed2d5f192ae14068302e806c1e8b44576f4b4eb4b5f83a8e8039,configs/doxorubicin_parameters.json,b14b641f69afb70af9ff7557a062c2ce00e0b0cb74381ba69fcfaad4f17f04af,configs/parameter_provenance.csv,86c4261fcb9616a643db79340fe0b7398ba10a5c46464e67e8b697bcfc3a4ec9
sod_plus_h2o2_loss,SOD + H2O2 loss,0.014166666666666668,1e-05,6.7410792734802256e-06,2.029643968137913e-08,6.720782833798846e-06,1.4038509943920332e-06,2.256093688678544e-07,9.999999999999999e-06,1.6940658945086007e-21,7.4,4.88,760000.0,85000000.0,2370000000.0,1e-08,20.0,analytic Riccati radical-pool solution plus integrating-factor adaptive quadrature for H2O2,241,"[""fixed pH"", ""rapid HO2/O2-minus acid-base equilibrium"", ""constant SOD concentration"", ""constant elementary rate coefficients"", ""single-pulse radical decay with no continuous source"", ""first-order H2O2 loss when enabled""]",True,illustrative single-pulse molar concentration,M except time_s and rate fields,"Fixed pH, rapid equilibrium, constant SOD and rates, single pulse; not continuously driven cellular ROS.",1d8208b504af787754e184f77640f85675b5b634,01e64b526ae9ed2d5f192ae14068302e806c1e8b44576f4b4eb4b5f83a8e8039,configs/doxorubicin_parameters.json,b14b641f69afb70af9ff7557a062c2ce00e0b0cb74381ba69fcfaad4f17f04af,configs/parameter_provenance.csv,86c4261fcb9616a643db79340fe0b7398ba10a5c46464e67e8b697bcfc3a4ec9
sod_plus_h2o2_loss,SOD + H2O2 loss,0.014583333333333334,1e-05,6.665529854349042e-06,2.0068971027451305e-08,6.64546088332159e-06,1.429818265392058e-06,2.374168074334214e-07,9.999999999999999e-06,1.6940658945086007e-21,7.4,4.88,760000.0,85000000.0,2370000000.0,1e-08,20.0,analytic Riccati radical-pool solution plus integrating-factor adaptive quadrature for H2O2,241,"[""fixed pH"", ""rapid HO2/O2-minus acid-base equilibrium"", ""constant SOD concentration"", ""constant elementary rate coefficients"", ""single-pulse radical decay with no continuous source"", ""first-order H2O2 loss when enabled""]",True,illustrative single-pulse molar concentration,M except time_s and rate fields,"Fixed pH, rapid equilibrium, constant SOD and rates, single pulse; not continuously driven cellular ROS.",1d8208b504af787754e184f77640f85675b5b634,01e64b526ae9ed2d5f192ae14068302e806c1e8b44576f4b4eb4b5f83a8e8039,configs/doxorubicin_parameters.json,b14b641f69afb70af9ff7557a062c2ce00e0b0cb74381ba69fcfaad4f17f04af,configs/parameter_provenance.csv,86c4261fcb9616a643db79340fe0b7398ba10a5c46464e67e8b697bcfc3a4ec9
sod_plus_h2o2_loss,SOD + H2O2 loss,0.015000000000000001,1e-05,6.590932350637514e-06,1.984436845669993e-08,6.571087982180814e-06,1.4550960665614348e-06,2.4943775811980864e-07,9.999999999999999e-06,1.6940658945086007e-21,7.4,4.88,760000.0,85000000.0,2370000000.0,1e-08,20.0,analytic Riccati radical-pool solution plus integrating-factor adaptive quadrature for H2O2,241,"[""fixed pH"", ""rapid HO2/O2-minus acid-base equilibrium"", ""constant SOD concentration"", ""constant elementary rate coefficients"", ""single-pulse radical decay with no continuous source"", ""first-order H2O2 loss when enabled""]",True,illustrative single-pulse molar concentration,M except time_s and rate fields,"Fixed pH, rapid equilibrium, constant SOD and rates, single pulse; not continuously driven cellular ROS.",1d8208b504af787754e184f77640f85675b5b634,01e64b526ae9ed2d5f192ae14068302e806c1e8b44576f4b4eb4b5f83a8e8039,configs/doxorubicin_parameters.json,b14b641f69afb70af9ff7557a062c2ce00e0b0cb74381ba69fcfaad4f17f04af,configs/parameter_provenance.csv,86c4261fcb9616a643db79340fe0b7398ba10a5c46464e67e8b697bcfc3a4ec9
sod_plus_h2o2_loss,SOD + H2O2 loss,0.015416666666666667,1e-05,6.5172724314960546e-06,1.962258882095652e-08,6.4976498426750976e-06,1.4796972551662955e-06,2.616665290856776e-07,1e-05,0.0,7.4,4.88,760000.0,85000000.0,2370000000.0,1e-08,20.0,analytic Riccati radical-pool solution plus integrating-factor adaptive quadrature for H2O2,241,"[""fixed pH"", ""rapid HO2/O2-minus acid-base equilibrium"", ""constant SOD concentration"", ""constant elementary rate coefficients"", ""single-pulse radical decay with no continuous source"", ""first-order H2O2 loss when enabled""]",True,illustrative single-pulse molar concentration,M except time_s and rate fields,"Fixed pH, rapid equilibrium, constant SOD and rates, single pulse; not continuously driven cellular ROS.",1d8208b504af787754e184f77640f85675b5b634,01e64b526ae9ed2d5f192ae14068302e806c1e8b44576f4b4eb4b5f83a8e8039,configs/doxorubicin_parameters.json,b14b641f69afb70af9ff7557a062c2ce00e0b0cb74381ba69fcfaad4f17f04af,configs/parameter_provenance.csv,86c4261fcb9616a643db79340fe0b7398ba10a5c46464e67e8b697bcfc3a4ec9
sod_plus_h2o2_loss,SOD + H2O2 loss,0.015833333333333335,1e-05,6.444536034312902e-06,1.9403589779678887e-08,6.425132444533223e-06,1.5036344482146302e-06,2.74097534628919e-07,1e-05,0.0,7.4,4.88,760000.0,85000000.0,2370000000.0,1e-08,20.0,analytic Riccati radical-pool solution plus integrating-factor adaptive quadrature for H2O2,241,"[""fixed pH"", ""rapid HO2/O2-minus acid-base equilibrium"", ""constant SOD concentration"", ""constant elementary rate coefficients"", ""single-pulse radical decay with no continuous source"", ""first-order H2O2 loss when enabled""]",True,illustrative single-pulse molar concentration,M except time_s and rate fields,"Fixed pH, rapid equilibrium, constant SOD and rates, single pulse; not continuously driven cellular ROS.",1d8208b504af787754e184f77640f85675b5b634,01e64b526ae9ed2d5f192ae14068302e806c1e8b44576f4b4eb4b5f83a8e8039,configs/doxorubicin_parameters.json,b14b641f69afb70af9ff7557a062c2ce00e0b0cb74381ba69fcfaad4f17f04af,configs/parameter_provenance.csv,86c4261fcb9616a643db79340fe0b7398ba10a5c46464e67e8b697bcfc3a4ec9
sod_plus_h2o2_loss,SOD + H2O2 loss,0.01625,1e-05,6.372709358497768e-06,1.918732978123457e-08,6.353522028716533e-06,1.526920027545319e-06,2.8672529320579756e-07,1.0000000000000003e-05,1.6940658945086007e-21,7.4,4.88,760000.0,85000000.0,2370000000.0,1e-08,20.0,analytic Riccati radical-pool solution plus integrating-factor adaptive quadrature for H2O2,241,"[""fixed pH"", ""rapid HO2/O2-minus acid-base equilibrium"", ""constant SOD concentration"", ""constant elementary rate coefficients"", ""single-pulse radical decay with no continuous source"", ""first-order H2O2 loss when enabled""]",True,illustrative single-pulse molar concentration,M except time_s and rate fields,"Fixed pH, rapid equilibrium, constant SOD and rates, single pulse; not continuously driven cellular ROS.",1d8208b504af787754e184f77640f85675b5b634,01e64b526ae9ed2d5f192ae14068302e806c1e8b44576f4b4eb4b5f83a8e8039,configs/doxorubicin_parameters.json,b14b641f69afb70af9ff7557a062c2ce00e0b0cb74381ba69fcfaad4f17f04af,configs/parameter_provenance.csv,86c4261fcb9616a643db79340fe0b7398ba10a5c46464e67e8b697bcfc3a4ec9
sod_plus_h2o2_loss,SOD + H2O2 loss,0.016666666666666666,1e-05,6.3017788594383345e-06,1.897376804470471e-08,6.28280509139363e-06,1.5495661447888678e-06,2.9954442549196537e-07,1e-05,0.0,7.4,4.88,760000.0,85000000.0,2370000000.0,1e-08,20.0,analytic Riccati radical-pool solution plus integrating-factor adaptive quadrature for H2O2,241,"[""fixed pH"", ""rapid HO2/O2-minus acid-base equilibrium"", ""constant SOD concentration"", ""constant elementary rate coefficients"", ""single-pulse radical decay with no continuous source"", ""first-order H2O2 loss when enabled""]",True,illustrative single-pulse molar concentration,M except time_s and rate fields,"Fixed pH, rapid equilibrium, constant SOD and rates, single pulse; not continuously driven cellular ROS.",1d8208b504af787754e184f77640f85675b5b634,01e64b526ae9ed2d5f192ae14068302e806c1e8b44576f4b4eb4b5f83a8e8039,configs/doxorubicin_parameters.json,b14b641f69afb70af9ff7557a062c2ce00e0b0cb74381ba69fcfaad4f17f04af,configs/parameter_provenance.csv,86c4261fcb9616a643db79340fe0b7398ba10a5c46464e67e8b697bcfc3a4ec9
sod_plus_h2o2_loss,SOD + H2O2 loss,0.017083333333333336,1e-05,6.231731242624025e-06,1.8762864542191527e-08,6.2129683780818335e-06,1.5715847262036926e-06,3.125496524842954e-07,1e-05,0.0,7.4,4.88,760000.0,85000000.0,2370000000.0,1e-08,20.0,analytic Riccati radical-pool solution plus integrating-factor adaptive quadrature for H2O2,241,"[""fixed pH"", ""rapid HO2/O2-minus acid-base equilibrium"", ""constant SOD concentration"", ""constant elementary rate coefficients"", ""single-pulse radical decay with no continuous source"", ""first-order H2O2 loss when enabled""]",True,illustrative single-pulse molar concentration,M except time_s and rate fields,"Fixed pH, rapid equilibrium, constant SOD and rates, single pulse; not continuously driven cellular ROS.",1d8208b504af787754e184f77640f85675b5b634,01e64b526ae9ed2d5f192ae14068302e806c1e8b44576f4b4eb4b5f83a8e8039,configs/doxorubicin_parameters.json,b14b641f69afb70af9ff7557a062c2ce00e0b0cb74381ba69fcfaad4f17f04af,configs/parameter_provenance.csv,86c4261fcb9616a643db79340fe0b7398ba10a5c46464e67e8b697bcfc3a4ec9
sod_plus_h2o2_loss,SOD + H2O2 loss,0.0175,1e-05,6.162553457931642e-06,1.8554579981613216e-08,6.143998877950029e-06,1.5929874773916672e-06,3.25735793642512e-07,1.0000000000000003e-05,1.6940658945086007e-21,7.4,4.88,760000.0,85000000.0,2370000000.0,1e-08,20.0,analytic Riccati radical-pool solution plus integrating-factor adaptive quadrature for H2O2,241,"[""fixed pH"", ""rapid HO2/O2-minus acid-base equilibrium"", ""constant SOD concentration"", ""constant elementary rate coefficients"", ""single-pulse radical decay with no continuous source"", ""first-order H2O2 loss when enabled""]",True,illustrative single-pulse molar concentration,M except time_s and rate fields,"Fixed pH, rapid equilibrium, constant SOD and rates, single pulse; not continuously driven cellular ROS.",1d8208b504af787754e184f77640f85675b5b634,01e64b526ae9ed2d5f192ae14068302e806c1e8b44576f4b4eb4b5f83a8e8039,configs/doxorubicin_parameters.json,b14b641f69afb70af9ff7557a062c2ce00e0b0cb74381ba69fcfaad4f17f04af,configs/parameter_provenance.csv,86c4261fcb9616a643db79340fe0b7398ba10a5c46464e67e8b697bcfc3a4ec9
sod_plus_h2o2_loss,SOD + H2O2 loss,0.017916666666666668,1e-05,6.0942326940677095e-06,1.83488757899706e-08,6.075883818277739e-06,1.6137858878965196e-06,3.39097765069626e-07,1e-05,0.0,7.4,4.88,760000.0,85000000.0,2370000000.0,1e-08,20.0,analytic Riccati radical-pool solution plus integrating-factor adaptive quadrature for H2O2,241,"[""fixed pH"", ""rapid HO2/O2-minus acid-base equilibrium"", ""constant SOD concentration"", ""constant elementary rate coefficients"", ""single-pulse radical decay with no continuous source"", ""first-order H2O2 loss when enabled""]",True,illustrative single-pulse molar concentration,M except time_s and rate fields,"Fixed pH, rapid equilibrium, constant SOD and rates, single pulse; not continuously driven cellular ROS.",1d8208b504af787754e184f77640f85675b5b634,01e64b526ae9ed2d5f192ae14068302e806c1e8b44576f4b4eb4b5f83a8e8039,configs/doxorubicin_parameters.json,b14b641f69afb70af9ff7557a062c2ce00e0b0cb74381ba69fcfaad4f17f04af,configs/parameter_provenance.csv,86c4261fcb9616a643db79340fe0b7398ba10a5c46464e67e8b697bcfc3a4ec9
sod_plus_h2o2_loss,SOD + H2O2 loss,0.018333333333333333,1e-05,6.026756373162504e-06,1.814571409707052e-08,6.0086106590654335e-06,1.6339912356885353e-06,3.526305777302132e-07,1.0000000000000003e-05,1.6940658945086007e-21,7.4,4.88,760000.0,85000000.0,2370000000.0,1e-08,20.0,analytic Riccati radical-pool solution plus integrating-factor adaptive quadrature for H2O2,241,"[""fixed pH"", ""rapid HO2/O2-minus acid-base equilibrium"", ""constant SOD concentration"", ""constant elementary rate coefficients"", ""single-pulse radical decay with no continuous source"", ""first-order H2O2 loss when enabled""]",True,illustrative single-pulse molar concentration,M except time_s and rate fields,"Fixed pH, rapid equilibrium, constant SOD and rates, single pulse; not continuously driven cellular ROS.",1d8208b504af787754e184f77640f85675b5b634,01e64b526ae9ed2d5f192ae14068302e806c1e8b44576f4b4eb4b5f83a8e8039,configs/doxorubicin_parameters.json,b14b641f69afb70af9ff7557a062c2ce00e0b0cb74381ba69fcfaad4f17f04af,configs/parameter_provenance.csv,86c4261fcb9616a643db79340fe0b7398ba10a5c46464e67e8b697bcfc3a4ec9
sod_plus_h2o2_loss,SOD + H2O2 loss,0.018750000000000003,1e-05,5.960112145510957e-06,1.794505771969144e-08,5.942167087791265e-06,1.6536145915389135e-06,3.663293357056085e-07,1e-05,0.0,7.4,4.88,760000.0,85000000.0,2370000000.0,1e-08,20.0,analytic Riccati radical-pool solution plus integrating-factor adaptive quadrature for H2O2,241,"[""fixed pH"", ""rapid HO2/O2-minus acid-base equilibrium"", ""constant SOD concentration"", ""constant elementary rate coefficients"", ""single-pulse radical decay with no continuous source"", ""first-order H2O2 loss when enabled""]",True,illustrative single-pulse molar concentration,M except time_s and rate fields,"Fixed pH, rapid equilibrium, constant SOD and rates, single pulse; not continuously driven cellular ROS.",1d8208b504af787754e184f77640f85675b5b634,01e64b526ae9ed2d5f192ae14068302e806c1e8b44576f4b4eb4b5f83a8e8039,configs/doxorubicin_parameters.json,b14b641f69afb70af9ff7557a062c2ce00e0b0cb74381ba69fcfaad4f17f04af,configs/parameter_provenance.csv,86c4261fcb9616a643db79340fe0b7398ba10a5c46464e67e8b697bcfc3a4ec9
sod_plus_h2o2_loss,SOD + H2O2 loss,0.01916666666666667,1e-05,5.894287884455818e-06,1.774687014617738e-08,5.876541014309641e-06,1.6726668232869986e-06,3.801892344850927e-07,1.0000000000000003e-05,1.6940658945086007e-21,7.4,4.88,760000.0,85000000.0,2370000000.0,1e-08,20.0,analytic Riccati radical-pool solution plus integrating-factor adaptive quadrature for H2O2,241,"[""fixed pH"", ""rapid HO2/O2-minus acid-base equilibrium"", ""constant SOD concentration"", ""constant elementary rate coefficients"", ""single-pulse radical decay with no continuous source"", ""first-order H2O2 loss when enabled""]",True,illustrative single-pulse molar concentration,M except time_s and rate fields,"Fixed pH, rapid equilibrium, constant SOD and rates, single pulse; not continuously driven cellular ROS.",1d8208b504af787754e184f77640f85675b5b634,01e64b526ae9ed2d5f192ae14068302e806c1e8b44576f4b4eb4b5f83a8e8039,configs/doxorubicin_parameters.json,b14b641f69afb70af9ff7557a062c2ce00e0b0cb74381ba69fcfaad4f17f04af,configs/parameter_provenance.csv,86c4261fcb9616a643db79340fe0b7398ba10a5c46464e67e8b697bcfc3a4ec9
sod_plus_h2o2_loss,SOD + H2O2 loss,0.019583333333333335,1e-05,5.829271681408541e-06,1.7551115521446482e-08,5.811720565887095e-06,1.6911586000035096e-06,3.9420555929222014e-07,1e-05,0.0,7.4,4.88,760000.0,85000000.0,2370000000.0,1e-08,20.0,analytic Riccati radical-pool solution plus integrating-factor adaptive quadrature for H2O2,241,"[""fixed pH"", ""rapid HO2/O2-minus acid-base equilibrium"", ""constant SOD concentration"", ""constant elementary rate coefficients"", ""single-pulse radical decay with no continuous source"", ""first-order H2O2 loss when enabled""]",True,illustrative single-pulse molar concentration,M except time_s and rate fields,"Fixed pH, rapid equilibrium, constant SOD and rates, single pulse; not continuously driven cellular ROS.",1d8208b504af787754e184f77640f85675b5b634,01e64b526ae9ed2d5f192ae14068302e806c1e8b44576f4b4eb4b5f83a8e8039,configs/doxorubicin_parameters.json,b14b641f69afb70af9ff7557a062c2ce00e0b0cb74381ba69fcfaad4f17f04af,configs/parameter_provenance.csv,86c4261fcb9616a643db79340fe0b7398ba10a5c46464e67e8b697bcfc3a4ec9
sod_plus_h2o2_loss,SOD + H2O2 loss,0.02,1e-05,5.765051841003645e-06,1.7357758632401497e-08,5.747694082371243e-06,1.7091003960527748e-06,4.083736834454031e-07,1.0000000000000003e-05,1.6940658945086007e-21,7.4,4.88,760000.0,85000000.0,2370000000.0,1e-08,20.0,analytic Riccati radical-pool solution plus integrating-factor adaptive quadrature for H2O2,241,"[""fixed pH"", ""rapid HO2/O2-minus acid-base equilibrium"", ""constant SOD concentration"", ""constant elementary rate coefficients"", ""single-pulse radical decay with no continuous source"", ""first-order H2O2 loss when enabled""]",True,illustrative single-pulse molar concentration,M except time_s and rate fields,"Fixed pH, rapid equilibrium, constant SOD and rates, single pulse; not continuously driven cellular ROS.",1d8208b504af787754e184f77640f85675b5b634,01e64b526ae9ed2d5f192ae14068302e806c1e8b44576f4b4eb4b5f83a8e8039,configs/doxorubicin_parameters.json,b14b641f69afb70af9ff7557a062c2ce00e0b0cb74381ba69fcfaad4f17f04af,configs/parameter_provenance.csv,86c4261fcb9616a643db79340fe0b7398ba10a5c46464e67e8b697bcfc3a4ec9
sod_plus_h2o2_loss,SOD + H2O2 loss,0.020416666666666666,1e-05,5.701616876382344e-06,1.716676489372945e-08,5.684450111488615e-06,1.7265024950568852e-06,4.2268906675194305e-07,9.999999999999999e-06,1.6940658945086007e-21,7.4,4.88,760000.0,85000000.0,2370000000.0,1e-08,20.0,analytic Riccati radical-pool solution plus integrating-factor adaptive quadrature for H2O2,241,"[""fixed pH"", ""rapid HO2/O2-minus acid-base equilibrium"", ""constant SOD concentration"", ""constant elementary rate coefficients"", ""single-pulse radical decay with no continuous source"", ""first-order H2O2 loss when enabled""]",True,illustrative single-pulse molar concentration,M except time_s and rate fields,"Fixed pH, rapid equilibrium, constant SOD and rates, single pulse; not continuously driven cellular ROS.",1d8208b504af787754e184f77640f85675b5b634,01e64b526ae9ed2d5f192ae14068302e806c1e8b44576f4b4eb4b5f83a8e8039,configs/doxorubicin_parameters.json,b14b641f69afb70af9ff7557a062c2ce00e0b0cb74381ba69fcfaad4f17f04af,configs/parameter_provenance.csv,86c4261fcb9616a643db79340fe0b7398ba10a5c46464e67e8b697bcfc3a4ec9
sod_plus_h2o2_loss,SOD + H2O2 loss,0.020833333333333336,1e-05,5.638955504601443e-06,1.697810033407846e-08,5.621977404267364e-06,1.7433749937645774e-06,4.371472539347017e-07,1e-05,0.0,7.4,4.88,760000.0,85000000.0,2370000000.0,1e-08,20.0,analytic Riccati radical-pool solution plus integrating-factor adaptive quadrature for H2O2,241,"[""fixed pH"", ""rapid HO2/O2-minus acid-base equilibrium"", ""constant SOD concentration"", ""constant elementary rate coefficients"", ""single-pulse radical decay with no continuous source"", ""first-order H2O2 loss when enabled""]",True,illustrative single-pulse molar concentration,M except time_s and rate fields,"Fixed pH, rapid equilibrium, constant SOD and rates, single pulse; not continuously driven cellular ROS.",1d8208b504af787754e184f77640f85675b5b634,01e64b526ae9ed2d5f192ae14068302e806c1e8b44576f4b4eb4b5f83a8e8039,configs/doxorubicin_parameters.json,b14b641f69afb70af9ff7557a062c2ce00e0b0cb74381ba69fcfaad4f17f04af,configs/parameter_provenance.csv,86c4261fcb9616a643db79340fe0b7398ba10a5c46464e67e8b697bcfc3a4ec9
sod_plus_h2o2_loss,SOD + H2O2 loss,0.02125,1e-05,5.577056642163635e-06,1.6791731582600133e-08,5.560264910581035e-06,1.7597278058275652e-06,4.5174387309061756e-07,1e-05,0.0,7.4,4.88,760000.0,85000000.0,2370000000.0,1e-08,20.0,analytic Riccati radical-pool solution plus integrating-factor adaptive quadrature for H2O2,241,"[""fixed pH"", ""rapid HO2/O2-minus acid-base equilibrium"", ""constant SOD concentration"", ""constant elementary rate coefficients"", ""single-pulse radical decay with no continuous source"", ""first-order H2O2 loss when enabled""]",True,illustrative single-pulse molar concentration,M except time_s and rate fields,"Fixed pH, rapid equilibrium, constant SOD and rates, single pulse; not continuously driven cellular ROS.",1d8208b504af787754e184f77640f85675b5b634,01e64b526ae9ed2d5f192ae14068302e806c1e8b44576f4b4eb4b5f83a8e8039,configs/doxorubicin_parameters.json,b14b641f69afb70af9ff7557a062c2ce00e0b0cb74381ba69fcfaad4f17f04af,configs/parameter_provenance.csv,86c4261fcb9616a643db79340fe0b7398ba10a5c46464e67e8b697bcfc3a4ec9
sod_plus_h2o2_loss,SOD + H2O2 loss,0.021666666666666667,1e-05,5.515909400665467e-06,1.6607625855846148e-08,5.499301774809621e-06,1.775570665486949e-06,4.6647463418031764e-07,1e-05,0.0,7.4,4.88,760000.0,85000000.0,2370000000.0,1e-08,20.0,analytic Riccati radical-pool solution plus integrating-factor adaptive quadrature for H2O2,241,"[""fixed pH"", ""rapid HO2/O2-minus acid-base equilibrium"", ""constant SOD concentration"", ""constant elementary rate coefficients"", ""single-pulse radical decay with no continuous source"", ""first-order H2O2 loss when enabled""]",True,illustrative single-pulse molar concentration,M except time_s and rate fields,"Fixed pH, rapid equilibrium, constant SOD and rates, single pulse; not continuously driven cellular ROS.",1d8208b504af787754e184f77640f85675b5b634,01e64b526ae9ed2d5f192ae14068302e806c1e8b44576f4b4eb4b5f83a8e8039,configs/doxorubicin_parameters.json,b14b641f69afb70af9ff7557a062c2ce00e0b0cb74381ba69fcfaad4f17f04af,configs/parameter_provenance.csv,86c4261fcb9616a643db79340fe0b7398ba10a5c46464e67e8b697bcfc3a4ec9
sod_plus_h2o2_loss,SOD + H2O2 loss,0.022083333333333333,1e-05,5.455503082559331e-06,1.6425750945008253e-08,5.439077331614323e-06,1.7909131311722437e-06,4.813353275480912e-07,1e-05,0.0,7.4,4.88,760000.0,85000000.0,2370000000.0,1e-08,20.0,analytic Riccati radical-pool solution plus integrating-factor adaptive quadrature for H2O2,241,"[""fixed pH"", ""rapid HO2/O2-minus acid-base equilibrium"", ""constant SOD concentration"", ""constant elementary rate coefficients"", ""single-pulse radical decay with no continuous source"", ""first-order H2O2 loss when enabled""]",True,illustrative single-pulse molar concentration,M except time_s and rate fields,"Fixed pH, rapid equilibrium, constant SOD and rates, single pulse; not continuously driven cellular ROS.",1d8208b504af787754e184f77640f85675b5b634,01e64b526ae9ed2d5f192ae14068302e806c1e8b44576f4b4eb4b5f83a8e8039,configs/doxorubicin_parameters.json,b14b641f69afb70af9ff7557a062c2ce00e0b0cb74381ba69fcfaad4f17f04af,configs/parameter_provenance.csv,86c4261fcb9616a643db79340fe0b7398ba10a5c46464e67e8b697bcfc3a4ec9
sod_plus_h2o2_loss,SOD + H2O2 loss,0.022500000000000003,1e-05,5.395827177026071e-06,1.6246075203491244e-08,5.379581101822579e-06,1.8057645890154807e-06,4.963218224714844e-07,1e-05,0.0,7.4,4.88,760000.0,85000000.0,2370000000.0,1e-08,20.0,analytic Riccati radical-pool solution plus integrating-factor adaptive quadrature for H2O2,241,"[""fixed pH"", ""rapid HO2/O2-minus acid-base equilibrium"", ""constant SOD concentration"", ""constant elementary rate coefficients"", ""single-pulse radical decay with no continuous source"", ""first-order H2O2 loss when enabled""]",True,illustrative single-pulse molar concentration,M except time_s and rate fields,"Fixed pH, rapid equilibrium, constant SOD and rates, single pulse; not continuously driven cellular ROS.",1d8208b504af787754e184f77640f85675b5b634,01e64b526ae9ed2d5f192ae14068302e806c1e8b44576f4b4eb4b5f83a8e8039,configs/doxorubicin_parameters.json,b14b641f69afb70af9ff7557a062c2ce00e0b0cb74381ba69fcfaad4f17f04af,configs/parameter_provenance.csv,86c4261fcb9616a643db79340fe0b7398ba10a5c46464e67e8b697bcfc3a4ec9
sod_plus_h2o2_loss,SOD + H2O2 loss,0.02291666666666667,1e-05,5.336871355954767e-06,1.6068567534808673e-08,5.320802788419958e-06,1.820134256282766e-06,5.114300657398509e-07,1e-05,0.0,7.4,4.88,760000.0,85000000.0,2370000000.0,1e-08,20.0,analytic Riccati radical-pool solution plus integrating-factor adaptive quadrature for H2O2,241,"[""fixed pH"", ""rapid HO2/O2-minus acid-base equilibrium"", ""constant SOD concentration"", ""constant elementary rate coefficients"", ""single-pulse radical decay with no continuous source"", ""first-order H2O2 loss when enabled""]",True,illustrative single-pulse molar concentration,M except time_s and rate fields,"Fixed pH, rapid equilibrium, constant SOD and rates, single pulse; not continuously driven cellular ROS.",1d8208b504af787754e184f77640f85675b5b634,01e64b526ae9ed2d5f192ae14068302e806c1e8b44576f4b4eb4b5f83a8e8039,configs/doxorubicin_parameters.json,b14b641f69afb70af9ff7557a062c2ce00e0b0cb74381ba69fcfaad4f17f04af,configs/parameter_provenance.csv,86c4261fcb9616a643db79340fe0b7398ba10a5c46464e67e8b697bcfc3a4ec9
sod_plus_h2o2_loss,SOD + H2O2 loss,0.023333333333333334,1e-05,5.27862547002652e-06,1.5893197380791654e-08,5.262732272645728e-06,1.8340311847255894e-06,5.266560802611512e-07,1.0000000000000003e-05,1.6940658945086007e-21,7.4,4.88,760000.0,85000000.0,2370000000.0,1e-08,20.0,analytic Riccati radical-pool solution plus integrating-factor adaptive quadrature for H2O2,241,"[""fixed pH"", ""rapid HO2/O2-minus acid-base equilibrium"", ""constant SOD concentration"", ""constant elementary rate coefficients"", ""single-pulse radical decay with no continuous source"", ""first-order H2O2 loss when enabled""]",True,illustrative single-pulse molar concentration,M except time_s and rate fields,"Fixed pH, rapid equilibrium, constant SOD and rates, single pulse; not continuously driven cellular ROS.",1d8208b504af787754e184f77640f85675b5b634,01e64b526ae9ed2d5f192ae14068302e806c1e8b44576f4b4eb4b5f83a8e8039,configs/doxorubicin_parameters.json,b14b641f69afb70af9ff7557a062c2ce00e0b0cb74381ba69fcfaad4f17f04af,configs/parameter_provenance.csv,86c4261fcb9616a643db79340fe0b7398ba10a5c46464e67e8b697bcfc3a4ec9
sod_plus_h2o2_loss,SOD + H2O2 loss,0.02375,1e-05,5.22107954489907e-06,1.5719934710101316e-08,5.205359610188969e-06,1.8474642638541122e-06,5.419959636963533e-07,1e-05,0.0,7.4,4.88,760000.0,85000000.0,2370000000.0,1e-08,20.0,analytic Riccati radical-pool solution plus integrating-factor adaptive quadrature for H2O2,241,"[""fixed pH"", ""rapid HO2/O2-minus acid-base equilibrium"", ""constant SOD concentration"", ""constant elementary rate coefficients"", ""single-pulse radical decay with no continuous source"", ""first-order H2O2 loss when enabled""]",True,illustrative single-pulse molar concentration,M except time_s and rate fields,"Fixed pH, rapid equilibrium, constant SOD and rates, single pulse; not continuously driven cellular ROS.",1d8208b504af787754e184f77640f85675b5b634,01e64b526ae9ed2d5f192ae14068302e806c1e8b44576f4b4eb4b5f83a8e8039,configs/doxorubicin_parameters.json,b14b641f69afb70af9ff7557a062c2ce00e0b0cb74381ba69fcfaad4f17f04af,configs/parameter_provenance.csv,86c4261fcb9616a643db79340fe0b7398ba10a5c46464e67e8b697bcfc3a4ec9
sod_plus_h2o2_loss,SOD + H2O2 loss,0.02416666666666667,1e-05,5.164223777489229e-06,1.5548750007035723e-08,5.1486750274821935e-06,1.8604422241345854e-06,5.574458871208005e-07,1e-05,0.0,7.4,4.88,760000.0,85000000.0,2370000000.0,1e-08,20.0,analytic Riccati radical-pool solution plus integrating-factor adaptive quadrature for H2O2,241,"[""fixed pH"", ""rapid HO2/O2-minus acid-base equilibrium"", ""constant SOD concentration"", ""constant elementary rate coefficients"", ""single-pulse radical decay with no continuous source"", ""first-order H2O2 loss when enabled""]",True,illustrative single-pulse molar concentration,M except time_s and rate fields,"Fixed pH, rapid equilibrium, constant SOD and rates, single pulse; not continuously driven cellular ROS.",1d8208b504af787754e184f77640f85675b5b634,01e64b526ae9ed2d5f192ae14068302e806c1e8b44576f4b4eb4b5f83a8e8039,configs/doxorubicin_parameters.json,b14b641f69afb70af9ff7557a062c2ce00e0b0cb74381ba69fcfaad4f17f04af,configs/parameter_provenance.csv,86c4261fcb9616a643db79340fe0b7398ba10a5c46464e67e8b697bcfc3a4ec9
sod_plus_h2o2_loss,SOD + H2O2 loss,0.024583333333333336,1e-05,5.1080485323502154e-06,1.5379614260622514e-08,5.092668918089593e-06,1.8729736401129821e-06,5.730020937119106e-07,9.999999999999999e-06,1.6940658945086007e-21,7.4,4.88,760000.0,85000000.0,2370000000.0,1e-08,20.0,analytic Riccati radical-pool solution plus integrating-factor adaptive quadrature for H2O2,241,"[""fixed pH"", ""rapid HO2/O2-minus acid-base equilibrium"", ""constant SOD concentration"", ""constant elementary rate coefficients"", ""single-pulse radical decay with no continuous source"", ""first-order H2O2 loss when enabled""]",True,illustrative single-pulse molar concentration,M except time_s and rate fields,"Fixed pH, rapid equilibrium, constant SOD and rates, single pulse; not continuously driven cellular ROS.",1d8208b504af787754e184f77640f85675b5b634,01e64b526ae9ed2d5f192ae14068302e806c1e8b44576f4b4eb4b5f83a8e8039,configs/doxorubicin_parameters.json,b14b641f69afb70af9ff7557a062c2ce00e0b0cb74381ba69fcfaad4f17f04af,configs/parameter_provenance.csv,86c4261fcb9616a643db79340fe0b7398ba10a5c46464e67e8b697bcfc3a4ec9
sod_plus_h2o2_loss,SOD + H2O2 loss,0.025,1e-05,5.052544338141066e-06,1.521249895398884e-08,5.0373318391870766e-06,1.8850669334668636e-06,5.88660897462604e-07,1.0000000000000003e-05,1.6940658945086007e-21,7.4,4.88,760000.0,85000000.0,2370000000.0,1e-08,20.0,analytic Riccati radical-pool solution plus integrating-factor adaptive quadrature for H2O2,241,"[""fixed pH"", ""rapid HO2/O2-minus acid-base equilibrium"", ""constant SOD concentration"", ""constant elementary rate coefficients"", ""single-pulse radical decay with no continuous source"", ""first-order H2O2 loss when enabled""]",True,illustrative single-pulse molar concentration,M except time_s and rate fields,"Fixed pH, rapid equilibrium, constant SOD and rates, single pulse; not continuously driven cellular ROS.",1d8208b504af787754e184f77640f85675b5b634,01e64b526ae9ed2d5f192ae14068302e806c1e8b44576f4b4eb4b5f83a8e8039,configs/doxorubicin_parameters.json,b14b641f69afb70af9ff7557a062c2ce00e0b0cb74381ba69fcfaad4f17f04af,configs/parameter_provenance.csv,86c4261fcb9616a643db79340fe0b7398ba10a5c46464e67e8b697bcfc3a4ec9
sod_plus_h2o2_loss,SOD + H2O2 loss,0.025416666666666667,1e-05,4.997701884185398e-06,1.504737605400025e-08,4.982654508131397e-06,1.8967303759874282e-06,6.044186819198733e-07,1e-05,0.0,7.4,4.88,760000.0,85000000.0,2370000000.0,1e-08,20.0,analytic Riccati radical-pool solution plus integrating-factor adaptive quadrature for H2O2,241,"[""fixed pH"", ""rapid HO2/O2-minus acid-base equilibrium"", ""constant SOD concentration"", ""constant elementary rate coefficients"", ""single-pulse radical decay with no continuous source"", ""first-order H2O2 loss when enabled""]",True,illustrative single-pulse molar concentration,M except time_s and rate fields,"Fixed pH, rapid equilibrium, constant SOD and rates, single pulse; not continuously driven cellular ROS.",1d8208b504af787754e184f77640f85675b5b634,01e64b526ae9ed2d5f192ae14068302e806c1e8b44576f4b4eb4b5f83a8e8039,configs/doxorubicin_parameters.json,b14b641f69afb70af9ff7557a062c2ce00e0b0cb74381ba69fcfaad4f17f04af,configs/parameter_provenance.csv,86c4261fcb9616a643db79340fe0b7398ba10a5c46464e67e8b697bcfc3a4ec9
sod_plus_h2o2_loss,SOD + H2O2 loss,0.025833333333333337,1e-05,4.9435120171168855e-06,1.4884218001160711e-08,4.9286277991157245e-06,1.9079720924936366e-06,6.202718989479211e-07,9.999999999999999e-06,1.6940658945086007e-21,7.4,4.88,760000.0,85000000.0,2370000000.0,1e-08,20.0,analytic Riccati radical-pool solution plus integrating-factor adaptive quadrature for H2O2,241,"[""fixed pH"", ""rapid HO2/O2-minus acid-base equilibrium"", ""constant SOD concentration"", ""constant elementary rate coefficients"", ""single-pulse radical decay with no continuous source"", ""first-order H2O2 loss when enabled""]",True,illustrative single-pulse molar concentration,M except time_s and rate fields,"Fixed pH, rapid equilibrium, constant SOD and rates, single pulse; not continuously driven cellular ROS.",1d8208b504af787754e184f77640f85675b5b634,01e64b526ae9ed2d5f192ae14068302e806c1e8b44576f4b4eb4b5f83a8e8039,configs/doxorubicin_parameters.json,b14b641f69afb70af9ff7557a062c2ce00e0b0cb74381ba69fcfaad4f17f04af,configs/parameter_provenance.csv,86c4261fcb9616a643db79340fe0b7398ba10a5c46464e67e8b697bcfc3a4ec9
sod_plus_h2o2_loss,SOD + H2O2 loss,0.026250000000000002,1e-05,4.889965737608912e-06,1.472299769976604e-08,4.8752427399091455e-06,1.918800063680244e-06,6.362170675153002e-07,1e-05,0.0,7.4,4.88,760000.0,85000000.0,2370000000.0,1e-08,20.0,analytic Riccati radical-pool solution plus integrating-factor adaptive quadrature for H2O2,241,"[""fixed pH"", ""rapid HO2/O2-minus acid-base equilibrium"", ""constant SOD concentration"", ""constant elementary rate coefficients"", ""single-pulse radical decay with no continuous source"", ""first-order H2O2 loss when enabled""]",True,illustrative single-pulse molar concentration,M except time_s and rate fields,"Fixed pH, rapid equilibrium, constant SOD and rates, single pulse; not continuously driven cellular ROS.",1d8208b504af787754e184f77640f85675b5b634,01e64b526ae9ed2d5f192ae14068302e806c1e8b44576f4b4eb4b5f83a8e8039,configs/doxorubicin_parameters.json,b14b641f69afb70af9ff7557a062c2ce00e0b0cb74381ba69fcfaad4f17f04af,configs/parameter_provenance.csv,86c4261fcb9616a643db79340fe0b7398ba10a5c46464e67e8b697bcfc3a4ec9
sod_plus_h2o2_loss,SOD + H2O2 loss,0.02666666666666667,1e-05,4.837054197185928e-06,1.4563688508303364e-08,4.822490508677625e-06,1.9292221289015136e-06,6.522507725055226e-07,9.999999999999999e-06,1.6940658945086007e-21,7.4,4.88,760000.0,85000000.0,2370000000.0,1e-08,20.0,analytic Riccati radical-pool solution plus integrating-factor adaptive quadrature for H2O2,241,"[""fixed pH"", ""rapid HO2/O2-minus acid-base equilibrium"", ""constant SOD concentration"", ""constant elementary rate coefficients"", ""single-pulse radical decay with no continuous source"", ""first-order H2O2 loss when enabled""]",True,illustrative single-pulse molar concentration,M except time_s and rate fields,"Fixed pH, rapid equilibrium, constant SOD and rates, single pulse; not continuously driven cellular ROS.",1d8208b504af787754e184f77640f85675b5b634,01e64b526ae9ed2d5f192ae14068302e806c1e8b44576f4b4eb4b5f83a8e8039,configs/doxorubicin_parameters.json,b14b641f69afb70af9ff7557a062c2ce00e0b0cb74381ba69fcfaad4f17f04af,configs/parameter_provenance.csv,86c4261fcb9616a643db79340fe0b7398ba10a5c46464e67e8b697bcfc3a4ec9
sod_plus_h2o2_loss,SOD + H2O2 loss,0.027083333333333334,1e-05,4.784768695114137e-06,1.44062642300894e-08,4.770362430884047e-06,1.939245988892326e-06,6.683696635506061e-07,1e-05,0.0,7.4,4.88,760000.0,85000000.0,2370000000.0,1e-08,20.0,analytic Riccati radical-pool solution plus integrating-factor adaptive quadrature for H2O2,241,"[""fixed pH"", ""rapid HO2/O2-minus acid-base equilibrium"", ""constant SOD concentration"", ""constant elementary rate coefficients"", ""single-pulse radical decay with no continuous source"", ""first-order H2O2 loss when enabled""]",True,illustrative single-pulse molar concentration,M except time_s and rate fields,"Fixed pH, rapid equilibrium, constant SOD and rates, single pulse; not continuously driven cellular ROS.",1d8208b504af787754e184f77640f85675b5b634,01e64b526ae9ed2d5f192ae14068302e806c1e8b44576f4b4eb4b5f83a8e8039,configs/doxorubicin_parameters.json,b14b641f69afb70af9ff7557a062c2ce00e0b0cb74381ba69fcfaad4f17f04af,configs/parameter_provenance.csv,86c4261fcb9616a643db79340fe0b7398ba10a5c46464e67e8b697bcfc3a4ec9
sod_plus_h2o2_loss,SOD + H2O2 loss,0.0275,1e-05,4.733100675369222e-06,1.4250699104140722e-08,4.718849976265081e-06,1.948879208428355e-06,6.845704538870341e-07,1.0000000000000003e-05,1.6940658945086007e-21,7.4,4.88,760000.0,85000000.0,2370000000.0,1e-08,20.0,analytic Riccati radical-pool solution plus integrating-factor adaptive quadrature for H2O2,241,"[""fixed pH"", ""rapid HO2/O2-minus acid-base equilibrium"", ""constant SOD concentration"", ""constant elementary rate coefficients"", ""single-pulse radical decay with no continuous source"", ""first-order H2O2 loss when enabled""]",True,illustrative single-pulse molar concentration,M except time_s and rate fields,"Fixed pH, rapid equilibrium, constant SOD and rates, single pulse; not continuously driven cellular ROS.",1d8208b504af787754e184f77640f85675b5b634,01e64b526ae9ed2d5f192ae14068302e806c1e8b44576f4b4eb4b5f83a8e8039,configs/doxorubicin_parameters.json,b14b641f69afb70af9ff7557a062c2ce00e0b0cb74381ba69fcfaad4f17f04af,configs/parameter_provenance.csv,86c4261fcb9616a643db79340fe0b7398ba10a5c46464e67e8b697bcfc3a4ec9
sod_plus_h2o2_loss,SOD + H2O2 loss,0.02791666666666667,1e-05,4.682041723678876e-06,1.4096967796269224e-08,4.667944755882606e-06,1.9581292189269203e-06,7.008499192336422e-07,9.999999999999999e-06,1.6940658945086007e-21,7.4,4.88,760000.0,85000000.0,2370000000.0,1e-08,20.0,analytic Riccati radical-pool solution plus integrating-factor adaptive quadrature for H2O2,241,"[""fixed pH"", ""rapid HO2/O2-minus acid-base equilibrium"", ""constant SOD concentration"", ""constant elementary rate coefficients"", ""single-pulse radical decay with no continuous source"", ""first-order H2O2 loss when enabled""]",True,illustrative single-pulse molar concentration,M except time_s and rate fields,"Fixed pH, rapid equilibrium, constant SOD and rates, single pulse; not continuously driven cellular ROS.",1d8208b504af787754e184f77640f85675b5b634,01e64b526ae9ed2d5f192ae14068302e806c1e8b44576f4b4eb4b5f83a8e8039,configs/doxorubicin_parameters.json,b14b641f69afb70af9ff7557a062c2ce00e0b0cb74381ba69fcfaad4f17f04af,configs/parameter_provenance.csv,86c4261fcb9616a643db79340fe0b7398ba10a5c46464e67e8b697bcfc3a4ec9
sod_plus_h2o2_loss,SOD + H2O2 loss,0.028333333333333335,1e-05,4.631583564637983e-06,1.3945045390396343e-08,4.617638519247586e-06,1.967003320990076e-06,7.172048966909333e-07,9.999999999999999e-06,1.6940658945086007e-21,7.4,4.88,760000.0,85000000.0,2370000000.0,1e-08,20.0,analytic Riccati radical-pool solution plus integrating-factor adaptive quadrature for H2O2,241,"[""fixed pH"", ""rapid HO2/O2-minus acid-base equilibrium"", ""constant SOD concentration"", ""constant elementary rate coefficients"", ""single-pulse radical decay with no continuous source"", ""first-order H2O2 loss when enabled""]",True,illustrative single-pulse molar concentration,M except time_s and rate fields,"Fixed pH, rapid equilibrium, constant SOD and rates, single pulse; not continuously driven cellular ROS.",1d8208b504af787754e184f77640f85675b5b634,01e64b526ae9ed2d5f192ae14068302e806c1e8b44576f4b4eb4b5f83a8e8039,configs/doxorubicin_parameters.json,b14b641f69afb70af9ff7557a062c2ce00e0b0cb74381ba69fcfaad4f17f04af,configs/parameter_provenance.csv,86c4261fcb9616a643db79340fe0b7398ba10a5c46464e67e8b697bcfc3a4ec9
sod_plus_h2o2_loss,SOD + H2O2 loss,0.02875,1e-05,4.581718058894383e-06,1.3794907380079796e-08,4.567923151514303e-06,1.975508686891458e-06,7.33632283661351e-07,1e-05,0.0,7.4,4.88,760000.0,85000000.0,2370000000.0,1e-08,20.0,analytic Riccati radical-pool solution plus integrating-factor adaptive quadrature for H2O2,241,"[""fixed pH"", ""rapid HO2/O2-minus acid-base equilibrium"", ""constant SOD concentration"", ""constant elementary rate coefficients"", ""single-pulse radical decay with no continuous source"", ""first-order H2O2 loss when enabled""]",True,illustrative single-pulse molar concentration,M except time_s and rate fields,"Fixed pH, rapid equilibrium, constant SOD and rates, single pulse; not continuously driven cellular ROS.",1d8208b504af787754e184f77640f85675b5b634,01e64b526ae9ed2d5f192ae14068302e806c1e8b44576f4b4eb4b5f83a8e8039,configs/doxorubicin_parameters.json,b14b641f69afb70af9ff7557a062c2ce00e0b0cb74381ba69fcfaad4f17f04af,configs/parameter_provenance.csv,86c4261fcb9616a643db79340fe0b7398ba10a5c46464e67e8b697bcfc3a4ec9
sod_plus_h2o2_loss,SOD + H2O2 loss,0.029166666666666667,1e-05,4.532437200403195e-06,1.3646529660246724e-08,4.518790670742948e-06,1.9836523630083554e-06,7.501290367900476e-07,1e-05,0.0,7.4,4.88,760000.0,85000000.0,2370000000.0,1e-08,20.0,analytic Riccati radical-pool solution plus integrating-factor adaptive quadrature for H2O2,241,"[""fixed pH"", ""rapid HO2/O2-minus acid-base equilibrium"", ""constant SOD concentration"", ""constant elementary rate coefficients"", ""single-pulse radical decay with no continuous source"", ""first-order H2O2 loss when enabled""]",True,illustrative single-pulse molar concentration,M except time_s and rate fields,"Fixed pH, rapid equilibrium, constant SOD and rates, single pulse; not continuously driven cellular ROS.",1d8208b504af787754e184f77640f85675b5b634,01e64b526ae9ed2d5f192ae14068302e806c1e8b44576f4b4eb4b5f83a8e8039,configs/doxorubicin_parameters.json,b14b641f69afb70af9ff7557a062c2ce00e0b0cb74381ba69fcfaad4f17f04af,configs/parameter_provenance.csv,86c4261fcb9616a643db79340fe0b7398ba10a5c46464e67e8b697bcfc3a4ec9
sod_plus_h2o2_loss,SOD + H2O2 loss,0.029583333333333336,1e-05,4.483733113747754e-06,1.3499888519127423e-08,4.470233225228627e-06,1.9914412722004257e-06,7.666921709256977e-07,1e-05,0.0,7.4,4.88,760000.0,85000000.0,2370000000.0,1e-08,20.0,analytic Riccati radical-pool solution plus integrating-factor adaptive quadrature for H2O2,241,"[""fixed pH"", ""rapid HO2/O2-minus acid-base equilibrium"", ""constant SOD concentration"", ""constant elementary rate coefficients"", ""single-pulse radical decay with no continuous source"", ""first-order H2O2 loss when enabled""]",True,illustrative single-pulse molar concentration,M except time_s and rate fields,"Fixed pH, rapid equilibrium, constant SOD and rates, single pulse; not continuously driven cellular ROS.",1d8208b504af787754e184f77640f85675b5b634,01e64b526ae9ed2d5f192ae14068302e806c1e8b44576f4b4eb4b5f83a8e8039,configs/doxorubicin_parameters.json,b14b641f69afb70af9ff7557a062c2ce00e0b0cb74381ba69fcfaad4f17f04af,configs/parameter_provenance.csv,86c4261fcb9616a643db79340fe0b7398ba10a5c46464e67e8b697bcfc3a4ec9
sod_plus_h2o2_loss,SOD + H2O2 loss,0.030000000000000002,1e-05,4.43559805152529e-06,1.335496063038398e-08,4.422243090894906e-06,1.998882216136446e-06,7.833187581009094e-07,9.999999999999999e-06,1.6940658945086007e-21,7.4,4.88,760000.0,85000000.0,2370000000.0,1e-08,20.0,analytic Riccati radical-pool solution plus integrating-factor adaptive quadrature for H2O2,241,"[""fixed pH"", ""rapid HO2/O2-minus acid-base equilibrium"", ""constant SOD concentration"", ""constant elementary rate coefficients"", ""single-pulse radical decay with no continuous source"", ""first-order H2O2 loss when enabled""]",True,illustrative single-pulse molar concentration,M except time_s and rate fields,"Fixed pH, rapid equilibrium, constant SOD and rates, single pulse; not continuously driven cellular ROS.",1d8208b504af787754e184f77640f85675b5b634,01e64b526ae9ed2d5f192ae14068302e806c1e8b44576f4b4eb4b5f83a8e8039,configs/doxorubicin_parameters.json,b14b641f69afb70af9ff7557a062c2ce00e0b0cb74381ba69fcfaad4f17f04af,configs/parameter_provenance.csv,86c4261fcb9616a643db79340fe0b7398ba10a5c46464e67e8b697bcfc3a4ec9
sod_plus_h2o2_loss,SOD + H2O2 loss,0.030416666666666668,1e-05,4.388024391795497e-06,1.3211723045428285e-08,4.374812668750069e-06,2.005981877570426e-06,8.000059265318258e-07,9.999999999999999e-06,1.6940658945086007e-21,7.4,4.88,760000.0,85000000.0,2370000000.0,1e-08,20.0,analytic Riccati radical-pool solution plus integrating-factor adaptive quadrature for H2O2,241,"[""fixed pH"", ""rapid HO2/O2-minus acid-base equilibrium"", ""constant SOD concentration"", ""constant elementary rate coefficients"", ""single-pulse radical decay with no continuous source"", ""first-order H2O2 loss when enabled""]",True,illustrative single-pulse molar concentration,M except time_s and rate fields,"Fixed pH, rapid equilibrium, constant SOD and rates, single pulse; not continuously driven cellular ROS.",1d8208b504af787754e184f77640f85675b5b634,01e64b526ae9ed2d5f192ae14068302e806c1e8b44576f4b4eb4b5f83a8e8039,configs/doxorubicin_parameters.json,b14b641f69afb70af9ff7557a062c2ce00e0b0cb74381ba69fcfaad4f17f04af,configs/parameter_provenance.csv,86c4261fcb9616a643db79340fe0b7398ba10a5c46464e67e8b697bcfc3a4ec9
sod_plus_h2o2_loss,SOD + H2O2 loss,0.030833333333333334,1e-05,4.341004635590262e-06,1.3070153185924168e-08,4.327934482404338e-06,2.0127468225683947e-06,8.167508596364746e-07,9.999999999999999e-06,1.6940658945086007e-21,7.4,4.88,760000.0,85000000.0,2370000000.0,1e-08,20.0,analytic Riccati radical-pool solution plus integrating-factor adaptive quadrature for H2O2,241,"[""fixed pH"", ""rapid HO2/O2-minus acid-base equilibrium"", ""constant SOD concentration"", ""constant elementary rate coefficients"", ""single-pulse radical decay with no continuous source"", ""first-order H2O2 loss when enabled""]",True,illustrative single-pulse molar concentration,M except time_s and rate fields,"Fixed pH, rapid equilibrium, constant SOD and rates, single pulse; not continuously driven cellular ROS.",1d8208b504af787754e184f77640f85675b5b634,01e64b526ae9ed2d5f192ae14068302e806c1e8b44576f4b4eb4b5f83a8e8039,configs/doxorubicin_parameters.json,b14b641f69afb70af9ff7557a062c2ce00e0b0cb74381ba69fcfaad4f17f04af,configs/parameter_provenance.csv,86c4261fcb9616a643db79340fe0b7398ba10a5c46464e67e8b697bcfc3a4ec9
sod_plus_h2o2_loss,SOD + H2O2 loss,0.03125,1e-05,4.2945314044828114e-06,1.2930228836468447e-08,4.281601175646343e-06,2.0191835026871107e-06,8.335507950714839e-07,1e-05,0.0,7.4,4.88,760000.0,85000000.0,2370000000.0,1e-08,20.0,analytic Riccati radical-pool solution plus integrating-factor adaptive quadrature for H2O2,241,"[""fixed pH"", ""rapid HO2/O2-minus acid-base equilibrium"", ""constant SOD concentration"", ""constant elementary rate coefficients"", ""single-pulse radical decay with no continuous source"", ""first-order H2O2 loss when enabled""]",True,illustrative single-pulse molar concentration,M except time_s and rate fields,"Fixed pH, rapid equilibrium, constant SOD and rates, single pulse; not continuously driven cellular ROS.",1d8208b504af787754e184f77640f85675b5b634,01e64b526ae9ed2d5f192ae14068302e806c1e8b44576f4b4eb4b5f83a8e8039,configs/doxorubicin_parameters.json,b14b641f69afb70af9ff7557a062c2ce00e0b0cb74381ba69fcfaad4f17f04af,configs/parameter_provenance.csv,86c4261fcb9616a643db79340fe0b7398ba10a5c46464e67e8b697bcfc3a4ec9
sod_plus_h2o2_loss,SOD + H2O2 loss,0.03166666666666667,1e-05,4.2485974382146505e-06,1.2791928137445973e-08,4.2358055100772046e-06,2.0252982571059255e-06,8.504030237867496e-07,1e-05,0.0,7.4,4.88,760000.0,85000000.0,2370000000.0,1e-08,20.0,analytic Riccati radical-pool solution plus integrating-factor adaptive quadrature for H2O2,241,"[""fixed pH"", ""rapid HO2/O2-minus acid-base equilibrium"", ""constant SOD concentration"", ""constant elementary rate coefficients"", ""single-pulse radical decay with no continuous source"", ""first-order H2O2 loss when enabled""]",True,illustrative single-pulse molar concentration,M except time_s and rate fields,"Fixed pH, rapid equilibrium, constant SOD and rates, single pulse; not continuously driven cellular ROS.",1d8208b504af787754e184f77640f85675b5b634,01e64b526ae9ed2d5f192ae14068302e806c1e8b44576f4b4eb4b5f83a8e8039,configs/doxorubicin_parameters.json,b14b641f69afb70af9ff7557a062c2ce00e0b0cb74381ba69fcfaad4f17f04af,configs/parameter_provenance.csv,86c4261fcb9616a643db79340fe0b7398ba10a5c46464e67e8b697bcfc3a4ec9
sod_plus_h2o2_loss,SOD + H2O2 loss,0.03208333333333334,1e-05,4.203195592378667e-06,1.265522957805378e-08,4.1905403628006135e-06,2.0310973147129833e-06,8.673048890976836e-07,1e-05,0.0,7.4,4.88,760000.0,85000000.0,2370000000.0,1e-08,20.0,analytic Riccati radical-pool solution plus integrating-factor adaptive quadrature for H2O2,241,"[""fixed pH"", ""rapid HO2/O2-minus acid-base equilibrium"", ""constant SOD concentration"", ""constant elementary rate coefficients"", ""single-pulse radical decay with no continuous source"", ""first-order H2O2 loss when enabled""]",True,illustrative single-pulse molar concentration,M except time_s and rate fields,"Fixed pH, rapid equilibrium, constant SOD and rates, single pulse; not continuously driven cellular ROS.",1d8208b504af787754e184f77640f85675b5b634,01e64b526ae9ed2d5f192ae14068302e806c1e8b44576f4b4eb4b5f83a8e8039,configs/doxorubicin_parameters.json,b14b641f69afb70af9ff7557a062c2ce00e0b0cb74381ba69fcfaad4f17f04af,configs/parameter_provenance.csv,86c4261fcb9616a643db79340fe0b7398ba10a5c46464e67e8b697bcfc3a4ec9
sod_plus_h2o2_loss,SOD + H2O2 loss,0.0325,1e-05,4.158318836156873e-06,1.2520111989489752e-08,4.145798724167383e-06,2.036586796146908e-06,8.842537857746558e-07,1.0000000000000003e-05,1.6940658945086007e-21,7.4,4.88,760000.0,85000000.0,2370000000.0,1e-08,20.0,analytic Riccati radical-pool solution plus integrating-factor adaptive quadrature for H2O2,241,"[""fixed pH"", ""rapid HO2/O2-minus acid-base equilibrium"", ""constant SOD concentration"", ""constant elementary rate coefficients"", ""single-pulse radical decay with no continuous source"", ""first-order H2O2 loss when enabled""]",True,illustrative single-pulse molar concentration,M except time_s and rate fields,"Fixed pH, rapid equilibrium, constant SOD and rates, single pulse; not continuously driven cellular ROS.",1d8208b504af787754e184f77640f85675b5b634,01e64b526ae9ed2d5f192ae14068302e806c1e8b44576f4b4eb4b5f83a8e8039,configs/doxorubicin_parameters.json,b14b641f69afb70af9ff7557a062c2ce00e0b0cb74381ba69fcfaad4f17f04af,configs/parameter_provenance.csv,86c4261fcb9616a643db79340fe0b7398ba10a5c46464e67e8b697bcfc3a4ec9
sod_plus_h2o2_loss,SOD + H2O2 loss,0.03291666666666667,1e-05,4.113960250111254e-06,1.2386554538301173e-08,4.101573695572952e-06,2.041772715795101e-06,9.012471591492726e-07,9.999999999999999e-06,1.6940658945086007e-21,7.4,4.88,760000.0,85000000.0,2370000000.0,1e-08,20.0,analytic Riccati radical-pool solution plus integrating-factor adaptive quadrature for H2O2,241,"[""fixed pH"", ""rapid HO2/O2-minus acid-base equilibrium"", ""constant SOD concentration"", ""constant elementary rate coefficients"", ""single-pulse radical decay with no continuous source"", ""first-order H2O2 loss when enabled""]",True,illustrative single-pulse molar concentration,M except time_s and rate fields,"Fixed pH, rapid equilibrium, constant SOD and rates, single pulse; not continuously driven cellular ROS.",1d8208b504af787754e184f77640f85675b5b634,01e64b526ae9ed2d5f192ae14068302e806c1e8b44576f4b4eb4b5f83a8e8039,configs/doxorubicin_parameters.json,b14b641f69afb70af9ff7557a062c2ce00e0b0cb74381ba69fcfaad4f17f04af,configs/parameter_provenance.csv,86c4261fcb9616a643db79340fe0b7398ba10a5c46464e67e8b697bcfc3a4ec9
sod_plus_h2o2_loss,SOD + H2O2 loss,0.03333333333333333,1e-05,4.070113024026301e-06,1.2254536719888903e-08,4.057858487306412e-06,2.0466609837497227e-06,9.182825042371271e-07,1e-05,0.0,7.4,4.88,760000.0,85000000.0,2370000000.0,1e-08,20.0,analytic Riccati radical-pool solution plus integrating-factor adaptive quadrature for H2O2,241,"[""fixed pH"", ""rapid HO2/O2-minus acid-base equilibrium"", ""constant SOD concentration"", ""constant elementary rate coefficients"", ""single-pulse radical decay with no continuous source"", ""first-order H2O2 loss when enabled""]",True,illustrative single-pulse molar concentration,M except time_s and rate fields,"Fixed pH, rapid equilibrium, constant SOD and rates, single pulse; not continuously driven cellular ROS.",1d8208b504af787754e184f77640f85675b5b634,01e64b526ae9ed2d5f192ae14068302e806c1e8b44576f4b4eb4b5f83a8e8039,configs/doxorubicin_parameters.json,b14b641f69afb70af9ff7557a062c2ce00e0b0cb74381ba69fcfaad4f17f04af,configs/parameter_provenance.csv,86c4261fcb9616a643db79340fe0b7398ba10a5c46464e67e8b697bcfc3a4ec9
sod_plus_h2o2_loss,SOD + H2O2 loss,0.03375,1e-05,4.02677045480179e-06,1.2124038352162822e-08,4.014646416449627e-06,2.0512574077224254e-06,9.353573648766798e-07,9.999999999999999e-06,1.6940658945086007e-21,7.4,4.88,760000.0,85000000.0,2370000000.0,1e-08,20.0,analytic Riccati radical-pool solution plus integrating-factor adaptive quadrature for H2O2,241,"[""fixed pH"", ""rapid HO2/O2-minus acid-base equilibrium"", ""constant SOD concentration"", ""constant elementary rate coefficients"", ""single-pulse radical decay with no continuous source"", ""first-order H2O2 loss when enabled""]",True,illustrative single-pulse molar concentration,M except time_s and rate fields,"Fixed pH, rapid equilibrium, constant SOD and rates, single pulse; not continuously driven cellular ROS.",1d8208b504af787754e184f77640f85675b5b634,01e64b526ae9ed2d5f192ae14068302e806c1e8b44576f4b4eb4b5f83a8e8039,configs/doxorubicin_parameters.json,b14b641f69afb70af9ff7557a062c2ce00e0b0cb74381ba69fcfaad4f17f04af,configs/parameter_provenance.csv,86c4261fcb9616a643db79340fe0b7398ba10a5c46464e67e8b697bcfc3a4ec9
sod_plus_h2o2_loss,SOD + H2O2 loss,0.03416666666666667,1e-05,3.98392594439445e-06,1.1995039569344495e-08,3.971930904825105e-06,2.0555676949188505e-06,9.52469332883925e-07,9.999999999999999e-06,1.6940658945086007e-21,7.4,4.88,760000.0,85000000.0,2370000000.0,1e-08,20.0,analytic Riccati radical-pool solution plus integrating-factor adaptive quadrature for H2O2,241,"[""fixed pH"", ""rapid HO2/O2-minus acid-base equilibrium"", ""constant SOD concentration"", ""constant elementary rate coefficients"", ""single-pulse radical decay with no continuous source"", ""first-order H2O2 loss when enabled""]",True,illustrative single-pulse molar concentration,M except time_s and rate fields,"Fixed pH, rapid equilibrium, constant SOD and rates, single pulse; not continuously driven cellular ROS.",1d8208b504af787754e184f77640f85675b5b634,01e64b526ae9ed2d5f192ae14068302e806c1e8b44576f4b4eb4b5f83a8e8039,configs/doxorubicin_parameters.json,b14b641f69afb70af9ff7557a062c2ce00e0b0cb74381ba69fcfaad4f17f04af,configs/parameter_provenance.csv,86c4261fcb9616a643db79340fe0b7398ba10a5c46464e67e8b697bcfc3a4ec9
sod_plus_h2o2_loss,SOD + H2O2 loss,0.034583333333333334,1e-05,3.941572997807207e-06,1.1867520815913064e-08,3.929705476991294e-06,2.0595974538738823e-06,9.696160472225146e-07,9.999999999999999e-06,1.6940658945086007e-21,7.4,4.88,760000.0,85000000.0,2370000000.0,1e-08,20.0,analytic Riccati radical-pool solution plus integrating-factor adaptive quadrature for H2O2,241,"[""fixed pH"", ""rapid HO2/O2-minus acid-base equilibrium"", ""constant SOD concentration"", ""constant elementary rate coefficients"", ""single-pulse radical decay with no continuous source"", ""first-order H2O2 loss when enabled""]",True,illustrative single-pulse molar concentration,M except time_s and rate fields,"Fixed pH, rapid equilibrium, constant SOD and rates, single pulse; not continuously driven cellular ROS.",1d8208b504af787754e184f77640f85675b5b634,01e64b526ae9ed2d5f192ae14068302e806c1e8b44576f4b4eb4b5f83a8e8039,configs/doxorubicin_parameters.json,b14b641f69afb70af9ff7557a062c2ce00e0b0cb74381ba69fcfaad4f17f04af,configs/parameter_provenance.csv,86c4261fcb9616a643db79340fe0b7398ba10a5c46464e67e8b697bcfc3a4ec9
sod_plus_h2o2_loss,SOD + H2O2 loss,0.035,1e-05,3.899705221124701e-06,1.1741462840690468e-08,3.887963758284011e-06,2.0633521962486324e-06,9.867951931890174e-07,1e-05,0.0,7.4,4.88,760000.0,85000000.0,2370000000.0,1e-08,20.0,analytic Riccati radical-pool solution plus integrating-factor adaptive quadrature for H2O2,241,"[""fixed pH"", ""rapid HO2/O2-minus acid-base equilibrium"", ""constant SOD concentration"", ""constant elementary rate coefficients"", ""single-pulse radical decay with no continuous source"", ""first-order H2O2 loss when enabled""]",True,illustrative single-pulse molar concentration,M except time_s and rate fields,"Fixed pH, rapid equilibrium, constant SOD and rates, single pulse; not continuously driven cellular ROS.",1d8208b504af787754e184f77640f85675b5b634,01e64b526ae9ed2d5f192ae14068302e806c1e8b44576f4b4eb4b5f83a8e8039,configs/doxorubicin_parameters.json,b14b641f69afb70af9ff7557a062c2ce00e0b0cb74381ba69fcfaad4f17f04af,configs/parameter_provenance.csv,86c4261fcb9616a643db79340fe0b7398ba10a5c46464e67e8b697bcfc3a4ec9
sod_plus_h2o2_loss,SOD + H2O2 loss,0.035416666666666666,1e-05,3.858316319593855e-06,1.1616846691062298e-08,3.846699472902793e-06,2.0668373385900825e-06,1.0040045016129903e-06,1e-05,0.0,7.4,4.88,760000.0,85000000.0,2370000000.0,1e-08,20.0,analytic Riccati radical-pool solution plus integrating-factor adaptive quadrature for H2O2,241,"[""fixed pH"", ""rapid HO2/O2-minus acid-base equilibrium"", ""constant SOD concentration"", ""constant elementary rate coefficients"", ""single-pulse radical decay with no continuous source"", ""first-order H2O2 loss when enabled""]",True,illustrative single-pulse molar concentration,M except time_s and rate fields,"Fixed pH, rapid equilibrium, constant SOD and rates, single pulse; not continuously driven cellular ROS.",1d8208b504af787754e184f77640f85675b5b634,01e64b526ae9ed2d5f192ae14068302e806c1e8b44576f4b4eb4b5f83a8e8039,configs/doxorubicin_parameters.json,b14b641f69afb70af9ff7557a062c2ce00e0b0cb74381ba69fcfaad4f17f04af,configs/parameter_provenance.csv,86c4261fcb9616a643db79340fe0b7398ba10a5c46464e67e8b697bcfc3a4ec9
sod_plus_h2o2_loss,SOD + H2O2 loss,0.035833333333333335,1e-05,3.817400095748259e-06,1.14936537073306e-08,3.8059064420409283e-06,2.0700582040542985e-06,1.0212417480715725e-06,1e-05,0.0,7.4,4.88,760000.0,85000000.0,2370000000.0,1e-08,20.0,analytic Riccati radical-pool solution plus integrating-factor adaptive quadrature for H2O2,241,"[""fixed pH"", ""rapid HO2/O2-minus acid-base equilibrium"", ""constant SOD concentration"", ""constant elementary rate coefficients"", ""single-pulse radical decay with no continuous source"", ""first-order H2O2 loss when enabled""]",True,illustrative single-pulse molar concentration,M except time_s and rate fields,"Fixed pH, rapid equilibrium, constant SOD and rates, single pulse; not continuously driven cellular ROS.",1d8208b504af787754e184f77640f85675b5b634,01e64b526ae9ed2d5f192ae14068302e806c1e8b44576f4b4eb4b5f83a8e8039,configs/doxorubicin_parameters.json,b14b641f69afb70af9ff7557a062c2ce00e0b0cb74381ba69fcfaad4f17f04af,configs/parameter_provenance.csv,86c4261fcb9616a643db79340fe0b7398ba10a5c46464e67e8b697bcfc3a4ec9
sod_plus_h2o2_loss,SOD + H2O2 loss,0.036250000000000004,1e-05,3.7769504475752408e-06,1.137186551719516e-08,3.7655785820580455e-06,2.0730200240941033e-06,1.0385047521182765e-06,9.999999999999999e-06,1.6940658945086007e-21,7.4,4.88,760000.0,85000000.0,2370000000.0,1e-08,20.0,analytic Riccati radical-pool solution plus integrating-factor adaptive quadrature for H2O2,241,"[""fixed pH"", ""rapid HO2/O2-minus acid-base equilibrium"", ""constant SOD concentration"", ""constant elementary rate coefficients"", ""single-pulse radical decay with no continuous source"", ""first-order H2O2 loss when enabled""]",True,illustrative single-pulse molar concentration,M except time_s and rate fields,"Fixed pH, rapid equilibrium, constant SOD and rates, single pulse; not continuously driven cellular ROS.",1d8208b504af787754e184f77640f85675b5b634,01e64b526ae9ed2d5f192ae14068302e806c1e8b44576f4b4eb4b5f83a8e8039,configs/doxorubicin_parameters.json,b14b641f69afb70af9ff7557a062c2ce00e0b0cb74381ba69fcfaad4f17f04af,configs/parameter_provenance.csv,86c4261fcb9616a643db79340fe0b7398ba10a5c46464e67e8b697bcfc3a4ec9
sod_plus_h2o2_loss,SOD + H2O2 loss,0.03666666666666667,1e-05,3.736961366724455e-06,1.1251464030359841e-08,3.725709902694095e-06,2.0757279401120608e-06,1.0557913765257124e-06,1.0000000000000003e-05,1.6940658945086007e-21,7.4,4.88,760000.0,85000000.0,2370000000.0,1e-08,20.0,analytic Riccati radical-pool solution plus integrating-factor adaptive quadrature for H2O2,241,"[""fixed pH"", ""rapid HO2/O2-minus acid-base equilibrium"", ""constant SOD concentration"", ""constant elementary rate coefficients"", ""single-pulse radical decay with no continuous source"", ""first-order H2O2 loss when enabled""]",True,illustrative single-pulse molar concentration,M except time_s and rate fields,"Fixed pH, rapid equilibrium, constant SOD and rates, single pulse; not continuously driven cellular ROS.",1d8208b504af787754e184f77640f85675b5b634,01e64b526ae9ed2d5f192ae14068302e806c1e8b44576f4b4eb4b5f83a8e8039,configs/doxorubicin_parameters.json,b14b641f69afb70af9ff7557a062c2ce00e0b0cb74381ba69fcfaad4f17f04af,configs/parameter_provenance.csv,86c4261fcb9616a643db79340fe0b7398ba10a5c46464e67e8b697bcfc3a4ec9
sod_plus_h2o2_loss,SOD + H2O2 loss,0.037083333333333336,1e-05,3.6974269367569004e-06,1.1132431433260607e-08,3.68629450532364e-06,2.0781870050796156e-06,1.0730995265419348e-06,1.0000000000000003e-05,1.6940658945086007e-21,7.4,4.88,760000.0,85000000.0,2370000000.0,1e-08,20.0,analytic Riccati radical-pool solution plus integrating-factor adaptive quadrature for H2O2,241,"[""fixed pH"", ""rapid HO2/O2-minus acid-base equilibrium"", ""constant SOD concentration"", ""constant elementary rate coefficients"", ""single-pulse radical decay with no continuous source"", ""first-order H2O2 loss when enabled""]",True,illustrative single-pulse molar concentration,M except time_s and rate fields,"Fixed pH, rapid equilibrium, constant SOD and rates, single pulse; not continuously driven cellular ROS.",1d8208b504af787754e184f77640f85675b5b634,01e64b526ae9ed2d5f192ae14068302e806c1e8b44576f4b4eb4b5f83a8e8039,configs/doxorubicin_parameters.json,b14b641f69afb70af9ff7557a062c2ce00e0b0cb74381ba69fcfaad4f17f04af,configs/parameter_provenance.csv,86c4261fcb9616a643db79340fe0b7398ba10a5c46464e67e8b697bcfc3a4ec9
sod_plus_h2o2_loss,SOD + H2O2 loss,0.037500000000000006,1e-05,3.6583413314333225e-06,1.1014750183912142e-08,3.64732658124941e-06,2.0804021851231914e-06,1.090427149160148e-06,1.0000000000000003e-05,1.6940658945086007e-21,7.4,4.88,760000.0,85000000.0,2370000000.0,1e-08,20.0,analytic Riccati radical-pool solution plus integrating-factor adaptive quadrature for H2O2,241,"[""fixed pH"", ""rapid HO2/O2-minus acid-base equilibrium"", ""constant SOD concentration"", ""constant elementary rate coefficients"", ""single-pulse radical decay with no continuous source"", ""first-order H2O2 loss when enabled""]",True,illustrative single-pulse molar concentration,M except time_s and rate fields,"Fixed pH, rapid equilibrium, constant SOD and rates, single pulse; not continuously driven cellular ROS.",1d8208b504af787754e184f77640f85675b5b634,01e64b526ae9ed2d5f192ae14068302e806c1e8b44576f4b4eb4b5f83a8e8039,configs/doxorubicin_parameters.json,b14b641f69afb70af9ff7557a062c2ce00e0b0cb74381ba69fcfaad4f17f04af,configs/parameter_provenance.csv,86c4261fcb9616a643db79340fe0b7398ba10a5c46464e67e8b697bcfc3a4ec9
sod_plus_h2o2_loss,SOD + H2O2 loss,0.03791666666666667,1e-05,3.6196988130409257e-06,1.0898403006869831e-08,3.608800410034056e-06,2.0823783610780405e-06,1.1077722324014973e-06,1.0000000000000003e-05,1.6940658945086007e-21,7.4,4.88,760000.0,85000000.0,2370000000.0,1e-08,20.0,analytic Riccati radical-pool solution plus integrating-factor adaptive quadrature for H2O2,241,"[""fixed pH"", ""rapid HO2/O2-minus acid-base equilibrium"", ""constant SOD concentration"", ""constant elementary rate coefficients"", ""single-pulse radical decay with no continuous source"", ""first-order H2O2 loss when enabled""]",True,illustrative single-pulse molar concentration,M except time_s and rate fields,"Fixed pH, rapid equilibrium, constant SOD and rates, single pulse; not continuously driven cellular ROS.",1d8208b504af787754e184f77640f85675b5b634,01e64b526ae9ed2d5f192ae14068302e806c1e8b44576f4b4eb4b5f83a8e8039,configs/doxorubicin_parameters.json,b14b641f69afb70af9ff7557a062c2ce00e0b0cb74381ba69fcfaad4f17f04af,configs/parameter_provenance.csv,86c4261fcb9616a643db79340fe0b7398ba10a5c46464e67e8b697bcfc3a4ec9
sod_plus_h2o2_loss,SOD + H2O2 loss,0.03833333333333334,1e-05,3.581493730757432e-06,1.0783372888304154e-08,3.570710357869128e-06,2.0841203300106133e-06,1.1251328046106714e-06,1e-05,0.0,7.4,4.88,760000.0,85000000.0,2370000000.0,1e-08,20.0,analytic Riccati radical-pool solution plus integrating-factor adaptive quadrature for H2O2,241,"[""fixed pH"", ""rapid HO2/O2-minus acid-base equilibrium"", ""constant SOD concentration"", ""constant elementary rate coefficients"", ""single-pulse radical decay with no continuous source"", ""first-order H2O2 loss when enabled""]",True,illustrative single-pulse molar concentration,M except time_s and rate fields,"Fixed pH, rapid equilibrium, constant SOD and rates, single pulse; not continuously driven cellular ROS.",1d8208b504af787754e184f77640f85675b5b634,01e64b526ae9ed2d5f192ae14068302e806c1e8b44576f4b4eb4b5f83a8e8039,configs/doxorubicin_parameters.json,b14b641f69afb70af9ff7557a062c2ce00e0b0cb74381ba69fcfaad4f17f04af,configs/parameter_provenance.csv,86c4261fcb9616a643db79340fe0b7398ba10a5c46464e67e8b697bcfc3a4ec9
sod_plus_h2o2_loss,SOD + H2O2 loss,0.03875,1e-05,3.5437205190514874e-06,1.0669643071184549e-08,3.533050875980303e-06,2.0856328067101916e-06,1.142506933764065e-06,9.999999999999999e-06,1.6940658945086007e-21,7.4,4.88,760000.0,85000000.0,2370000000.0,1e-08,20.0,analytic Riccati radical-pool solution plus integrating-factor adaptive quadrature for H2O2,241,"[""fixed pH"", ""rapid HO2/O2-minus acid-base equilibrium"", ""constant SOD concentration"", ""constant elementary rate coefficients"", ""single-pulse radical decay with no continuous source"", ""first-order H2O2 loss when enabled""]",True,illustrative single-pulse molar concentration,M except time_s and rate fields,"Fixed pH, rapid equilibrium, constant SOD and rates, single pulse; not continuously driven cellular ROS.",1d8208b504af787754e184f77640f85675b5b634,01e64b526ae9ed2d5f192ae14068302e806c1e8b44576f4b4eb4b5f83a8e8039,configs/doxorubicin_parameters.json,b14b641f69afb70af9ff7557a062c2ce00e0b0cb74381ba69fcfaad4f17f04af,configs/parameter_provenance.csv,86c4261fcb9616a643db79340fe0b7398ba10a5c46464e67e8b697bcfc3a4ec9
sod_plus_h2o2_loss,SOD + H2O2 loss,0.03916666666666667,1e-05,3.5063736961184845e-06,1.0557197050569885e-08,3.4958164990679146e-06,2.086920425150509e-06,1.159892726790249e-06,9.999999999999999e-06,1.6940658945086007e-21,7.4,4.88,760000.0,85000000.0,2370000000.0,1e-08,20.0,analytic Riccati radical-pool solution plus integrating-factor adaptive quadrature for H2O2,241,"[""fixed pH"", ""rapid HO2/O2-minus acid-base equilibrium"", ""constant SOD concentration"", ""constant elementary rate coefficients"", ""single-pulse radical decay with no continuous source"", ""first-order H2O2 loss when enabled""]",True,illustrative single-pulse molar concentration,M except time_s and rate fields,"Fixed pH, rapid equilibrium, constant SOD and rates, single pulse; not continuously driven cellular ROS.",1d8208b504af787754e184f77640f85675b5b634,01e64b526ae9ed2d5f192ae14068302e806c1e8b44576f4b4eb4b5f83a8e8039,configs/doxorubicin_parameters.json,b14b641f69afb70af9ff7557a062c2ce00e0b0cb74381ba69fcfaad4f17f04af,configs/parameter_provenance.csv,86c4261fcb9616a643db79340fe0b7398ba10a5c46464e67e8b697bcfc3a4ec9
sod_plus_h2o2_loss,SOD + H2O2 loss,0.03958333333333334,1e-05,3.469447862350878e-06,1.0446018569002802e-08,3.459001843781875e-06,2.0879877399220693e-06,1.1772883289024922e-06,1e-05,0.0,7.4,4.88,760000.0,85000000.0,2370000000.0,1e-08,20.0,analytic Riccati radical-pool solution plus integrating-factor adaptive quadrature for H2O2,241,"[""fixed pH"", ""rapid HO2/O2-minus acid-base equilibrium"", ""constant SOD concentration"", ""constant elementary rate coefficients"", ""single-pulse radical decay with no continuous source"", ""first-order H2O2 loss when enabled""]",True,illustrative single-pulse molar concentration,M except time_s and rate fields,"Fixed pH, rapid equilibrium, constant SOD and rates, single pulse; not continuously driven cellular ROS.",1d8208b504af787754e184f77640f85675b5b634,01e64b526ae9ed2d5f192ae14068302e806c1e8b44576f4b4eb4b5f83a8e8039,configs/doxorubicin_parameters.json,b14b641f69afb70af9ff7557a062c2ce00e0b0cb74381ba69fcfaad4f17f04af,configs/parameter_provenance.csv,86c4261fcb9616a643db79340fe0b7398ba10a5c46464e67e8b697bcfc3a4ec9
sod_plus_h2o2_loss,SOD + H2O2 loss,0.04,1e-05,3.4329376988421095e-06,1.0336091612005241e-08,3.422601607230104e-06,2.0888392276358413e-06,1.1946919229431046e-06,1.0000000000000003e-05,1.6940658945086007e-21,7.4,4.88,760000.0,85000000.0,2370000000.0,1e-08,20.0,analytic Riccati radical-pool solution plus integrating-factor adaptive quadrature for H2O2,241,"[""fixed pH"", ""rapid HO2/O2-minus acid-base equilibrium"", ""constant SOD concentration"", ""constant elementary rate coefficients"", ""single-pulse radical decay with no continuous source"", ""first-order H2O2 loss when enabled""]",True,illustrative single-pulse molar concentration,M except time_s and rate fields,"Fixed pH, rapid equilibrium, constant SOD and rates, single pulse; not continuously driven cellular ROS.",1d8208b504af787754e184f77640f85675b5b634,01e64b526ae9ed2d5f192ae14068302e806c1e8b44576f4b4eb4b5f83a8e8039,configs/doxorubicin_parameters.json,b14b641f69afb70af9ff7557a062c2ce00e0b0cb74381ba69fcfaad4f17f04af,configs/parameter_provenance.csv,86c4261fcb9616a643db79340fe0b7398ba10a5c46464e67e8b697bcfc3a4ec9
sod_plus_h2o2_loss,SOD + H2O2 loss,0.04041666666666667,1e-05,3.3968379659232716e-06,1.0227400403672541e-08,3.3866105655195992e-06,2.089479288299004e-06,1.2121017287393608e-06,1e-05,0.0,7.4,4.88,760000.0,85000000.0,2370000000.0,1e-08,20.0,analytic Riccati radical-pool solution plus integrating-factor adaptive quadrature for H2O2,241,"[""fixed pH"", ""rapid HO2/O2-minus acid-base equilibrium"", ""constant SOD concentration"", ""constant elementary rate coefficients"", ""single-pulse radical decay with no continuous source"", ""first-order H2O2 loss when enabled""]",True,illustrative single-pulse molar concentration,M except time_s and rate fields,"Fixed pH, rapid equilibrium, constant SOD and rates, single pulse; not continuously driven cellular ROS.",1d8208b504af787754e184f77640f85675b5b634,01e64b526ae9ed2d5f192ae14068302e806c1e8b44576f4b4eb4b5f83a8e8039,configs/doxorubicin_parameters.json,b14b641f69afb70af9ff7557a062c2ce00e0b0cb74381ba69fcfaad4f17f04af,configs/parameter_provenance.csv,86c4261fcb9616a643db79340fe0b7398ba10a5c46464e67e8b697bcfc3a4ec9
sod_plus_h2o2_loss,SOD + H2O2 loss,0.04083333333333333,1e-05,3.3611435017316853e-06,1.0119929402363629e-08,3.3510235723293215e-06,2.089912246663388e-06,1.2295160024707695e-06,9.999999999999999e-06,1.6940658945086007e-21,7.4,4.88,760000.0,85000000.0,2370000000.0,1e-08,20.0,analytic Riccati radical-pool solution plus integrating-factor adaptive quadrature for H2O2,241,"[""fixed pH"", ""rapid HO2/O2-minus acid-base equilibrium"", ""constant SOD concentration"", ""constant elementary rate coefficients"", ""single-pulse radical decay with no continuous source"", ""first-order H2O2 loss when enabled""]",True,illustrative single-pulse molar concentration,M except time_s and rate fields,"Fixed pH, rapid equilibrium, constant SOD and rates, single pulse; not continuously driven cellular ROS.",1d8208b504af787754e184f77640f85675b5b634,01e64b526ae9ed2d5f192ae14068302e806c1e8b44576f4b4eb4b5f83a8e8039,configs/doxorubicin_parameters.json,b14b641f69afb70af9ff7557a062c2ce00e0b0cb74381ba69fcfaad4f17f04af,configs/parameter_provenance.csv,86c4261fcb9616a643db79340fe0b7398ba10a5c46464e67e8b697bcfc3a4ec9
sod_plus_h2o2_loss,SOD + H2O2 loss,0.04125,1e-05,3.32584922081056e-06,1.0013663296484793e-08,3.315835557514075e-06,2.090142353547246e-06,1.2469330360474748e-06,1.0000000000000003e-05,1.6940658945086007e-21,7.4,4.88,760000.0,85000000.0,2370000000.0,1e-08,20.0,analytic Riccati radical-pool solution plus integrating-factor adaptive quadrature for H2O2,241,"[""fixed pH"", ""rapid HO2/O2-minus acid-base equilibrium"", ""constant SOD concentration"", ""constant elementary rate coefficients"", ""single-pulse radical decay with no continuous source"", ""first-order H2O2 loss when enabled""]",True,illustrative single-pulse molar concentration,M except time_s and rate fields,"Fixed pH, rapid equilibrium, constant SOD and rates, single pulse; not continuously driven cellular ROS.",1d8208b504af787754e184f77640f85675b5b634,01e64b526ae9ed2d5f192ae14068302e806c1e8b44576f4b4eb4b5f83a8e8039,configs/doxorubicin_parameters.json,b14b641f69afb70af9ff7557a062c2ce00e0b0cb74381ba69fcfaad4f17f04af,configs/parameter_provenance.csv,86c4261fcb9616a643db79340fe0b7398ba10a5c46464e67e8b697bcfc3a4ec9
sod_plus_h2o2_loss,SOD + H2O2 loss,0.04166666666666667,1e-05,3.290950112738965e-06,9.908587000364726e-09,3.2810415257386002e-06,2.0901737871309642e-06,1.2643511564995537e-06,1e-05,0.0,7.4,4.88,760000.0,85000000.0,2370000000.0,1e-08,20.0,analytic Riccati radical-pool solution plus integrating-factor adaptive quadrature for H2O2,241,"[""fixed pH"", ""rapid HO2/O2-minus acid-base equilibrium"", ""constant SOD concentration"", ""constant elementary rate coefficients"", ""single-pulse radical decay with no continuous source"", ""first-order H2O2 loss when enabled""]",True,illustrative single-pulse molar concentration,M except time_s and rate fields,"Fixed pH, rapid equilibrium, constant SOD and rates, single pulse; not continuously driven cellular ROS.",1d8208b504af787754e184f77640f85675b5b634,01e64b526ae9ed2d5f192ae14068302e806c1e8b44576f4b4eb4b5f83a8e8039,configs/doxorubicin_parameters.json,b14b641f69afb70af9ff7557a062c2ce00e0b0cb74381ba69fcfaad4f17f04af,configs/parameter_provenance.csv,86c4261fcb9616a643db79340fe0b7398ba10a5c46464e67e8b697bcfc3a4ec9
sod_plus_h2o2_loss,SOD + H2O2 loss,0.042083333333333334,1e-05,3.2564412407913286e-06,9.804685650218454e-09,3.2466365551411103e-06,2.0900106542273176e-06,1.2817687253770187e-06,1e-05,0.0,7.4,4.88,760000.0,85000000.0,2370000000.0,1e-08,20.0,analytic Riccati radical-pool solution plus integrating-factor adaptive quadrature for H2O2,241,"[""fixed pH"", ""rapid HO2/O2-minus acid-base equilibrium"", ""constant SOD concentration"", ""constant elementary rate coefficients"", ""single-pulse radical decay with no continuous source"", ""first-order H2O2 loss when enabled""]",True,illustrative single-pulse molar concentration,M except time_s and rate fields,"Fixed pH, rapid equilibrium, constant SOD and rates, single pulse; not continuously driven cellular ROS.",1d8208b504af787754e184f77640f85675b5b634,01e64b526ae9ed2d5f192ae14068302e806c1e8b44576f4b4eb4b5f83a8e8039,configs/doxorubicin_parameters.json,b14b641f69afb70af9ff7557a062c2ce00e0b0cb74381ba69fcfaad4f17f04af,configs/parameter_provenance.csv,86c4261fcb9616a643db79340fe0b7398ba10a5c46464e67e8b697bcfc3a4ec9
sod_plus_h2o2_loss,SOD + H2O2 loss,0.0425,1e-05,3.2223177406257355e-06,9.701944600198e-09,3.2126157960255373e-06,2.089656991526846e-06,1.2991841381602866e-06,1e-05,0.0,7.4,4.88,760000.0,85000000.0,2370000000.0,1e-08,20.0,analytic Riccati radical-pool solution plus integrating-factor adaptive quadrature for H2O2,241,"[""fixed pH"", ""rapid HO2/O2-minus acid-base equilibrium"", ""constant SOD concentration"", ""constant elementary rate coefficients"", ""single-pulse radical decay with no continuous source"", ""first-order H2O2 loss when enabled""]",True,illustrative single-pulse molar concentration,M except time_s and rate fields,"Fixed pH, rapid equilibrium, constant SOD and rates, single pulse; not continuously driven cellular ROS.",1d8208b504af787754e184f77640f85675b5b634,01e64b526ae9ed2d5f192ae14068302e806c1e8b44576f4b4eb4b5f83a8e8039,configs/doxorubicin_parameters.json,b14b641f69afb70af9ff7557a062c2ce00e0b0cb74381ba69fcfaad4f17f04af,configs/parameter_provenance.csv,86c4261fcb9616a643db79340fe0b7398ba10a5c46464e67e8b697bcfc3a4ec9
sod_plus_h2o2_loss,SOD + H2O2 loss,0.04291666666666667,1e-05,3.1885748190002855e-06,9.600349418527501e-09,3.178974469581758e-06,2.0891167668189213e-06,1.3165958236809362e-06,9.999999999999999e-06,1.6940658945086007e-21,7.4,4.88,760000.0,85000000.0,2370000000.0,1e-08,20.0,analytic Riccati radical-pool solution plus integrating-factor adaptive quadrature for H2O2,241,"[""fixed pH"", ""rapid HO2/O2-minus acid-base equilibrium"", ""constant SOD concentration"", ""constant elementary rate coefficients"", ""single-pulse radical decay with no continuous source"", ""first-order H2O2 loss when enabled""]",True,illustrative single-pulse molar concentration,M except time_s and rate fields,"Fixed pH, rapid equilibrium, constant SOD and rates, single pulse; not continuously driven cellular ROS.",1d8208b504af787754e184f77640f85675b5b634,01e64b526ae9ed2d5f192ae14068302e806c1e8b44576f4b4eb4b5f83a8e8039,configs/doxorubicin_parameters.json,b14b641f69afb70af9ff7557a062c2ce00e0b0cb74381ba69fcfaad4f17f04af,configs/parameter_provenance.csv,86c4261fcb9616a643db79340fe0b7398ba10a5c46464e67e8b697bcfc3a4ec9
sod_plus_h2o2_loss,SOD + H2O2 loss,0.043333333333333335,1e-05,3.15520775251682e-06,9.499885883720769e-09,3.1457078666330993e-06,2.088393880189056e-06,1.334002243552534e-06,1e-05,0.0,7.4,4.88,760000.0,85000000.0,2370000000.0,1e-08,20.0,analytic Riccati radical-pool solution plus integrating-factor adaptive quadrature for H2O2,241,"[""fixed pH"", ""rapid HO2/O2-minus acid-base equilibrium"", ""constant SOD concentration"", ""constant elementary rate coefficients"", ""single-pulse radical decay with no continuous source"", ""first-order H2O2 loss when enabled""]",True,illustrative single-pulse molar concentration,M except time_s and rate fields,"Fixed pH, rapid equilibrium, constant SOD and rates, single pulse; not continuously driven cellular ROS.",1d8208b504af787754e184f77640f85675b5b634,01e64b526ae9ed2d5f192ae14068302e806c1e8b44576f4b4eb4b5f83a8e8039,configs/doxorubicin_parameters.json,b14b641f69afb70af9ff7557a062c2ce00e0b0cb74381ba69fcfaad4f17f04af,configs/parameter_provenance.csv,86c4261fcb9616a643db79340fe0b7398ba10a5c46464e67e8b697bcfc3a4ec9
sod_plus_h2o2_loss,SOD + H2O2 loss,0.043750000000000004,1e-05,3.122211886391329e-06,9.40053998087914e-09,3.1128113464104497e-06,2.0874921651929903e-06,1.3514018916113457e-06,1e-05,0.0,7.4,4.88,760000.0,85000000.0,2370000000.0,1e-08,20.0,analytic Riccati radical-pool solution plus integrating-factor adaptive quadrature for H2O2,241,"[""fixed pH"", ""rapid HO2/O2-minus acid-base equilibrium"", ""constant SOD concentration"", ""constant elementary rate coefficients"", ""single-pulse radical decay with no continuous source"", ""first-order H2O2 loss when enabled""]",True,illustrative single-pulse molar concentration,M except time_s and rate fields,"Fixed pH, rapid equilibrium, constant SOD and rates, single pulse; not continuously driven cellular ROS.",1d8208b504af787754e184f77640f85675b5b634,01e64b526ae9ed2d5f192ae14068302e806c1e8b44576f4b4eb4b5f83a8e8039,configs/doxorubicin_parameters.json,b14b641f69afb70af9ff7557a062c2ce00e0b0cb74381ba69fcfaad4f17f04af,configs/parameter_provenance.csv,86c4261fcb9616a643db79340fe0b7398ba10a5c46464e67e8b697bcfc3a4ec9
sod_plus_h2o2_loss,SOD + H2O2 loss,0.04416666666666667,1e-05,3.08958263325038e-06,9.3022978980677e-09,3.0802803353523122e-06,2.0864153900080796e-06,1.3687932933667306e-06,9.999999999999999e-06,1.6940658945086007e-21,7.4,4.88,760000.0,85000000.0,2370000000.0,1e-08,20.0,analytic Riccati radical-pool solution plus integrating-factor adaptive quadrature for H2O2,241,"[""fixed pH"", ""rapid HO2/O2-minus acid-base equilibrium"", ""constant SOD concentration"", ""constant elementary rate coefficients"", ""single-pulse radical decay with no continuous source"", ""first-order H2O2 loss when enabled""]",True,illustrative single-pulse molar concentration,M except time_s and rate fields,"Fixed pH, rapid equilibrium, constant SOD and rates, single pulse; not continuously driven cellular ROS.",1d8208b504af787754e184f77640f85675b5b634,01e64b526ae9ed2d5f192ae14068302e806c1e8b44576f4b4eb4b5f83a8e8039,configs/doxorubicin_parameters.json,b14b641f69afb70af9ff7557a062c2ce00e0b0cb74381ba69fcfaad4f17f04af,configs/parameter_provenance.csv,86c4261fcb9616a643db79340fe0b7398ba10a5c46464e67e8b697bcfc3a4ec9
sod_plus_h2o2_loss,SOD + H2O2 loss,0.044583333333333336,1e-05,3.0573154719529195e-06,9.205146022767897e-09,3.0481103259301516e-06,2.0851672585624934e-06,1.3861750054610475e-06,1.0000000000000003e-05,1.6940658945086007e-21,7.4,4.88,760000.0,85000000.0,2370000000.0,1e-08,20.0,analytic Riccati radical-pool solution plus integrating-factor adaptive quadrature for H2O2,241,"[""fixed pH"", ""rapid HO2/O2-minus acid-base equilibrium"", ""constant SOD concentration"", ""constant elementary rate coefficients"", ""single-pulse radical decay with no continuous source"", ""first-order H2O2 loss when enabled""]",True,illustrative single-pulse molar concentration,M except time_s and rate fields,"Fixed pH, rapid equilibrium, constant SOD and rates, single pulse; not continuously driven cellular ROS.",1d8208b504af787754e184f77640f85675b5b634,01e64b526ae9ed2d5f192ae14068302e806c1e8b44576f4b4eb4b5f83a8e8039,configs/doxorubicin_parameters.json,b14b641f69afb70af9ff7557a062c2ce00e0b0cb74381ba69fcfaad4f17f04af,configs/parameter_provenance.csv,86c4261fcb9616a643db79340fe0b7398ba10a5c46464e67e8b697bcfc3a4ec9
sod_plus_h2o2_loss,SOD + H2O2 loss,0.045000000000000005,1e-05,3.0254059464368213e-06,9.109070938404654e-09,3.0162968754984167e-06,2.083751411642722e-06,1.4035456151388678e-06,1e-05,0.0,7.4,4.88,760000.0,85000000.0,2370000000.0,1e-08,20.0,analytic Riccati radical-pool solution plus integrating-factor adaptive quadrature for H2O2,241,"[""fixed pH"", ""rapid HO2/O2-minus acid-base equilibrium"", ""constant SOD concentration"", ""constant elementary rate coefficients"", ""single-pulse radical decay with no continuous source"", ""first-order H2O2 loss when enabled""]",True,illustrative single-pulse molar concentration,M except time_s and rate fields,"Fixed pH, rapid equilibrium, constant SOD and rates, single pulse; not continuously driven cellular ROS.",1d8208b504af787754e184f77640f85675b5b634,01e64b526ae9ed2d5f192ae14068302e806c1e8b44576f4b4eb4b5f83a8e8039,configs/doxorubicin_parameters.json,b14b641f69afb70af9ff7557a062c2ce00e0b0cb74381ba69fcfaad4f17f04af,configs/parameter_provenance.csv,86c4261fcb9616a643db79340fe0b7398ba10a5c46464e67e8b697bcfc3a4ec9
sod_plus_h2o2_loss,SOD + H2O2 loss,0.04541666666666667,1e-05,2.993849664589578e-06,9.014059420946188e-09,2.9848356051686316e-06,2.0821714279798697e-06,1.4209037397253418e-06,1e-05,0.0,7.4,4.88,760000.0,85000000.0,2370000000.0,1e-08,20.0,analytic Riccati radical-pool solution plus integrating-factor adaptive quadrature for H2O2,241,"[""fixed pH"", ""rapid HO2/O2-minus acid-base equilibrium"", ""constant SOD concentration"", ""constant elementary rate coefficients"", ""single-pulse radical decay with no continuous source"", ""first-order H2O2 loss when enabled""]",True,illustrative single-pulse molar concentration,M except time_s and rate fields,"Fixed pH, rapid equilibrium, constant SOD and rates, single pulse; not continuously driven cellular ROS.",1d8208b504af787754e184f77640f85675b5b634,01e64b526ae9ed2d5f192ae14068302e806c1e8b44576f4b4eb4b5f83a8e8039,configs/doxorubicin_parameters.json,b14b641f69afb70af9ff7557a062c2ce00e0b0cb74381ba69fcfaad4f17f04af,configs/parameter_provenance.csv,86c4261fcb9616a643db79340fe0b7398ba10a5c46464e67e8b697bcfc3a4ec9
sod_plus_h2o2_loss,SOD + H2O2 loss,0.04583333333333334,1e-05,2.9626422971425385e-06,8.920098435574707e-09,2.953722198706964e-06,2.0804308253152097e-06,1.4382480261135215e-06,1e-05,0.0,7.4,4.88,760000.0,85000000.0,2370000000.0,1e-08,20.0,analytic Riccati radical-pool solution plus integrating-factor adaptive quadrature for H2O2,241,"[""fixed pH"", ""rapid HO2/O2-minus acid-base equilibrium"", ""constant SOD concentration"", ""constant elementary rate coefficients"", ""single-pulse radical decay with no continuous source"", ""first-order H2O2 loss when enabled""]",True,illustrative single-pulse molar concentration,M except time_s and rate fields,"Fixed pH, rapid equilibrium, constant SOD and rates, single pulse; not continuously driven cellular ROS.",1d8208b504af787754e184f77640f85675b5b634,01e64b526ae9ed2d5f192ae14068302e806c1e8b44576f4b4eb4b5f83a8e8039,configs/doxorubicin_parameters.json,b14b641f69afb70af9ff7557a062c2ce00e0b0cb74381ba69fcfaad4f17f04af,configs/parameter_provenance.csv,86c4261fcb9616a643db79340fe0b7398ba10a5c46464e67e8b697bcfc3a4ec9
sod_plus_h2o2_loss,SOD + H2O2 loss,0.046250000000000006,1e-05,2.9317795765881217e-06,8.827175133426297e-09,2.9229524014546956e-06,2.0785330614454585e-06,1.4555771502604813e-06,1.0000000000000003e-05,1.6940658945086007e-21,7.4,4.88,760000.0,85000000.0,2370000000.0,1e-08,20.0,analytic Riccati radical-pool solution plus integrating-factor adaptive quadrature for H2O2,241,"[""fixed pH"", ""rapid HO2/O2-minus acid-base equilibrium"", ""constant SOD concentration"", ""constant elementary rate coefficients"", ""single-pulse radical decay with no continuous source"", ""first-order H2O2 loss when enabled""]",True,illustrative single-pulse molar concentration,M except time_s and rate fields,"Fixed pH, rapid equilibrium, constant SOD and rates, single pulse; not continuously driven cellular ROS.",1d8208b504af787754e184f77640f85675b5b634,01e64b526ae9ed2d5f192ae14068302e806c1e8b44576f4b4eb4b5f83a8e8039,configs/doxorubicin_parameters.json,b14b641f69afb70af9ff7557a062c2ce00e0b0cb74381ba69fcfaad4f17f04af,configs/parameter_provenance.csv,86c4261fcb9616a643db79340fe0b7398ba10a5c46464e67e8b697bcfc3a4ec9
sod_plus_h2o2_loss,SOD + H2O2 loss,0.04666666666666667,1e-05,2.901257296119439e-06,8.735276848398279e-09,2.8925220192710406e-06,2.0764815352482158e-06,1.4728898166920651e-06,1e-05,0.0,7.4,4.88,760000.0,85000000.0,2370000000.0,1e-08,20.0,analytic Riccati radical-pool solution plus integrating-factor adaptive quadrature for H2O2,241,"[""fixed pH"", ""rapid HO2/O2-minus acid-base equilibrium"", ""constant SOD concentration"", ""constant elementary rate coefficients"", ""single-pulse radical decay with no continuous source"", ""first-order H2O2 loss when enabled""]",True,illustrative single-pulse molar concentration,M except time_s and rate fields,"Fixed pH, rapid equilibrium, constant SOD and rates, single pulse; not continuously driven cellular ROS.",1d8208b504af787754e184f77640f85675b5b634,01e64b526ae9ed2d5f192ae14068302e806c1e8b44576f4b4eb4b5f83a8e8039,configs/doxorubicin_parameters.json,b14b641f69afb70af9ff7557a062c2ce00e0b0cb74381ba69fcfaad4f17f04af,configs/parameter_provenance.csv,86c4261fcb9616a643db79340fe0b7398ba10a5c46464e67e8b697bcfc3a4ec9
sod_plus_h2o2_loss,SOD + H2O2 loss,0.04708333333333334,1e-05,2.8710713085917965e-06,8.644391094022429e-09,2.862426917497774e-06,2.0742795876879995e-06,1.4901847580161026e-06,1e-05,0.0,7.4,4.88,760000.0,85000000.0,2370000000.0,1e-08,20.0,analytic Riccati radical-pool solution plus integrating-factor adaptive quadrature for H2O2,241,"[""fixed pH"", ""rapid HO2/O2-minus acid-base equilibrium"", ""constant SOD concentration"", ""constant elementary rate coefficients"", ""single-pulse radical decay with no continuous source"", ""first-order H2O2 loss when enabled""]",True,illustrative single-pulse molar concentration,M except time_s and rate fields,"Fixed pH, rapid equilibrium, constant SOD and rates, single pulse; not continuously driven cellular ROS.",1d8208b504af787754e184f77640f85675b5b634,01e64b526ae9ed2d5f192ae14068302e806c1e8b44576f4b4eb4b5f83a8e8039,configs/doxorubicin_parameters.json,b14b641f69afb70af9ff7557a062c2ce00e0b0cb74381ba69fcfaad4f17f04af,configs/parameter_provenance.csv,86c4261fcb9616a643db79340fe0b7398ba10a5c46464e67e8b697bcfc3a4ec9
sod_plus_h2o2_loss,SOD + H2O2 loss,0.0475,1e-05,2.8412175255055338e-06,8.554505560402456e-09,2.8326630199451314e-06,2.0719305028033116e-06,1.507460734443922e-06,1e-05,0.0,7.4,4.88,760000.0,85000000.0,2370000000.0,1e-08,20.0,analytic Riccati radical-pool solution plus integrating-factor adaptive quadrature for H2O2,241,"[""fixed pH"", ""rapid HO2/O2-minus acid-base equilibrium"", ""constant SOD concentration"", ""constant elementary rate coefficients"", ""single-pulse radical decay with no continuous source"", ""first-order H2O2 loss when enabled""]",True,illustrative single-pulse molar concentration,M except time_s and rate fields,"Fixed pH, rapid equilibrium, constant SOD and rates, single pulse; not continuously driven cellular ROS.",1d8208b504af787754e184f77640f85675b5b634,01e64b526ae9ed2d5f192ae14068302e806c1e8b44576f4b4eb4b5f83a8e8039,configs/doxorubicin_parameters.json,b14b641f69afb70af9ff7557a062c2ce00e0b0cb74381ba69fcfaad4f17f04af,configs/parameter_provenance.csv,86c4261fcb9616a643db79340fe0b7398ba10a5c46464e67e8b697bcfc3a4ec9
sod_plus_h2o2_loss,SOD + H2O2 loss,0.04791666666666667,1e-05,2.8116919160096867e-06,8.46560811121417e-09,2.8032263078984723e-06,2.0694375086751384e-06,1.5247165333200185e-06,9.999999999999999e-06,1.6940658945086007e-21,7.4,4.88,760000.0,85000000.0,2370000000.0,1e-08,20.0,analytic Riccati radical-pool solution plus integrating-factor adaptive quadrature for H2O2,241,"[""fixed pH"", ""rapid HO2/O2-minus acid-base equilibrium"", ""constant SOD concentration"", ""constant elementary rate coefficients"", ""single-pulse radical decay with no continuous source"", ""first-order H2O2 loss when enabled""]",True,illustrative single-pulse molar concentration,M except time_s and rate fields,"Fixed pH, rapid equilibrium, constant SOD and rates, single pulse; not continuously driven cellular ROS.",1d8208b504af787754e184f77640f85675b5b634,01e64b526ae9ed2d5f192ae14068302e806c1e8b44576f4b4eb4b5f83a8e8039,configs/doxorubicin_parameters.json,b14b641f69afb70af9ff7557a062c2ce00e0b0cb74381ba69fcfaad4f17f04af,configs/parameter_provenance.csv,86c4261fcb9616a643db79340fe0b7398ba10a5c46464e67e8b697bcfc3a4ec9
sod_plus_h2o2_loss,SOD + H2O2 loss,0.04833333333333334,1e-05,2.782490505925998e-06,8.377686780766913e-09,2.774112819145231e-06,2.0668037783772916e-06,1.5419509686597097e-06,1e-05,0.0,7.4,4.88,760000.0,85000000.0,2370000000.0,1e-08,20.0,analytic Riccati radical-pool solution plus integrating-factor adaptive quadrature for H2O2,241,"[""fixed pH"", ""rapid HO2/O2-minus acid-base equilibrium"", ""constant SOD concentration"", ""constant elementary rate coefficients"", ""single-pulse radical decay with no continuous source"", ""first-order H2O2 loss when enabled""]",True,illustrative single-pulse molar concentration,M except time_s and rate fields,"Fixed pH, rapid equilibrium, constant SOD and rates, single pulse; not continuously driven cellular ROS.",1d8208b504af787754e184f77640f85675b5b634,01e64b526ae9ed2d5f192ae14068302e806c1e8b44576f4b4eb4b5f83a8e8039,configs/doxorubicin_parameters.json,b14b641f69afb70af9ff7557a062c2ce00e0b0cb74381ba69fcfaad4f17f04af,configs/parameter_provenance.csv,86c4261fcb9616a643db79340fe0b7398ba10a5c46464e67e8b697bcfc3a4ec9
sod_plus_h2o2_loss,SOD + H2O2 loss,0.04875,1e-05,2.7536093767927457e-06,8.290729771124666e-09,2.745318647021621e-06,2.0640324309089834e-06,1.5591628806946444e-06,1e-05,0.0,7.4,4.88,760000.0,85000000.0,2370000000.0,1e-08,20.0,analytic Riccati radical-pool solution plus integrating-factor adaptive quadrature for H2O2,241,"[""fixed pH"", ""rapid HO2/O2-minus acid-base equilibrium"", ""constant SOD concentration"", ""constant elementary rate coefficients"", ""single-pulse radical decay with no continuous source"", ""first-order H2O2 loss when enabled""]",True,illustrative single-pulse molar concentration,M except time_s and rate fields,"Fixed pH, rapid equilibrium, constant SOD and rates, single pulse; not continuously driven cellular ROS.",1d8208b504af787754e184f77640f85675b5b634,01e64b526ae9ed2d5f192ae14068302e806c1e8b44576f4b4eb4b5f83a8e8039,configs/doxorubicin_parameters.json,b14b641f69afb70af9ff7557a062c2ce00e0b0cb74381ba69fcfaad4f17f04af,configs/parameter_provenance.csv,86c4261fcb9616a643db79340fe0b7398ba10a5c46464e67e8b697bcfc3a4ec9
sod_plus_h2o2_loss,SOD + H2O2 loss,0.04916666666666667,1e-05,2.7250446649279652e-06,8.204725449285535e-09,2.7168399394786796e-06,2.0611265321100158e-06,1.5763511354260018e-06,1e-05,0.0,7.4,4.88,760000.0,85000000.0,2370000000.0,1e-08,20.0,analytic Riccati radical-pool solution plus integrating-factor adaptive quadrature for H2O2,241,"[""fixed pH"", ""rapid HO2/O2-minus acid-base equilibrium"", ""constant SOD concentration"", ""constant elementary rate coefficients"", ""single-pulse radical decay with no continuous source"", ""first-order H2O2 loss when enabled""]",True,illustrative single-pulse molar concentration,M except time_s and rate fields,"Fixed pH, rapid equilibrium, constant SOD and rates, single pulse; not continuously driven cellular ROS.",1d8208b504af787754e184f77640f85675b5b634,01e64b526ae9ed2d5f192ae14068302e806c1e8b44576f4b4eb4b5f83a8e8039,configs/doxorubicin_parameters.json,b14b641f69afb70af9ff7557a062c2ce00e0b0cb74381ba69fcfaad4f17f04af,configs/parameter_provenance.csv,86c4261fcb9616a643db79340fe0b7398ba10a5c46464e67e8b697bcfc3a4ec9
sod_plus_h2o2_loss,SOD + H2O2 loss,0.04958333333333333,1e-05,2.696792560511565e-06,8.119662344418137e-09,2.6886728981671466e-06,2.0580890955589615e-06,1.5935146241852565e-06,1e-05,0.0,7.4,4.88,760000.0,85000000.0,2370000000.0,1e-08,20.0,analytic Riccati radical-pool solution plus integrating-factor adaptive quadrature for H2O2,241,"[""fixed pH"", ""rapid HO2/O2-minus acid-base equilibrium"", ""constant SOD concentration"", ""constant elementary rate coefficients"", ""single-pulse radical decay with no continuous source"", ""first-order H2O2 loss when enabled""]",True,illustrative single-pulse molar concentration,M except time_s and rate fields,"Fixed pH, rapid equilibrium, constant SOD and rates, single pulse; not continuously driven cellular ROS.",1d8208b504af787754e184f77640f85675b5b634,01e64b526ae9ed2d5f192ae14068302e806c1e8b44576f4b4eb4b5f83a8e8039,configs/doxorubicin_parameters.json,b14b641f69afb70af9ff7557a062c2ce00e0b0cb74381ba69fcfaad4f17f04af,configs/parameter_provenance.csv,86c4261fcb9616a643db79340fe0b7398ba10a5c46464e67e8b697bcfc3a4ec9
sod_plus_h2o2_loss,SOD + H2O2 loss,0.05,1e-05,2.6688493066859126e-06,8.03552914515359e-09,2.660813777540759e-06,2.054923083454696e-06,1.610652263202348e-06,1e-05,0.0,7.4,4.88,760000.0,85000000.0,2370000000.0,1e-08,20.0,analytic Riccati radical-pool solution plus integrating-factor adaptive quadrature for H2O2,241,"[""fixed pH"", ""rapid HO2/O2-minus acid-base equilibrium"", ""constant SOD concentration"", ""constant elementary rate coefficients"", ""single-pulse radical decay with no continuous source"", ""first-order H2O2 loss when enabled""]",True,illustrative single-pulse molar concentration,M except time_s and rate fields,"Fixed pH, rapid equilibrium, constant SOD and rates, single pulse; not continuously driven cellular ROS.",1d8208b504af787754e184f77640f85675b5b634,01e64b526ae9ed2d5f192ae14068302e806c1e8b44576f4b4eb4b5f83a8e8039,configs/doxorubicin_parameters.json,b14b641f69afb70af9ff7557a062c2ce00e0b0cb74381ba69fcfaad4f17f04af,configs/parameter_provenance.csv,86c4261fcb9616a643db79340fe0b7398ba10a5c46464e67e8b697bcfc3a4ec9
sod_plus_h2o2_loss,SOD + H2O2 loss,0.05041666666666667,1e-05,2.641211198674453e-06,7.952314696931795e-09,2.6332588839775212e-06,2.051631407481642e-06,1.6277629931811319e-06,1e-05,0.0,7.4,4.88,760000.0,85000000.0,2370000000.0,1e-08,20.0,analytic Riccati radical-pool solution plus integrating-factor adaptive quadrature for H2O2,241,"[""fixed pH"", ""rapid HO2/O2-minus acid-base equilibrium"", ""constant SOD concentration"", ""constant elementary rate coefficients"", ""single-pulse radical decay with no continuous source"", ""first-order H2O2 loss when enabled""]",True,illustrative single-pulse molar concentration,M except time_s and rate fields,"Fixed pH, rapid equilibrium, constant SOD and rates, single pulse; not continuously driven cellular ROS.",1d8208b504af787754e184f77640f85675b5b634,01e64b526ae9ed2d5f192ae14068302e806c1e8b44576f4b4eb4b5f83a8e8039,configs/doxorubicin_parameters.json,b14b641f69afb70af9ff7557a062c2ce00e0b0cb74381ba69fcfaad4f17f04af,configs/parameter_provenance.csv,86c4261fcb9616a643db79340fe0b7398ba10a5c46464e67e8b697bcfc3a4ec9
sod_plus_h2o2_loss,SOD + H2O2 loss,0.050833333333333335,1e-05,2.6138745829179177e-06,7.870007999400687e-09,2.606004574918517e-06,2.048216929659061e-06,1.6448457788819804e-06,1e-05,0.0,7.4,4.88,760000.0,85000000.0,2370000000.0,1e-08,20.0,analytic Riccati radical-pool solution plus integrating-factor adaptive quadrature for H2O2,241,"[""fixed pH"", ""rapid HO2/O2-minus acid-base equilibrium"", ""constant SOD concentration"", ""constant elementary rate coefficients"", ""single-pulse radical decay with no continuous source"", ""first-order H2O2 loss when enabled""]",True,illustrative single-pulse molar concentration,M except time_s and rate fields,"Fixed pH, rapid equilibrium, constant SOD and rates, single pulse; not continuously driven cellular ROS.",1d8208b504af787754e184f77640f85675b5b634,01e64b526ae9ed2d5f192ae14068302e806c1e8b44576f4b4eb4b5f83a8e8039,configs/doxorubicin_parameters.json,b14b641f69afb70af9ff7557a062c2ce00e0b0cb74381ba69fcfaad4f17f04af,configs/parameter_provenance.csv,86c4261fcb9616a643db79340fe0b7398ba10a5c46464e67e8b697bcfc3a4ec9
sod_plus_h2o2_loss,SOD + H2O2 loss,0.051250000000000004,1e-05,2.586835856227738e-06,7.788598203867278e-09,2.5790472580238706e-06,2.044682463174742e-06,1.661899608711389e-06,9.999999999999999e-06,1.6940658945086007e-21,7.4,4.88,760000.0,85000000.0,2370000000.0,1e-08,20.0,analytic Riccati radical-pool solution plus integrating-factor adaptive quadrature for H2O2,241,"[""fixed pH"", ""rapid HO2/O2-minus acid-base equilibrium"", ""constant SOD concentration"", ""constant elementary rate coefficients"", ""single-pulse radical decay with no continuous source"", ""first-order H2O2 loss when enabled""]",True,illustrative single-pulse molar concentration,M except time_s and rate fields,"Fixed pH, rapid equilibrium, constant SOD and rates, single pulse; not continuously driven cellular ROS.",1d8208b504af787754e184f77640f85675b5b634,01e64b526ae9ed2d5f192ae14068302e806c1e8b44576f4b4eb4b5f83a8e8039,configs/doxorubicin_parameters.json,b14b641f69afb70af9ff7557a062c2ce00e0b0cb74381ba69fcfaad4f17f04af,configs/parameter_provenance.csv,86c4261fcb9616a643db79340fe0b7398ba10a5c46464e67e8b697bcfc3a4ec9
sod_plus_h2o2_loss,SOD + H2O2 loss,0.05166666666666667,1e-05,2.5600914649562437e-06,7.708074610799242e-09,2.5523833903454446e-06,2.0410307732034117e-06,1.6789234943184666e-06,1e-05,0.0,7.4,4.88,760000.0,85000000.0,2370000000.0,1e-08,20.0,analytic Riccati radical-pool solution plus integrating-factor adaptive quadrature for H2O2,241,"[""fixed pH"", ""rapid HO2/O2-minus acid-base equilibrium"", ""constant SOD concentration"", ""constant elementary rate coefficients"", ""single-pulse radical decay with no continuous source"", ""first-order H2O2 loss when enabled""]",True,illustrative single-pulse molar concentration,M except time_s and rate fields,"Fixed pH, rapid equilibrium, constant SOD and rates, single pulse; not continuously driven cellular ROS.",1d8208b504af787754e184f77640f85675b5b634,01e64b526ae9ed2d5f192ae14068302e806c1e8b44576f4b4eb4b5f83a8e8039,configs/doxorubicin_parameters.json,b14b641f69afb70af9ff7557a062c2ce00e0b0cb74381ba69fcfaad4f17f04af,configs/parameter_provenance.csv,86c4261fcb9616a643db79340fe0b7398ba10a5c46464e67e8b697bcfc3a4ec9
sod_plus_h2o2_loss,SOD + H2O2 loss,0.052083333333333336,1e-05,2.5336379041832632e-06,7.62842666737589e-09,2.526009477515887e-06,2.037264577710185e-06,1.6959164701981836e-06,1e-05,0.0,7.4,4.88,760000.0,85000000.0,2370000000.0,1e-08,20.0,analytic Riccati radical-pool solution plus integrating-factor adaptive quadrature for H2O2,241,"[""fixed pH"", ""rapid HO2/O2-minus acid-base equilibrium"", ""constant SOD concentration"", ""constant elementary rate coefficients"", ""single-pulse radical decay with no continuous source"", ""first-order H2O2 loss when enabled""]",True,illustrative single-pulse molar concentration,M except time_s and rate fields,"Fixed pH, rapid equilibrium, constant SOD and rates, single pulse; not continuously driven cellular ROS.",1d8208b504af787754e184f77640f85675b5b634,01e64b526ae9ed2d5f192ae14068302e806c1e8b44576f4b4eb4b5f83a8e8039,configs/doxorubicin_parameters.json,b14b641f69afb70af9ff7557a062c2ce00e0b0cb74381ba69fcfaad4f17f04af,configs/parameter_provenance.csv,86c4261fcb9616a643db79340fe0b7398ba10a5c46464e67e8b697bcfc3a4ec9
sod_plus_h2o2_loss,SOD + H2O2 loss,0.052500000000000005,1e-05,2.50747171691874e-06,7.549643965087345e-09,2.4999220729536524e-06,2.033386548239372e-06,1.7128775933012584e-06,1e-05,0.0,7.4,4.88,760000.0,85000000.0,2370000000.0,1e-08,20.0,analytic Riccati radical-pool solution plus integrating-factor adaptive quadrature for H2O2,241,"[""fixed pH"", ""rapid HO2/O2-minus acid-base equilibrium"", ""constant SOD concentration"", ""constant elementary rate coefficients"", ""single-pulse radical decay with no continuous source"", ""first-order H2O2 loss when enabled""]",True,illustrative single-pulse molar concentration,M except time_s and rate fields,"Fixed pH, rapid equilibrium, constant SOD and rates, single pulse; not continuously driven cellular ROS.",1d8208b504af787754e184f77640f85675b5b634,01e64b526ae9ed2d5f192ae14068302e806c1e8b44576f4b4eb4b5f83a8e8039,configs/doxorubicin_parameters.json,b14b641f69afb70af9ff7557a062c2ce00e0b0cb74381ba69fcfaad4f17f04af,configs/parameter_provenance.csv,86c4261fcb9616a643db79340fe0b7398ba10a5c46464e67e8b697bcfc3a4ec9
sod_plus_h2o2_loss,SOD + H2O2 loss,0.05291666666666667,1e-05,2.481589493321003e-06,7.471716237380884e-09,2.4741177770836222e-06,2.0293993106889468e-06,1.7298059426505523e-06,1e-05,0.0,7.4,4.88,760000.0,85000000.0,2370000000.0,1e-08,20.0,analytic Riccati radical-pool solution plus integrating-factor adaptive quadrature for H2O2,241,"[""fixed pH"", ""rapid HO2/O2-minus acid-base equilibrium"", ""constant SOD concentration"", ""constant elementary rate coefficients"", ""single-pulse radical decay with no continuous source"", ""first-order H2O2 loss when enabled""]",True,illustrative single-pulse molar concentration,M except time_s and rate fields,"Fixed pH, rapid equilibrium, constant SOD and rates, single pulse; not continuously driven cellular ROS.",1d8208b504af787754e184f77640f85675b5b634,01e64b526ae9ed2d5f192ae14068302e806c1e8b44576f4b4eb4b5f83a8e8039,configs/doxorubicin_parameters.json,b14b641f69afb70af9ff7557a062c2ce00e0b0cb74381ba69fcfaad4f17f04af,configs/parameter_provenance.csv,86c4261fcb9616a643db79340fe0b7398ba10a5c46464e67e8b697bcfc3a4ec9
sod_plus_h2o2_loss,SOD + H2O2 loss,0.05333333333333334,1e-05,2.4559878699303236e-06,7.394633357353271e-09,2.44859323657297e-06,2.0253054460709762e-06,1.7467006189638621e-06,9.999999999999999e-06,1.6940658945086007e-21,7.4,4.88,760000.0,85000000.0,2370000000.0,1e-08,20.0,analytic Riccati radical-pool solution plus integrating-factor adaptive quadrature for H2O2,241,"[""fixed pH"", ""rapid HO2/O2-minus acid-base equilibrium"", ""constant SOD concentration"", ""constant elementary rate coefficients"", ""single-pulse radical decay with no continuous source"", ""first-order H2O2 loss when enabled""]",True,illustrative single-pulse molar concentration,M except time_s and rate fields,"Fixed pH, rapid equilibrium, constant SOD and rates, single pulse; not continuously driven cellular ROS.",1d8208b504af787754e184f77640f85675b5b634,01e64b526ae9ed2d5f192ae14068302e806c1e8b44576f4b4eb4b5f83a8e8039,configs/doxorubicin_parameters.json,b14b641f69afb70af9ff7557a062c2ce00e0b0cb74381ba69fcfaad4f17f04af,configs/parameter_provenance.csv,86c4261fcb9616a643db79340fe0b7398ba10a5c46464e67e8b697bcfc3a4ec9
sod_plus_h2o2_loss,SOD + H2O2 loss,0.053750000000000006,1e-05,2.430663528917415e-06,7.3183853354881e-09,2.423345143581927e-06,2.0211074912583016e-06,1.763560744282991e-06,9.999999999999999e-06,1.6940658945086007e-21,7.4,4.88,760000.0,85000000.0,2370000000.0,1e-08,20.0,analytic Riccati radical-pool solution plus integrating-factor adaptive quadrature for H2O2,241,"[""fixed pH"", ""rapid HO2/O2-minus acid-base equilibrium"", ""constant SOD concentration"", ""constant elementary rate coefficients"", ""single-pulse radical decay with no continuous source"", ""first-order H2O2 loss when enabled""]",True,illustrative single-pulse molar concentration,M except time_s and rate fields,"Fixed pH, rapid equilibrium, constant SOD and rates, single pulse; not continuously driven cellular ROS.",1d8208b504af787754e184f77640f85675b5b634,01e64b526ae9ed2d5f192ae14068302e806c1e8b44576f4b4eb4b5f83a8e8039,configs/doxorubicin_parameters.json,b14b641f69afb70af9ff7557a062c2ce00e0b0cb74381ba69fcfaad4f17f04af,configs/parameter_provenance.csv,86c4261fcb9616a643db79340fe0b7398ba10a5c46464e67e8b697bcfc3a4ec9
sod_plus_h2o2_loss,SOD + H2O2 loss,0.05416666666666667,1e-05,2.4056131973465214e-06,7.2429623174370594e-09,2.3983702350290845e-06,2.0168079397177533e-06,1.7803854616089862e-06,9.999999999999999e-06,1.6940658945086007e-21,7.4,4.88,760000.0,85000000.0,2370000000.0,1e-08,20.0,analytic Riccati radical-pool solution plus integrating-factor adaptive quadrature for H2O2,241,"[""fixed pH"", ""rapid HO2/O2-minus acid-base equilibrium"", ""constant SOD concentration"", ""constant elementary rate coefficients"", ""single-pulse radical decay with no continuous source"", ""first-order H2O2 loss when enabled""]",True,illustrative single-pulse molar concentration,M except time_s and rate fields,"Fixed pH, rapid equilibrium, constant SOD and rates, single pulse; not continuously driven cellular ROS.",1d8208b504af787754e184f77640f85675b5b634,01e64b526ae9ed2d5f192ae14068302e806c1e8b44576f4b4eb4b5f83a8e8039,configs/doxorubicin_parameters.json,b14b641f69afb70af9ff7557a062c2ce00e0b0cb74381ba69fcfaad4f17f04af,configs/parameter_provenance.csv,86c4261fcb9616a643db79340fe0b7398ba10a5c46464e67e8b697bcfc3a4ec9
sod_plus_h2o2_loss,SOD + H2O2 loss,0.05458333333333334,1e-05,2.380833646452777e-06,7.168354581844165e-09,2.3736652918709326e-06,2.0124092422301794e-06,1.7971739345434326e-06,1e-05,0.0,7.4,4.88,760000.0,85000000.0,2370000000.0,1e-08,20.0,analytic Riccati radical-pool solution plus integrating-factor adaptive quadrature for H2O2,241,"[""fixed pH"", ""rapid HO2/O2-minus acid-base equilibrium"", ""constant SOD concentration"", ""constant elementary rate coefficients"", ""single-pulse radical decay with no continuous source"", ""first-order H2O2 loss when enabled""]",True,illustrative single-pulse molar concentration,M except time_s and rate fields,"Fixed pH, rapid equilibrium, constant SOD and rates, single pulse; not continuously driven cellular ROS.",1d8208b504af787754e184f77640f85675b5b634,01e64b526ae9ed2d5f192ae14068302e806c1e8b44576f4b4eb4b5f83a8e8039,configs/doxorubicin_parameters.json,b14b641f69afb70af9ff7557a062c2ce00e0b0cb74381ba69fcfaad4f17f04af,configs/parameter_provenance.csv,86c4261fcb9616a643db79340fe0b7398ba10a5c46464e67e8b697bcfc3a4ec9
sod_plus_h2o2_loss,SOD + H2O2 loss,0.055,1e-05,2.356321690933508e-06,7.094552538211969e-09,2.349227138395296e-06,2.0079138075975594e-06,1.8139253469356867e-06,1e-05,0.0,7.4,4.88,760000.0,85000000.0,2370000000.0,1e-08,20.0,analytic Riccati radical-pool solution plus integrating-factor adaptive quadrature for H2O2,241,"[""fixed pH"", ""rapid HO2/O2-minus acid-base equilibrium"", ""constant SOD concentration"", ""constant elementary rate coefficients"", ""single-pulse radical decay with no continuous source"", ""first-order H2O2 loss when enabled""]",True,illustrative single-pulse molar concentration,M except time_s and rate fields,"Fixed pH, rapid equilibrium, constant SOD and rates, single pulse; not continuously driven cellular ROS.",1d8208b504af787754e184f77640f85675b5b634,01e64b526ae9ed2d5f192ae14068302e806c1e8b44576f4b4eb4b5f83a8e8039,configs/doxorubicin_parameters.json,b14b641f69afb70af9ff7557a062c2ce00e0b0cb74381ba69fcfaad4f17f04af,configs/parameter_provenance.csv,86c4261fcb9616a643db79340fe0b7398ba10a5c46464e67e8b697bcfc3a4ec9
sod_plus_h2o2_loss,SOD + H2O2 loss,0.05541666666666667,1e-05,2.3320741882531447e-06,7.021546724808739e-09,2.325052641528336e-06,2.003324003337464e-06,1.8306389025359637e-06,9.999999999999999e-06,1.6940658945086007e-21,7.4,4.88,760000.0,85000000.0,2370000000.0,1e-08,20.0,analytic Riccati radical-pool solution plus integrating-factor adaptive quadrature for H2O2,241,"[""fixed pH"", ""rapid HO2/O2-minus acid-base equilibrium"", ""constant SOD concentration"", ""constant elementary rate coefficients"", ""single-pulse radical decay with no continuous source"", ""first-order H2O2 loss when enabled""]",True,illustrative single-pulse molar concentration,M except time_s and rate fields,"Fixed pH, rapid equilibrium, constant SOD and rates, single pulse; not continuously driven cellular ROS.",1d8208b504af787754e184f77640f85675b5b634,01e64b526ae9ed2d5f192ae14068302e806c1e8b44576f4b4eb4b5f83a8e8039,configs/doxorubicin_parameters.json,b14b641f69afb70af9ff7557a062c2ce00e0b0cb74381ba69fcfaad4f17f04af,configs/parameter_provenance.csv,86c4261fcb9616a643db79340fe0b7398ba10a5c46464e67e8b697bcfc3a4ec9
sod_plus_h2o2_loss,SOD + H2O2 loss,0.05583333333333334,1e-05,2.3080880379614706e-06,6.949327806615819e-09,2.301138710154855e-06,1.998642156365123e-06,1.8473138246541422e-06,1.0000000000000003e-05,1.6940658945086007e-21,7.4,4.88,760000.0,85000000.0,2370000000.0,1e-08,20.0,analytic Riccati radical-pool solution plus integrating-factor adaptive quadrature for H2O2,241,"[""fixed pH"", ""rapid HO2/O2-minus acid-base equilibrium"", ""constant SOD concentration"", ""constant elementary rate coefficients"", ""single-pulse radical decay with no continuous source"", ""first-order H2O2 loss when enabled""]",True,illustrative single-pulse molar concentration,M except time_s and rate fields,"Fixed pH, rapid equilibrium, constant SOD and rates, single pulse; not continuously driven cellular ROS.",1d8208b504af787754e184f77640f85675b5b634,01e64b526ae9ed2d5f192ae14068302e806c1e8b44576f4b4eb4b5f83a8e8039,configs/doxorubicin_parameters.json,b14b641f69afb70af9ff7557a062c2ce00e0b0cb74381ba69fcfaad4f17f04af,configs/parameter_provenance.csv,86c4261fcb9616a643db79340fe0b7398ba10a5c46464e67e8b697bcfc3a4ec9
sod_plus_h2o2_loss,SOD + H2O2 loss,0.05625,1e-05,2.284360181024872e-06,6.877886573314102e-09,2.2774822944515577e-06,1.99387055366335e-06,1.8639493558242148e-06,1.0000000000000003e-05,1.6940658945086007e-21,7.4,4.88,760000.0,85000000.0,2370000000.0,1e-08,20.0,analytic Riccati radical-pool solution plus integrating-factor adaptive quadrature for H2O2,241,"[""fixed pH"", ""rapid HO2/O2-minus acid-base equilibrium"", ""constant SOD concentration"", ""constant elementary rate coefficients"", ""single-pulse radical decay with no continuous source"", ""first-order H2O2 loss when enabled""]",True,illustrative single-pulse molar concentration,M except time_s and rate fields,"Fixed pH, rapid equilibrium, constant SOD and rates, single pulse; not continuously driven cellular ROS.",1d8208b504af787754e184f77640f85675b5b634,01e64b526ae9ed2d5f192ae14068302e806c1e8b44576f4b4eb4b5f83a8e8039,configs/doxorubicin_parameters.json,b14b641f69afb70af9ff7557a062c2ce00e0b0cb74381ba69fcfaad4f17f04af,configs/parameter_provenance.csv,86c4261fcb9616a643db79340fe0b7398ba10a5c46464e67e8b697bcfc3a4ec9
sod_plus_h2o2_loss,SOD + H2O2 loss,0.05666666666666667,1e-05,2.260887599170318e-06,6.807213937308854e-09,2.254080385233009e-06,1.9890114429405697e-06,1.880544757474272e-06,1e-05,0.0,7.4,4.88,760000.0,85000000.0,2370000000.0,1e-08,20.0,analytic Riccati radical-pool solution plus integrating-factor adaptive quadrature for H2O2,241,"[""fixed pH"", ""rapid HO2/O2-minus acid-base equilibrium"", ""constant SOD concentration"", ""constant elementary rate coefficients"", ""single-pulse radical decay with no continuous source"", ""first-order H2O2 loss when enabled""]",True,illustrative single-pulse molar concentration,M except time_s and rate fields,"Fixed pH, rapid equilibrium, constant SOD and rates, single pulse; not continuously driven cellular ROS.",1d8208b504af787754e184f77640f85675b5b634,01e64b526ae9ed2d5f192ae14068302e806c1e8b44576f4b4eb4b5f83a8e8039,configs/doxorubicin_parameters.json,b14b641f69afb70af9ff7557a062c2ce00e0b0cb74381ba69fcfaad4f17f04af,configs/parameter_provenance.csv,86c4261fcb9616a643db79340fe0b7398ba10a5c46464e67e8b697bcfc3a4ec9
sod_plus_h2o2_loss,SOD + H2O2 loss,0.05708333333333334,1e-05,2.2376673142417928e-06,6.737300931792019e-09,2.2309300133100005e-06,1.984067033277196e-06,1.8970993096019083e-06,1.0000000000000003e-05,1.6940658945086007e-21,7.4,4.88,760000.0,85000000.0,2370000000.0,1e-08,20.0,analytic Riccati radical-pool solution plus integrating-factor adaptive quadrature for H2O2,241,"[""fixed pH"", ""rapid HO2/O2-minus acid-base equilibrium"", ""constant SOD concentration"", ""constant elementary rate coefficients"", ""single-pulse radical decay with no continuous source"", ""first-order H2O2 loss when enabled""]",True,illustrative single-pulse molar concentration,M except time_s and rate fields,"Fixed pH, rapid equilibrium, constant SOD and rates, single pulse; not continuously driven cellular ROS.",1d8208b504af787754e184f77640f85675b5b634,01e64b526ae9ed2d5f192ae14068302e806c1e8b44576f4b4eb4b5f83a8e8039,configs/doxorubicin_parameters.json,b14b641f69afb70af9ff7557a062c2ce00e0b0cb74381ba69fcfaad4f17f04af,configs/parameter_provenance.csv,86c4261fcb9616a643db79340fe0b7398ba10a5c46464e67e8b697bcfc3a4ec9
sod_plus_h2o2_loss,SOD + H2O2 loss,0.0575,1e-05,2.2146963875688735e-06,6.668138708841095e-09,2.2080282488600326e-06,1.979039495760582e-06,1.913612310454982e-06,1e-05,0.0,7.4,4.88,760000.0,85000000.0,2370000000.0,1e-08,20.0,analytic Riccati radical-pool solution plus integrating-factor adaptive quadrature for H2O2,241,"[""fixed pH"", ""rapid HO2/O2-minus acid-base equilibrium"", ""constant SOD concentration"", ""constant elementary rate coefficients"", ""single-pulse radical decay with no continuous source"", ""first-order H2O2 loss when enabled""]",True,illustrative single-pulse molar concentration,M except time_s and rate fields,"Fixed pH, rapid equilibrium, constant SOD and rates, single pulse; not continuously driven cellular ROS.",1d8208b504af787754e184f77640f85675b5b634,01e64b526ae9ed2d5f192ae14068302e806c1e8b44576f4b4eb4b5f83a8e8039,configs/doxorubicin_parameters.json,b14b641f69afb70af9ff7557a062c2ce00e0b0cb74381ba69fcfaad4f17f04af,configs/parameter_provenance.csv,86c4261fcb9616a643db79340fe0b7398ba10a5c46464e67e8b697bcfc3a4ec9
sod_plus_h2o2_loss,SOD + H2O2 loss,0.05791666666666667,1e-05,2.1919719193472113e-06,6.599718537553855e-09,2.1853722008096574e-06,1.9739309641087827e-06,1.9300830762176125e-06,1.0000000000000003e-05,1.6940658945086007e-21,7.4,4.88,760000.0,85000000.0,2370000000.0,1e-08,20.0,analytic Riccati radical-pool solution plus integrating-factor adaptive quadrature for H2O2,241,"[""fixed pH"", ""rapid HO2/O2-minus acid-base equilibrium"", ""constant SOD concentration"", ""constant elementary rate coefficients"", ""single-pulse radical decay with no continuous source"", ""first-order H2O2 loss when enabled""]",True,illustrative single-pulse molar concentration,M except time_s and rate fields,"Fixed pH, rapid equilibrium, constant SOD and rates, single pulse; not continuously driven cellular ROS.",1d8208b504af787754e184f77640f85675b5b634,01e64b526ae9ed2d5f192ae14068302e806c1e8b44576f4b4eb4b5f83a8e8039,configs/doxorubicin_parameters.json,b14b641f69afb70af9ff7557a062c2ce00e0b0cb74381ba69fcfaad4f17f04af,configs/parameter_provenance.csv,86c4261fcb9616a643db79340fe0b7398ba10a5c46464e67e8b697bcfc3a4ec9
sod_plus_h2o2_loss,SOD + H2O2 loss,0.058333333333333334,1e-05,2.1694910480306464e-06,6.5320318022180836e-09,2.162959016228428e-06,1.9687435352833503e-06,1.946510940701327e-06,1e-05,0.0,7.4,4.88,760000.0,85000000.0,2370000000.0,1e-08,20.0,analytic Riccati radical-pool solution plus integrating-factor adaptive quadrature for H2O2,241,"[""fixed pH"", ""rapid HO2/O2-minus acid-base equilibrium"", ""constant SOD concentration"", ""constant elementary rate coefficients"", ""single-pulse radical decay with no continuous source"", ""first-order H2O2 loss when enabled""]",True,illustrative single-pulse molar concentration,M except time_s and rate fields,"Fixed pH, rapid equilibrium, constant SOD and rates, single pulse; not continuously driven cellular ROS.",1d8208b504af787754e184f77640f85675b5b634,01e64b526ae9ed2d5f192ae14068302e806c1e8b44576f4b4eb4b5f83a8e8039,configs/doxorubicin_parameters.json,b14b641f69afb70af9ff7557a062c2ce00e0b0cb74381ba69fcfaad4f17f04af,configs/parameter_provenance.csv,86c4261fcb9616a643db79340fe0b7398ba10a5c46464e67e8b697bcfc3a4ec9
sod_plus_h2o2_loss,SOD + H2O2 loss,0.058750000000000004,1e-05,2.147250949734694e-06,6.4650700005155654e-09,2.1407858797341785e-06,1.9634792700913774e-06,1.9628952550412765e-06,1.0000000000000003e-05,1.6940658945086007e-21,7.4,4.88,760000.0,85000000.0,2370000000.0,1e-08,20.0,analytic Riccati radical-pool solution plus integrating-factor adaptive quadrature for H2O2,241,"[""fixed pH"", ""rapid HO2/O2-minus acid-base equilibrium"", ""constant SOD concentration"", ""constant elementary rate coefficients"", ""single-pulse radical decay with no continuous source"", ""first-order H2O2 loss when enabled""]",True,illustrative single-pulse molar concentration,M except time_s and rate fields,"Fixed pH, rapid equilibrium, constant SOD and rates, single pulse; not continuously driven cellular ROS.",1d8208b504af787754e184f77640f85675b5b634,01e64b526ae9ed2d5f192ae14068302e806c1e8b44576f4b4eb4b5f83a8e8039,configs/doxorubicin_parameters.json,b14b641f69afb70af9ff7557a062c2ce00e0b0cb74381ba69fcfaad4f17f04af,configs/parameter_provenance.csv,86c4261fcb9616a643db79340fe0b7398ba10a5c46464e67e8b697bcfc3a4ec9
sod_plus_h2o2_loss,SOD + H2O2 loss,0.05916666666666667,1e-05,2.125248837651151e-06,6.398824741759541e-09,2.1188500129093916e-06,1.958140193777009e-06,1.979235387397416e-06,1.0000000000000003e-05,1.6940658945086007e-21,7.4,4.88,760000.0,85000000.0,2370000000.0,1e-08,20.0,analytic Riccati radical-pool solution plus integrating-factor adaptive quadrature for H2O2,241,"[""fixed pH"", ""rapid HO2/O2-minus acid-base equilibrium"", ""constant SOD concentration"", ""constant elementary rate coefficients"", ""single-pulse radical decay with no continuous source"", ""first-order H2O2 loss when enabled""]",True,illustrative single-pulse molar concentration,M except time_s and rate fields,"Fixed pH, rapid equilibrium, constant SOD and rates, single pulse; not continuously driven cellular ROS.",1d8208b504af787754e184f77640f85675b5b634,01e64b526ae9ed2d5f192ae14068302e806c1e8b44576f4b4eb4b5f83a8e8039,configs/doxorubicin_parameters.json,b14b641f69afb70af9ff7557a062c2ce00e0b0cb74381ba69fcfaad4f17f04af,configs/parameter_provenance.csv,86c4261fcb9616a643db79340fe0b7398ba10a5c46464e67e8b697bcfc3a4ec9
sod_plus_h2o2_loss,SOD + H2O2 loss,0.059583333333333335,1e-05,2.1034819614735888e-06,6.333287745164949e-09,2.097148673728424e-06,1.9527282966026268e-06,1.995530722660579e-06,1e-05,0.0,7.4,4.88,760000.0,85000000.0,2370000000.0,1e-08,20.0,analytic Riccati radical-pool solution plus integrating-factor adaptive quadrature for H2O2,241,"[""fixed pH"", ""rapid HO2/O2-minus acid-base equilibrium"", ""constant SOD concentration"", ""constant elementary rate coefficients"", ""single-pulse radical decay with no continuous source"", ""first-order H2O2 loss when enabled""]",True,illustrative single-pulse molar concentration,M except time_s and rate fields,"Fixed pH, rapid equilibrium, constant SOD and rates, single pulse; not continuously driven cellular ROS.",1d8208b504af787754e184f77640f85675b5b634,01e64b526ae9ed2d5f192ae14068302e806c1e8b44576f4b4eb4b5f83a8e8039,configs/doxorubicin_parameters.json,b14b641f69afb70af9ff7557a062c2ce00e0b0cb74381ba69fcfaad4f17f04af,configs/parameter_provenance.csv,86c4261fcb9616a643db79340fe0b7398ba10a5c46464e67e8b697bcfc3a4ec9
sod_plus_h2o2_loss,SOD + H2O2 loss,0.060000000000000005,1e-05,2.081947606833487e-06,6.26845083815071e-09,2.075679155995336e-06,1.9472455344199085e-06,2.0117806621633485e-06,1e-05,0.0,7.4,4.88,760000.0,85000000.0,2370000000.0,1e-08,20.0,analytic Riccati radical-pool solution plus integrating-factor adaptive quadrature for H2O2,241,"[""fixed pH"", ""rapid HO2/O2-minus acid-base equilibrium"", ""constant SOD concentration"", ""constant elementary rate coefficients"", ""single-pulse radical decay with no continuous source"", ""first-order H2O2 loss when enabled""]",True,illustrative single-pulse molar concentration,M except time_s and rate fields,"Fixed pH, rapid equilibrium, constant SOD and rates, single pulse; not continuously driven cellular ROS.",1d8208b504af787754e184f77640f85675b5b634,01e64b526ae9ed2d5f192ae14068302e806c1e8b44576f4b4eb4b5f83a8e8039,configs/doxorubicin_parameters.json,b14b641f69afb70af9ff7557a062c2ce00e0b0cb74381ba69fcfaad4f17f04af,configs/parameter_provenance.csv,86c4261fcb9616a643db79340fe0b7398ba10a5c46464e67e8b697bcfc3a4ec9
sod_plus_h2o2_loss,SOD + H2O2 loss,0.06041666666666667,1e-05,2.0606430947467744e-06,6.204305954673329e-09,2.054438788792101e-06,1.9416938292309697e-06,2.0279846233956437e-06,1e-05,0.0,7.4,4.88,760000.0,85000000.0,2370000000.0,1e-08,20.0,analytic Riccati radical-pool solution plus integrating-factor adaptive quadrature for H2O2,241,"[""fixed pH"", ""rapid HO2/O2-minus acid-base equilibrium"", ""constant SOD concentration"", ""constant elementary rate coefficients"", ""single-pulse radical decay with no continuous source"", ""first-order H2O2 loss when enabled""]",True,illustrative single-pulse molar concentration,M except time_s and rate fields,"Fixed pH, rapid equilibrium, constant SOD and rates, single pulse; not continuously driven cellular ROS.",1d8208b504af787754e184f77640f85675b5b634,01e64b526ae9ed2d5f192ae14068302e806c1e8b44576f4b4eb4b5f83a8e8039,configs/doxorubicin_parameters.json,b14b641f69afb70af9ff7557a062c2ce00e0b0cb74381ba69fcfaad4f17f04af,configs/parameter_provenance.csv,86c4261fcb9616a643db79340fe0b7398ba10a5c46464e67e8b697bcfc3a4ec9
sod_plus_h2o2_loss,SOD + H2O2 loss,0.060833333333333336,1e-05,2.039565781070564e-06,6.14084513359121e-09,2.033424935936973e-06,1.9360750697397715e-06,2.044142039724947e-06,1e-05,0.0,7.4,4.88,760000.0,85000000.0,2370000000.0,1e-08,20.0,analytic Riccati radical-pool solution plus integrating-factor adaptive quadrature for H2O2,241,"[""fixed pH"", ""rapid HO2/O2-minus acid-base equilibrium"", ""constant SOD concentration"", ""constant elementary rate coefficients"", ""single-pulse radical decay with no continuous source"", ""first-order H2O2 loss when enabled""]",True,illustrative single-pulse molar concentration,M except time_s and rate fields,"Fixed pH, rapid equilibrium, constant SOD and rates, single pulse; not continuously driven cellular ROS.",1d8208b504af787754e184f77640f85675b5b634,01e64b526ae9ed2d5f192ae14068302e806c1e8b44576f4b4eb4b5f83a8e8039,configs/doxorubicin_parameters.json,b14b641f69afb70af9ff7557a062c2ce00e0b0cb74381ba69fcfaad4f17f04af,configs/parameter_provenance.csv,86c4261fcb9616a643db79340fe0b7398ba10a5c46464e67e8b697bcfc3a4ec9
sod_plus_h2o2_loss,SOD + H2O2 loss,0.061250000000000006,1e-05,2.018713055969842e-06,6.078060517058926e-09,2.012634995452783e-06,1.9303911118939965e-06,2.060252360121083e-06,1e-05,0.0,7.4,4.88,760000.0,85000000.0,2370000000.0,1e-08,20.0,analytic Riccati radical-pool solution plus integrating-factor adaptive quadrature for H2O2,241,"[""fixed pH"", ""rapid HO2/O2-minus acid-base equilibrium"", ""constant SOD concentration"", ""constant elementary rate coefficients"", ""single-pulse radical decay with no continuous source"", ""first-order H2O2 loss when enabled""]",True,illustrative single-pulse molar concentration,M except time_s and rate fields,"Fixed pH, rapid equilibrium, constant SOD and rates, single pulse; not continuously driven cellular ROS.",1d8208b504af787754e184f77640f85675b5b634,01e64b526ae9ed2d5f192ae14068302e806c1e8b44576f4b4eb4b5f83a8e8039,configs/doxorubicin_parameters.json,b14b641f69afb70af9ff7557a062c2ce00e0b0cb74381ba69fcfaad4f17f04af,configs/parameter_provenance.csv,86c4261fcb9616a643db79340fe0b7398ba10a5c46464e67e8b697bcfc3a4ec9
sod_plus_h2o2_loss,SOD + H2O2 loss,0.06166666666666667,1e-05,1.9980823433939156e-06,6.0159443489508806e-09,1.992066399044965e-06,1.924643779417568e-06,2.0763150488854746e-06,1e-05,0.0,7.4,4.88,760000.0,85000000.0,2370000000.0,1e-08,20.0,analytic Riccati radical-pool solution plus integrating-factor adaptive quadrature for H2O2,241,"[""fixed pH"", ""rapid HO2/O2-minus acid-base equilibrium"", ""constant SOD concentration"", ""constant elementary rate coefficients"", ""single-pulse radical decay with no continuous source"", ""first-order H2O2 loss when enabled""]",True,illustrative single-pulse molar concentration,M except time_s and rate fields,"Fixed pH, rapid equilibrium, constant SOD and rates, single pulse; not continuously driven cellular ROS.",1d8208b504af787754e184f77640f85675b5b634,01e64b526ae9ed2d5f192ae14068302e806c1e8b44576f4b4eb4b5f83a8e8039,configs/doxorubicin_parameters.json,b14b641f69afb70af9ff7557a062c2ce00e0b0cb74381ba69fcfaad4f17f04af,configs/parameter_provenance.csv,86c4261fcb9616a643db79340fe0b7398ba10a5c46464e67e8b697bcfc3a4ec9
sod_plus_h2o2_loss,SOD + H2O2 loss,0.06208333333333334,1e-05,1.977671100562397e-06,5.954488973313677e-09,1.9717166115890834e-06,1.918834864334003e-06,2.0923295853847994e-06,1.0000000000000003e-05,1.6940658945086007e-21,7.4,4.88,760000.0,85000000.0,2370000000.0,1e-08,20.0,analytic Riccati radical-pool solution plus integrating-factor adaptive quadrature for H2O2,241,"[""fixed pH"", ""rapid HO2/O2-minus acid-base equilibrium"", ""constant SOD concentration"", ""constant elementary rate coefficients"", ""single-pulse radical decay with no continuous source"", ""first-order H2O2 loss when enabled""]",True,illustrative single-pulse molar concentration,M except time_s and rate fields,"Fixed pH, rapid equilibrium, constant SOD and rates, single pulse; not continuously driven cellular ROS.",1d8208b504af787754e184f77640f85675b5b634,01e64b526ae9ed2d5f192ae14068302e806c1e8b44576f4b4eb4b5f83a8e8039,configs/doxorubicin_parameters.json,b14b641f69afb70af9ff7557a062c2ce00e0b0cb74381ba69fcfaad4f17f04af,configs/parameter_provenance.csv,86c4261fcb9616a643db79340fe0b7398ba10a5c46464e67e8b697bcfc3a4ec9
sod_plus_h2o2_loss,SOD + H2O2 loss,0.0625,1e-05,1.9574768174605246e-06,5.893686832846599e-09,1.9515831306276778e-06,1.9129661274807723e-06,2.1082954637889654e-06,9.999999999999999e-06,1.6940658945086007e-21,7.4,4.88,760000.0,85000000.0,2370000000.0,1e-08,20.0,analytic Riccati radical-pool solution plus integrating-factor adaptive quadrature for H2O2,241,"[""fixed pH"", ""rapid HO2/O2-minus acid-base equilibrium"", ""constant SOD concentration"", ""constant elementary rate coefficients"", ""single-pulse radical decay with no continuous source"", ""first-order H2O2 loss when enabled""]",True,illustrative single-pulse molar concentration,M except time_s and rate fields,"Fixed pH, rapid equilibrium, constant SOD and rates, single pulse; not continuously driven cellular ROS.",1d8208b504af787754e184f77640f85675b5b634,01e64b526ae9ed2d5f192ae14068302e806c1e8b44576f4b4eb4b5f83a8e8039,configs/doxorubicin_parameters.json,b14b641f69afb70af9ff7557a062c2ce00e0b0cb74381ba69fcfaad4f17f04af,configs/parameter_provenance.csv,86c4261fcb9616a643db79340fe0b7398ba10a5c46464e67e8b697bcfc3a4ec9
sod_plus_h2o2_loss,SOD + H2O2 loss,0.06291666666666668,1e-05,1.9374970163436174e-06,5.8335304674095996e-09,1.931663485876208e-06,1.9070392990148428e-06,2.124212192813349e-06,1e-05,0.0,7.4,4.88,760000.0,85000000.0,2370000000.0,1e-08,20.0,analytic Riccati radical-pool solution plus integrating-factor adaptive quadrature for H2O2,241,"[""fixed pH"", ""rapid HO2/O2-minus acid-base equilibrium"", ""constant SOD concentration"", ""constant elementary rate coefficients"", ""single-pulse radical decay with no continuous source"", ""first-order H2O2 loss when enabled""]",True,illustrative single-pulse molar concentration,M except time_s and rate fields,"Fixed pH, rapid equilibrium, constant SOD and rates, single pulse; not continuously driven cellular ROS.",1d8208b504af787754e184f77640f85675b5b634,01e64b526ae9ed2d5f192ae14068302e806c1e8b44576f4b4eb4b5f83a8e8039,configs/doxorubicin_parameters.json,b14b641f69afb70af9ff7557a062c2ce00e0b0cb74381ba69fcfaad4f17f04af,configs/parameter_provenance.csv,86c4261fcb9616a643db79340fe0b7398ba10a5c46464e67e8b697bcfc3a4ec9
sod_plus_h2o2_loss,SOD + H2O2 loss,0.06333333333333334,1e-05,1.91772925125048e-06,5.7740125125582254e-09,1.9119552387379217e-06,1.9010560789095734e-06,2.140079295465187e-06,1e-05,0.0,7.4,4.88,760000.0,85000000.0,2370000000.0,1e-08,20.0,analytic Riccati radical-pool solution plus integrating-factor adaptive quadrature for H2O2,241,"[""fixed pH"", ""rapid HO2/O2-minus acid-base equilibrium"", ""constant SOD concentration"", ""constant elementary rate coefficients"", ""single-pulse radical decay with no continuous source"", ""first-order H2O2 loss when enabled""]",True,illustrative single-pulse molar concentration,M except time_s and rate fields,"Fixed pH, rapid equilibrium, constant SOD and rates, single pulse; not continuously driven cellular ROS.",1d8208b504af787754e184f77640f85675b5b634,01e64b526ae9ed2d5f192ae14068302e806c1e8b44576f4b4eb4b5f83a8e8039,configs/doxorubicin_parameters.json,b14b641f69afb70af9ff7557a062c2ce00e0b0cb74381ba69fcfaad4f17f04af,configs/parameter_provenance.csv,86c4261fcb9616a643db79340fe0b7398ba10a5c46464e67e8b697bcfc3a4ec9
sod_plus_h2o2_loss,SOD + H2O2 loss,0.06375,1e-05,1.8981711075255505e-06,5.715125698104872e-09,1.8924559818274455e-06,1.8950181374431267e-06,2.155896308794098e-06,9.999999999999999e-06,1.6940658945086007e-21,7.4,4.88,760000.0,85000000.0,2370000000.0,1e-08,20.0,analytic Riccati radical-pool solution plus integrating-factor adaptive quadrature for H2O2,241,"[""fixed pH"", ""rapid HO2/O2-minus acid-base equilibrium"", ""constant SOD concentration"", ""constant elementary rate coefficients"", ""single-pulse radical decay with no continuous source"", ""first-order H2O2 loss when enabled""]",True,illustrative single-pulse molar concentration,M except time_s and rate fields,"Fixed pH, rapid equilibrium, constant SOD and rates, single pulse; not continuously driven cellular ROS.",1d8208b504af787754e184f77640f85675b5b634,01e64b526ae9ed2d5f192ae14068302e806c1e8b44576f4b4eb4b5f83a8e8039,configs/doxorubicin_parameters.json,b14b641f69afb70af9ff7557a062c2ce00e0b0cb74381ba69fcfaad4f17f04af,configs/parameter_provenance.csv,86c4261fcb9616a643db79340fe0b7398ba10a5c46464e67e8b697bcfc3a4ec9
sod_plus_h2o2_loss,SOD + H2O2 loss,0.06416666666666668,1e-05,1.8788202013496177e-06,5.656862846705843e-09,1.873163338502912e-06,1.8889271156785634e-06,2.1716627836466284e-06,1.0000000000000003e-05,1.6940658945086007e-21,7.4,4.88,760000.0,85000000.0,2370000000.0,1e-08,20.0,analytic Riccati radical-pool solution plus integrating-factor adaptive quadrature for H2O2,241,"[""fixed pH"", ""rapid HO2/O2-minus acid-base equilibrium"", ""constant SOD concentration"", ""constant elementary rate coefficients"", ""single-pulse radical decay with no continuous source"", ""first-order H2O2 loss when enabled""]",True,illustrative single-pulse molar concentration,M except time_s and rate fields,"Fixed pH, rapid equilibrium, constant SOD and rates, single pulse; not continuously driven cellular ROS.",1d8208b504af787754e184f77640f85675b5b634,01e64b526ae9ed2d5f192ae14068302e806c1e8b44576f4b4eb4b5f83a8e8039,configs/doxorubicin_parameters.json,b14b641f69afb70af9ff7557a062c2ce00e0b0cb74381ba69fcfaad4f17f04af,configs/parameter_provenance.csv,86c4261fcb9616a643db79340fe0b7398ba10a5c46464e67e8b697bcfc3a4ec9
sod_plus_h2o2_loss,SOD + H2O2 loss,0.06458333333333334,1e-05,1.8596741792789351e-06,5.599216872473687e-09,1.8540749624064614e-06,1.882784625935779e-06,2.187378284424754e-06,1e-05,0.0,7.4,4.88,760000.0,85000000.0,2370000000.0,1e-08,20.0,analytic Riccati radical-pool solution plus integrating-factor adaptive quadrature for H2O2,241,"[""fixed pH"", ""rapid HO2/O2-minus acid-base equilibrium"", ""constant SOD concentration"", ""constant elementary rate coefficients"", ""single-pulse radical decay with no continuous source"", ""first-order H2O2 loss when enabled""]",True,illustrative single-pulse molar concentration,M except time_s and rate fields,"Fixed pH, rapid equilibrium, constant SOD and rates, single pulse; not continuously driven cellular ROS.",1d8208b504af787754e184f77640f85675b5b634,01e64b526ae9ed2d5f192ae14068302e806c1e8b44576f4b4eb4b5f83a8e8039,configs/doxorubicin_parameters.json,b14b641f69afb70af9ff7557a062c2ce00e0b0cb74381ba69fcfaad4f17f04af,configs/parameter_provenance.csv,86c4261fcb9616a643db79340fe0b7398ba10a5c46464e67e8b697bcfc3a4ec9
sod_plus_h2o2_loss,SOD + H2O2 loss,0.065,1e-05,1.8407307177925272e-06,5.5421807796141965e-09,1.8351885370129129e-06,1.87659225225543e-06,2.203042388848307e-06,1e-05,0.0,7.4,4.88,760000.0,85000000.0,2370000000.0,1e-08,20.0,analytic Riccati radical-pool solution plus integrating-factor adaptive quadrature for H2O2,241,"[""fixed pH"", ""rapid HO2/O2-minus acid-base equilibrium"", ""constant SOD concentration"", ""constant elementary rate coefficients"", ""single-pulse radical decay with no continuous source"", ""first-order H2O2 loss when enabled""]",True,illustrative single-pulse molar concentration,M except time_s and rate fields,"Fixed pH, rapid equilibrium, constant SOD and rates, single pulse; not continuously driven cellular ROS.",1d8208b504af787754e184f77640f85675b5b634,01e64b526ae9ed2d5f192ae14068302e806c1e8b44576f4b4eb4b5f83a8e8039,configs/doxorubicin_parameters.json,b14b641f69afb70af9ff7557a062c2ce00e0b0cb74381ba69fcfaad4f17f04af,configs/parameter_provenance.csv,86c4261fcb9616a643db79340fe0b7398ba10a5c46464e67e8b697bcfc3a4ec9
sod_plus_h2o2_loss,SOD + H2O2 loss,0.06541666666666666,1e-05,1.8219875228475474e-06,5.485747661087656e-09,1.8165017751864598e-06,1.8703515508550149e-06,2.2186546877212114e-06,9.999999999999999e-06,1.6940658945086007e-21,7.4,4.88,760000.0,85000000.0,2370000000.0,1e-08,20.0,analytic Riccati radical-pool solution plus integrating-factor adaptive quadrature for H2O2,241,"[""fixed pH"", ""rapid HO2/O2-minus acid-base equilibrium"", ""constant SOD concentration"", ""constant elementary rate coefficients"", ""single-pulse radical decay with no continuous source"", ""first-order H2O2 loss when enabled""]",True,illustrative single-pulse molar concentration,M except time_s and rate fields,"Fixed pH, rapid equilibrium, constant SOD and rates, single pulse; not continuously driven cellular ROS.",1d8208b504af787754e184f77640f85675b5b634,01e64b526ae9ed2d5f192ae14068302e806c1e8b44576f4b4eb4b5f83a8e8039,configs/doxorubicin_parameters.json,b14b641f69afb70af9ff7557a062c2ce00e0b0cb74381ba69fcfaad4f17f04af,configs/parameter_provenance.csv,86c4261fcb9616a643db79340fe0b7398ba10a5c46464e67e8b697bcfc3a4ec9
sod_plus_h2o2_loss,SOD + H2O2 loss,0.06583333333333334,1e-05,1.8034423294425032e-06,5.429910697293777e-09,1.7980124187452093e-06,1.8640640505772459e-06,2.2342147847015034e-06,1.0000000000000003e-05,1.6940658945086007e-21,7.4,4.88,760000.0,85000000.0,2370000000.0,1e-08,20.0,analytic Riccati radical-pool solution plus integrating-factor adaptive quadrature for H2O2,241,"[""fixed pH"", ""rapid HO2/O2-minus acid-base equilibrium"", ""constant SOD concentration"", ""constant elementary rate coefficients"", ""single-pulse radical decay with no continuous source"", ""first-order H2O2 loss when enabled""]",True,illustrative single-pulse molar concentration,M except time_s and rate fields,"Fixed pH, rapid equilibrium, constant SOD and rates, single pulse; not continuously driven cellular ROS.",1d8208b504af787754e184f77640f85675b5b634,01e64b526ae9ed2d5f192ae14068302e806c1e8b44576f4b4eb4b5f83a8e8039,configs/doxorubicin_parameters.json,b14b641f69afb70af9ff7557a062c2ce00e0b0cb74381ba69fcfaad4f17f04af,configs/parameter_provenance.csv,86c4261fcb9616a643db79340fe0b7398ba10a5c46464e67e8b697bcfc3a4ec9
sod_plus_h2o2_loss,SOD + H2O2 loss,0.06625,1e-05,1.7850929011881862e-06,5.374663154779821e-09,1.7797182380334063e-06,1.857731253330867e-06,2.2497222960750406e-06,1e-05,0.0,7.4,4.88,760000.0,85000000.0,2370000000.0,1e-08,20.0,analytic Riccati radical-pool solution plus integrating-factor adaptive quadrature for H2O2,241,"[""fixed pH"", ""rapid HO2/O2-minus acid-base equilibrium"", ""constant SOD concentration"", ""constant elementary rate coefficients"", ""single-pulse radical decay with no continuous source"", ""first-order H2O2 loss when enabled""]",True,illustrative single-pulse molar concentration,M except time_s and rate fields,"Fixed pH, rapid equilibrium, constant SOD and rates, single pulse; not continuously driven cellular ROS.",1d8208b504af787754e184f77640f85675b5b634,01e64b526ae9ed2d5f192ae14068302e806c1e8b44576f4b4eb4b5f83a8e8039,configs/doxorubicin_parameters.json,b14b641f69afb70af9ff7557a062c2ce00e0b0cb74381ba69fcfaad4f17f04af,configs/parameter_provenance.csv,86c4261fcb9616a643db79340fe0b7398ba10a5c46464e67e8b697bcfc3a4ec9
sod_plus_h2o2_loss,SOD + H2O2 loss,0.06666666666666667,1e-05,1.7669370298861472e-06,5.319998384971459e-09,1.7616170315011757e-06,1.8513546345240524e-06,2.265176850532874e-06,9.999999999999999e-06,1.6940658945086007e-21,7.4,4.88,760000.0,85000000.0,2370000000.0,1e-08,20.0,analytic Riccati radical-pool solution plus integrating-factor adaptive quadrature for H2O2,241,"[""fixed pH"", ""rapid HO2/O2-minus acid-base equilibrium"", ""constant SOD concentration"", ""constant elementary rate coefficients"", ""single-pulse radical decay with no continuous source"", ""first-order H2O2 loss when enabled""]",True,illustrative single-pulse molar concentration,M except time_s and rate fields,"Fixed pH, rapid equilibrium, constant SOD and rates, single pulse; not continuously driven cellular ROS.",1d8208b504af787754e184f77640f85675b5b634,01e64b526ae9ed2d5f192ae14068302e806c1e8b44576f4b4eb4b5f83a8e8039,configs/doxorubicin_parameters.json,b14b641f69afb70af9ff7557a062c2ce00e0b0cb74381ba69fcfaad4f17f04af,configs/parameter_provenance.csv,86c4261fcb9616a643db79340fe0b7398ba10a5c46464e67e8b697bcfc3a4ec9
sod_plus_h2o2_loss,SOD + H2O2 loss,0.06708333333333334,1e-05,1.7489725351145645e-06,5.265909822925869e-09,1.7437066252916387e-06,1.844935643490531e-06,2.280578088952187e-06,1e-05,0.0,7.4,4.88,760000.0,85000000.0,2370000000.0,1e-08,20.0,analytic Riccati radical-pool solution plus integrating-factor adaptive quadrature for H2O2,241,"[""fixed pH"", ""rapid HO2/O2-minus acid-base equilibrium"", ""constant SOD concentration"", ""constant elementary rate coefficients"", ""single-pulse radical decay with no continuous source"", ""first-order H2O2 loss when enabled""]",True,illustrative single-pulse molar concentration,M except time_s and rate fields,"Fixed pH, rapid equilibrium, constant SOD and rates, single pulse; not continuously driven cellular ROS.",1d8208b504af787754e184f77640f85675b5b634,01e64b526ae9ed2d5f192ae14068302e806c1e8b44576f4b4eb4b5f83a8e8039,configs/doxorubicin_parameters.json,b14b641f69afb70af9ff7557a062c2ce00e0b0cb74381ba69fcfaad4f17f04af,configs/parameter_provenance.csv,86c4261fcb9616a643db79340fe0b7398ba10a5c46464e67e8b697bcfc3a4ec9
sod_plus_h2o2_loss,SOD + H2O2 loss,0.0675,1e-05,1.7311972638213509e-06,5.2123909861066425e-09,1.7259848728352442e-06,1.8384757039085723e-06,2.295925664180753e-06,1e-05,0.0,7.4,4.88,760000.0,85000000.0,2370000000.0,1e-08,20.0,analytic Riccati radical-pool solution plus integrating-factor adaptive quadrature for H2O2,241,"[""fixed pH"", ""rapid HO2/O2-minus acid-base equilibrium"", ""constant SOD concentration"", ""constant elementary rate coefficients"", ""single-pulse radical decay with no continuous source"", ""first-order H2O2 loss when enabled""]",True,illustrative single-pulse molar concentration,M except time_s and rate fields,"Fixed pH, rapid equilibrium, constant SOD and rates, single pulse; not continuously driven cellular ROS.",1d8208b504af787754e184f77640f85675b5b634,01e64b526ae9ed2d5f192ae14068302e806c1e8b44576f4b4eb4b5f83a8e8039,configs/doxorubicin_parameters.json,b14b641f69afb70af9ff7557a062c2ce00e0b0cb74381ba69fcfaad4f17f04af,configs/parameter_provenance.csv,86c4261fcb9616a643db79340fe0b7398ba10a5c46464e67e8b697bcfc3a4ec9
sod_plus_h2o2_loss,SOD + H2O2 loss,0.06791666666666667,1e-05,1.7136090899243415e-06,5.159435473180007e-09,1.7084496544511614e-06,1.8319762142129607e-06,2.311219240824869e-06,1e-05,0.0,7.4,4.88,760000.0,85000000.0,2370000000.0,1e-08,20.0,analytic Riccati radical-pool solution plus integrating-factor adaptive quadrature for H2O2,241,"[""fixed pH"", ""rapid HO2/O2-minus acid-base equilibrium"", ""constant SOD concentration"", ""constant elementary rate coefficients"", ""single-pulse radical decay with no continuous source"", ""first-order H2O2 loss when enabled""]",True,illustrative single-pulse molar concentration,M except time_s and rate fields,"Fixed pH, rapid equilibrium, constant SOD and rates, single pulse; not continuously driven cellular ROS.",1d8208b504af787754e184f77640f85675b5b634,01e64b526ae9ed2d5f192ae14068302e806c1e8b44576f4b4eb4b5f83a8e8039,configs/doxorubicin_parameters.json,b14b641f69afb70af9ff7557a062c2ce00e0b0cb74381ba69fcfaad4f17f04af,configs/parameter_provenance.csv,86c4261fcb9616a643db79340fe0b7398ba10a5c46464e67e8b697bcfc3a4ec9
sod_plus_h2o2_loss,SOD + H2O2 loss,0.06833333333333334,1e-05,1.696205913918436e-06,5.107036962831986e-09,1.691098876955604e-06,1.8254385480000987e-06,2.326458495040684e-06,1e-05,0.0,7.4,4.88,760000.0,85000000.0,2370000000.0,1e-08,20.0,analytic Riccati radical-pool solution plus integrating-factor adaptive quadrature for H2O2,241,"[""fixed pH"", ""rapid HO2/O2-minus acid-base equilibrium"", ""constant SOD concentration"", ""constant elementary rate coefficients"", ""single-pulse radical decay with no continuous source"", ""first-order H2O2 loss when enabled""]",True,illustrative single-pulse molar concentration,M except time_s and rate fields,"Fixed pH, rapid equilibrium, constant SOD and rates, single pulse; not continuously driven cellular ROS.",1d8208b504af787754e184f77640f85675b5b634,01e64b526ae9ed2d5f192ae14068302e806c1e8b44576f4b4eb4b5f83a8e8039,configs/doxorubicin_parameters.json,b14b641f69afb70af9ff7557a062c2ce00e0b0cb74381ba69fcfaad4f17f04af,configs/parameter_provenance.csv,86c4261fcb9616a643db79340fe0b7398ba10a5c46464e67e8b697bcfc3a4ec9
sod_plus_h2o2_loss,SOD + H2O2 loss,0.06875,1e-05,1.678985662489537e-06,5.05518921260602e-09,1.673930473276931e-06,1.8188640544263594e-06,2.341643114328873e-06,1.0000000000000003e-05,1.6940658945086007e-21,7.4,4.88,760000.0,85000000.0,2370000000.0,1e-08,20.0,analytic Riccati radical-pool solution plus integrating-factor adaptive quadrature for H2O2,241,"[""fixed pH"", ""rapid HO2/O2-minus acid-base equilibrium"", ""constant SOD concentration"", ""constant elementary rate coefficients"", ""single-pulse radical decay with no continuous source"", ""first-order H2O2 loss when enabled""]",True,illustrative single-pulse molar concentration,M except time_s and rate fields,"Fixed pH, rapid equilibrium, constant SOD and rates, single pulse; not continuously driven cellular ROS.",1d8208b504af787754e184f77640f85675b5b634,01e64b526ae9ed2d5f192ae14068302e806c1e8b44576f4b4eb4b5f83a8e8039,configs/doxorubicin_parameters.json,b14b641f69afb70af9ff7557a062c2ce00e0b0cb74381ba69fcfaad4f17f04af,configs/parameter_provenance.csv,86c4261fcb9616a643db79340fe0b7398ba10a5c46464e67e8b697bcfc3a4ec9
sod_plus_h2o2_loss,SOD + H2O2 loss,0.06916666666666667,1e-05,1.661946288135147e-06,5.003886057760644e-09,1.6569424020773862e-06,1.8122540585998154e-06,2.356772797332612e-06,1.0000000000000003e-05,1.6940658945086007e-21,7.4,4.88,760000.0,85000000.0,2370000000.0,1e-08,20.0,analytic Riccati radical-pool solution plus integrating-factor adaptive quadrature for H2O2,241,"[""fixed pH"", ""rapid HO2/O2-minus acid-base equilibrium"", ""constant SOD concentration"", ""constant elementary rate coefficients"", ""single-pulse radical decay with no continuous source"", ""first-order H2O2 loss when enabled""]",True,illustrative single-pulse molar concentration,M except time_s and rate fields,"Fixed pH, rapid equilibrium, constant SOD and rates, single pulse; not continuously driven cellular ROS.",1d8208b504af787754e184f77640f85675b5b634,01e64b526ae9ed2d5f192ae14068302e806c1e8b44576f4b4eb4b5f83a8e8039,configs/doxorubicin_parameters.json,b14b641f69afb70af9ff7557a062c2ce00e0b0cb74381ba69fcfaad4f17f04af,configs/parameter_provenance.csv,86c4261fcb9616a643db79340fe0b7398ba10a5c46464e67e8b697bcfc3a4ec9
sod_plus_h2o2_loss,SOD + H2O2 loss,0.06958333333333334,1e-05,1.645085768791504e-06,4.953121410146835e-09,1.640132647381357e-06,1.8056098619654668e-06,2.3718472536387815e-06,1e-05,0.0,7.4,4.88,760000.0,85000000.0,2370000000.0,1e-08,20.0,analytic Riccati radical-pool solution plus integrating-factor adaptive quadrature for H2O2,241,"[""fixed pH"", ""rapid HO2/O2-minus acid-base equilibrium"", ""constant SOD concentration"", ""constant elementary rate coefficients"", ""single-pulse radical decay with no continuous source"", ""first-order H2O2 loss when enabled""]",True,illustrative single-pulse molar concentration,M except time_s and rate fields,"Fixed pH, rapid equilibrium, constant SOD and rates, single pulse; not continuously driven cellular ROS.",1d8208b504af787754e184f77640f85675b5b634,01e64b526ae9ed2d5f192ae14068302e806c1e8b44576f4b4eb4b5f83a8e8039,configs/doxorubicin_parameters.json,b14b641f69afb70af9ff7557a062c2ce00e0b0cb74381ba69fcfaad4f17f04af,configs/parameter_provenance.csv,86c4261fcb9616a643db79340fe0b7398ba10a5c46464e67e8b697bcfc3a4ec9
sod_plus_h2o2_loss,SOD + H2O2 loss,0.07,1e-05,1.6284021074670998e-06,4.902889257104595e-09,1.6234992182099953e-06,1.7989327426840903e-06,2.38686620358236e-06,1e-05,0.0,7.4,4.88,760000.0,85000000.0,2370000000.0,1e-08,20.0,analytic Riccati radical-pool solution plus integrating-factor adaptive quadrature for H2O2,241,"[""fixed pH"", ""rapid HO2/O2-minus acid-base equilibrium"", ""constant SOD concentration"", ""constant elementary rate coefficients"", ""single-pulse radical decay with no continuous source"", ""first-order H2O2 loss when enabled""]",True,illustrative single-pulse molar concentration,M except time_s and rate fields,"Fixed pH, rapid equilibrium, constant SOD and rates, single pulse; not continuously driven cellular ROS.",1d8208b504af787754e184f77640f85675b5b634,01e64b526ae9ed2d5f192ae14068302e806c1e8b44576f4b4eb4b5f83a8e8039,configs/doxorubicin_parameters.json,b14b641f69afb70af9ff7557a062c2ce00e0b0cb74381ba69fcfaad4f17f04af,configs/parameter_provenance.csv,86c4261fcb9616a643db79340fe0b7398ba10a5c46464e67e8b697bcfc3a4ec9
sod_plus_h2o2_loss,SOD + H2O2 loss,0.07041666666666667,1e-05,1.6118933318824769e-06,4.8531836603784295e-09,1.6070401482220984e-06,1.7922239560048192e-06,2.4018293780539425e-06,1e-05,0.0,7.4,4.88,760000.0,85000000.0,2370000000.0,1e-08,20.0,analytic Riccati radical-pool solution plus integrating-factor adaptive quadrature for H2O2,241,"[""fixed pH"", ""rapid HO2/O2-minus acid-base equilibrium"", ""constant SOD concentration"", ""constant elementary rate coefficients"", ""single-pulse radical decay with no continuous source"", ""first-order H2O2 loss when enabled""]",True,illustrative single-pulse molar concentration,M except time_s and rate fields,"Fixed pH, rapid equilibrium, constant SOD and rates, single pulse; not continuously driven cellular ROS.",1d8208b504af787754e184f77640f85675b5b634,01e64b526ae9ed2d5f192ae14068302e806c1e8b44576f4b4eb4b5f83a8e8039,configs/doxorubicin_parameters.json,b14b641f69afb70af9ff7557a062c2ce00e0b0cb74381ba69fcfaad4f17f04af,configs/parameter_provenance.csv,86c4261fcb9616a643db79340fe0b7398ba10a5c46464e67e8b697bcfc3a4ec9
sod_plus_h2o2_loss,SOD + H2O2 loss,0.07083333333333333,1e-05,1.5955574941161534e-06,4.8039987550512735e-09,1.590753495361102e-06,1.7854847346315795e-06,2.4167365183103438e-06,9.999999999999999e-06,1.6940658945086007e-21,7.4,4.88,760000.0,85000000.0,2370000000.0,1e-08,20.0,analytic Riccati radical-pool solution plus integrating-factor adaptive quadrature for H2O2,241,"[""fixed pH"", ""rapid HO2/O2-minus acid-base equilibrium"", ""constant SOD concentration"", ""constant elementary rate coefficients"", ""single-pulse radical decay with no continuous source"", ""first-order H2O2 loss when enabled""]",True,illustrative single-pulse molar concentration,M except time_s and rate fields,"Fixed pH, rapid equilibrium, constant SOD and rates, single pulse; not continuously driven cellular ROS.",1d8208b504af787754e184f77640f85675b5b634,01e64b526ae9ed2d5f192ae14068302e806c1e8b44576f4b4eb4b5f83a8e8039,configs/doxorubicin_parameters.json,b14b641f69afb70af9ff7557a062c2ce00e0b0cb74381ba69fcfaad4f17f04af,configs/parameter_provenance.csv,86c4261fcb9616a643db79340fe0b7398ba10a5c46464e67e8b697bcfc3a4ec9
sod_plus_h2o2_loss,SOD + H2O2 loss,0.07125000000000001,1e-05,1.5793926702565743e-06,4.755328748496569e-09,1.5746373415080776e-06,1.7787162890834862e-06,2.4315873757882266e-06,9.999999999999999e-06,1.6940658945086007e-21,7.4,4.88,760000.0,85000000.0,2370000000.0,1e-08,20.0,analytic Riccati radical-pool solution plus integrating-factor adaptive quadrature for H2O2,241,"[""fixed pH"", ""rapid HO2/O2-minus acid-base equilibrium"", ""constant SOD concentration"", ""constant elementary rate coefficients"", ""single-pulse radical decay with no continuous source"", ""first-order H2O2 loss when enabled""]",True,illustrative single-pulse molar concentration,M except time_s and rate fields,"Fixed pH, rapid equilibrium, constant SOD and rates, single pulse; not continuously driven cellular ROS.",1d8208b504af787754e184f77640f85675b5b634,01e64b526ae9ed2d5f192ae14068302e806c1e8b44576f4b4eb4b5f83a8e8039,configs/doxorubicin_parameters.json,b14b641f69afb70af9ff7557a062c2ce00e0b0cb74381ba69fcfaad4f17f04af,configs/parameter_provenance.csv,86c4261fcb9616a643db79340fe0b7398ba10a5c46464e67e8b697bcfc3a4ec9
sod_plus_h2o2_loss,SOD + H2O2 loss,0.07166666666666667,1e-05,1.563396960059957e-06,4.707167919348085e-09,1.5586897921406088e-06,1.7719198080493138e-06,2.446381711920708e-06,1e-05,0.0,7.4,4.88,760000.0,85000000.0,2370000000.0,1e-08,20.0,analytic Riccati radical-pool solution plus integrating-factor adaptive quadrature for H2O2,241,"[""fixed pH"", ""rapid HO2/O2-minus acid-base equilibrium"", ""constant SOD concentration"", ""constant elementary rate coefficients"", ""single-pulse radical decay with no continuous source"", ""first-order H2O2 loss when enabled""]",True,illustrative single-pulse molar concentration,M except time_s and rate fields,"Fixed pH, rapid equilibrium, constant SOD and rates, single pulse; not continuously driven cellular ROS.",1d8208b504af787754e184f77640f85675b5b634,01e64b526ae9ed2d5f192ae14068302e806c1e8b44576f4b4eb4b5f83a8e8039,configs/doxorubicin_parameters.json,b14b641f69afb70af9ff7557a062c2ce00e0b0cb74381ba69fcfaad4f17f04af,configs/parameter_provenance.csv,86c4261fcb9616a643db79340fe0b7398ba10a5c46464e67e8b697bcfc3a4ec9
sod_plus_h2o2_loss,SOD + H2O2 loss,0.07208333333333333,1e-05,1.5475684866139122e-06,4.6595106164871294e-09,1.542908975997425e-06,1.765096458736147e-06,2.4611192979568974e-06,1e-05,0.0,7.4,4.88,760000.0,85000000.0,2370000000.0,1e-08,20.0,analytic Riccati radical-pool solution plus integrating-factor adaptive quadrature for H2O2,241,"[""fixed pH"", ""rapid HO2/O2-minus acid-base equilibrium"", ""constant SOD concentration"", ""constant elementary rate coefficients"", ""single-pulse radical decay with no continuous source"", ""first-order H2O2 loss when enabled""]",True,illustrative single-pulse molar concentration,M except time_s and rate fields,"Fixed pH, rapid equilibrium, constant SOD and rates, single pulse; not continuously driven cellular ROS.",1d8208b504af787754e184f77640f85675b5b634,01e64b526ae9ed2d5f192ae14068302e806c1e8b44576f4b4eb4b5f83a8e8039,configs/doxorubicin_parameters.json,b14b641f69afb70af9ff7557a062c2ce00e0b0cb74381ba69fcfaad4f17f04af,configs/parameter_provenance.csv,86c4261fcb9616a643db79340fe0b7398ba10a5c46464e67e8b697bcfc3a4ec9
sod_plus_h2o2_loss,SOD + H2O2 loss,0.07250000000000001,1e-05,1.5319053960067292e-06,4.612351258046809e-09,1.5272930447486824e-06,1.7582473872123177e-06,2.475799914784318e-06,1e-05,0.0,7.4,4.88,760000.0,85000000.0,2370000000.0,1e-08,20.0,analytic Riccati radical-pool solution plus integrating-factor adaptive quadrature for H2O2,241,"[""fixed pH"", ""rapid HO2/O2-minus acid-base equilibrium"", ""constant SOD concentration"", ""constant elementary rate coefficients"", ""single-pulse radical decay with no continuous source"", ""first-order H2O2 loss when enabled""]",True,illustrative single-pulse molar concentration,M except time_s and rate fields,"Fixed pH, rapid equilibrium, constant SOD and rates, single pulse; not continuously driven cellular ROS.",1d8208b504af787754e184f77640f85675b5b634,01e64b526ae9ed2d5f192ae14068302e806c1e8b44576f4b4eb4b5f83a8e8039,configs/doxorubicin_parameters.json,b14b641f69afb70af9ff7557a062c2ce00e0b0cb74381ba69fcfaad4f17f04af,configs/parameter_provenance.csv,86c4261fcb9616a643db79340fe0b7398ba10a5c46464e67e8b697bcfc3a4ec9
sod_plus_h2o2_loss,SOD + H2O2 loss,0.07291666666666667,1e-05,1.5164058570022213e-06,4.5656843304330406e-09,1.5118401726717883e-06,1.7513737187447351e-06,2.4904233527541544e-06,9.999999999999999e-06,1.6940658945086007e-21,7.4,4.88,760000.0,85000000.0,2370000000.0,1e-08,20.0,analytic Riccati radical-pool solution plus integrating-factor adaptive quadrature for H2O2,241,"[""fixed pH"", ""rapid HO2/O2-minus acid-base equilibrium"", ""constant SOD concentration"", ""constant elementary rate coefficients"", ""single-pulse radical decay with no continuous source"", ""first-order H2O2 loss when enabled""]",True,illustrative single-pulse molar concentration,M except time_s and rate fields,"Fixed pH, rapid equilibrium, constant SOD and rates, single pulse; not continuously driven cellular ROS.",1d8208b504af787754e184f77640f85675b5b634,01e64b526ae9ed2d5f192ae14068302e806c1e8b44576f4b4eb4b5f83a8e8039,configs/doxorubicin_parameters.json,b14b641f69afb70af9ff7557a062c2ce00e0b0cb74381ba69fcfaad4f17f04af,configs/parameter_provenance.csv,86c4261fcb9616a643db79340fe0b7398ba10a5c46464e67e8b697bcfc3a4ec9
sod_plus_h2o2_loss,SOD + H2O2 loss,0.07333333333333333,1e-05,1.50106806072e-06,4.519504387361896e-09,1.496548556332638e-06,1.744476558130701e-06,2.5049894115092993e-06,1e-05,0.0,7.4,4.88,760000.0,85000000.0,2370000000.0,1e-08,20.0,analytic Riccati radical-pool solution plus integrating-factor adaptive quadrature for H2O2,241,"[""fixed pH"", ""rapid HO2/O2-minus acid-base equilibrium"", ""constant SOD concentration"", ""constant elementary rate coefficients"", ""single-pulse radical decay with no continuous source"", ""first-order H2O2 loss when enabled""]",True,illustrative single-pulse molar concentration,M except time_s and rate fields,"Fixed pH, rapid equilibrium, constant SOD and rates, single pulse; not continuously driven cellular ROS.",1d8208b504af787754e184f77640f85675b5b634,01e64b526ae9ed2d5f192ae14068302e806c1e8b44576f4b4eb4b5f83a8e8039,configs/doxorubicin_parameters.json,b14b641f69afb70af9ff7557a062c2ce00e0b0cb74381ba69fcfaad4f17f04af,configs/parameter_provenance.csv,86c4261fcb9616a643db79340fe0b7398ba10a5c46464e67e8b697bcfc3a4ec9
sod_plus_h2o2_loss,SOD + H2O2 loss,0.07375000000000001,1e-05,1.4858902203210928e-06,4.473806048913048e-09,1.4814164142721796e-06,1.73755699002432e-06,2.519497899815134e-06,1e-05,0.0,7.4,4.88,760000.0,85000000.0,2370000000.0,1e-08,20.0,analytic Riccati radical-pool solution plus integrating-factor adaptive quadrature for H2O2,241,"[""fixed pH"", ""rapid HO2/O2-minus acid-base equilibrium"", ""constant SOD concentration"", ""constant elementary rate coefficients"", ""single-pulse radical decay with no continuous source"", ""first-order H2O2 loss when enabled""]",True,illustrative single-pulse molar concentration,M except time_s and rate fields,"Fixed pH, rapid equilibrium, constant SOD and rates, single pulse; not continuously driven cellular ROS.",1d8208b504af787754e184f77640f85675b5b634,01e64b526ae9ed2d5f192ae14068302e806c1e8b44576f4b4eb4b5f83a8e8039,configs/doxorubicin_parameters.json,b14b641f69afb70af9ff7557a062c2ce00e0b0cb74381ba69fcfaad4f17f04af,configs/parameter_provenance.csv,86c4261fcb9616a643db79340fe0b7398ba10a5c46464e67e8b697bcfc3a4ec9
sod_plus_h2o2_loss,SOD + H2O2 loss,0.07416666666666667,1e-05,1.4708705706987915e-06,4.42858400059895e-09,1.4664419866981926e-06,1.7306160792575948e-06,2.5339486353930097e-06,1e-05,0.0,7.4,4.88,760000.0,85000000.0,2370000000.0,1e-08,20.0,analytic Riccati radical-pool solution plus integrating-factor adaptive quadrature for H2O2,241,"[""fixed pH"", ""rapid HO2/O2-minus acid-base equilibrium"", ""constant SOD concentration"", ""constant elementary rate coefficients"", ""single-pulse radical decay with no continuous source"", ""first-order H2O2 loss when enabled""]",True,illustrative single-pulse molar concentration,M except time_s and rate fields,"Fixed pH, rapid equilibrium, constant SOD and rates, single pulse; not continuously driven cellular ROS.",1d8208b504af787754e184f77640f85675b5b634,01e64b526ae9ed2d5f192ae14068302e806c1e8b44576f4b4eb4b5f83a8e8039,configs/doxorubicin_parameters.json,b14b641f69afb70af9ff7557a062c2ce00e0b0cb74381ba69fcfaad4f17f04af,configs/parameter_provenance.csv,86c4261fcb9616a643db79340fe0b7398ba10a5c46464e67e8b697bcfc3a4ec9
sod_plus_h2o2_loss,SOD + H2O2 loss,0.07458333333333333,1e-05,1.4560073681746202e-06,4.383832992449446e-09,1.4516235351821709e-06,1.723654871156304e-06,2.548341444756386e-06,9.999999999999999e-06,1.6940658945086007e-21,7.4,4.88,760000.0,85000000.0,2370000000.0,1e-08,20.0,analytic Riccati radical-pool solution plus integrating-factor adaptive quadrature for H2O2,241,"[""fixed pH"", ""rapid HO2/O2-minus acid-base equilibrium"", ""constant SOD concentration"", ""constant elementary rate coefficients"", ""single-pulse radical decay with no continuous source"", ""first-order H2O2 loss when enabled""]",True,illustrative single-pulse molar concentration,M except time_s and rate fields,"Fixed pH, rapid equilibrium, constant SOD and rates, single pulse; not continuously driven cellular ROS.",1d8208b504af787754e184f77640f85675b5b634,01e64b526ae9ed2d5f192ae14068302e806c1e8b44576f4b4eb4b5f83a8e8039,configs/doxorubicin_parameters.json,b14b641f69afb70af9ff7557a062c2ce00e0b0cb74381ba69fcfaad4f17f04af,configs/parameter_provenance.csv,86c4261fcb9616a643db79340fe0b7398ba10a5c46464e67e8b697bcfc3a4ec9
sod_plus_h2o2_loss,SOD + H2O2 loss,0.07500000000000001,1e-05,1.441298890199339e-06,4.339547838111531e-09,1.4369593423612274e-06,1.716674391850756e-06,2.562676163049575e-06,1e-05,0.0,7.4,4.88,760000.0,85000000.0,2370000000.0,1e-08,20.0,analytic Riccati radical-pool solution plus integrating-factor adaptive quadrature for H2O2,241,"[""fixed pH"", ""rapid HO2/O2-minus acid-base equilibrium"", ""constant SOD concentration"", ""constant elementary rate coefficients"", ""single-pulse radical decay with no continuous source"", ""first-order H2O2 loss when enabled""]",True,illustrative single-pulse molar concentration,M except time_s and rate fields,"Fixed pH, rapid equilibrium, constant SOD and rates, single pulse; not continuously driven cellular ROS.",1d8208b504af787754e184f77640f85675b5b634,01e64b526ae9ed2d5f192ae14068302e806c1e8b44576f4b4eb4b5f83a8e8039,configs/doxorubicin_parameters.json,b14b641f69afb70af9ff7557a062c2ce00e0b0cb74381ba69fcfaad4f17f04af,configs/parameter_provenance.csv,86c4261fcb9616a643db79340fe0b7398ba10a5c46464e67e8b697bcfc3a4ec9
sod_plus_h2o2_loss,SOD + H2O2 loss,0.07541666666666667,1e-05,1.4267434350588732e-06,4.295723413963947e-09,1.4224477116449092e-06,1.7096756485815096e-06,2.576952633889054e-06,9.999999999999999e-06,1.6940658945086007e-21,7.4,4.88,760000.0,85000000.0,2370000000.0,1e-08,20.0,analytic Riccati radical-pool solution plus integrating-factor adaptive quadrature for H2O2,241,"[""fixed pH"", ""rapid HO2/O2-minus acid-base equilibrium"", ""constant SOD concentration"", ""constant elementary rate coefficients"", ""single-pulse radical decay with no continuous source"", ""first-order H2O2 loss when enabled""]",True,illustrative single-pulse molar concentration,M except time_s and rate fields,"Fixed pH, rapid equilibrium, constant SOD and rates, single pulse; not continuously driven cellular ROS.",1d8208b504af787754e184f77640f85675b5b634,01e64b526ae9ed2d5f192ae14068302e806c1e8b44576f4b4eb4b5f83a8e8039,configs/doxorubicin_parameters.json,b14b641f69afb70af9ff7557a062c2ce00e0b0cb74381ba69fcfaad4f17f04af,configs/parameter_provenance.csv,86c4261fcb9616a643db79340fe0b7398ba10a5c46464e67e8b697bcfc3a4ec9
sod_plus_h2o2_loss,SOD + H2O2 loss,0.07583333333333334,1e-05,1.4123393215850745e-06,4.252354658246324e-09,1.4080869669268282e-06,1.7026596300001481e-06,2.591170709207315e-06,1e-05,0.0,7.4,4.88,760000.0,85000000.0,2370000000.0,1e-08,20.0,analytic Riccati radical-pool solution plus integrating-factor adaptive quadrature for H2O2,241,"[""fixed pH"", ""rapid HO2/O2-minus acid-base equilibrium"", ""constant SOD concentration"", ""constant elementary rate coefficients"", ""single-pulse radical decay with no continuous source"", ""first-order H2O2 loss when enabled""]",True,illustrative single-pulse molar concentration,M except time_s and rate fields,"Fixed pH, rapid equilibrium, constant SOD and rates, single pulse; not continuously driven cellular ROS.",1d8208b504af787754e184f77640f85675b5b634,01e64b526ae9ed2d5f192ae14068302e806c1e8b44576f4b4eb4b5f83a8e8039,configs/doxorubicin_parameters.json,b14b641f69afb70af9ff7557a062c2ce00e0b0cb74381ba69fcfaad4f17f04af,configs/parameter_provenance.csv,86c4261fcb9616a643db79340fe0b7398ba10a5c46464e67e8b697bcfc3a4ec9
sod_plus_h2o2_loss,SOD + H2O2 loss,0.07625,1e-05,1.3980848888712257e-06,4.209436570202606e-09,1.393875452301023e-06,1.695627306465202e-06,2.6053302490991857e-06,1e-05,0.0,7.4,4.88,760000.0,85000000.0,2370000000.0,1e-08,20.0,analytic Riccati radical-pool solution plus integrating-factor adaptive quadrature for H2O2,241,"[""fixed pH"", ""rapid HO2/O2-minus acid-base equilibrium"", ""constant SOD concentration"", ""constant elementary rate coefficients"", ""single-pulse radical decay with no continuous source"", ""first-order H2O2 loss when enabled""]",True,illustrative single-pulse molar concentration,M except time_s and rate fields,"Fixed pH, rapid equilibrium, constant SOD and rates, single pulse; not continuously driven cellular ROS.",1d8208b504af787754e184f77640f85675b5b634,01e64b526ae9ed2d5f192ae14068302e806c1e8b44576f4b4eb4b5f83a8e8039,configs/doxorubicin_parameters.json,b14b641f69afb70af9ff7557a062c2ce00e0b0cb74381ba69fcfaad4f17f04af,configs/parameter_provenance.csv,86c4261fcb9616a643db79340fe0b7398ba10a5c46464e67e8b697bcfc3a4ec9
sod_plus_h2o2_loss,SOD + H2O2 loss,0.07666666666666667,1e-05,1.3839784959921947e-06,4.166964209238473e-09,1.3798115317829563e-06,1.6885796303332967e-06,2.6194311216706066e-06,1e-05,0.0,7.4,4.88,760000.0,85000000.0,2370000000.0,1e-08,20.0,analytic Riccati radical-pool solution plus integrating-factor adaptive quadrature for H2O2,241,"[""fixed pH"", ""rapid HO2/O2-minus acid-base equilibrium"", ""constant SOD concentration"", ""constant elementary rate coefficients"", ""single-pulse radical decay with no continuous source"", ""first-order H2O2 loss when enabled""]",True,illustrative single-pulse molar concentration,M except time_s and rate fields,"Fixed pH, rapid equilibrium, constant SOD and rates, single pulse; not continuously driven cellular ROS.",1d8208b504af787754e184f77640f85675b5b634,01e64b526ae9ed2d5f192ae14068302e806c1e8b44576f4b4eb4b5f83a8e8039,configs/doxorubicin_parameters.json,b14b641f69afb70af9ff7557a062c2ce00e0b0cb74381ba69fcfaad4f17f04af,configs/parameter_provenance.csv,86c4261fcb9616a643db79340fe0b7398ba10a5c46464e67e8b697bcfc3a4ec9
sod_plus_h2o2_loss,SOD + H2O2 loss,0.07708333333333334,1e-05,1.370018521729143e-06,4.1249326940924785e-09,1.3658935890350505e-06,1.681517536245618e-06,2.6334732028898105e-06,9.999999999999999e-06,1.6940658945086007e-21,7.4,4.88,760000.0,85000000.0,2370000000.0,1e-08,20.0,analytic Riccati radical-pool solution plus integrating-factor adaptive quadrature for H2O2,241,"[""fixed pH"", ""rapid HO2/O2-minus acid-base equilibrium"", ""constant SOD concentration"", ""constant elementary rate coefficients"", ""single-pulse radical decay with no continuous source"", ""first-order H2O2 loss when enabled""]",True,illustrative single-pulse molar concentration,M except time_s and rate fields,"Fixed pH, rapid equilibrium, constant SOD and rates, single pulse; not continuously driven cellular ROS.",1d8208b504af787754e184f77640f85675b5b634,01e64b526ae9ed2d5f192ae14068302e806c1e8b44576f4b4eb4b5f83a8e8039,configs/doxorubicin_parameters.json,b14b641f69afb70af9ff7557a062c2ce00e0b0cb74381ba69fcfaad4f17f04af,configs/parameter_provenance.csv,86c4261fcb9616a643db79340fe0b7398ba10a5c46464e67e8b697bcfc3a4ec9
sod_plus_h2o2_loss,SOD + H2O2 loss,0.0775,1e-05,1.3562033642987108e-06,4.083337202020663e-09,1.3521200270966901e-06,1.6744419414097685e-06,2.647456376440877e-06,1.0000000000000003e-05,1.6940658945086007e-21,7.4,4.88,760000.0,85000000.0,2370000000.0,1e-08,20.0,analytic Riccati radical-pool solution plus integrating-factor adaptive quadrature for H2O2,241,"[""fixed pH"", ""rapid HO2/O2-minus acid-base equilibrium"", ""constant SOD concentration"", ""constant elementary rate coefficients"", ""single-pulse radical decay with no continuous source"", ""first-order H2O2 loss when enabled""]",True,illustrative single-pulse molar concentration,M except time_s and rate fields,"Fixed pH, rapid equilibrium, constant SOD and rates, single pulse; not continuously driven cellular ROS.",1d8208b504af787754e184f77640f85675b5b634,01e64b526ae9ed2d5f192ae14068302e806c1e8b44576f4b4eb4b5f83a8e8039,configs/doxorubicin_parameters.json,b14b641f69afb70af9ff7557a062c2ce00e0b0cb74381ba69fcfaad4f17f04af,configs/parameter_provenance.csv,86c4261fcb9616a643db79340fe0b7398ba10a5c46464e67e8b697bcfc3a4ec9
sod_plus_h2o2_loss,SOD + H2O2 loss,0.07791666666666668,1e-05,1.3425314410865842e-06,4.042172967994364e-09,1.33848926811859e-06,1.6673537458771068e-06,2.661380533579602e-06,1.0000000000000003e-05,1.6940658945086007e-21,7.4,4.88,760000.0,85000000.0,2370000000.0,1e-08,20.0,analytic Riccati radical-pool solution plus integrating-factor adaptive quadrature for H2O2,241,"[""fixed pH"", ""rapid HO2/O2-minus acid-base equilibrium"", ""constant SOD concentration"", ""constant elementary rate coefficients"", ""single-pulse radical decay with no continuous source"", ""first-order H2O2 loss when enabled""]",True,illustrative single-pulse molar concentration,M except time_s and rate fields,"Fixed pH, rapid equilibrium, constant SOD and rates, single pulse; not continuously driven cellular ROS.",1d8208b504af787754e184f77640f85675b5b634,01e64b526ae9ed2d5f192ae14068302e806c1e8b44576f4b4eb4b5f83a8e8039,configs/doxorubicin_parameters.json,b14b641f69afb70af9ff7557a062c2ce00e0b0cb74381ba69fcfaad4f17f04af,configs/parameter_provenance.csv,86c4261fcb9616a643db79340fe0b7398ba10a5c46464e67e8b697bcfc3a4ec9
sod_plus_h2o2_loss,SOD + H2O2 loss,0.07833333333333334,1e-05,1.32900118838537e-06,4.001435283910992e-09,1.3249997531014592e-06,1.6602538328156396e-06,2.6752455729916756e-06,1e-05,0.0,7.4,4.88,760000.0,85000000.0,2370000000.0,1e-08,20.0,analytic Riccati radical-pool solution plus integrating-factor adaptive quadrature for H2O2,241,"[""fixed pH"", ""rapid HO2/O2-minus acid-base equilibrium"", ""constant SOD concentration"", ""constant elementary rate coefficients"", ""single-pulse radical decay with no continuous source"", ""first-order H2O2 loss when enabled""]",True,illustrative single-pulse molar concentration,M except time_s and rate fields,"Fixed pH, rapid equilibrium, constant SOD and rates, single pulse; not continuously driven cellular ROS.",1d8208b504af787754e184f77640f85675b5b634,01e64b526ae9ed2d5f192ae14068302e806c1e8b44576f4b4eb4b5f83a8e8039,configs/doxorubicin_parameters.json,b14b641f69afb70af9ff7557a062c2ce00e0b0cb74381ba69fcfaad4f17f04af,configs/parameter_provenance.csv,86c4261fcb9616a643db79340fe0b7398ba10a5c46464e67e8b697bcfc3a4ec9
sod_plus_h2o2_loss,SOD + H2O2 loss,0.07875,1e-05,1.3156110611366873e-06,3.961119497817503e-09,1.3116499416388698e-06,1.6531430687785466e-06,2.689051400653111e-06,1.0000000000000003e-05,1.6940658945086007e-21,7.4,4.88,760000.0,85000000.0,2370000000.0,1e-08,20.0,analytic Riccati radical-pool solution plus integrating-factor adaptive quadrature for H2O2,241,"[""fixed pH"", ""rapid HO2/O2-minus acid-base equilibrium"", ""constant SOD concentration"", ""constant elementary rate coefficients"", ""single-pulse radical decay with no continuous source"", ""first-order H2O2 loss when enabled""]",True,illustrative single-pulse molar concentration,M except time_s and rate fields,"Fixed pH, rapid equilibrium, constant SOD and rates, single pulse; not continuously driven cellular ROS.",1d8208b504af787754e184f77640f85675b5b634,01e64b526ae9ed2d5f192ae14068302e806c1e8b44576f4b4eb4b5f83a8e8039,configs/doxorubicin_parameters.json,b14b641f69afb70af9ff7557a062c2ce00e0b0cb74381ba69fcfaad4f17f04af,configs/parameter_provenance.csv,86c4261fcb9616a643db79340fe0b7398ba10a5c46464e67e8b697bcfc3a4ec9
sod_plus_h2o2_loss,SOD + H2O2 loss,0.07916666666666668,1e-05,1.3023595326773987e-06,3.921221013146342e-09,1.2984383116642522e-06,1.646022303968418e-06,2.7027979296928833e-06,1e-05,0.0,7.4,4.88,760000.0,85000000.0,2370000000.0,1e-08,20.0,analytic Riccati radical-pool solution plus integrating-factor adaptive quadrature for H2O2,241,"[""fixed pH"", ""rapid HO2/O2-minus acid-base equilibrium"", ""constant SOD concentration"", ""constant elementary rate coefficients"", ""single-pulse radical decay with no continuous source"", ""first-order H2O2 loss when enabled""]",True,illustrative single-pulse molar concentration,M except time_s and rate fields,"Fixed pH, rapid equilibrium, constant SOD and rates, single pulse; not continuously driven cellular ROS.",1d8208b504af787754e184f77640f85675b5b634,01e64b526ae9ed2d5f192ae14068302e806c1e8b44576f4b4eb4b5f83a8e8039,configs/doxorubicin_parameters.json,b14b641f69afb70af9ff7557a062c2ce00e0b0cb74381ba69fcfaad4f17f04af,configs/parameter_provenance.csv,86c4261fcb9616a643db79340fe0b7398ba10a5c46464e67e8b697bcfc3a4ec9
sod_plus_h2o2_loss,SOD + H2O2 loss,0.07958333333333334,1e-05,1.2892450944899099e-06,3.881735287963626e-09,1.2853633592019462e-06,1.6388923724972758e-06,2.71648508025777e-06,1.0000000000000003e-05,1.6940658945086007e-21,7.4,4.88,760000.0,85000000.0,2370000000.0,1e-08,20.0,analytic Riccati radical-pool solution plus integrating-factor adaptive quadrature for H2O2,241,"[""fixed pH"", ""rapid HO2/O2-minus acid-base equilibrium"", ""constant SOD concentration"", ""constant elementary rate coefficients"", ""single-pulse radical decay with no continuous source"", ""first-order H2O2 loss when enabled""]",True,illustrative single-pulse molar concentration,M except time_s and rate fields,"Fixed pH, rapid equilibrium, constant SOD and rates, single pulse; not continuously driven cellular ROS.",1d8208b504af787754e184f77640f85675b5b634,01e64b526ae9ed2d5f192ae14068302e806c1e8b44576f4b4eb4b5f83a8e8039,configs/doxorubicin_parameters.json,b14b641f69afb70af9ff7557a062c2ce00e0b0cb74381ba69fcfaad4f17f04af,configs/parameter_provenance.csv,86c4261fcb9616a643db79340fe0b7398ba10a5c46464e67e8b697bcfc3a4ec9
sod_plus_h2o2_loss,SOD + H2O2 loss,0.08,1e-05,1.2762662559564502e-06,3.842657834229318e-09,1.2724235981222209e-06,1.6317540926424498e-06,2.7301127793793253e-06,1e-05,0.0,7.4,4.88,760000.0,85000000.0,2370000000.0,1e-08,20.0,analytic Riccati radical-pool solution plus integrating-factor adaptive quadrature for H2O2,241,"[""fixed pH"", ""rapid HO2/O2-minus acid-base equilibrium"", ""constant SOD concentration"", ""constant elementary rate coefficients"", ""single-pulse radical decay with no continuous source"", ""first-order H2O2 loss when enabled""]",True,illustrative single-pulse molar concentration,M except time_s and rate fields,"Fixed pH, rapid equilibrium, constant SOD and rates, single pulse; not continuously driven cellular ROS.",1d8208b504af787754e184f77640f85675b5b634,01e64b526ae9ed2d5f192ae14068302e806c1e8b44576f4b4eb4b5f83a8e8039,configs/doxorubicin_parameters.json,b14b641f69afb70af9ff7557a062c2ce00e0b0cb74381ba69fcfaad4f17f04af,configs/parameter_provenance.csv,86c4261fcb9616a643db79340fe0b7398ba10a5c46464e67e8b697bcfc3a4ec9
sod_plus_h2o2_loss,SOD + H2O2 loss,0.08041666666666668,1e-05,1.2634215441172633e-06,3.803984217069174e-09,1.259617559900194e-06,1.6246082670983864e-06,2.7436809608429825e-06,1e-05,0.0,7.4,4.88,760000.0,85000000.0,2370000000.0,1e-08,20.0,analytic Riccati radical-pool solution plus integrating-factor adaptive quadrature for H2O2,241,"[""fixed pH"", ""rapid HO2/O2-minus acid-base equilibrium"", ""constant SOD concentration"", ""constant elementary rate coefficients"", ""single-pulse radical decay with no continuous source"", ""first-order H2O2 loss when enabled""]",True,illustrative single-pulse molar concentration,M except time_s and rate fields,"Fixed pH, rapid equilibrium, constant SOD and rates, single pulse; not continuously driven cellular ROS.",1d8208b504af787754e184f77640f85675b5b634,01e64b526ae9ed2d5f192ae14068302e806c1e8b44576f4b4eb4b5f83a8e8039,configs/doxorubicin_parameters.json,b14b641f69afb70af9ff7557a062c2ce00e0b0cb74381ba69fcfaad4f17f04af,configs/parameter_provenance.csv,86c4261fcb9616a643db79340fe0b7398ba10a5c46464e67e8b697bcfc3a4ec9
sod_plus_h2o2_loss,SOD + H2O2 loss,0.08083333333333334,1e-05,1.2507095034326411e-06,3.765710054058261e-09,1.2469437933785829e-06,1.6174556832244557e-06,2.7571895650592243e-06,1e-05,0.0,7.4,4.88,760000.0,85000000.0,2370000000.0,1e-08,20.0,analytic Riccati radical-pool solution plus integrating-factor adaptive quadrature for H2O2,241,"[""fixed pH"", ""rapid HO2/O2-minus acid-base equilibrium"", ""constant SOD concentration"", ""constant elementary rate coefficients"", ""single-pulse radical decay with no continuous source"", ""first-order H2O2 loss when enabled""]",True,illustrative single-pulse molar concentration,M except time_s and rate fields,"Fixed pH, rapid equilibrium, constant SOD and rates, single pulse; not continuously driven cellular ROS.",1d8208b504af787754e184f77640f85675b5b634,01e64b526ae9ed2d5f192ae14068302e806c1e8b44576f4b4eb4b5f83a8e8039,configs/doxorubicin_parameters.json,b14b641f69afb70af9ff7557a062c2ce00e0b0cb74381ba69fcfaad4f17f04af,configs/parameter_provenance.csv,86c4261fcb9616a643db79340fe0b7398ba10a5c46464e67e8b697bcfc3a4ec9
sod_plus_h2o2_loss,SOD + H2O2 loss,0.08125,1e-05,1.2381286955487188e-06,3.727831014515797e-09,1.234400864534203e-06,1.6102971132888256e-06,2.7706385389368155e-06,1e-05,0.0,7.4,4.88,760000.0,85000000.0,2370000000.0,1e-08,20.0,analytic Riccati radical-pool solution plus integrating-factor adaptive quadrature for H2O2,241,"[""fixed pH"", ""rapid HO2/O2-minus acid-base equilibrium"", ""constant SOD concentration"", ""constant elementary rate coefficients"", ""single-pulse radical decay with no continuous source"", ""first-order H2O2 loss when enabled""]",True,illustrative single-pulse molar concentration,M except time_s and rate fields,"Fixed pH, rapid equilibrium, constant SOD and rates, single pulse; not continuously driven cellular ROS.",1d8208b504af787754e184f77640f85675b5b634,01e64b526ae9ed2d5f192ae14068302e806c1e8b44576f4b4eb4b5f83a8e8039,configs/doxorubicin_parameters.json,b14b641f69afb70af9ff7557a062c2ce00e0b0cb74381ba69fcfaad4f17f04af,configs/parameter_provenance.csv,86c4261fcb9616a643db79340fe0b7398ba10a5c46464e67e8b697bcfc3a4ec9
sod_plus_h2o2_loss,SOD + H2O2 loss,0.08166666666666667,1e-05,1.2256776990669654e-06,3.690342818811119e-09,1.2219873562481544e-06,1.6031333147084735e-06,2.7840278357580443e-06,1e-05,0.0,7.4,4.88,760000.0,85000000.0,2370000000.0,1e-08,20.0,analytic Riccati radical-pool solution plus integrating-factor adaptive quadrature for H2O2,241,"[""fixed pH"", ""rapid HO2/O2-minus acid-base equilibrium"", ""constant SOD concentration"", ""constant elementary rate coefficients"", ""single-pulse radical decay with no continuous source"", ""first-order H2O2 loss when enabled""]",True,illustrative single-pulse molar concentration,M except time_s and rate fields,"Fixed pH, rapid equilibrium, constant SOD and rates, single pulse; not continuously driven cellular ROS.",1d8208b504af787754e184f77640f85675b5b634,01e64b526ae9ed2d5f192ae14068302e806c1e8b44576f4b4eb4b5f83a8e8039,configs/doxorubicin_parameters.json,b14b641f69afb70af9ff7557a062c2ce00e0b0cb74381ba69fcfaad4f17f04af,configs/parameter_provenance.csv,86c4261fcb9616a643db79340fe0b7398ba10a5c46464e67e8b697bcfc3a4ec9
sod_plus_h2o2_loss,SOD + H2O2 loss,0.08208333333333334,1e-05,1.2133551093173062e-06,3.653241237680592e-09,1.2097018680796256e-06,1.5959650302853995e-06,2.797357415055948e-06,1.0000000000000003e-05,1.6940658945086007e-21,7.4,4.88,760000.0,85000000.0,2370000000.0,1e-08,20.0,analytic Riccati radical-pool solution plus integrating-factor adaptive quadrature for H2O2,241,"[""fixed pH"", ""rapid HO2/O2-minus acid-base equilibrium"", ""constant SOD concentration"", ""constant elementary rate coefficients"", ""single-pulse radical decay with no continuous source"", ""first-order H2O2 loss when enabled""]",True,illustrative single-pulse molar concentration,M except time_s and rate fields,"Fixed pH, rapid equilibrium, constant SOD and rates, single pulse; not continuously driven cellular ROS.",1d8208b504af787754e184f77640f85675b5b634,01e64b526ae9ed2d5f192ae14068302e806c1e8b44576f4b4eb4b5f83a8e8039,configs/doxorubicin_parameters.json,b14b641f69afb70af9ff7557a062c2ce00e0b0cb74381ba69fcfaad4f17f04af,configs/parameter_provenance.csv,86c4261fcb9616a643db79340fe0b7398ba10a5c46464e67e8b697bcfc3a4ec9
sod_plus_h2o2_loss,SOD + H2O2 loss,0.0825,1e-05,1.2011595381348028e-06,3.616522091555219e-09,1.1975430160432475e-06,1.5887929884391075e-06,2.8106272424934917e-06,1e-05,0.0,7.4,4.88,760000.0,85000000.0,2370000000.0,1e-08,20.0,analytic Riccati radical-pool solution plus integrating-factor adaptive quadrature for H2O2,241,"[""fixed pH"", ""rapid HO2/O2-minus acid-base equilibrium"", ""constant SOD concentration"", ""constant elementary rate coefficients"", ""single-pulse radical decay with no continuous source"", ""first-order H2O2 loss when enabled""]",True,illustrative single-pulse molar concentration,M except time_s and rate fields,"Fixed pH, rapid equilibrium, constant SOD and rates, single pulse; not continuously driven cellular ROS.",1d8208b504af787754e184f77640f85675b5b634,01e64b526ae9ed2d5f192ae14068302e806c1e8b44576f4b4eb4b5f83a8e8039,configs/doxorubicin_parameters.json,b14b641f69afb70af9ff7557a062c2ce00e0b0cb74381ba69fcfaad4f17f04af,configs/parameter_provenance.csv,86c4261fcb9616a643db79340fe0b7398ba10a5c46464e67e8b697bcfc3a4ec9
sod_plus_h2o2_loss,SOD + H2O2 loss,0.08291666666666667,1e-05,1.1890896136398232e-06,3.5801812498987638e-09,1.1855094323899245e-06,1.581617903435415e-06,2.8238372897446733e-06,9.999999999999999e-06,1.6940658945086007e-21,7.4,4.88,760000.0,85000000.0,2370000000.0,1e-08,20.0,analytic Riccati radical-pool solution plus integrating-factor adaptive quadrature for H2O2,241,"[""fixed pH"", ""rapid HO2/O2-minus acid-base equilibrium"", ""constant SOD concentration"", ""constant elementary rate coefficients"", ""single-pulse radical decay with no continuous source"", ""first-order H2O2 loss when enabled""]",True,illustrative single-pulse molar concentration,M except time_s and rate fields,"Fixed pH, rapid equilibrium, constant SOD and rates, single pulse; not continuously driven cellular ROS.",1d8208b504af787754e184f77640f85675b5b634,01e64b526ae9ed2d5f192ae14068302e806c1e8b44576f4b4eb4b5f83a8e8039,configs/doxorubicin_parameters.json,b14b641f69afb70af9ff7557a062c2ce00e0b0cb74381ba69fcfaad4f17f04af,configs/parameter_provenance.csv,86c4261fcb9616a643db79340fe0b7398ba10a5c46464e67e8b697bcfc3a4ec9
sod_plus_h2o2_loss,SOD + H2O2 loss,0.08333333333333334,1e-05,1.1771439800216485e-06,3.544214630556226e-09,1.1735997653910922e-06,1.5744404756116587e-06,2.8369875343775175e-06,1e-05,0.0,7.4,4.88,760000.0,85000000.0,2370000000.0,1e-08,20.0,analytic Riccati radical-pool solution plus integrating-factor adaptive quadrature for H2O2,241,"[""fixed pH"", ""rapid HO2/O2-minus acid-base equilibrium"", ""constant SOD concentration"", ""constant elementary rate coefficients"", ""single-pulse radical decay with no continuous source"", ""first-order H2O2 loss when enabled""]",True,illustrative single-pulse molar concentration,M except time_s and rate fields,"Fixed pH, rapid equilibrium, constant SOD and rates, single pulse; not continuously driven cellular ROS.",1d8208b504af787754e184f77640f85675b5b634,01e64b526ae9ed2d5f192ae14068302e806c1e8b44576f4b4eb4b5f83a8e8039,configs/doxorubicin_parameters.json,b14b641f69afb70af9ff7557a062c2ce00e0b0cb74381ba69fcfaad4f17f04af,configs/parameter_provenance.csv,86c4261fcb9616a643db79340fe0b7398ba10a5c46464e67e8b697bcfc3a4ec9
sod_plus_h2o2_loss,SOD + H2O2 loss,0.08375,1e-05,1.165321297325444e-06,3.508618199112435e-09,1.1618126791263316e-06,1.5672613915983545e-06,2.850077959738924e-06,1e-05,0.0,7.4,4.88,760000.0,85000000.0,2370000000.0,1e-08,20.0,analytic Riccati radical-pool solution plus integrating-factor adaptive quadrature for H2O2,241,"[""fixed pH"", ""rapid HO2/O2-minus acid-base equilibrium"", ""constant SOD concentration"", ""constant elementary rate coefficients"", ""single-pulse radical decay with no continuous source"", ""first-order H2O2 loss when enabled""]",True,illustrative single-pulse molar concentration,M except time_s and rate fields,"Fixed pH, rapid equilibrium, constant SOD and rates, single pulse; not continuously driven cellular ROS.",1d8208b504af787754e184f77640f85675b5b634,01e64b526ae9ed2d5f192ae14068302e806c1e8b44576f4b4eb4b5f83a8e8039,configs/doxorubicin_parameters.json,b14b641f69afb70af9ff7557a062c2ce00e0b0cb74381ba69fcfaad4f17f04af,configs/parameter_provenance.csv,86c4261fcb9616a643db79340fe0b7398ba10a5c46464e67e8b697bcfc3a4ec9
sod_plus_h2o2_loss,SOD + H2O2 loss,0.08416666666666667,1e-05,1.1536202412425323e-06,3.4733879682605963e-09,1.1501468532742716e-06,1.56008132453737e-06,2.8631085548413642e-06,1e-05,0.0,7.4,4.88,760000.0,85000000.0,2370000000.0,1e-08,20.0,analytic Riccati radical-pool solution plus integrating-factor adaptive quadrature for H2O2,241,"[""fixed pH"", ""rapid HO2/O2-minus acid-base equilibrium"", ""constant SOD concentration"", ""constant elementary rate coefficients"", ""single-pulse radical decay with no continuous source"", ""first-order H2O2 loss when enabled""]",True,illustrative single-pulse molar concentration,M except time_s and rate fields,"Fixed pH, rapid equilibrium, constant SOD and rates, single pulse; not continuously driven cellular ROS.",1d8208b504af787754e184f77640f85675b5b634,01e64b526ae9ed2d5f192ae14068302e806c1e8b44576f4b4eb4b5f83a8e8039,configs/doxorubicin_parameters.json,b14b641f69afb70af9ff7557a062c2ce00e0b0cb74381ba69fcfaad4f17f04af,configs/parameter_provenance.csv,86c4261fcb9616a643db79340fe0b7398ba10a5c46464e67e8b697bcfc3a4ec9
sod_plus_h2o2_loss,SOD + H2O2 loss,0.08458333333333334,1e-05,1.142039502903918e-06,3.4385199971806225e-09,1.1386009829067373e-06,1.552900934296673e-06,2.876079314251368e-06,9.999999999999999e-06,1.6940658945086007e-21,7.4,4.88,760000.0,85000000.0,2370000000.0,1e-08,20.0,analytic Riccati radical-pool solution plus integrating-factor adaptive quadrature for H2O2,241,"[""fixed pH"", ""rapid HO2/O2-minus acid-base equilibrium"", ""constant SOD concentration"", ""constant elementary rate coefficients"", ""single-pulse radical decay with no continuous source"", ""first-order H2O2 loss when enabled""]",True,illustrative single-pulse molar concentration,M except time_s and rate fields,"Fixed pH, rapid equilibrium, constant SOD and rates, single pulse; not continuously driven cellular ROS.",1d8208b504af787754e184f77640f85675b5b634,01e64b526ae9ed2d5f192ae14068302e806c1e8b44576f4b4eb4b5f83a8e8039,configs/doxorubicin_parameters.json,b14b641f69afb70af9ff7557a062c2ce00e0b0cb74381ba69fcfaad4f17f04af,configs/parameter_provenance.csv,86c4261fcb9616a643db79340fe0b7398ba10a5c46464e67e8b697bcfc3a4ec9
sod_plus_h2o2_loss,SOD + H2O2 loss,0.085,1e-05,1.1305777886769919e-06,3.4040103909270366e-09,1.1271737782860648e-06,1.5457208676817117e-06,2.8889902379797933e-06,1.0000000000000003e-05,1.6940658945086007e-21,7.4,4.88,760000.0,85000000.0,2370000000.0,1e-08,20.0,analytic Riccati radical-pool solution plus integrating-factor adaptive quadrature for H2O2,241,"[""fixed pH"", ""rapid HO2/O2-minus acid-base equilibrium"", ""constant SOD concentration"", ""constant elementary rate coefficients"", ""single-pulse radical decay with no continuous source"", ""first-order H2O2 loss when enabled""]",True,illustrative single-pulse molar concentration,M except time_s and rate fields,"Fixed pH, rapid equilibrium, constant SOD and rates, single pulse; not continuously driven cellular ROS.",1d8208b504af787754e184f77640f85675b5b634,01e64b526ae9ed2d5f192ae14068302e806c1e8b44576f4b4eb4b5f83a8e8039,configs/doxorubicin_parameters.json,b14b641f69afb70af9ff7557a062c2ce00e0b0cb74381ba69fcfaad4f17f04af,configs/parameter_provenance.csv,86c4261fcb9616a643db79340fe0b7398ba10a5c46464e67e8b697bcfc3a4ec9
sod_plus_h2o2_loss,SOD + H2O2 loss,0.08541666666666667,1e-05,1.1192338199653664e-06,3.369855299826307e-09,1.1158639646655402e-06,1.5385417586434808e-06,2.9018413313738363e-06,1e-05,0.0,7.4,4.88,760000.0,85000000.0,2370000000.0,1e-08,20.0,analytic Riccati radical-pool solution plus integrating-factor adaptive quadrature for H2O2,241,"[""fixed pH"", ""rapid HO2/O2-minus acid-base equilibrium"", ""constant SOD concentration"", ""constant elementary rate coefficients"", ""single-pulse radical decay with no continuous source"", ""first-order H2O2 loss when enabled""]",True,illustrative single-pulse molar concentration,M except time_s and rate fields,"Fixed pH, rapid equilibrium, constant SOD and rates, single pulse; not continuously driven cellular ROS.",1d8208b504af787754e184f77640f85675b5b634,01e64b526ae9ed2d5f192ae14068302e806c1e8b44576f4b4eb4b5f83a8e8039,configs/doxorubicin_parameters.json,b14b641f69afb70af9ff7557a062c2ce00e0b0cb74381ba69fcfaad4f17f04af,configs/parameter_provenance.csv,86c4261fcb9616a643db79340fe0b7398ba10a5c46464e67e8b697bcfc3a4ec9
sod_plus_h2o2_loss,SOD + H2O2 loss,0.08583333333333334,1e-05,1.1080063330117818e-06,3.3360509188834235e-09,1.1046702820928983e-06,1.5313642284833336e-06,2.9146326050107755e-06,9.999999999999999e-06,1.6940658945086007e-21,7.4,4.88,760000.0,85000000.0,2370000000.0,1e-08,20.0,analytic Riccati radical-pool solution plus integrating-factor adaptive quadrature for H2O2,241,"[""fixed pH"", ""rapid HO2/O2-minus acid-base equilibrium"", ""constant SOD concentration"", ""constant elementary rate coefficients"", ""single-pulse radical decay with no continuous source"", ""first-order H2O2 loss when enabled""]",True,illustrative single-pulse molar concentration,M except time_s and rate fields,"Fixed pH, rapid equilibrium, constant SOD and rates, single pulse; not continuously driven cellular ROS.",1d8208b504af787754e184f77640f85675b5b634,01e64b526ae9ed2d5f192ae14068302e806c1e8b44576f4b4eb4b5f83a8e8039,configs/doxorubicin_parameters.json,b14b641f69afb70af9ff7557a062c2ce00e0b0cb74381ba69fcfaad4f17f04af,configs/parameter_provenance.csv,86c4261fcb9616a643db79340fe0b7398ba10a5c46464e67e8b697bcfc3a4ec9
sod_plus_h2o2_loss,SOD + H2O2 loss,0.08625000000000001,1e-05,1.0968940787040304e-06,3.302593487197565e-09,1.093591485216833e-06,1.5241888860545941e-06,2.9273640745933915e-06,1.0000000000000003e-05,1.6940658945086007e-21,7.4,4.88,760000.0,85000000.0,2370000000.0,1e-08,20.0,analytic Riccati radical-pool solution plus integrating-factor adaptive quadrature for H2O2,241,"[""fixed pH"", ""rapid HO2/O2-minus acid-base equilibrium"", ""constant SOD concentration"", ""constant elementary rate coefficients"", ""single-pulse radical decay with no continuous source"", ""first-order H2O2 loss when enabled""]",True,illustrative single-pulse molar concentration,M except time_s and rate fields,"Fixed pH, rapid equilibrium, constant SOD and rates, single pulse; not continuously driven cellular ROS.",1d8208b504af787754e184f77640f85675b5b634,01e64b526ae9ed2d5f192ae14068302e806c1e8b44576f4b4eb4b5f83a8e8039,configs/doxorubicin_parameters.json,b14b641f69afb70af9ff7557a062c2ce00e0b0cb74381ba69fcfaad4f17f04af,configs/parameter_provenance.csv,86c4261fcb9616a643db79340fe0b7398ba10a5c46464e67e8b697bcfc3a4ec9
sod_plus_h2o2_loss,SOD + H2O2 loss,0.08666666666666667,1e-05,1.085895822383837e-06,3.269479287386663e-09,1.0826263430964503e-06,1.5170163279610163e-06,2.940035760847066e-06,1.0000000000000003e-05,1.6940658945086007e-21,7.4,4.88,760000.0,85000000.0,2370000000.0,1e-08,20.0,analytic Riccati radical-pool solution plus integrating-factor adaptive quadrature for H2O2,241,"[""fixed pH"", ""rapid HO2/O2-minus acid-base equilibrium"", ""constant SOD concentration"", ""constant elementary rate coefficients"", ""single-pulse radical decay with no continuous source"", ""first-order H2O2 loss when enabled""]",True,illustrative single-pulse molar concentration,M except time_s and rate fields,"Fixed pH, rapid equilibrium, constant SOD and rates, single pulse; not continuously driven cellular ROS.",1d8208b504af787754e184f77640f85675b5b634,01e64b526ae9ed2d5f192ae14068302e806c1e8b44576f4b4eb4b5f83a8e8039,configs/doxorubicin_parameters.json,b14b641f69afb70af9ff7557a062c2ce00e0b0cb74381ba69fcfaad4f17f04af,configs/parameter_provenance.csv,86c4261fcb9616a643db79340fe0b7398ba10a5c46464e67e8b697bcfc3a4ec9
sod_plus_h2o2_loss,SOD + H2O2 loss,0.08708333333333333,1e-05,1.0750103436586545e-06,3.2367046450207475e-09,1.0717736390136337e-06,1.509847138752154e-06,2.952647689418519e-06,1e-05,0.0,7.4,4.88,760000.0,85000000.0,2370000000.0,1e-08,20.0,analytic Riccati radical-pool solution plus integrating-factor adaptive quadrature for H2O2,241,"[""fixed pH"", ""rapid HO2/O2-minus acid-base equilibrium"", ""constant SOD concentration"", ""constant elementary rate coefficients"", ""single-pulse radical decay with no continuous source"", ""first-order H2O2 loss when enabled""]",True,illustrative single-pulse molar concentration,M except time_s and rate fields,"Fixed pH, rapid equilibrium, constant SOD and rates, single pulse; not continuously driven cellular ROS.",1d8208b504af787754e184f77640f85675b5b634,01e64b526ae9ed2d5f192ae14068302e806c1e8b44576f4b4eb4b5f83a8e8039,configs/doxorubicin_parameters.json,b14b641f69afb70af9ff7557a062c2ce00e0b0cb74381ba69fcfaad4f17f04af,configs/parameter_provenance.csv,86c4261fcb9616a643db79340fe0b7398ba10a5c46464e67e8b697bcfc3a4ec9
sod_plus_h2o2_loss,SOD + H2O2 loss,0.08750000000000001,1e-05,1.0642364362163114e-06,3.204265928063873e-09,1.0610321702882475e-06,1.5026818911156834e-06,2.965199890776161e-06,1e-05,0.0,7.4,4.88,760000.0,85000000.0,2370000000.0,1e-08,20.0,analytic Riccati radical-pool solution plus integrating-factor adaptive quadrature for H2O2,241,"[""fixed pH"", ""rapid HO2/O2-minus acid-base equilibrium"", ""constant SOD concentration"", ""constant elementary rate coefficients"", ""single-pulse radical decay with no continuous source"", ""first-order H2O2 loss when enabled""]",True,illustrative single-pulse molar concentration,M except time_s and rate fields,"Fixed pH, rapid equilibrium, constant SOD and rates, single pulse; not continuously driven cellular ROS.",1d8208b504af787754e184f77640f85675b5b634,01e64b526ae9ed2d5f192ae14068302e806c1e8b44576f4b4eb4b5f83a8e8039,configs/doxorubicin_parameters.json,b14b641f69afb70af9ff7557a062c2ce00e0b0cb74381ba69fcfaad4f17f04af,configs/parameter_provenance.csv,86c4261fcb9616a643db79340fe0b7398ba10a5c46464e67e8b697bcfc3a4ec9
sod_plus_h2o2_loss,SOD + H2O2 loss,0.08791666666666667,1e-05,1.0535729076424673e-06,3.1721595463245063e-09,1.0504007480961428e-06,1.4955211460667347e-06,2.977692400112032e-06,1e-05,0.0,7.4,4.88,760000.0,85000000.0,2370000000.0,1e-08,20.0,analytic Riccati radical-pool solution plus integrating-factor adaptive quadrature for H2O2,241,"[""fixed pH"", ""rapid HO2/O2-minus acid-base equilibrium"", ""constant SOD concentration"", ""constant elementary rate coefficients"", ""single-pulse radical decay with no continuous source"", ""first-order H2O2 loss when enabled""]",True,illustrative single-pulse molar concentration,M except time_s and rate fields,"Fixed pH, rapid equilibrium, constant SOD and rates, single pulse; not continuously driven cellular ROS.",1d8208b504af787754e184f77640f85675b5b634,01e64b526ae9ed2d5f192ae14068302e806c1e8b44576f4b4eb4b5f83a8e8039,configs/doxorubicin_parameters.json,b14b641f69afb70af9ff7557a062c2ce00e0b0cb74381ba69fcfaad4f17f04af,configs/parameter_provenance.csv,86c4261fcb9616a643db79340fe0b7398ba10a5c46464e67e8b697bcfc3a4ec9
sod_plus_h2o2_loss,SOD + H2O2 loss,0.08833333333333333,1e-05,1.0430185792408235e-06,3.140381950914204e-09,1.0398781972899093e-06,1.4883654531342784e-06,2.99012525724531e-06,1e-05,0.0,7.4,4.88,760000.0,85000000.0,2370000000.0,1e-08,20.0,analytic Riccati radical-pool solution plus integrating-factor adaptive quadrature for H2O2,241,"[""fixed pH"", ""rapid HO2/O2-minus acid-base equilibrium"", ""constant SOD concentration"", ""constant elementary rate coefficients"", ""single-pulse radical decay with no continuous source"", ""first-order H2O2 loss when enabled""]",True,illustrative single-pulse molar concentration,M except time_s and rate fields,"Fixed pH, rapid equilibrium, constant SOD and rates, single pulse; not continuously driven cellular ROS.",1d8208b504af787754e184f77640f85675b5b634,01e64b526ae9ed2d5f192ae14068302e806c1e8b44576f4b4eb4b5f83a8e8039,configs/doxorubicin_parameters.json,b14b641f69afb70af9ff7557a062c2ce00e0b0cb74381ba69fcfaad4f17f04af,configs/parameter_provenance.csv,86c4261fcb9616a643db79340fe0b7398ba10a5c46464e67e8b697bcfc3a4ec9
sod_plus_h2o2_loss,SOD + H2O2 loss,0.08875000000000001,1e-05,1.032572285856037e-06,3.1089296337144315e-09,1.0294633562223225e-06,1.4812153505446188e-06,3.0024985065273635e-06,1.0000000000000003e-05,1.6940658945086007e-21,7.4,4.88,760000.0,85000000.0,2370000000.0,1e-08,20.0,analytic Riccati radical-pool solution plus integrating-factor adaptive quadrature for H2O2,241,"[""fixed pH"", ""rapid HO2/O2-minus acid-base equilibrium"", ""constant SOD concentration"", ""constant elementary rate coefficients"", ""single-pulse radical decay with no continuous source"", ""first-order H2O2 loss when enabled""]",True,illustrative single-pulse molar concentration,M except time_s and rate fields,"Fixed pH, rapid equilibrium, constant SOD and rates, single pulse; not continuously driven cellular ROS.",1d8208b504af787754e184f77640f85675b5b634,01e64b526ae9ed2d5f192ae14068302e806c1e8b44576f4b4eb4b5f83a8e8039,configs/doxorubicin_parameters.json,b14b641f69afb70af9ff7557a062c2ce00e0b0cb74381ba69fcfaad4f17f04af,configs/parameter_provenance.csv,86c4261fcb9616a643db79340fe0b7398ba10a5c46464e67e8b697bcfc3a4ec9
sod_plus_h2o2_loss,SOD + H2O2 loss,0.08916666666666667,1e-05,1.0222328756993003e-06,3.0777991268514105e-09,1.0191550765724488e-06,1.4740713654020412e-06,3.014812196748309e-06,1e-05,0.0,7.4,4.88,760000.0,85000000.0,2370000000.0,1e-08,20.0,analytic Riccati radical-pool solution plus integrating-factor adaptive quadrature for H2O2,241,"[""fixed pH"", ""rapid HO2/O2-minus acid-base equilibrium"", ""constant SOD concentration"", ""constant elementary rate coefficients"", ""single-pulse radical decay with no continuous source"", ""first-order H2O2 loss when enabled""]",True,illustrative single-pulse molar concentration,M except time_s and rate fields,"Fixed pH, rapid equilibrium, constant SOD and rates, single pulse; not continuously driven cellular ROS.",1d8208b504af787754e184f77640f85675b5b634,01e64b526ae9ed2d5f192ae14068302e806c1e8b44576f4b4eb4b5f83a8e8039,configs/doxorubicin_parameters.json,b14b641f69afb70af9ff7557a062c2ce00e0b0cb74381ba69fcfaad4f17f04af,configs/parameter_provenance.csv,86c4261fcb9616a643db79340fe0b7398ba10a5c46464e67e8b697bcfc3a4ec9
sod_plus_h2o2_loss,SOD + H2O2 loss,0.08958333333333333,1e-05,1.0119992101765264e-06,3.0469870021788052e-09,1.0089522231743476e-06,1.4669340138666567e-06,3.02706638104508e-06,9.999999999999999e-06,1.6940658945086007e-21,7.4,4.88,760000.0,85000000.0,2370000000.0,1e-08,20.0,analytic Riccati radical-pool solution plus integrating-factor adaptive quadrature for H2O2,241,"[""fixed pH"", ""rapid HO2/O2-minus acid-base equilibrium"", ""constant SOD concentration"", ""constant elementary rate coefficients"", ""single-pulse radical decay with no continuous source"", ""first-order H2O2 loss when enabled""]",True,illustrative single-pulse molar concentration,M except time_s and rate fields,"Fixed pH, rapid equilibrium, constant SOD and rates, single pulse; not continuously driven cellular ROS.",1d8208b504af787754e184f77640f85675b5b634,01e64b526ae9ed2d5f192ae14068302e806c1e8b44576f4b4eb4b5f83a8e8039,configs/doxorubicin_parameters.json,b14b641f69afb70af9ff7557a062c2ce00e0b0cb74381ba69fcfaad4f17f04af,configs/parameter_provenance.csv,86c4261fcb9616a643db79340fe0b7398ba10a5c46464e67e8b697bcfc3a4ec9
sod_plus_h2o2_loss,SOD + H2O2 loss,0.09000000000000001,1e-05,1.0018701637191024e-06,3.0164898707681462e-09,9.988536738483343e-07,1.4598038013294972e-06,3.0392611168109517e-06,9.999999999999999e-06,1.6940658945086007e-21,7.4,4.88,760000.0,85000000.0,2370000000.0,1e-08,20.0,analytic Riccati radical-pool solution plus integrating-factor adaptive quadrature for H2O2,241,"[""fixed pH"", ""rapid HO2/O2-minus acid-base equilibrium"", ""constant SOD concentration"", ""constant elementary rate coefficients"", ""single-pulse radical decay with no continuous source"", ""first-order H2O2 loss when enabled""]",True,illustrative single-pulse molar concentration,M except time_s and rate fields,"Fixed pH, rapid equilibrium, constant SOD and rates, single pulse; not continuously driven cellular ROS.",1d8208b504af787754e184f77640f85675b5b634,01e64b526ae9ed2d5f192ae14068302e806c1e8b44576f4b4eb4b5f83a8e8039,configs/doxorubicin_parameters.json,b14b641f69afb70af9ff7557a062c2ce00e0b0cb74381ba69fcfaad4f17f04af,configs/parameter_provenance.csv,86c4261fcb9616a643db79340fe0b7398ba10a5c46464e67e8b697bcfc3a4ec9
sod_plus_h2o2_loss,SOD + H2O2 loss,0.09041666666666667,1e-05,9.918446236171664e-07,2.986304382406853e-09,9.888583192347595e-07,1.4526812225849003e-06,3.0513964656065166e-06,9.999999999999999e-06,1.6940658945086007e-21,7.4,4.88,760000.0,85000000.0,2370000000.0,1e-08,20.0,analytic Riccati radical-pool solution plus integrating-factor adaptive quadrature for H2O2,241,"[""fixed pH"", ""rapid HO2/O2-minus acid-base equilibrium"", ""constant SOD concentration"", ""constant elementary rate coefficients"", ""single-pulse radical decay with no continuous source"", ""first-order H2O2 loss when enabled""]",True,illustrative single-pulse molar concentration,M except time_s and rate fields,"Fixed pH, rapid equilibrium, constant SOD and rates, single pulse; not continuously driven cellular ROS.",1d8208b504af787754e184f77640f85675b5b634,01e64b526ae9ed2d5f192ae14068302e806c1e8b44576f4b4eb4b5f83a8e8039,configs/doxorubicin_parameters.json,b14b641f69afb70af9ff7557a062c2ce00e0b0cb74381ba69fcfaad4f17f04af,configs/parameter_provenance.csv,86c4261fcb9616a643db79340fe0b7398ba10a5c46464e67e8b697bcfc3a4ec9
sod_plus_h2o2_loss,SOD + H2O2 loss,0.09083333333333334,1e-05,9.819214898553557e-07,2.9564272251036923e-09,9.78965062630252e-07,1.4455667620002286e-06,3.063472493072094e-06,1e-05,0.0,7.4,4.88,760000.0,85000000.0,2370000000.0,1e-08,20.0,analytic Riccati radical-pool solution plus integrating-factor adaptive quadrature for H2O2,241,"[""fixed pH"", ""rapid HO2/O2-minus acid-base equilibrium"", ""constant SOD concentration"", ""constant elementary rate coefficients"", ""single-pulse radical decay with no continuous source"", ""first-order H2O2 loss when enabled""]",True,illustrative single-pulse molar concentration,M except time_s and rate fields,"Fixed pH, rapid equilibrium, constant SOD and rates, single pulse; not continuously driven cellular ROS.",1d8208b504af787754e184f77640f85675b5b634,01e64b526ae9ed2d5f192ae14068302e806c1e8b44576f4b4eb4b5f83a8e8039,configs/doxorubicin_parameters.json,b14b641f69afb70af9ff7557a062c2ce00e0b0cb74381ba69fcfaad4f17f04af,configs/parameter_provenance.csv,86c4261fcb9616a643db79340fe0b7398ba10a5c46464e67e8b697bcfc3a4ec9
sod_plus_h2o2_loss,SOD + H2O2 loss,0.09125000000000001,1e-05,9.720996749509932e-07,2.92685512460158e-09,9.691728198263915e-07,1.438460893682972e-06,3.0754892688415315e-06,9.999999999999999e-06,1.6940658945086007e-21,7.4,4.88,760000.0,85000000.0,2370000000.0,1e-08,20.0,analytic Riccati radical-pool solution plus integrating-factor adaptive quadrature for H2O2,241,"[""fixed pH"", ""rapid HO2/O2-minus acid-base equilibrium"", ""constant SOD concentration"", ""constant elementary rate coefficients"", ""single-pulse radical decay with no continuous source"", ""first-order H2O2 loss when enabled""]",True,illustrative single-pulse molar concentration,M except time_s and rate fields,"Fixed pH, rapid equilibrium, constant SOD and rates, single pulse; not continuously driven cellular ROS.",1d8208b504af787754e184f77640f85675b5b634,01e64b526ae9ed2d5f192ae14068302e806c1e8b44576f4b4eb4b5f83a8e8039,configs/doxorubicin_parameters.json,b14b641f69afb70af9ff7557a062c2ce00e0b0cb74381ba69fcfaad4f17f04af,configs/parameter_provenance.csv,86c4261fcb9616a643db79340fe0b7398ba10a5c46464e67e8b697bcfc3a4ec9
sod_plus_h2o2_loss,SOD + H2O2 loss,0.09166666666666667,1e-05,9.623781037946649e-07,2.8975848438975844e-09,9.594805189507673e-07,1.4313640816452722e-06,3.087446866457396e-06,1e-05,0.0,7.4,4.88,760000.0,85000000.0,2370000000.0,1e-08,20.0,analytic Riccati radical-pool solution plus integrating-factor adaptive quadrature for H2O2,241,"[""fixed pH"", ""rapid HO2/O2-minus acid-base equilibrium"", ""constant SOD concentration"", ""constant elementary rate coefficients"", ""single-pulse radical decay with no continuous source"", ""first-order H2O2 loss when enabled""]",True,illustrative single-pulse molar concentration,M except time_s and rate fields,"Fixed pH, rapid equilibrium, constant SOD and rates, single pulse; not continuously driven cellular ROS.",1d8208b504af787754e184f77640f85675b5b634,01e64b526ae9ed2d5f192ae14068302e806c1e8b44576f4b4eb4b5f83a8e8039,configs/doxorubicin_parameters.json,b14b641f69afb70af9ff7557a062c2ce00e0b0cb74381ba69fcfaad4f17f04af,configs/parameter_provenance.csv,86c4261fcb9616a643db79340fe0b7398ba10a5c46464e67e8b697bcfc3a4ec9
sod_plus_h2o2_loss,SOD + H2O2 loss,0.09208333333333334,1e-05,9.527557134931434e-07,2.86861318276999e-09,9.498871003103734e-07,1.424276779965909e-06,3.09934536328752e-06,1e-05,0.0,7.4,4.88,760000.0,85000000.0,2370000000.0,1e-08,20.0,analytic Riccati radical-pool solution plus integrating-factor adaptive quadrature for H2O2,241,"[""fixed pH"", ""rapid HO2/O2-minus acid-base equilibrium"", ""constant SOD concentration"", ""constant elementary rate coefficients"", ""single-pulse radical decay with no continuous source"", ""first-order H2O2 loss when enabled""]",True,illustrative single-pulse molar concentration,M except time_s and rate fields,"Fixed pH, rapid equilibrium, constant SOD and rates, single pulse; not continuously driven cellular ROS.",1d8208b504af787754e184f77640f85675b5b634,01e64b526ae9ed2d5f192ae14068302e806c1e8b44576f4b4eb4b5f83a8e8039,configs/doxorubicin_parameters.json,b14b641f69afb70af9ff7557a062c2ce00e0b0cb74381ba69fcfaad4f17f04af,configs/parameter_provenance.csv,86c4261fcb9616a643db79340fe0b7398ba10a5c46464e67e8b697bcfc3a4ec9
sod_plus_h2o2_loss,SOD + H2O2 loss,0.09250000000000001,1e-05,9.432314532146235e-07,2.8399369773123237e-09,9.403915162373112e-07,1.4171994329497948e-06,3.1111848404428936e-06,1e-05,0.0,7.4,4.88,760000.0,85000000.0,2370000000.0,1e-08,20.0,analytic Riccati radical-pool solution plus integrating-factor adaptive quadrature for H2O2,241,"[""fixed pH"", ""rapid HO2/O2-minus acid-base equilibrium"", ""constant SOD concentration"", ""constant elementary rate coefficients"", ""single-pulse radical decay with no continuous source"", ""first-order H2O2 loss when enabled""]",True,illustrative single-pulse molar concentration,M except time_s and rate fields,"Fixed pH, rapid equilibrium, constant SOD and rates, single pulse; not continuously driven cellular ROS.",1d8208b504af787754e184f77640f85675b5b634,01e64b526ae9ed2d5f192ae14068302e806c1e8b44576f4b4eb4b5f83a8e8039,configs/doxorubicin_parameters.json,b14b641f69afb70af9ff7557a062c2ce00e0b0cb74381ba69fcfaad4f17f04af,configs/parameter_provenance.csv,86c4261fcb9616a643db79340fe0b7398ba10a5c46464e67e8b697bcfc3a4ec9
sod_plus_h2o2_loss,SOD + H2O2 loss,0.09291666666666668,1e-05,9.33804284036229e-07,2.8115530994742192e-09,9.309927309367548e-07,1.4101324752850173e-06,3.1229653826968684e-06,1e-05,0.0,7.4,4.88,760000.0,85000000.0,2370000000.0,1e-08,20.0,analytic Riccati radical-pool solution plus integrating-factor adaptive quadrature for H2O2,241,"[""fixed pH"", ""rapid HO2/O2-minus acid-base equilibrium"", ""constant SOD concentration"", ""constant elementary rate coefficients"", ""single-pulse radical decay with no continuous source"", ""first-order H2O2 loss when enabled""]",True,illustrative single-pulse molar concentration,M except time_s and rate fields,"Fixed pH, rapid equilibrium, constant SOD and rates, single pulse; not continuously driven cellular ROS.",1d8208b504af787754e184f77640f85675b5b634,01e64b526ae9ed2d5f192ae14068302e806c1e8b44576f4b4eb4b5f83a8e8039,configs/doxorubicin_parameters.json,b14b641f69afb70af9ff7557a062c2ce00e0b0cb74381ba69fcfaad4f17f04af,configs/parameter_provenance.csv,86c4261fcb9616a643db79340fe0b7398ba10a5c46464e67e8b697bcfc3a4ec9
sod_plus_h2o2_loss,SOD + H2O2 loss,0.09333333333333334,1e-05,9.244731787937429e-07,2.7834584566089764e-09,9.216897203371339e-07,1.403076332197464e-06,3.134687078405665e-06,1e-05,0.0,7.4,4.88,760000.0,85000000.0,2370000000.0,1e-08,20.0,analytic Riccati radical-pool solution plus integrating-factor adaptive quadrature for H2O2,241,"[""fixed pH"", ""rapid HO2/O2-minus acid-base equilibrium"", ""constant SOD concentration"", ""constant elementary rate coefficients"", ""single-pulse radical decay with no continuous source"", ""first-order H2O2 loss when enabled""]",True,illustrative single-pulse molar concentration,M except time_s and rate fields,"Fixed pH, rapid equilibrium, constant SOD and rates, single pulse; not continuously driven cellular ROS.",1d8208b504af787754e184f77640f85675b5b634,01e64b526ae9ed2d5f192ae14068302e806c1e8b44576f4b4eb4b5f83a8e8039,configs/doxorubicin_parameters.json,b14b641f69afb70af9ff7557a062c2ce00e0b0cb74381ba69fcfaad4f17f04af,configs/parameter_provenance.csv,86c4261fcb9616a643db79340fe0b7398ba10a5c46464e67e8b697bcfc3a4ec9
sod_plus_h2o2_loss,SOD + H2O2 loss,0.09375,1e-05,9.152371219335383e-07,2.7556499910277445e-09,9.124814719425106e-07,1.3960314196030758e-06,3.1463500194301556e-06,1e-05,0.0,7.4,4.88,760000.0,85000000.0,2370000000.0,1e-08,20.0,analytic Riccati radical-pool solution plus integrating-factor adaptive quadrature for H2O2,241,"[""fixed pH"", ""rapid HO2/O2-minus acid-base equilibrium"", ""constant SOD concentration"", ""constant elementary rate coefficients"", ""single-pulse radical decay with no continuous source"", ""first-order H2O2 loss when enabled""]",True,illustrative single-pulse molar concentration,M except time_s and rate fields,"Fixed pH, rapid equilibrium, constant SOD and rates, single pulse; not continuously driven cellular ROS.",1d8208b504af787754e184f77640f85675b5b634,01e64b526ae9ed2d5f192ae14068302e806c1e8b44576f4b4eb4b5f83a8e8039,configs/doxorubicin_parameters.json,b14b641f69afb70af9ff7557a062c2ce00e0b0cb74381ba69fcfaad4f17f04af,configs/parameter_provenance.csv,86c4261fcb9616a643db79340fe0b7398ba10a5c46464e67e8b697bcfc3a4ec9
sod_plus_h2o2_loss,SOD + H2O2 loss,0.09416666666666668,1e-05,9.060951093666553e-07,2.7281246795601703e-09,9.033669846870951e-07,1.3889981442577633e-06,3.1579543010589093e-06,1e-05,0.0,7.4,4.88,760000.0,85000000.0,2370000000.0,1e-08,20.0,analytic Riccati radical-pool solution plus integrating-factor adaptive quadrature for H2O2,241,"[""fixed pH"", ""rapid HO2/O2-minus acid-base equilibrium"", ""constant SOD concentration"", ""constant elementary rate coefficients"", ""single-pulse radical decay with no continuous source"", ""first-order H2O2 loss when enabled""]",True,illustrative single-pulse molar concentration,M except time_s and rate fields,"Fixed pH, rapid equilibrium, constant SOD and rates, single pulse; not continuously driven cellular ROS.",1d8208b504af787754e184f77640f85675b5b634,01e64b526ae9ed2d5f192ae14068302e806c1e8b44576f4b4eb4b5f83a8e8039,configs/doxorubicin_parameters.json,b14b641f69afb70af9ff7557a062c2ce00e0b0cb74381ba69fcfaad4f17f04af,configs/parameter_provenance.csv,86c4261fcb9616a643db79340fe0b7398ba10a5c46464e67e8b697bcfc3a4ec9
sod_plus_h2o2_loss,SOD + H2O2 loss,0.09458333333333334,1e-05,8.970461483250031e-07,2.700879533121442e-09,8.943452687918816e-07,1.3819769039050247e-06,3.1695000219324747e-06,1.0000000000000003e-05,1.6940658945086007e-21,7.4,4.88,760000.0,85000000.0,2370000000.0,1e-08,20.0,analytic Riccati radical-pool solution plus integrating-factor adaptive quadrature for H2O2,241,"[""fixed pH"", ""rapid HO2/O2-minus acid-base equilibrium"", ""constant SOD concentration"", ""constant elementary rate coefficients"", ""single-pulse radical decay with no continuous source"", ""first-order H2O2 loss when enabled""]",True,illustrative single-pulse molar concentration,M except time_s and rate fields,"Fixed pH, rapid equilibrium, constant SOD and rates, single pulse; not continuously driven cellular ROS.",1d8208b504af787754e184f77640f85675b5b634,01e64b526ae9ed2d5f192ae14068302e806c1e8b44576f4b4eb4b5f83a8e8039,configs/doxorubicin_parameters.json,b14b641f69afb70af9ff7557a062c2ce00e0b0cb74381ba69fcfaad4f17f04af,configs/parameter_provenance.csv,86c4261fcb9616a643db79340fe0b7398ba10a5c46464e67e8b697bcfc3a4ec9
sod_plus_h2o2_loss,SOD + H2O2 loss,0.095,1e-05,8.880892572196371e-07,2.673911596285582e-09,8.854153456233516e-07,1.3749680874213006e-06,3.180987283968881e-06,1e-05,0.0,7.4,4.88,760000.0,85000000.0,2370000000.0,1e-08,20.0,analytic Riccati radical-pool solution plus integrating-factor adaptive quadrature for H2O2,241,"[""fixed pH"", ""rapid HO2/O2-minus acid-base equilibrium"", ""constant SOD concentration"", ""constant elementary rate coefficients"", ""single-pulse radical decay with no continuous source"", ""first-order H2O2 loss when enabled""]",True,illustrative single-pulse molar concentration,M except time_s and rate fields,"Fixed pH, rapid equilibrium, constant SOD and rates, single pulse; not continuously driven cellular ROS.",1d8208b504af787754e184f77640f85675b5b634,01e64b526ae9ed2d5f192ae14068302e806c1e8b44576f4b4eb4b5f83a8e8039,configs/doxorubicin_parameters.json,b14b641f69afb70af9ff7557a062c2ce00e0b0cb74381ba69fcfaad4f17f04af,configs/parameter_provenance.csv,86c4261fcb9616a643db79340fe0b7398ba10a5c46464e67e8b697bcfc3a4ec9
sod_plus_h2o2_loss,SOD + H2O2 loss,0.09541666666666668,1e-05,8.79223465501087e-07,2.6472179468649123e-09,8.76576247554222e-07,1.3679720749591064e-06,3.19241619229035e-06,9.999999999999999e-06,1.6940658945086007e-21,7.4,4.88,760000.0,85000000.0,2370000000.0,1e-08,20.0,analytic Riccati radical-pool solution plus integrating-factor adaptive quadrature for H2O2,241,"[""fixed pH"", ""rapid HO2/O2-minus acid-base equilibrium"", ""constant SOD concentration"", ""constant elementary rate coefficients"", ""single-pulse radical decay with no continuous source"", ""first-order H2O2 loss when enabled""]",True,illustrative single-pulse molar concentration,M except time_s and rate fields,"Fixed pH, rapid equilibrium, constant SOD and rates, single pulse; not continuously driven cellular ROS.",1d8208b504af787754e184f77640f85675b5b634,01e64b526ae9ed2d5f192ae14068302e806c1e8b44576f4b4eb4b5f83a8e8039,configs/doxorubicin_parameters.json,b14b641f69afb70af9ff7557a062c2ce00e0b0cb74381ba69fcfaad4f17f04af,configs/parameter_provenance.csv,86c4261fcb9616a643db79340fe0b7398ba10a5c46464e67e8b697bcfc3a4ec9
sod_plus_h2o2_loss,SOD + H2O2 loss,0.09583333333333334,1e-05,8.704478135216951e-07,2.6207956954955782e-09,8.678270178261995e-07,1.360989238087974e-06,3.2037868551511784e-06,9.999999999999999e-06,1.6940658945086007e-21,7.4,4.88,760000.0,85000000.0,2370000000.0,1e-08,20.0,analytic Riccati radical-pool solution plus integrating-factor adaptive quadrature for H2O2,241,"[""fixed pH"", ""rapid HO2/O2-minus acid-base equilibrium"", ""constant SOD concentration"", ""constant elementary rate coefficients"", ""single-pulse radical decay with no continuous source"", ""first-order H2O2 loss when enabled""]",True,illustrative single-pulse molar concentration,M except time_s and rate fields,"Fixed pH, rapid equilibrium, constant SOD and rates, single pulse; not continuously driven cellular ROS.",1d8208b504af787754e184f77640f85675b5b634,01e64b526ae9ed2d5f192ae14068302e806c1e8b44576f4b4eb4b5f83a8e8039,configs/doxorubicin_parameters.json,b14b641f69afb70af9ff7557a062c2ce00e0b0cb74381ba69fcfaad4f17f04af,configs/parameter_provenance.csv,86c4261fcb9616a643db79340fe0b7398ba10a5c46464e67e8b697bcfc3a4ec9
sod_plus_h2o2_loss,SOD + H2O2 loss,0.09625,1e-05,8.617613523999307e-07,2.594641985229015e-09,8.591667104147016e-07,1.3540199399332375e-06,3.2150993838667975e-06,1e-05,0.0,7.4,4.88,760000.0,85000000.0,2370000000.0,1e-08,20.0,analytic Riccati radical-pool solution plus integrating-factor adaptive quadrature for H2O2,241,"[""fixed pH"", ""rapid HO2/O2-minus acid-base equilibrium"", ""constant SOD concentration"", ""constant elementary rate coefficients"", ""single-pulse radical decay with no continuous source"", ""first-order H2O2 loss when enabled""]",True,illustrative single-pulse molar concentration,M except time_s and rate fields,"Fixed pH, rapid equilibrium, constant SOD and rates, single pulse; not continuously driven cellular ROS.",1d8208b504af787754e184f77640f85675b5b634,01e64b526ae9ed2d5f192ae14068302e806c1e8b44576f4b4eb4b5f83a8e8039,configs/doxorubicin_parameters.json,b14b641f69afb70af9ff7557a062c2ce00e0b0cb74381ba69fcfaad4f17f04af,configs/parameter_provenance.csv,86c4261fcb9616a643db79340fe0b7398ba10a5c46464e67e8b697bcfc3a4ec9
sod_plus_h2o2_loss,SOD + H2O2 loss,0.09666666666666668,1e-05,8.531631438866509e-07,2.5687539911292794e-09,8.505943898955216e-07,1.3470645353127015e-06,3.226353892743973e-06,9.999999999999999e-06,1.6940658945086007e-21,7.4,4.88,760000.0,85000000.0,2370000000.0,1e-08,20.0,analytic Riccati radical-pool solution plus integrating-factor adaptive quadrature for H2O2,241,"[""fixed pH"", ""rapid HO2/O2-minus acid-base equilibrium"", ""constant SOD concentration"", ""constant elementary rate coefficients"", ""single-pulse radical decay with no continuous source"", ""first-order H2O2 loss when enabled""]",True,illustrative single-pulse molar concentration,M except time_s and rate fields,"Fixed pH, rapid equilibrium, constant SOD and rates, single pulse; not continuously driven cellular ROS.",1d8208b504af787754e184f77640f85675b5b634,01e64b526ae9ed2d5f192ae14068302e806c1e8b44576f4b4eb4b5f83a8e8039,configs/doxorubicin_parameters.json,b14b641f69afb70af9ff7557a062c2ce00e0b0cb74381ba69fcfaad4f17f04af,configs/parameter_provenance.csv,86c4261fcb9616a643db79340fe0b7398ba10a5c46464e67e8b697bcfc3a4ec9
sod_plus_h2o2_loss,SOD + H2O2 loss,0.09708333333333334,1e-05,8.446522602332741e-07,2.5431289198761395e-09,8.42109131313398e-07,1.3401233708712233e-06,3.23755049901214e-06,1e-05,0.0,7.4,4.88,760000.0,85000000.0,2370000000.0,1e-08,20.0,analytic Riccati radical-pool solution plus integrating-factor adaptive quadrature for H2O2,241,"[""fixed pH"", ""rapid HO2/O2-minus acid-base equilibrium"", ""constant SOD concentration"", ""constant elementary rate coefficients"", ""single-pulse radical decay with no continuous source"", ""first-order H2O2 loss when enabled""]",True,illustrative single-pulse molar concentration,M except time_s and rate fields,"Fixed pH, rapid equilibrium, constant SOD and rates, single pulse; not continuously driven cellular ROS.",1d8208b504af787754e184f77640f85675b5b634,01e64b526ae9ed2d5f192ae14068302e806c1e8b44576f4b4eb4b5f83a8e8039,configs/doxorubicin_parameters.json,b14b641f69afb70af9ff7557a062c2ce00e0b0cb74381ba69fcfaad4f17f04af,configs/parameter_provenance.csv,86c4261fcb9616a643db79340fe0b7398ba10a5c46464e67e8b697bcfc3a4ec9
sod_plus_h2o2_loss,SOD + H2O2 loss,0.0975,1e-05,8.362277840618287e-07,2.517764009373806e-09,8.337100200524548e-07,1.3331967852132394e-06,3.2486893227558464e-06,9.999999999999999e-06,1.6940658945086007e-21,7.4,4.88,760000.0,85000000.0,2370000000.0,1e-08,20.0,analytic Riccati radical-pool solution plus integrating-factor adaptive quadrature for H2O2,241,"[""fixed pH"", ""rapid HO2/O2-minus acid-base equilibrium"", ""constant SOD concentration"", ""constant elementary rate coefficients"", ""single-pulse radical decay with no continuous source"", ""first-order H2O2 loss when enabled""]",True,illustrative single-pulse molar concentration,M except time_s and rate fields,"Fixed pH, rapid equilibrium, constant SOD and rates, single pulse; not continuously driven cellular ROS.",1d8208b504af787754e184f77640f85675b5b634,01e64b526ae9ed2d5f192ae14068302e806c1e8b44576f4b4eb4b5f83a8e8039,configs/doxorubicin_parameters.json,b14b641f69afb70af9ff7557a062c2ce00e0b0cb74381ba69fcfaad4f17f04af,configs/parameter_provenance.csv,86c4261fcb9616a643db79340fe0b7398ba10a5c46464e67e8b697bcfc3a4ec9
sod_plus_h2o2_loss,SOD + H2O2 loss,0.09791666666666668,1e-05,8.27888808236855e-07,2.492656528365253e-09,8.253961517084897e-07,1.3262851090332748e-06,3.2597704868482984e-06,1.0000000000000003e-05,1.6940658945086007e-21,7.4,4.88,760000.0,85000000.0,2370000000.0,1e-08,20.0,analytic Riccati radical-pool solution plus integrating-factor adaptive quadrature for H2O2,241,"[""fixed pH"", ""rapid HO2/O2-minus acid-base equilibrium"", ""constant SOD concentration"", ""constant elementary rate coefficients"", ""single-pulse radical decay with no continuous source"", ""first-order H2O2 loss when enabled""]",True,illustrative single-pulse molar concentration,M except time_s and rate fields,"Fixed pH, rapid equilibrium, constant SOD and rates, single pulse; not continuously driven cellular ROS.",1d8208b504af787754e184f77640f85675b5b634,01e64b526ae9ed2d5f192ae14068302e806c1e8b44576f4b4eb4b5f83a8e8039,configs/doxorubicin_parameters.json,b14b641f69afb70af9ff7557a062c2ce00e0b0cb74381ba69fcfaad4f17f04af,configs/parameter_provenance.csv,86c4261fcb9616a643db79340fe0b7398ba10a5c46464e67e8b697bcfc3a4ec9
sod_plus_h2o2_loss,SOD + H2O2 loss,0.09833333333333334,1e-05,8.196344357391227e-07,2.4678037760519922e-09,8.171666319630707e-07,1.3193886652444644e-06,3.2707941168859748e-06,1e-05,0.0,7.4,4.88,760000.0,85000000.0,2370000000.0,1e-08,20.0,analytic Riccati radical-pool solution plus integrating-factor adaptive quadrature for H2O2,241,"[""fixed pH"", ""rapid HO2/O2-minus acid-base equilibrium"", ""constant SOD concentration"", ""constant elementary rate coefficients"", ""single-pulse radical decay with no continuous source"", ""first-order H2O2 loss when enabled""]",True,illustrative single-pulse molar concentration,M except time_s and rate fields,"Fixed pH, rapid equilibrium, constant SOD and rates, single pulse; not continuously driven cellular ROS.",1d8208b504af787754e184f77640f85675b5b634,01e64b526ae9ed2d5f192ae14068302e806c1e8b44576f4b4eb4b5f83a8e8039,configs/doxorubicin_parameters.json,b14b641f69afb70af9ff7557a062c2ce00e0b0cb74381ba69fcfaad4f17f04af,configs/parameter_provenance.csv,86c4261fcb9616a643db79340fe0b7398ba10a5c46464e67e8b697bcfc3a4ec9
sod_plus_h2o2_loss,SOD + H2O2 loss,0.09875,1e-05,8.11463779541136e-07,2.4432030817192424e-09,8.090205764594167e-07,1.3125077691051143e-06,3.281760341124318e-06,1e-05,0.0,7.4,4.88,760000.0,85000000.0,2370000000.0,1e-08,20.0,analytic Riccati radical-pool solution plus integrating-factor adaptive quadrature for H2O2,241,"[""fixed pH"", ""rapid HO2/O2-minus acid-base equilibrium"", ""constant SOD concentration"", ""constant elementary rate coefficients"", ""single-pulse radical decay with no continuous source"", ""first-order H2O2 loss when enabled""]",True,illustrative single-pulse molar concentration,M except time_s and rate fields,"Fixed pH, rapid equilibrium, constant SOD and rates, single pulse; not continuously driven cellular ROS.",1d8208b504af787754e184f77640f85675b5b634,01e64b526ae9ed2d5f192ae14068302e806c1e8b44576f4b4eb4b5f83a8e8039,configs/doxorubicin_parameters.json,b14b641f69afb70af9ff7557a062c2ce00e0b0cb74381ba69fcfaad4f17f04af,configs/parameter_provenance.csv,86c4261fcb9616a643db79340fe0b7398ba10a5c46464e67e8b697bcfc3a4ec9
sod_plus_h2o2_loss,SOD + H2O2 loss,0.09916666666666667,1e-05,8.033759624843952e-07,2.418851804366377e-09,8.009571106800289e-07,1.305642728343342e-06,3.292669290414461e-06,1e-05,0.0,7.4,4.88,760000.0,85000000.0,2370000000.0,1e-08,20.0,analytic Riccati radical-pool solution plus integrating-factor adaptive quadrature for H2O2,241,"[""fixed pH"", ""rapid HO2/O2-minus acid-base equilibrium"", ""constant SOD concentration"", ""constant elementary rate coefficients"", ""single-pulse radical decay with no continuous source"", ""first-order H2O2 loss when enabled""]",True,illustrative single-pulse molar concentration,M except time_s and rate fields,"Fixed pH, rapid equilibrium, constant SOD and rates, single pulse; not continuously driven cellular ROS.",1d8208b504af787754e184f77640f85675b5b634,01e64b526ae9ed2d5f192ae14068302e806c1e8b44576f4b4eb4b5f83a8e8039,configs/doxorubicin_parameters.json,b14b641f69afb70af9ff7557a062c2ce00e0b0cb74381ba69fcfaad4f17f04af,configs/parameter_provenance.csv,86c4261fcb9616a643db79340fe0b7398ba10a5c46464e67e8b697bcfc3a4ec9
sod_plus_h2o2_loss,SOD + H2O2 loss,0.09958333333333334,1e-05,7.953701171583887e-07,2.394747332342589e-09,7.929753698260461e-07,1.2987938432798181e-06,3.3035210981409877e-06,1e-05,0.0,7.4,4.88,760000.0,85000000.0,2370000000.0,1e-08,20.0,analytic Riccati radical-pool solution plus integrating-factor adaptive quadrature for H2O2,241,"[""fixed pH"", ""rapid HO2/O2-minus acid-base equilibrium"", ""constant SOD concentration"", ""constant elementary rate coefficients"", ""single-pulse radical decay with no continuous source"", ""first-order H2O2 loss when enabled""]",True,illustrative single-pulse molar concentration,M except time_s and rate fields,"Fixed pH, rapid equilibrium, constant SOD and rates, single pulse; not continuously driven cellular ROS.",1d8208b504af787754e184f77640f85675b5b634,01e64b526ae9ed2d5f192ae14068302e806c1e8b44576f4b4eb4b5f83a8e8039,configs/doxorubicin_parameters.json,b14b641f69afb70af9ff7557a062c2ce00e0b0cb74381ba69fcfaad4f17f04af,configs/parameter_provenance.csv,86c4261fcb9616a643db79340fe0b7398ba10a5c46464e67e8b697bcfc3a4ec9
sod_plus_h2o2_loss,SOD + H2O2 loss,0.1,1e-05,7.874453857812864e-07,2.370887082987674e-09,7.850744986982988e-07,1.291961406948646e-06,3.3143159001607112e-06,1e-05,0.0,7.4,4.88,760000.0,85000000.0,2370000000.0,1e-08,20.0,analytic Riccati radical-pool solution plus integrating-factor adaptive quadrature for H2O2,241,"[""fixed pH"", ""rapid HO2/O2-minus acid-base equilibrium"", ""constant SOD concentration"", ""constant elementary rate coefficients"", ""single-pulse radical decay with no continuous source"", ""first-order H2O2 loss when enabled""]",True,illustrative single-pulse molar concentration,M except time_s and rate fields,"Fixed pH, rapid equilibrium, constant SOD and rates, single pulse; not continuously driven cellular ROS.",1d8208b504af787754e184f77640f85675b5b634,01e64b526ae9ed2d5f192ae14068302e806c1e8b44576f4b4eb4b5f83a8e8039,configs/doxorubicin_parameters.json,b14b641f69afb70af9ff7557a062c2ce00e0b0cb74381ba69fcfaad4f17f04af,configs/parameter_provenance.csv,86c4261fcb9616a643db79340fe0b7398ba10a5c46464e67e8b697bcfc3a4ec9
