scenario_id,initial_state,initial_state_definition,p_doublet_requested,p_doublet_initial,reference_rate_s^-1,duration_over_reference,duration_s,mixing_over_reference,local_mixing_proxy_rad_s,radical_relaxation_over_reference,radical_relaxation_s^-1,oxygen_relaxation_over_reference,oxygen_relaxation_s^-1,escape_over_reference,k_escape_s^-1,kd_over_reference,k_doublet_s^-1,kq_over_kd,k_quartet_s^-1,final_doublet_population,final_quartet_population,final_total_survival,doublet_reaction_yield_per_encounter,quartet_reaction_yield_per_encounter,primary_superoxide_yield_per_encounter,escape_yield_per_encounter,unresolved_probability,probability_balance,probability_balance_error,solver,solver_samples,output_class,units,non_predictive,limitations,git_commit,source_fingerprint_sha256,config_path,config_sha256,provenance_path,provenance_sha256
selectivity_unpolarized,unpolarized,unpolarized I6/6,,0.33333333333333337,1000000.0,8.0,8e-06,0.0,0.0,0.1,100000.0,0.1,100000.0,0.1,100000.0,1.0,1000000.0,0.0,0.0,0.01228592013956543,0.1978700522282283,0.21015597236779376,0.43098818556707025,0.0,0.43098818556707025,0.35885584206513566,0.21015597236779376,0.9999999999999996,4.440892098500626e-16,constant-generator matrix exponential Pade(13),2,dimensionless populations/per-encounter yields,dimensionless per encounter unless field name gives s^-1 or s,True,"Illustrative one-factor-at-a-time grid; bounds are not measured ranges or probability priors. Results are populations and per-encounter yields, not concentrations or biological fluxes. No encounter yield is converted to molarity, and no continuous biological ROS source is modeled.",4e863b04abf00d77462be6bdf33a6b2ad343ab81,485e6c100ae04a17802c8cfb09694c7b6fe9783be2b477e00a0a465bb075e0f8,configs/doxorubicin_parameters.json,0b7d200aedee3aed703b810ad54927a2126d9ee0952f6ef87cf5ebb57992d345,configs/parameter_provenance.csv,86c4261fcb9616a643db79340fe0b7398ba10a5c46464e67e8b697bcfc3a4ec9
selectivity_unpolarized,unpolarized,unpolarized I6/6,,0.33333333333333337,1000000.0,8.0,8e-06,0.0,0.0,0.1,100000.0,0.1,100000.0,0.1,100000.0,1.0,1000000.0,0.01,10000.0,0.011459573728793667,0.1828428670481111,0.19430244077690484,0.4264080582362314,0.03060442683302186,0.45701248506925324,0.3486850741538417,0.19430244077690484,0.9999999999999998,2.220446049250313e-16,constant-generator matrix exponential Pade(13),2,dimensionless populations/per-encounter yields,dimensionless per encounter unless field name gives s^-1 or s,True,"Illustrative one-factor-at-a-time grid; bounds are not measured ranges or probability priors. Results are populations and per-encounter yields, not concentrations or biological fluxes. No encounter yield is converted to molarity, and no continuous biological ROS source is modeled.",4e863b04abf00d77462be6bdf33a6b2ad343ab81,485e6c100ae04a17802c8cfb09694c7b6fe9783be2b477e00a0a465bb075e0f8,configs/doxorubicin_parameters.json,0b7d200aedee3aed703b810ad54927a2126d9ee0952f6ef87cf5ebb57992d345,configs/parameter_provenance.csv,86c4261fcb9616a643db79340fe0b7398ba10a5c46464e67e8b697bcfc3a4ec9
selectivity_unpolarized,unpolarized,unpolarized I6/6,,0.33333333333333337,1000000.0,8.0,8e-06,0.0,0.0,0.1,100000.0,0.1,100000.0,0.1,100000.0,1.0,1000000.0,0.015848931924611134,15848.931924611134,0.011002806158059814,0.17458963362326202,0.1855924397813219,0.4238190825880085,0.04763705734696315,0.47145613993497165,0.3429514202837063,0.1855924397813219,0.9999999999999999,1.1102230246251565e-16,constant-generator matrix exponential Pade(13),2,dimensionless populations/per-encounter yields,dimensionless per encounter unless field name gives s^-1 or s,True,"Illustrative one-factor-at-a-time grid; bounds are not measured ranges or probability priors. Results are populations and per-encounter yields, not concentrations or biological fluxes. No encounter yield is converted to molarity, and no continuous biological ROS source is modeled.",4e863b04abf00d77462be6bdf33a6b2ad343ab81,485e6c100ae04a17802c8cfb09694c7b6fe9783be2b477e00a0a465bb075e0f8,configs/doxorubicin_parameters.json,0b7d200aedee3aed703b810ad54927a2126d9ee0952f6ef87cf5ebb57992d345,configs/parameter_provenance.csv,86c4261fcb9616a643db79340fe0b7398ba10a5c46464e67e8b697bcfc3a4ec9
selectivity_unpolarized,unpolarized,unpolarized I6/6,,0.33333333333333337,1000000.0,8.0,8e-06,0.0,0.0,0.1,100000.0,0.1,100000.0,0.1,100000.0,1.0,1000000.0,0.025118864315095794,25118.864315095794,0.010316674947594945,0.1622674929176457,0.17258416786524064,0.41984608253497957,0.07339487623517708,0.49324095877015667,0.33417487336460266,0.17258416786524064,1.0,0.0,constant-generator matrix exponential Pade(13),2,dimensionless populations/per-encounter yields,dimensionless per encounter unless field name gives s^-1 or s,True,"Illustrative one-factor-at-a-time grid; bounds are not measured ranges or probability priors. Results are populations and per-encounter yields, not concentrations or biological fluxes. No encounter yield is converted to molarity, and no continuous biological ROS source is modeled.",4e863b04abf00d77462be6bdf33a6b2ad343ab81,485e6c100ae04a17802c8cfb09694c7b6fe9783be2b477e00a0a465bb075e0f8,configs/doxorubicin_parameters.json,0b7d200aedee3aed703b810ad54927a2126d9ee0952f6ef87cf5ebb57992d345,configs/parameter_provenance.csv,86c4261fcb9616a643db79340fe0b7398ba10a5c46464e67e8b697bcfc3a4ec9
selectivity_unpolarized,unpolarized,unpolarized I6/6,,0.33333333333333337,1000000.0,8.0,8e-06,0.0,0.0,0.1,100000.0,0.1,100000.0,0.1,100000.0,1.0,1000000.0,0.039810717055349734,39810.717055349734,0.009317642375701703,0.14449952168757257,0.15381716406327428,0.41386044896712876,0.11131804792014315,0.5251784968872719,0.32100433904945364,0.15381716406327428,0.9999999999999999,1.1102230246251565e-16,constant-generator matrix exponential Pade(13),2,dimensionless populations/per-encounter yields,dimensionless per encounter unless field name gives s^-1 or s,True,"Illustrative one-factor-at-a-time grid; bounds are not measured ranges or probability priors. Results are populations and per-encounter yields, not concentrations or biological fluxes. No encounter yield is converted to molarity, and no continuous biological ROS source is modeled.",4e863b04abf00d77462be6bdf33a6b2ad343ab81,485e6c100ae04a17802c8cfb09694c7b6fe9783be2b477e00a0a465bb075e0f8,configs/doxorubicin_parameters.json,0b7d200aedee3aed703b810ad54927a2126d9ee0952f6ef87cf5ebb57992d345,configs/parameter_provenance.csv,86c4261fcb9616a643db79340fe0b7398ba10a5c46464e67e8b697bcfc3a4ec9
selectivity_unpolarized,unpolarized,unpolarized I6/6,,0.33333333333333337,1000000.0,8.0,8e-06,0.0,0.0,0.1,100000.0,0.1,100000.0,0.1,100000.0,1.0,1000000.0,0.06309573444801933,63095.73444801933,0.007932744011068034,0.12024833296805049,0.1281810769791185,0.4050961448106529,0.16488617981285314,0.5699823246235061,0.3018365983973752,0.1281810769791185,0.9999999999999998,2.220446049250313e-16,constant-generator matrix exponential Pade(13),2,dimensionless populations/per-encounter yields,dimensionless per encounter unless field name gives s^-1 or s,True,"Illustrative one-factor-at-a-time grid; bounds are not measured ranges or probability priors. Results are populations and per-encounter yields, not concentrations or biological fluxes. No encounter yield is converted to molarity, and no continuous biological ROS source is modeled.",4e863b04abf00d77462be6bdf33a6b2ad343ab81,485e6c100ae04a17802c8cfb09694c7b6fe9783be2b477e00a0a465bb075e0f8,configs/doxorubicin_parameters.json,0b7d200aedee3aed703b810ad54927a2126d9ee0952f6ef87cf5ebb57992d345,configs/parameter_provenance.csv,86c4261fcb9616a643db79340fe0b7398ba10a5c46464e67e8b697bcfc3a4ec9
selectivity_unpolarized,unpolarized,unpolarized I6/6,,0.33333333333333337,1000000.0,8.0,8e-06,0.0,0.0,0.1,100000.0,0.1,100000.0,0.1,100000.0,1.0,1000000.0,0.1,100000.0,0.006155451370679114,0.08989199407912368,0.09604744544980279,0.39280962509128314,0.23593098347489272,0.6287406085661759,0.275211945984021,0.09604744544980279,0.9999999999999997,3.3306690738754696e-16,constant-generator matrix exponential Pade(13),2,dimensionless populations/per-encounter yields,dimensionless per encounter unless field name gives s^-1 or s,True,"Illustrative one-factor-at-a-time grid; bounds are not measured ranges or probability priors. Results are populations and per-encounter yields, not concentrations or biological fluxes. No encounter yield is converted to molarity, and no continuous biological ROS source is modeled.",4e863b04abf00d77462be6bdf33a6b2ad343ab81,485e6c100ae04a17802c8cfb09694c7b6fe9783be2b477e00a0a465bb075e0f8,configs/doxorubicin_parameters.json,0b7d200aedee3aed703b810ad54927a2126d9ee0952f6ef87cf5ebb57992d345,configs/parameter_provenance.csv,86c4261fcb9616a643db79340fe0b7398ba10a5c46464e67e8b697bcfc3a4ec9
selectivity_unpolarized,unpolarized,unpolarized I6/6,,0.33333333333333337,1000000.0,8.0,8e-06,0.0,0.0,0.1,100000.0,0.1,100000.0,0.1,100000.0,1.0,1000000.0,0.15848931924611143,158489.31924611144,0.004133298403288119,0.0567186255246511,0.06085192392793922,0.3766658841164064,0.321783770323729,0.6984496544401354,0.240698421631925,0.06085192392793922,0.9999999999999997,3.3306690738754696e-16,constant-generator matrix exponential Pade(13),2,dimensionless populations/per-encounter yields,dimensionless per encounter unless field name gives s^-1 or s,True,"Illustrative one-factor-at-a-time grid; bounds are not measured ranges or probability priors. Results are populations and per-encounter yields, not concentrations or biological fluxes. No encounter yield is converted to molarity, and no continuous biological ROS source is modeled.",4e863b04abf00d77462be6bdf33a6b2ad343ab81,485e6c100ae04a17802c8cfb09694c7b6fe9783be2b477e00a0a465bb075e0f8,configs/doxorubicin_parameters.json,0b7d200aedee3aed703b810ad54927a2126d9ee0952f6ef87cf5ebb57992d345,configs/parameter_provenance.csv,86c4261fcb9616a643db79340fe0b7398ba10a5c46464e67e8b697bcfc3a4ec9
selectivity_unpolarized,unpolarized,unpolarized I6/6,,0.33333333333333337,1000000.0,8.0,8e-06,0.0,0.0,0.1,100000.0,0.1,100000.0,0.1,100000.0,1.0,1000000.0,0.25118864315095807,251188.64315095806,0.0022231478063660967,0.027387779870546428,0.029610927676912528,0.35732851570110813,0.41293522929526916,0.7702637449963773,0.20012532732671,0.029610927676912528,0.9999999999999998,2.220446049250313e-16,constant-generator matrix exponential Pade(13),2,dimensionless populations/per-encounter yields,dimensionless per encounter unless field name gives s^-1 or s,True,"Illustrative one-factor-at-a-time grid; bounds are not measured ranges or probability priors. Results are populations and per-encounter yields, not concentrations or biological fluxes. No encounter yield is converted to molarity, and no continuous biological ROS source is modeled.",4e863b04abf00d77462be6bdf33a6b2ad343ab81,485e6c100ae04a17802c8cfb09694c7b6fe9783be2b477e00a0a465bb075e0f8,configs/doxorubicin_parameters.json,0b7d200aedee3aed703b810ad54927a2126d9ee0952f6ef87cf5ebb57992d345,configs/parameter_provenance.csv,86c4261fcb9616a643db79340fe0b7398ba10a5c46464e67e8b697bcfc3a4ec9
selectivity_unpolarized,unpolarized,unpolarized I6/6,,0.33333333333333337,1000000.0,8.0,8e-06,0.0,0.0,0.1,100000.0,0.1,100000.0,0.1,100000.0,1.0,1000000.0,0.3981071705534973,398107.17055349733,0.0008627830929642606,0.008692984250562974,0.009555767343527236,0.3368433883871275,0.49546206227499945,0.832305450662127,0.15813878199434533,0.009555767343527236,0.9999999999999997,3.3306690738754696e-16,constant-generator matrix exponential Pade(13),2,dimensionless populations/per-encounter yields,dimensionless per encounter unless field name gives s^-1 or s,True,"Illustrative one-factor-at-a-time grid; bounds are not measured ranges or probability priors. Results are populations and per-encounter yields, not concentrations or biological fluxes. No encounter yield is converted to molarity, and no continuous biological ROS source is modeled.",4e863b04abf00d77462be6bdf33a6b2ad343ab81,485e6c100ae04a17802c8cfb09694c7b6fe9783be2b477e00a0a465bb075e0f8,configs/doxorubicin_parameters.json,0b7d200aedee3aed703b810ad54927a2126d9ee0952f6ef87cf5ebb57992d345,configs/parameter_provenance.csv,86c4261fcb9616a643db79340fe0b7398ba10a5c46464e67e8b697bcfc3a4ec9
selectivity_unpolarized,unpolarized,unpolarized I6/6,,0.33333333333333337,1000000.0,8.0,8e-06,0.0,0.0,0.1,100000.0,0.1,100000.0,0.1,100000.0,1.0,1000000.0,0.6309573444801934,630957.3444801933,0.00022250271433800738,0.0014479470215698418,0.0016704497359078493,0.3180447670199862,0.5597637334836256,0.8778085005036118,0.12052104976048011,0.0016704497359078493,0.9999999999999997,3.3306690738754696e-16,constant-generator matrix exponential Pade(13),2,dimensionless populations/per-encounter yields,dimensionless per encounter unless field name gives s^-1 or s,True,"Illustrative one-factor-at-a-time grid; bounds are not measured ranges or probability priors. Results are populations and per-encounter yields, not concentrations or biological fluxes. No encounter yield is converted to molarity, and no continuous biological ROS source is modeled.",4e863b04abf00d77462be6bdf33a6b2ad343ab81,485e6c100ae04a17802c8cfb09694c7b6fe9783be2b477e00a0a465bb075e0f8,configs/doxorubicin_parameters.json,0b7d200aedee3aed703b810ad54927a2126d9ee0952f6ef87cf5ebb57992d345,configs/parameter_provenance.csv,86c4261fcb9616a643db79340fe0b7398ba10a5c46464e67e8b697bcfc3a4ec9
selectivity_unpolarized,unpolarized,unpolarized I6/6,,0.33333333333333337,1000000.0,8.0,8e-06,0.0,0.0,0.1,100000.0,0.1,100000.0,0.1,100000.0,1.0,1000000.0,1.0,1000000.0,5.024435836515896e-05,0.00010048871673031794,0.00015073307509547694,0.3029846263408799,0.6059692526817599,0.9089538790226399,0.09089538790226398,0.00015073307509547694,0.9999999999999994,5.551115123125783e-16,constant-generator matrix exponential Pade(13),2,dimensionless populations/per-encounter yields,dimensionless per encounter unless field name gives s^-1 or s,True,"Illustrative one-factor-at-a-time grid; bounds are not measured ranges or probability priors. Results are populations and per-encounter yields, not concentrations or biological fluxes. No encounter yield is converted to molarity, and no continuous biological ROS source is modeled.",4e863b04abf00d77462be6bdf33a6b2ad343ab81,485e6c100ae04a17802c8cfb09694c7b6fe9783be2b477e00a0a465bb075e0f8,configs/doxorubicin_parameters.json,0b7d200aedee3aed703b810ad54927a2126d9ee0952f6ef87cf5ebb57992d345,configs/parameter_provenance.csv,86c4261fcb9616a643db79340fe0b7398ba10a5c46464e67e8b697bcfc3a4ec9
selectivity_unpolarized,unpolarized,unpolarized I6/6,,0.33333333333333337,1000000.0,8.0,8e-06,0.0,0.0,0.1,100000.0,0.1,100000.0,0.1,100000.0,1.0,1000000.0,1.584893192461114,1584893.1924611141,2.3880047789158842e-05,6.372700077088437e-06,3.0252747866247278e-05,0.2920260037281034,0.6384572161825435,0.9304832199106469,0.06948652734148578,3.0252747866247278e-05,0.9999999999999989,1.1102230246251565e-15,constant-generator matrix exponential Pade(13),2,dimensionless populations/per-encounter yields,dimensionless per encounter unless field name gives s^-1 or s,True,"Illustrative one-factor-at-a-time grid; bounds are not measured ranges or probability priors. Results are populations and per-encounter yields, not concentrations or biological fluxes. No encounter yield is converted to molarity, and no continuous biological ROS source is modeled.",4e863b04abf00d77462be6bdf33a6b2ad343ab81,485e6c100ae04a17802c8cfb09694c7b6fe9783be2b477e00a0a465bb075e0f8,configs/doxorubicin_parameters.json,0b7d200aedee3aed703b810ad54927a2126d9ee0952f6ef87cf5ebb57992d345,configs/parameter_provenance.csv,86c4261fcb9616a643db79340fe0b7398ba10a5c46464e67e8b697bcfc3a4ec9
selectivity_unpolarized,unpolarized,unpolarized I6/6,,0.33333333333333337,1000000.0,8.0,8e-06,0.0,0.0,0.1,100000.0,0.1,100000.0,0.1,100000.0,1.0,1000000.0,2.5118864315095824,2511886.4315095823,1.974513894748863e-05,1.8142623605947516e-06,2.1559401308083384e-05,0.284473204247053,0.6607528703614616,0.9452260746085146,0.054752365990175585,2.1559401308083384e-05,0.9999999999999983,1.6653345369377348e-15,constant-generator matrix exponential Pade(13),2,dimensionless populations/per-encounter yields,dimensionless per encounter unless field name gives s^-1 or s,True,"Illustrative one-factor-at-a-time grid; bounds are not measured ranges or probability priors. Results are populations and per-encounter yields, not concentrations or biological fluxes. No encounter yield is converted to molarity, and no continuous biological ROS source is modeled.",4e863b04abf00d77462be6bdf33a6b2ad343ab81,485e6c100ae04a17802c8cfb09694c7b6fe9783be2b477e00a0a465bb075e0f8,configs/doxorubicin_parameters.json,0b7d200aedee3aed703b810ad54927a2126d9ee0952f6ef87cf5ebb57992d345,configs/parameter_provenance.csv,86c4261fcb9616a643db79340fe0b7398ba10a5c46464e67e8b697bcfc3a4ec9
selectivity_unpolarized,unpolarized,unpolarized I6/6,,0.33333333333333337,1000000.0,8.0,8e-06,0.0,0.0,0.1,100000.0,0.1,100000.0,0.1,100000.0,1.0,1000000.0,3.981071705534973,3981071.705534973,1.8508879989578185e-05,8.458925150296486e-07,1.9354772504607833e-05,0.2794289112034045,0.6756375938574652,0.9550665050608698,0.04491414016662393,1.9354772504607833e-05,0.9999999999999983,1.6653345369377348e-15,constant-generator matrix exponential Pade(13),2,dimensionless populations/per-encounter yields,dimensionless per encounter unless field name gives s^-1 or s,True,"Illustrative one-factor-at-a-time grid; bounds are not measured ranges or probability priors. Results are populations and per-encounter yields, not concentrations or biological fluxes. No encounter yield is converted to molarity, and no continuous biological ROS source is modeled.",4e863b04abf00d77462be6bdf33a6b2ad343ab81,485e6c100ae04a17802c8cfb09694c7b6fe9783be2b477e00a0a465bb075e0f8,configs/doxorubicin_parameters.json,0b7d200aedee3aed703b810ad54927a2126d9ee0952f6ef87cf5ebb57992d345,configs/parameter_provenance.csv,86c4261fcb9616a643db79340fe0b7398ba10a5c46464e67e8b697bcfc3a4ec9
selectivity_unpolarized,unpolarized,unpolarized I6/6,,0.33333333333333337,1000000.0,8.0,8e-06,0.0,0.0,0.1,100000.0,0.1,100000.0,0.1,100000.0,1.0,1000000.0,6.309573444801936,6309573.444801936,1.7967644000417703e-05,4.5679081653578497e-07,1.842443481695349e-05,0.27612733693661373,0.6853789801361674,0.9615063170727811,0.038475258492398884,1.842443481695349e-05,0.9999999999999969,3.1086244689504383e-15,constant-generator matrix exponential Pade(13),2,dimensionless populations/per-encounter yields,dimensionless per encounter unless field name gives s^-1 or s,True,"Illustrative one-factor-at-a-time grid; bounds are not measured ranges or probability priors. Results are populations and per-encounter yields, not concentrations or biological fluxes. No encounter yield is converted to molarity, and no continuous biological ROS source is modeled.",4e863b04abf00d77462be6bdf33a6b2ad343ab81,485e6c100ae04a17802c8cfb09694c7b6fe9783be2b477e00a0a465bb075e0f8,configs/doxorubicin_parameters.json,0b7d200aedee3aed703b810ad54927a2126d9ee0952f6ef87cf5ebb57992d345,configs/parameter_provenance.csv,86c4261fcb9616a643db79340fe0b7398ba10a5c46464e67e8b697bcfc3a4ec9
selectivity_unpolarized,unpolarized,unpolarized I6/6,,0.33333333333333337,1000000.0,8.0,8e-06,0.0,0.0,0.1,100000.0,0.1,100000.0,0.1,100000.0,1.0,1000000.0,10.0,10000000.0,1.7688116164986143e-05,2.6397233494862904e-07,1.795208849993477e-05,0.2739946916643382,0.6916711753274503,0.9656658669917885,0.03431618091970834,1.795208849993477e-05,0.9999999999999968,3.219646771412954e-15,constant-generator matrix exponential Pade(13),2,dimensionless populations/per-encounter yields,dimensionless per encounter unless field name gives s^-1 or s,True,"Illustrative one-factor-at-a-time grid; bounds are not measured ranges or probability priors. Results are populations and per-encounter yields, not concentrations or biological fluxes. No encounter yield is converted to molarity, and no continuous biological ROS source is modeled.",4e863b04abf00d77462be6bdf33a6b2ad343ab81,485e6c100ae04a17802c8cfb09694c7b6fe9783be2b477e00a0a465bb075e0f8,configs/doxorubicin_parameters.json,0b7d200aedee3aed703b810ad54927a2126d9ee0952f6ef87cf5ebb57992d345,configs/parameter_provenance.csv,86c4261fcb9616a643db79340fe0b7398ba10a5c46464e67e8b697bcfc3a4ec9
selectivity_unpolarized,unpolarized,unpolarized I6/6,,0.33333333333333337,1000000.0,8.0,8e-06,0.0,0.0,0.1,100000.0,0.1,100000.0,1.0,1000000.0,1.0,1000000.0,0.0,0.0,9.17249361904882e-06,0.00014772697289634778,0.0001568994665153966,0.17646192685674097,0.0,0.17646192685674097,0.8233811736767429,0.0001568994665153966,0.9999999999999993,6.661338147750939e-16,constant-generator matrix exponential Pade(13),2,dimensionless populations/per-encounter yields,dimensionless per encounter unless field name gives s^-1 or s,True,"Illustrative one-factor-at-a-time grid; bounds are not measured ranges or probability priors. Results are populations and per-encounter yields, not concentrations or biological fluxes. No encounter yield is converted to molarity, and no continuous biological ROS source is modeled.",4e863b04abf00d77462be6bdf33a6b2ad343ab81,485e6c100ae04a17802c8cfb09694c7b6fe9783be2b477e00a0a465bb075e0f8,configs/doxorubicin_parameters.json,0b7d200aedee3aed703b810ad54927a2126d9ee0952f6ef87cf5ebb57992d345,configs/parameter_provenance.csv,86c4261fcb9616a643db79340fe0b7398ba10a5c46464e67e8b697bcfc3a4ec9
selectivity_unpolarized,unpolarized,unpolarized I6/6,,0.33333333333333337,1000000.0,8.0,8e-06,0.0,0.0,0.1,100000.0,0.1,100000.0,1.0,1000000.0,1.0,1000000.0,0.01,10000.0,8.55555511596359e-06,0.00013650788970102402,0.0001450634448169876,0.1762740477824934,0.006408978623665303,0.1826830264061587,0.8171719101490236,0.0001450634448169876,0.9999999999999993,6.661338147750939e-16,constant-generator matrix exponential Pade(13),2,dimensionless populations/per-encounter yields,dimensionless per encounter unless field name gives s^-1 or s,True,"Illustrative one-factor-at-a-time grid; bounds are not measured ranges or probability priors. Results are populations and per-encounter yields, not concentrations or biological fluxes. No encounter yield is converted to molarity, and no continuous biological ROS source is modeled.",4e863b04abf00d77462be6bdf33a6b2ad343ab81,485e6c100ae04a17802c8cfb09694c7b6fe9783be2b477e00a0a465bb075e0f8,configs/doxorubicin_parameters.json,0b7d200aedee3aed703b810ad54927a2126d9ee0952f6ef87cf5ebb57992d345,configs/parameter_provenance.csv,86c4261fcb9616a643db79340fe0b7398ba10a5c46464e67e8b697bcfc3a4ec9
selectivity_unpolarized,unpolarized,unpolarized I6/6,,0.33333333333333337,1000000.0,8.0,8e-06,0.0,0.0,0.1,100000.0,0.1,100000.0,1.0,1000000.0,1.0,1000000.0,0.015848931924611134,15848.931924611134,8.21453892992701e-06,0.0001303461427528115,0.0001385606816827385,0.1761657552350882,0.010102543241364635,0.18626829847645285,0.8135931408418637,0.0001385606816827385,0.9999999999999993,6.661338147750939e-16,constant-generator matrix exponential Pade(13),2,dimensionless populations/per-encounter yields,dimensionless per encounter unless field name gives s^-1 or s,True,"Illustrative one-factor-at-a-time grid; bounds are not measured ranges or probability priors. Results are populations and per-encounter yields, not concentrations or biological fluxes. No encounter yield is converted to molarity, and no continuous biological ROS source is modeled.",4e863b04abf00d77462be6bdf33a6b2ad343ab81,485e6c100ae04a17802c8cfb09694c7b6fe9783be2b477e00a0a465bb075e0f8,configs/doxorubicin_parameters.json,0b7d200aedee3aed703b810ad54927a2126d9ee0952f6ef87cf5ebb57992d345,configs/parameter_provenance.csv,86c4261fcb9616a643db79340fe0b7398ba10a5c46464e67e8b697bcfc3a4ec9
selectivity_unpolarized,unpolarized,unpolarized I6/6,,0.33333333333333337,1000000.0,8.0,8e-06,0.0,0.0,0.1,100000.0,0.1,100000.0,1.0,1000000.0,1.0,1000000.0,0.025118864315095794,25118.864315095794,7.702283105509594e-06,0.00012114660737317761,0.00012884889047868722,0.17599648292828923,0.0158751973010975,0.19187168022938672,0.8079994708801337,0.00012884889047868722,0.9999999999999991,8.881784197001252e-16,constant-generator matrix exponential Pade(13),2,dimensionless populations/per-encounter yields,dimensionless per encounter unless field name gives s^-1 or s,True,"Illustrative one-factor-at-a-time grid; bounds are not measured ranges or probability priors. Results are populations and per-encounter yields, not concentrations or biological fluxes. No encounter yield is converted to molarity, and no continuous biological ROS source is modeled.",4e863b04abf00d77462be6bdf33a6b2ad343ab81,485e6c100ae04a17802c8cfb09694c7b6fe9783be2b477e00a0a465bb075e0f8,configs/doxorubicin_parameters.json,0b7d200aedee3aed703b810ad54927a2126d9ee0952f6ef87cf5ebb57992d345,configs/parameter_provenance.csv,86c4261fcb9616a643db79340fe0b7398ba10a5c46464e67e8b697bcfc3a4ec9
selectivity_unpolarized,unpolarized,unpolarized I6/6,,0.33333333333333337,1000000.0,8.0,8e-06,0.0,0.0,0.1,100000.0,0.1,100000.0,1.0,1000000.0,1.0,1000000.0,0.039810717055349734,39810.717055349734,6.956419565228045e-06,0.00010788129220915983,0.00011483771177438788,0.17573397611660735,0.024825628030091924,0.20055960414669927,0.7993255581415255,0.00011483771177438788,0.9999999999999991,8.881784197001252e-16,constant-generator matrix exponential Pade(13),2,dimensionless populations/per-encounter yields,dimensionless per encounter unless field name gives s^-1 or s,True,"Illustrative one-factor-at-a-time grid; bounds are not measured ranges or probability priors. Results are populations and per-encounter yields, not concentrations or biological fluxes. No encounter yield is converted to molarity, and no continuous biological ROS source is modeled.",4e863b04abf00d77462be6bdf33a6b2ad343ab81,485e6c100ae04a17802c8cfb09694c7b6fe9783be2b477e00a0a465bb075e0f8,configs/doxorubicin_parameters.json,0b7d200aedee3aed703b810ad54927a2126d9ee0952f6ef87cf5ebb57992d345,configs/parameter_provenance.csv,86c4261fcb9616a643db79340fe0b7398ba10a5c46464e67e8b697bcfc3a4ec9
selectivity_unpolarized,unpolarized,unpolarized I6/6,,0.33333333333333337,1000000.0,8.0,8e-06,0.0,0.0,0.1,100000.0,0.1,100000.0,1.0,1000000.0,1.0,1000000.0,0.06309573444801933,63095.73444801933,5.9224741001484985e-06,8.977569887490021e-05,9.56981729750487e-05,0.1753318359124783,0.038533043691257714,0.213864879603736,0.7860394222232884,9.56981729750487e-05,0.9999999999999994,5.551115123125783e-16,constant-generator matrix exponential Pade(13),2,dimensionless populations/per-encounter yields,dimensionless per encounter unless field name gives s^-1 or s,True,"Illustrative one-factor-at-a-time grid; bounds are not measured ranges or probability priors. Results are populations and per-encounter yields, not concentrations or biological fluxes. No encounter yield is converted to molarity, and no continuous biological ROS source is modeled.",4e863b04abf00d77462be6bdf33a6b2ad343ab81,485e6c100ae04a17802c8cfb09694c7b6fe9783be2b477e00a0a465bb075e0f8,configs/doxorubicin_parameters.json,0b7d200aedee3aed703b810ad54927a2126d9ee0952f6ef87cf5ebb57992d345,configs/parameter_provenance.csv,86c4261fcb9616a643db79340fe0b7398ba10a5c46464e67e8b697bcfc3a4ec9
selectivity_unpolarized,unpolarized,unpolarized I6/6,,0.33333333333333337,1000000.0,8.0,8e-06,0.0,0.0,0.1,100000.0,0.1,100000.0,1.0,1000000.0,1.0,1000000.0,0.1,100000.0,4.595572637501802e-06,6.711208706615418e-05,7.170765970365598e-05,0.17472721681160674,0.05913398715609835,0.2338612039677051,0.7660670883725904,7.170765970365598e-05,0.9999999999999991,8.881784197001252e-16,constant-generator matrix exponential Pade(13),2,dimensionless populations/per-encounter yields,dimensionless per encounter unless field name gives s^-1 or s,True,"Illustrative one-factor-at-a-time grid; bounds are not measured ranges or probability priors. Results are populations and per-encounter yields, not concentrations or biological fluxes. No encounter yield is converted to molarity, and no continuous biological ROS source is modeled.",4e863b04abf00d77462be6bdf33a6b2ad343ab81,485e6c100ae04a17802c8cfb09694c7b6fe9783be2b477e00a0a465bb075e0f8,configs/doxorubicin_parameters.json,0b7d200aedee3aed703b810ad54927a2126d9ee0952f6ef87cf5ebb57992d345,configs/parameter_provenance.csv,86c4261fcb9616a643db79340fe0b7398ba10a5c46464e67e8b697bcfc3a4ec9
selectivity_unpolarized,unpolarized,unpolarized I6/6,,0.33333333333333337,1000000.0,8.0,8e-06,0.0,0.0,0.1,100000.0,0.1,100000.0,1.0,1000000.0,1.0,1000000.0,0.15848931924611143,158489.31924611144,3.085861929680904e-06,4.2345320887335836e-05,4.543118281701674e-05,0.1738433394213246,0.08923474056319683,0.26307807998452143,0.7368764888326609,4.543118281701674e-05,0.9999999999999992,7.771561172376096e-16,constant-generator matrix exponential Pade(13),2,dimensionless populations/per-encounter yields,dimensionless per encounter unless field name gives s^-1 or s,True,"Illustrative one-factor-at-a-time grid; bounds are not measured ranges or probability priors. Results are populations and per-encounter yields, not concentrations or biological fluxes. No encounter yield is converted to molarity, and no continuous biological ROS source is modeled.",4e863b04abf00d77462be6bdf33a6b2ad343ab81,485e6c100ae04a17802c8cfb09694c7b6fe9783be2b477e00a0a465bb075e0f8,configs/doxorubicin_parameters.json,0b7d200aedee3aed703b810ad54927a2126d9ee0952f6ef87cf5ebb57992d345,configs/parameter_provenance.csv,86c4261fcb9616a643db79340fe0b7398ba10a5c46464e67e8b697bcfc3a4ec9
selectivity_unpolarized,unpolarized,unpolarized I6/6,,0.33333333333333337,1000000.0,8.0,8e-06,0.0,0.0,0.1,100000.0,0.1,100000.0,1.0,1000000.0,1.0,1000000.0,0.25118864315095807,251188.64315095806,1.6597706021566702e-06,2.0447327774294457e-05,2.2107098376451127e-05,0.17260296979886014,0.13145202318134047,0.3040549929802006,0.695922899921422,2.2107098376451127e-05,0.999999999999999,9.992007221626409e-16,constant-generator matrix exponential Pade(13),2,dimensionless populations/per-encounter yields,dimensionless per encounter unless field name gives s^-1 or s,True,"Illustrative one-factor-at-a-time grid; bounds are not measured ranges or probability priors. Results are populations and per-encounter yields, not concentrations or biological fluxes. No encounter yield is converted to molarity, and no continuous biological ROS source is modeled.",4e863b04abf00d77462be6bdf33a6b2ad343ab81,485e6c100ae04a17802c8cfb09694c7b6fe9783be2b477e00a0a465bb075e0f8,configs/doxorubicin_parameters.json,0b7d200aedee3aed703b810ad54927a2126d9ee0952f6ef87cf5ebb57992d345,configs/parameter_provenance.csv,86c4261fcb9616a643db79340fe0b7398ba10a5c46464e67e8b697bcfc3a4ec9
selectivity_unpolarized,unpolarized,unpolarized I6/6,,0.33333333333333337,1000000.0,8.0,8e-06,0.0,0.0,0.1,100000.0,0.1,100000.0,1.0,1000000.0,1.0,1000000.0,0.3981071705534973,398107.17055349733,6.441416129144554e-07,6.490058673912307e-06,7.1342002868267615e-06,0.17095876656157294,0.18738514058203576,0.3583439071436087,0.6416489586561037,7.1342002868267615e-06,0.9999999999999992,7.771561172376096e-16,constant-generator matrix exponential Pade(13),2,dimensionless populations/per-encounter yields,dimensionless per encounter unless field name gives s^-1 or s,True,"Illustrative one-factor-at-a-time grid; bounds are not measured ranges or probability priors. Results are populations and per-encounter yields, not concentrations or biological fluxes. No encounter yield is converted to molarity, and no continuous biological ROS source is modeled.",4e863b04abf00d77462be6bdf33a6b2ad343ab81,485e6c100ae04a17802c8cfb09694c7b6fe9783be2b477e00a0a465bb075e0f8,configs/doxorubicin_parameters.json,0b7d200aedee3aed703b810ad54927a2126d9ee0952f6ef87cf5ebb57992d345,configs/parameter_provenance.csv,86c4261fcb9616a643db79340fe0b7398ba10a5c46464e67e8b697bcfc3a4ec9
selectivity_unpolarized,unpolarized,unpolarized I6/6,,0.33333333333333337,1000000.0,8.0,8e-06,0.0,0.0,0.1,100000.0,0.1,100000.0,1.0,1000000.0,1.0,1000000.0,0.6309573444801934,630957.3444801933,1.661173688500469e-07,1.0810166975853267e-06,1.2471340664353737e-06,0.16893659591485405,0.2561520000003581,0.42508859591521214,0.5749101569507207,1.2471340664353737e-06,0.9999999999999993,6.661338147750939e-16,constant-generator matrix exponential Pade(13),2,dimensionless populations/per-encounter yields,dimensionless per encounter unless field name gives s^-1 or s,True,"Illustrative one-factor-at-a-time grid; bounds are not measured ranges or probability priors. Results are populations and per-encounter yields, not concentrations or biological fluxes. No encounter yield is converted to molarity, and no continuous biological ROS source is modeled.",4e863b04abf00d77462be6bdf33a6b2ad343ab81,485e6c100ae04a17802c8cfb09694c7b6fe9783be2b477e00a0a465bb075e0f8,configs/doxorubicin_parameters.json,0b7d200aedee3aed703b810ad54927a2126d9ee0952f6ef87cf5ebb57992d345,configs/parameter_provenance.csv,86c4261fcb9616a643db79340fe0b7398ba10a5c46464e67e8b697bcfc3a4ec9
selectivity_unpolarized,unpolarized,unpolarized I6/6,,0.33333333333333337,1000000.0,8.0,8e-06,0.0,0.0,0.1,100000.0,0.1,100000.0,1.0,1000000.0,1.0,1000000.0,1.0,1000000.0,3.751172490641986e-08,7.502344981283972e-08,1.1253517471925957e-07,0.16666664791080404,0.3333332958216082,0.49999994373241224,0.4999999437324123,1.1253517471925957e-07,0.9999999999999993,6.661338147750939e-16,constant-generator matrix exponential Pade(13),2,dimensionless populations/per-encounter yields,dimensionless per encounter unless field name gives s^-1 or s,True,"Illustrative one-factor-at-a-time grid; bounds are not measured ranges or probability priors. Results are populations and per-encounter yields, not concentrations or biological fluxes. No encounter yield is converted to molarity, and no continuous biological ROS source is modeled.",4e863b04abf00d77462be6bdf33a6b2ad343ab81,485e6c100ae04a17802c8cfb09694c7b6fe9783be2b477e00a0a465bb075e0f8,configs/doxorubicin_parameters.json,0b7d200aedee3aed703b810ad54927a2126d9ee0952f6ef87cf5ebb57992d345,configs/parameter_provenance.csv,86c4261fcb9616a643db79340fe0b7398ba10a5c46464e67e8b697bcfc3a4ec9
selectivity_unpolarized,unpolarized,unpolarized I6/6,,0.33333333333333337,1000000.0,8.0,8e-06,0.0,0.0,0.1,100000.0,0.1,100000.0,1.0,1000000.0,1.0,1000000.0,1.584893192461114,1584893.1924611141,1.7828504782742933e-08,4.7577674385952165e-09,2.2586272221338145e-08,0.1643652859171496,0.41157998880306024,0.5759452747202098,0.42405470269351614,2.2586272221338145e-08,0.9999999999999982,1.7763568394002505e-15,constant-generator matrix exponential Pade(13),2,dimensionless populations/per-encounter yields,dimensionless per encounter unless field name gives s^-1 or s,True,"Illustrative one-factor-at-a-time grid; bounds are not measured ranges or probability priors. Results are populations and per-encounter yields, not concentrations or biological fluxes. No encounter yield is converted to molarity, and no continuous biological ROS source is modeled.",4e863b04abf00d77462be6bdf33a6b2ad343ab81,485e6c100ae04a17802c8cfb09694c7b6fe9783be2b477e00a0a465bb075e0f8,configs/doxorubicin_parameters.json,0b7d200aedee3aed703b810ad54927a2126d9ee0952f6ef87cf5ebb57992d345,configs/parameter_provenance.csv,86c4261fcb9616a643db79340fe0b7398ba10a5c46464e67e8b697bcfc3a4ec9
selectivity_unpolarized,unpolarized,unpolarized I6/6,,0.33333333333333337,1000000.0,8.0,8e-06,0.0,0.0,0.1,100000.0,0.1,100000.0,1.0,1000000.0,1.0,1000000.0,2.5118864315095824,2511886.4315095823,1.4741440522620692e-08,1.3545025310920216e-09,1.6095943053712717e-08,0.16226064004728097,0.48313800117488714,0.6453986412221682,0.35460134268188725,1.6095943053712717e-08,0.9999999999999984,1.5543122344752192e-15,constant-generator matrix exponential Pade(13),2,dimensionless populations/per-encounter yields,dimensionless per encounter unless field name gives s^-1 or s,True,"Illustrative one-factor-at-a-time grid; bounds are not measured ranges or probability priors. Results are populations and per-encounter yields, not concentrations or biological fluxes. No encounter yield is converted to molarity, and no continuous biological ROS source is modeled.",4e863b04abf00d77462be6bdf33a6b2ad343ab81,485e6c100ae04a17802c8cfb09694c7b6fe9783be2b477e00a0a465bb075e0f8,configs/doxorubicin_parameters.json,0b7d200aedee3aed703b810ad54927a2126d9ee0952f6ef87cf5ebb57992d345,configs/parameter_provenance.csv,86c4261fcb9616a643db79340fe0b7398ba10a5c46464e67e8b697bcfc3a4ec9
selectivity_unpolarized,unpolarized,unpolarized I6/6,,0.33333333333333337,1000000.0,8.0,8e-06,0.0,0.0,0.1,100000.0,0.1,100000.0,1.0,1000000.0,1.0,1000000.0,3.981071705534973,3981071.705534973,1.3818467129166192e-08,6.315313471331906e-10,1.4449998476299381e-08,0.16050974756350395,0.5426683611138499,0.7031781086773539,0.29682187687264605,1.4449998476299381e-08,0.9999999999999984,1.5543122344752192e-15,constant-generator matrix exponential Pade(13),2,dimensionless populations/per-encounter yields,dimensionless per encounter unless field name gives s^-1 or s,True,"Illustrative one-factor-at-a-time grid; bounds are not measured ranges or probability priors. Results are populations and per-encounter yields, not concentrations or biological fluxes. No encounter yield is converted to molarity, and no continuous biological ROS source is modeled.",4e863b04abf00d77462be6bdf33a6b2ad343ab81,485e6c100ae04a17802c8cfb09694c7b6fe9783be2b477e00a0a465bb075e0f8,configs/doxorubicin_parameters.json,0b7d200aedee3aed703b810ad54927a2126d9ee0952f6ef87cf5ebb57992d345,configs/parameter_provenance.csv,86c4261fcb9616a643db79340fe0b7398ba10a5c46464e67e8b697bcfc3a4ec9
selectivity_unpolarized,unpolarized,unpolarized I6/6,,0.33333333333333337,1000000.0,8.0,8e-06,0.0,0.0,0.1,100000.0,0.1,100000.0,1.0,1000000.0,1.0,1000000.0,6.309573444801936,6309573.444801936,1.3414388020676201e-08,3.410335410224124e-10,1.3755421561698615e-08,0.1591642857526373,0.5884140694390683,0.7475783551917056,0.2524216310528693,1.3755421561698615e-08,0.9999999999999964,3.552713678800501e-15,constant-generator matrix exponential Pade(13),2,dimensionless populations/per-encounter yields,dimensionless per encounter unless field name gives s^-1 or s,True,"Illustrative one-factor-at-a-time grid; bounds are not measured ranges or probability priors. Results are populations and per-encounter yields, not concentrations or biological fluxes. No encounter yield is converted to molarity, and no continuous biological ROS source is modeled.",4e863b04abf00d77462be6bdf33a6b2ad343ab81,485e6c100ae04a17802c8cfb09694c7b6fe9783be2b477e00a0a465bb075e0f8,configs/doxorubicin_parameters.json,0b7d200aedee3aed703b810ad54927a2126d9ee0952f6ef87cf5ebb57992d345,configs/parameter_provenance.csv,86c4261fcb9616a643db79340fe0b7398ba10a5c46464e67e8b697bcfc3a4ec9
selectivity_unpolarized,unpolarized,unpolarized I6/6,,0.33333333333333337,1000000.0,8.0,8e-06,0.0,0.0,0.1,100000.0,0.1,100000.0,1.0,1000000.0,1.0,1000000.0,10.0,10000000.0,1.320569650569672e-08,1.9707799907669807e-10,1.340277450477342e-08,0.1581920842024207,0.6214689256294335,0.7796610098318542,0.22033897676536407,1.340277450477342e-08,0.9999999999999928,7.216449660063518e-15,constant-generator matrix exponential Pade(13),2,dimensionless populations/per-encounter yields,dimensionless per encounter unless field name gives s^-1 or s,True,"Illustrative one-factor-at-a-time grid; bounds are not measured ranges or probability priors. Results are populations and per-encounter yields, not concentrations or biological fluxes. No encounter yield is converted to molarity, and no continuous biological ROS source is modeled.",4e863b04abf00d77462be6bdf33a6b2ad343ab81,485e6c100ae04a17802c8cfb09694c7b6fe9783be2b477e00a0a465bb075e0f8,configs/doxorubicin_parameters.json,0b7d200aedee3aed703b810ad54927a2126d9ee0952f6ef87cf5ebb57992d345,configs/parameter_provenance.csv,86c4261fcb9616a643db79340fe0b7398ba10a5c46464e67e8b697bcfc3a4ec9
selectivity_unpolarized,unpolarized,unpolarized I6/6,,0.33333333333333337,1000000.0,8.0,8e-06,0.0,0.0,0.1,100000.0,0.1,100000.0,10.0,10000000.0,1.0,1000000.0,0.0,0.0,4.934972322208809e-37,7.947986150387455e-36,8.441483382608337e-36,0.030339083878643442,0.0,0.030339083878643442,0.9696609161213494,8.441483382608337e-36,0.9999999999999929,7.105427357601002e-15,constant-generator matrix exponential Pade(13),2,dimensionless populations/per-encounter yields,dimensionless per encounter unless field name gives s^-1 or s,True,"Illustrative one-factor-at-a-time grid; bounds are not measured ranges or probability priors. Results are populations and per-encounter yields, not concentrations or biological fluxes. No encounter yield is converted to molarity, and no continuous biological ROS source is modeled.",4e863b04abf00d77462be6bdf33a6b2ad343ab81,485e6c100ae04a17802c8cfb09694c7b6fe9783be2b477e00a0a465bb075e0f8,configs/doxorubicin_parameters.json,0b7d200aedee3aed703b810ad54927a2126d9ee0952f6ef87cf5ebb57992d345,configs/parameter_provenance.csv,86c4261fcb9616a643db79340fe0b7398ba10a5c46464e67e8b697bcfc3a4ec9
selectivity_unpolarized,unpolarized,unpolarized I6/6,,0.33333333333333337,1000000.0,8.0,8e-06,0.0,0.0,0.1,100000.0,0.1,100000.0,10.0,10000000.0,1.0,1000000.0,0.01,10000.0,4.603047922620549e-37,7.344378589031479e-36,7.804683381293535e-36,0.030338687918605327,0.0006656088240712629,0.03100429674267659,0.9689957032573162,7.804683381293535e-36,0.9999999999999928,7.216449660063518e-15,constant-generator matrix exponential Pade(13),2,dimensionless populations/per-encounter yields,dimensionless per encounter unless field name gives s^-1 or s,True,"Illustrative one-factor-at-a-time grid; bounds are not measured ranges or probability priors. Results are populations and per-encounter yields, not concentrations or biological fluxes. No encounter yield is converted to molarity, and no continuous biological ROS source is modeled.",4e863b04abf00d77462be6bdf33a6b2ad343ab81,485e6c100ae04a17802c8cfb09694c7b6fe9783be2b477e00a0a465bb075e0f8,configs/doxorubicin_parameters.json,0b7d200aedee3aed703b810ad54927a2126d9ee0952f6ef87cf5ebb57992d345,configs/parameter_provenance.csv,86c4261fcb9616a643db79340fe0b7398ba10a5c46464e67e8b697bcfc3a4ec9
selectivity_unpolarized,unpolarized,unpolarized I6/6,,0.33333333333333337,1000000.0,8.0,8e-06,0.0,0.0,0.1,100000.0,0.1,100000.0,10.0,10000000.0,1.0,1000000.0,0.015848931924611134,15848.931924611134,4.419574866174753e-37,7.012865132508109e-36,7.454822619125585e-36,0.030338456688351695,0.0010543068804369383,0.03139276356878863,0.9686072364312044,7.454822619125585e-36,0.999999999999993,6.994405055138486e-15,constant-generator matrix exponential Pade(13),2,dimensionless populations/per-encounter yields,dimensionless per encounter unless field name gives s^-1 or s,True,"Illustrative one-factor-at-a-time grid; bounds are not measured ranges or probability priors. Results are populations and per-encounter yields, not concentrations or biological fluxes. No encounter yield is converted to molarity, and no continuous biological ROS source is modeled.",4e863b04abf00d77462be6bdf33a6b2ad343ab81,485e6c100ae04a17802c8cfb09694c7b6fe9783be2b477e00a0a465bb075e0f8,configs/doxorubicin_parameters.json,0b7d200aedee3aed703b810ad54927a2126d9ee0952f6ef87cf5ebb57992d345,configs/parameter_provenance.csv,86c4261fcb9616a643db79340fe0b7398ba10a5c46464e67e8b697bcfc3a4ec9
selectivity_unpolarized,unpolarized,unpolarized I6/6,,0.33333333333333337,1000000.0,8.0,8e-06,0.0,0.0,0.1,100000.0,0.1,100000.0,10.0,10000000.0,1.0,1000000.0,0.025118864315095794,25118.864315095794,4.1439716964827115e-37,6.517913003226846e-36,6.932310172875117e-36,0.030338090762169916,0.0016694287920011545,0.03200751955417107,0.9679924804458218,6.932310172875117e-36,0.9999999999999928,7.216449660063518e-15,constant-generator matrix exponential Pade(13),2,dimensionless populations/per-encounter yields,dimensionless per encounter unless field name gives s^-1 or s,True,"Illustrative one-factor-at-a-time grid; bounds are not measured ranges or probability priors. Results are populations and per-encounter yields, not concentrations or biological fluxes. No encounter yield is converted to molarity, and no continuous biological ROS source is modeled.",4e863b04abf00d77462be6bdf33a6b2ad343ab81,485e6c100ae04a17802c8cfb09694c7b6fe9783be2b477e00a0a465bb075e0f8,configs/doxorubicin_parameters.json,0b7d200aedee3aed703b810ad54927a2126d9ee0952f6ef87cf5ebb57992d345,configs/parameter_provenance.csv,86c4261fcb9616a643db79340fe0b7398ba10a5c46464e67e8b697bcfc3a4ec9
selectivity_unpolarized,unpolarized,unpolarized I6/6,,0.33333333333333337,1000000.0,8.0,8e-06,0.0,0.0,0.1,100000.0,0.1,100000.0,10.0,10000000.0,1.0,1000000.0,0.039810717055349734,39810.717055349734,3.7426832268140466e-37,5.804214352689185e-36,6.17848267537059e-36,0.030337512183396254,0.0026420197105537398,0.03297953189394999,0.967020468106043,6.17848267537059e-36,0.999999999999993,6.994405055138486e-15,constant-generator matrix exponential Pade(13),2,dimensionless populations/per-encounter yields,dimensionless per encounter unless field name gives s^-1 or s,True,"Illustrative one-factor-at-a-time grid; bounds are not measured ranges or probability priors. Results are populations and per-encounter yields, not concentrations or biological fluxes. No encounter yield is converted to molarity, and no continuous biological ROS source is modeled.",4e863b04abf00d77462be6bdf33a6b2ad343ab81,485e6c100ae04a17802c8cfb09694c7b6fe9783be2b477e00a0a465bb075e0f8,configs/doxorubicin_parameters.json,0b7d200aedee3aed703b810ad54927a2126d9ee0952f6ef87cf5ebb57992d345,configs/parameter_provenance.csv,86c4261fcb9616a643db79340fe0b7398ba10a5c46464e67e8b697bcfc3a4ec9
selectivity_unpolarized,unpolarized,unpolarized I6/6,,0.33333333333333337,1000000.0,8.0,8e-06,0.0,0.0,0.1,100000.0,0.1,100000.0,10.0,10000000.0,1.0,1000000.0,0.06309573444801933,63095.73444801933,3.1864013186702185e-37,4.8300997259296217e-36,5.148739857796643e-36,0.030336598635921766,0.004177693015145897,0.03451429165106766,0.9654857083489252,5.148739857796643e-36,0.9999999999999929,7.105427357601002e-15,constant-generator matrix exponential Pade(13),2,dimensionless populations/per-encounter yields,dimensionless per encounter unless field name gives s^-1 or s,True,"Illustrative one-factor-at-a-time grid; bounds are not measured ranges or probability priors. Results are populations and per-encounter yields, not concentrations or biological fluxes. No encounter yield is converted to molarity, and no continuous biological ROS source is modeled.",4e863b04abf00d77462be6bdf33a6b2ad343ab81,485e6c100ae04a17802c8cfb09694c7b6fe9783be2b477e00a0a465bb075e0f8,configs/doxorubicin_parameters.json,0b7d200aedee3aed703b810ad54927a2126d9ee0952f6ef87cf5ebb57992d345,configs/parameter_provenance.csv,86c4261fcb9616a643db79340fe0b7398ba10a5c46464e67e8b697bcfc3a4ec9
selectivity_unpolarized,unpolarized,unpolarized I6/6,,0.33333333333333337,1000000.0,8.0,8e-06,0.0,0.0,0.1,100000.0,0.1,100000.0,10.0,10000000.0,1.0,1000000.0,0.1,100000.0,2.472503630165898e-37,3.6107552200345915e-36,3.8580055830511814e-36,0.03033515933321532,0.006597160864699251,0.03693232019791457,0.9630676798020784,3.8580055830511814e-36,0.999999999999993,6.994405055138486e-15,constant-generator matrix exponential Pade(13),2,dimensionless populations/per-encounter yields,dimensionless per encounter unless field name gives s^-1 or s,True,"Illustrative one-factor-at-a-time grid; bounds are not measured ranges or probability priors. Results are populations and per-encounter yields, not concentrations or biological fluxes. No encounter yield is converted to molarity, and no continuous biological ROS source is modeled.",4e863b04abf00d77462be6bdf33a6b2ad343ab81,485e6c100ae04a17802c8cfb09694c7b6fe9783be2b477e00a0a465bb075e0f8,configs/doxorubicin_parameters.json,0b7d200aedee3aed703b810ad54927a2126d9ee0952f6ef87cf5ebb57992d345,configs/parameter_provenance.csv,86c4261fcb9616a643db79340fe0b7398ba10a5c46464e67e8b697bcfc3a4ec9
selectivity_unpolarized,unpolarized,unpolarized I6/6,,0.33333333333333337,1000000.0,8.0,8e-06,0.0,0.0,0.1,100000.0,0.1,100000.0,10.0,10000000.0,1.0,1000000.0,0.15848931924611143,158489.31924611144,1.660251164580576e-37,2.2782570937970168e-36,2.4442822102550743e-36,0.030332899475273373,0.01039598206511506,0.04072888154038844,0.9592711184596048,2.4442822102550743e-36,0.9999999999999932,6.772360450213455e-15,constant-generator matrix exponential Pade(13),2,dimensionless populations/per-encounter yields,dimensionless per encounter unless field name gives s^-1 or s,True,"Illustrative one-factor-at-a-time grid; bounds are not measured ranges or probability priors. Results are populations and per-encounter yields, not concentrations or biological fluxes. No encounter yield is converted to molarity, and no continuous biological ROS source is modeled.",4e863b04abf00d77462be6bdf33a6b2ad343ab81,485e6c100ae04a17802c8cfb09694c7b6fe9783be2b477e00a0a465bb075e0f8,configs/doxorubicin_parameters.json,0b7d200aedee3aed703b810ad54927a2126d9ee0952f6ef87cf5ebb57992d345,configs/parameter_provenance.csv,86c4261fcb9616a643db79340fe0b7398ba10a5c46464e67e8b697bcfc3a4ec9
selectivity_unpolarized,unpolarized,unpolarized I6/6,,0.33333333333333337,1000000.0,8.0,8e-06,0.0,0.0,0.1,100000.0,0.1,100000.0,10.0,10000000.0,1.0,1000000.0,0.25118864315095807,251188.64315095806,8.92987482253318e-38,1.10010429900675e-36,1.1894030472320817e-36,0.03032937032792693,0.01632847875446589,0.046657849082392816,0.9533421509175999,1.1894030472320817e-36,0.9999999999999927,7.327471962526033e-15,constant-generator matrix exponential Pade(13),2,dimensionless populations/per-encounter yields,dimensionless per encounter unless field name gives s^-1 or s,True,"Illustrative one-factor-at-a-time grid; bounds are not measured ranges or probability priors. Results are populations and per-encounter yields, not concentrations or biological fluxes. No encounter yield is converted to molarity, and no continuous biological ROS source is modeled.",4e863b04abf00d77462be6bdf33a6b2ad343ab81,485e6c100ae04a17802c8cfb09694c7b6fe9783be2b477e00a0a465bb075e0f8,configs/doxorubicin_parameters.json,0b7d200aedee3aed703b810ad54927a2126d9ee0952f6ef87cf5ebb57992d345,configs/parameter_provenance.csv,86c4261fcb9616a643db79340fe0b7398ba10a5c46464e67e8b697bcfc3a4ec9
selectivity_unpolarized,unpolarized,unpolarized I6/6,,0.33333333333333337,1000000.0,8.0,8e-06,0.0,0.0,0.1,100000.0,0.1,100000.0,10.0,10000000.0,1.0,1000000.0,0.3981071705534973,398107.17055349733,3.4656017908960907e-38,3.4917723855108408e-37,3.83833256460045e-37,0.030323905089545918,0.0255155444729582,0.05583944956250412,0.944160550437489,3.83833256460045e-37,0.9999999999999931,6.8833827526759706e-15,constant-generator matrix exponential Pade(13),2,dimensionless populations/per-encounter yields,dimensionless per encounter unless field name gives s^-1 or s,True,"Illustrative one-factor-at-a-time grid; bounds are not measured ranges or probability priors. Results are populations and per-encounter yields, not concentrations or biological fluxes. No encounter yield is converted to molarity, and no continuous biological ROS source is modeled.",4e863b04abf00d77462be6bdf33a6b2ad343ab81,485e6c100ae04a17802c8cfb09694c7b6fe9783be2b477e00a0a465bb075e0f8,configs/doxorubicin_parameters.json,0b7d200aedee3aed703b810ad54927a2126d9ee0952f6ef87cf5ebb57992d345,configs/parameter_provenance.csv,86c4261fcb9616a643db79340fe0b7398ba10a5c46464e67e8b697bcfc3a4ec9
selectivity_unpolarized,unpolarized,unpolarized I6/6,,0.33333333333333337,1000000.0,8.0,8e-06,0.0,0.0,0.1,100000.0,0.1,100000.0,10.0,10000000.0,1.0,1000000.0,0.6309573444801934,630957.3444801933,8.93742368826141e-39,5.816071075100316e-38,6.709813443926456e-38,0.030315550790438954,0.039559121271750736,0.0698746720621897,0.9301253279378034,6.709813443926456e-38,0.9999999999999931,6.8833827526759706e-15,constant-generator matrix exponential Pade(13),2,dimensionless populations/per-encounter yields,dimensionless per encounter unless field name gives s^-1 or s,True,"Illustrative one-factor-at-a-time grid; bounds are not measured ranges or probability priors. Results are populations and per-encounter yields, not concentrations or biological fluxes. No encounter yield is converted to molarity, and no continuous biological ROS source is modeled.",4e863b04abf00d77462be6bdf33a6b2ad343ab81,485e6c100ae04a17802c8cfb09694c7b6fe9783be2b477e00a0a465bb075e0f8,configs/doxorubicin_parameters.json,0b7d200aedee3aed703b810ad54927a2126d9ee0952f6ef87cf5ebb57992d345,configs/parameter_provenance.csv,86c4261fcb9616a643db79340fe0b7398ba10a5c46464e67e8b697bcfc3a4ec9
selectivity_unpolarized,unpolarized,unpolarized I6/6,,0.33333333333333337,1000000.0,8.0,8e-06,0.0,0.0,0.1,100000.0,0.1,100000.0,10.0,10000000.0,1.0,1000000.0,1.0,1000000.0,2.0182006318003836e-39,4.036401263600764e-39,6.054601895401148e-39,0.030303030303030085,0.06060606060606017,0.09090909090909026,0.9090909090909027,6.054601895401148e-39,0.999999999999993,6.994405055138486e-15,constant-generator matrix exponential Pade(13),2,dimensionless populations/per-encounter yields,dimensionless per encounter unless field name gives s^-1 or s,True,"Illustrative one-factor-at-a-time grid; bounds are not measured ranges or probability priors. Results are populations and per-encounter yields, not concentrations or biological fluxes. No encounter yield is converted to molarity, and no continuous biological ROS source is modeled.",4e863b04abf00d77462be6bdf33a6b2ad343ab81,485e6c100ae04a17802c8cfb09694c7b6fe9783be2b477e00a0a465bb075e0f8,configs/doxorubicin_parameters.json,0b7d200aedee3aed703b810ad54927a2126d9ee0952f6ef87cf5ebb57992d345,configs/parameter_provenance.csv,86c4261fcb9616a643db79340fe0b7398ba10a5c46464e67e8b697bcfc3a4ec9
selectivity_unpolarized,unpolarized,unpolarized I6/6,,0.33333333333333337,1000000.0,8.0,8e-06,0.0,0.0,0.1,100000.0,0.1,100000.0,10.0,10000000.0,1.0,1000000.0,1.584893192461114,1584893.1924611141,9.592067468598444e-40,2.5597674525729103e-40,1.2151834921171354e-39,0.03028481141608321,0.09123200956374655,0.12151682097982977,0.878483179020163,1.2151834921171354e-39,0.9999999999999928,7.216449660063518e-15,constant-generator matrix exponential Pade(13),2,dimensionless populations/per-encounter yields,dimensionless per encounter unless field name gives s^-1 or s,True,"Illustrative one-factor-at-a-time grid; bounds are not measured ranges or probability priors. Results are populations and per-encounter yields, not concentrations or biological fluxes. No encounter yield is converted to molarity, and no continuous biological ROS source is modeled.",4e863b04abf00d77462be6bdf33a6b2ad343ab81,485e6c100ae04a17802c8cfb09694c7b6fe9783be2b477e00a0a465bb075e0f8,configs/doxorubicin_parameters.json,0b7d200aedee3aed703b810ad54927a2126d9ee0952f6ef87cf5ebb57992d345,configs/parameter_provenance.csv,86c4261fcb9616a643db79340fe0b7398ba10a5c46464e67e8b697bcfc3a4ec9
selectivity_unpolarized,unpolarized,unpolarized I6/6,,0.33333333333333337,1000000.0,8.0,8e-06,0.0,0.0,0.1,100000.0,0.1,100000.0,10.0,10000000.0,1.0,1000000.0,2.5118864315095824,2511886.4315095823,7.931169427857696e-40,7.287475771494743e-41,8.65991700500717e-40,0.03025940729252934,0.1339363412578134,0.16419574855034275,0.83580425144965,8.65991700500717e-40,0.9999999999999927,7.327471962526033e-15,constant-generator matrix exponential Pade(13),2,dimensionless populations/per-encounter yields,dimensionless per encounter unless field name gives s^-1 or s,True,"Illustrative one-factor-at-a-time grid; bounds are not measured ranges or probability priors. Results are populations and per-encounter yields, not concentrations or biological fluxes. No encounter yield is converted to molarity, and no continuous biological ROS source is modeled.",4e863b04abf00d77462be6bdf33a6b2ad343ab81,485e6c100ae04a17802c8cfb09694c7b6fe9783be2b477e00a0a465bb075e0f8,configs/doxorubicin_parameters.json,0b7d200aedee3aed703b810ad54927a2126d9ee0952f6ef87cf5ebb57992d345,configs/parameter_provenance.csv,86c4261fcb9616a643db79340fe0b7398ba10a5c46464e67e8b697bcfc3a4ec9
selectivity_unpolarized,unpolarized,unpolarized I6/6,,0.33333333333333337,1000000.0,8.0,8e-06,0.0,0.0,0.1,100000.0,0.1,100000.0,10.0,10000000.0,1.0,1000000.0,3.981071705534973,3981071.705534973,7.43459256010466e-40,3.3977562134654935e-41,7.77436818145121e-40,0.030226012649902306,0.19007273551386955,0.22029874816377185,0.7797012518362212,7.77436818145121e-40,0.999999999999993,6.994405055138486e-15,constant-generator matrix exponential Pade(13),2,dimensionless populations/per-encounter yields,dimensionless per encounter unless field name gives s^-1 or s,True,"Illustrative one-factor-at-a-time grid; bounds are not measured ranges or probability priors. Results are populations and per-encounter yields, not concentrations or biological fluxes. No encounter yield is converted to molarity, and no continuous biological ROS source is modeled.",4e863b04abf00d77462be6bdf33a6b2ad343ab81,485e6c100ae04a17802c8cfb09694c7b6fe9783be2b477e00a0a465bb075e0f8,configs/doxorubicin_parameters.json,0b7d200aedee3aed703b810ad54927a2126d9ee0952f6ef87cf5ebb57992d345,configs/parameter_provenance.csv,86c4261fcb9616a643db79340fe0b7398ba10a5c46464e67e8b697bcfc3a4ec9
selectivity_unpolarized,unpolarized,unpolarized I6/6,,0.33333333333333337,1000000.0,8.0,8e-06,0.0,0.0,0.1,100000.0,0.1,100000.0,10.0,10000000.0,1.0,1000000.0,6.309573444801936,6309573.444801936,7.217190477399488e-40,1.8348239375117663e-41,7.400672871150666e-40,0.03018536018371995,0.25840953116639165,0.2885948913501116,0.7114051086498814,7.400672871150666e-40,0.999999999999993,6.994405055138486e-15,constant-generator matrix exponential Pade(13),2,dimensionless populations/per-encounter yields,dimensionless per encounter unless field name gives s^-1 or s,True,"Illustrative one-factor-at-a-time grid; bounds are not measured ranges or probability priors. Results are populations and per-encounter yields, not concentrations or biological fluxes. No encounter yield is converted to molarity, and no continuous biological ROS source is modeled.",4e863b04abf00d77462be6bdf33a6b2ad343ab81,485e6c100ae04a17802c8cfb09694c7b6fe9783be2b477e00a0a465bb075e0f8,configs/doxorubicin_parameters.json,0b7d200aedee3aed703b810ad54927a2126d9ee0952f6ef87cf5ebb57992d345,configs/parameter_provenance.csv,86c4261fcb9616a643db79340fe0b7398ba10a5c46464e67e8b697bcfc3a4ec9
selectivity_unpolarized,unpolarized,unpolarized I6/6,,0.33333333333333337,1000000.0,8.0,8e-06,0.0,0.0,0.1,100000.0,0.1,100000.0,10.0,10000000.0,1.0,1000000.0,10.0,10000000.0,7.104910557338899e-40,1.0603163230771167e-41,7.21094218964661e-40,0.030140256639808793,0.3342285884810481,0.3643688451208569,0.635631154879136,7.21094218964661e-40,0.9999999999999929,7.105427357601002e-15,constant-generator matrix exponential Pade(13),2,dimensionless populations/per-encounter yields,dimensionless per encounter unless field name gives s^-1 or s,True,"Illustrative one-factor-at-a-time grid; bounds are not measured ranges or probability priors. Results are populations and per-encounter yields, not concentrations or biological fluxes. No encounter yield is converted to molarity, and no continuous biological ROS source is modeled.",4e863b04abf00d77462be6bdf33a6b2ad343ab81,485e6c100ae04a17802c8cfb09694c7b6fe9783be2b477e00a0a465bb075e0f8,configs/doxorubicin_parameters.json,0b7d200aedee3aed703b810ad54927a2126d9ee0952f6ef87cf5ebb57992d345,configs/parameter_provenance.csv,86c4261fcb9616a643db79340fe0b7398ba10a5c46464e67e8b697bcfc3a4ec9
selectivity_unpolarized,unpolarized,unpolarized I6/6,,0.33333333333333337,1000000.0,8.0,8e-06,1.0,1000000.0,0.1,100000.0,0.1,100000.0,0.1,100000.0,1.0,1000000.0,0.0,0.0,0.014462270062177148,0.10898928368548286,0.12345155374766004,0.5657787252883681,0.0,0.5657787252883681,0.310769720963971,0.12345155374766004,0.9999999999999992,7.771561172376096e-16,constant-generator matrix exponential Pade(13),2,dimensionless populations/per-encounter yields,dimensionless per encounter unless field name gives s^-1 or s,True,"Illustrative one-factor-at-a-time grid; bounds are not measured ranges or probability priors. Results are populations and per-encounter yields, not concentrations or biological fluxes. No encounter yield is converted to molarity, and no continuous biological ROS source is modeled.",4e863b04abf00d77462be6bdf33a6b2ad343ab81,485e6c100ae04a17802c8cfb09694c7b6fe9783be2b477e00a0a465bb075e0f8,configs/doxorubicin_parameters.json,0b7d200aedee3aed703b810ad54927a2126d9ee0952f6ef87cf5ebb57992d345,configs/parameter_provenance.csv,86c4261fcb9616a643db79340fe0b7398ba10a5c46464e67e8b697bcfc3a4ec9
selectivity_unpolarized,unpolarized,unpolarized I6/6,,0.33333333333333337,1000000.0,8.0,8e-06,1.0,1000000.0,0.1,100000.0,0.1,100000.0,0.1,100000.0,1.0,1000000.0,0.01,10000.0,0.013517899473369968,0.10093768635604954,0.11445558582941952,0.5574935949938831,0.02475467815248266,0.5822482731463657,0.3032961410242149,0.11445558582941952,1.0000000000000002,2.220446049250313e-16,constant-generator matrix exponential Pade(13),2,dimensionless populations/per-encounter yields,dimensionless per encounter unless field name gives s^-1 or s,True,"Illustrative one-factor-at-a-time grid; bounds are not measured ranges or probability priors. Results are populations and per-encounter yields, not concentrations or biological fluxes. No encounter yield is converted to molarity, and no continuous biological ROS source is modeled.",4e863b04abf00d77462be6bdf33a6b2ad343ab81,485e6c100ae04a17802c8cfb09694c7b6fe9783be2b477e00a0a465bb075e0f8,configs/doxorubicin_parameters.json,0b7d200aedee3aed703b810ad54927a2126d9ee0952f6ef87cf5ebb57992d345,configs/parameter_provenance.csv,86c4261fcb9616a643db79340fe0b7398ba10a5c46464e67e8b697bcfc3a4ec9
selectivity_unpolarized,unpolarized,unpolarized I6/6,,0.33333333333333337,1000000.0,8.0,8e-06,1.0,1000000.0,0.1,100000.0,0.1,100000.0,0.1,100000.0,1.0,1000000.0,0.015848931924611134,15848.931924611134,0.01299526197248772,0.09651017738273365,0.10950543935522139,0.5527886579079689,0.03863796418200779,0.5914266220899768,0.2990679385548014,0.10950543935522139,0.9999999999999996,4.440892098500626e-16,constant-generator matrix exponential Pade(13),2,dimensionless populations/per-encounter yields,dimensionless per encounter unless field name gives s^-1 or s,True,"Illustrative one-factor-at-a-time grid; bounds are not measured ranges or probability priors. Results are populations and per-encounter yields, not concentrations or biological fluxes. No encounter yield is converted to molarity, and no continuous biological ROS source is modeled.",4e863b04abf00d77462be6bdf33a6b2ad343ab81,485e6c100ae04a17802c8cfb09694c7b6fe9783be2b477e00a0a465bb075e0f8,configs/doxorubicin_parameters.json,0b7d200aedee3aed703b810ad54927a2126d9ee0952f6ef87cf5ebb57992d345,configs/parameter_provenance.csv,86c4261fcb9616a643db79340fe0b7398ba10a5c46464e67e8b697bcfc3a4ec9
selectivity_unpolarized,unpolarized,unpolarized I6/6,,0.33333333333333337,1000000.0,8.0,8e-06,1.0,1000000.0,0.1,100000.0,0.1,100000.0,0.1,100000.0,1.0,1000000.0,0.025118864315095794,25118.864315095794,0.012209268951775215,0.08989205811461878,0.102101327066394,0.5455369214912473,0.05978794863810296,0.6053248701293503,0.29257380280425466,0.102101327066394,0.9999999999999989,1.1102230246251565e-15,constant-generator matrix exponential Pade(13),2,dimensionless populations/per-encounter yields,dimensionless per encounter unless field name gives s^-1 or s,True,"Illustrative one-factor-at-a-time grid; bounds are not measured ranges or probability priors. Results are populations and per-encounter yields, not concentrations or biological fluxes. No encounter yield is converted to molarity, and no continuous biological ROS source is modeled.",4e863b04abf00d77462be6bdf33a6b2ad343ab81,485e6c100ae04a17802c8cfb09694c7b6fe9783be2b477e00a0a465bb075e0f8,configs/doxorubicin_parameters.json,0b7d200aedee3aed703b810ad54927a2126d9ee0952f6ef87cf5ebb57992d345,configs/parameter_provenance.csv,86c4261fcb9616a643db79340fe0b7398ba10a5c46464e67e8b697bcfc3a4ec9
selectivity_unpolarized,unpolarized,unpolarized I6/6,,0.33333333333333337,1000000.0,8.0,8e-06,1.0,1000000.0,0.1,100000.0,0.1,100000.0,0.1,100000.0,1.0,1000000.0,0.039810717055349734,39810.717055349734,0.011062673659461671,0.08033070397271297,0.09139337763217464,0.534536044622258,0.09129480110936386,0.6258308457316218,0.28277577663620257,0.09139337763217464,0.9999999999999991,8.881784197001252e-16,constant-generator matrix exponential Pade(13),2,dimensionless populations/per-encounter yields,dimensionless per encounter unless field name gives s^-1 or s,True,"Illustrative one-factor-at-a-time grid; bounds are not measured ranges or probability priors. Results are populations and per-encounter yields, not concentrations or biological fluxes. No encounter yield is converted to molarity, and no continuous biological ROS source is modeled.",4e863b04abf00d77462be6bdf33a6b2ad343ab81,485e6c100ae04a17802c8cfb09694c7b6fe9783be2b477e00a0a465bb075e0f8,configs/doxorubicin_parameters.json,0b7d200aedee3aed703b810ad54927a2126d9ee0952f6ef87cf5ebb57992d345,configs/parameter_provenance.csv,86c4261fcb9616a643db79340fe0b7398ba10a5c46464e67e8b697bcfc3a4ec9
selectivity_unpolarized,unpolarized,unpolarized I6/6,,0.33333333333333337,1000000.0,8.0,8e-06,1.0,1000000.0,0.1,100000.0,0.1,100000.0,0.1,100000.0,1.0,1000000.0,0.06309573444801933,63095.73444801933,0.009468304678426645,0.06723931442519993,0.07670761910362656,0.5182528075719568,0.13664560438991305,0.6548984119618698,0.2683939689345033,0.07670761910362656,0.9999999999999997,3.3306690738754696e-16,constant-generator matrix exponential Pade(13),2,dimensionless populations/per-encounter yields,dimensionless per encounter unless field name gives s^-1 or s,True,"Illustrative one-factor-at-a-time grid; bounds are not measured ranges or probability priors. Results are populations and per-encounter yields, not concentrations or biological fluxes. No encounter yield is converted to molarity, and no continuous biological ROS source is modeled.",4e863b04abf00d77462be6bdf33a6b2ad343ab81,485e6c100ae04a17802c8cfb09694c7b6fe9783be2b477e00a0a465bb075e0f8,configs/doxorubicin_parameters.json,0b7d200aedee3aed703b810ad54927a2126d9ee0952f6ef87cf5ebb57992d345,configs/parameter_provenance.csv,86c4261fcb9616a643db79340fe0b7398ba10a5c46464e67e8b697bcfc3a4ec9
selectivity_unpolarized,unpolarized,unpolarized I6/6,,0.33333333333333337,1000000.0,8.0,8e-06,1.0,1000000.0,0.1,100000.0,0.1,100000.0,0.1,100000.0,1.0,1000000.0,0.1,100000.0,0.007411644283464223,0.050765074755770745,0.058176719039234964,0.49503624730452944,0.19864170446289092,0.6936779517674203,0.2481453291933438,0.058176719039234964,0.999999999999999,9.992007221626409e-16,constant-generator matrix exponential Pade(13),2,dimensionless populations/per-encounter yields,dimensionless per encounter unless field name gives s^-1 or s,True,"Illustrative one-factor-at-a-time grid; bounds are not measured ranges or probability priors. Results are populations and per-encounter yields, not concentrations or biological fluxes. No encounter yield is converted to molarity, and no continuous biological ROS source is modeled.",4e863b04abf00d77462be6bdf33a6b2ad343ab81,485e6c100ae04a17802c8cfb09694c7b6fe9783be2b477e00a0a465bb075e0f8,configs/doxorubicin_parameters.json,0b7d200aedee3aed703b810ad54927a2126d9ee0952f6ef87cf5ebb57992d345,configs/parameter_provenance.csv,86c4261fcb9616a643db79340fe0b7398ba10a5c46464e67e8b697bcfc3a4ec9
selectivity_unpolarized,unpolarized,unpolarized I6/6,,0.33333333333333337,1000000.0,8.0,8e-06,1.0,1000000.0,0.1,100000.0,0.1,100000.0,0.1,100000.0,1.0,1000000.0,0.15848931924611143,158489.31924611144,0.005050977937041264,0.03259595320968142,0.03764693114672269,0.463727094442427,0.27729312878550233,0.7410202232279293,0.22133284562534733,0.03764693114672269,0.9999999999999993,6.661338147750939e-16,constant-generator matrix exponential Pade(13),2,dimensionless populations/per-encounter yields,dimensionless per encounter unless field name gives s^-1 or s,True,"Illustrative one-factor-at-a-time grid; bounds are not measured ranges or probability priors. Results are populations and per-encounter yields, not concentrations or biological fluxes. No encounter yield is converted to molarity, and no continuous biological ROS source is modeled.",4e863b04abf00d77462be6bdf33a6b2ad343ab81,485e6c100ae04a17802c8cfb09694c7b6fe9783be2b477e00a0a465bb075e0f8,configs/doxorubicin_parameters.json,0b7d200aedee3aed703b810ad54927a2126d9ee0952f6ef87cf5ebb57992d345,configs/parameter_provenance.csv,86c4261fcb9616a643db79340fe0b7398ba10a5c46464e67e8b697bcfc3a4ec9
selectivity_unpolarized,unpolarized,unpolarized I6/6,,0.33333333333333337,1000000.0,8.0,8e-06,1.0,1000000.0,0.1,100000.0,0.1,100000.0,0.1,100000.0,1.0,1000000.0,0.25118864315095807,251188.64315095806,0.0027860291870757557,0.016262289273775134,0.019048318460850887,0.4247424023127654,0.3674503999516171,0.7921928022643825,0.18875887927476573,0.019048318460850887,0.9999999999999991,8.881784197001252e-16,constant-generator matrix exponential Pade(13),2,dimensionless populations/per-encounter yields,dimensionless per encounter unless field name gives s^-1 or s,True,"Illustrative one-factor-at-a-time grid; bounds are not measured ranges or probability priors. Results are populations and per-encounter yields, not concentrations or biological fluxes. No encounter yield is converted to molarity, and no continuous biological ROS source is modeled.",4e863b04abf00d77462be6bdf33a6b2ad343ab81,485e6c100ae04a17802c8cfb09694c7b6fe9783be2b477e00a0a465bb075e0f8,configs/doxorubicin_parameters.json,0b7d200aedee3aed703b810ad54927a2126d9ee0952f6ef87cf5ebb57992d345,configs/parameter_provenance.csv,86c4261fcb9616a643db79340fe0b7398ba10a5c46464e67e8b697bcfc3a4ec9
selectivity_unpolarized,unpolarized,unpolarized I6/6,,0.33333333333333337,1000000.0,8.0,8e-06,1.0,1000000.0,0.1,100000.0,0.1,100000.0,0.1,100000.0,1.0,1000000.0,0.3981071705534973,398107.17055349733,0.0011255243311017633,0.005513955255653919,0.0066394795867556824,0.38116616603918996,0.4588258860185889,0.8399920520577788,0.15336846835546444,0.0066394795867556824,0.999999999999999,9.992007221626409e-16,constant-generator matrix exponential Pade(13),2,dimensionless populations/per-encounter yields,dimensionless per encounter unless field name gives s^-1 or s,True,"Illustrative one-factor-at-a-time grid; bounds are not measured ranges or probability priors. Results are populations and per-encounter yields, not concentrations or biological fluxes. No encounter yield is converted to molarity, and no continuous biological ROS source is modeled.",4e863b04abf00d77462be6bdf33a6b2ad343ab81,485e6c100ae04a17802c8cfb09694c7b6fe9783be2b477e00a0a465bb075e0f8,configs/doxorubicin_parameters.json,0b7d200aedee3aed703b810ad54927a2126d9ee0952f6ef87cf5ebb57992d345,configs/parameter_provenance.csv,86c4261fcb9616a643db79340fe0b7398ba10a5c46464e67e8b697bcfc3a4ec9
selectivity_unpolarized,unpolarized,unpolarized I6/6,,0.33333333333333337,1000000.0,8.0,8e-06,1.0,1000000.0,0.1,100000.0,0.1,100000.0,0.1,100000.0,1.0,1000000.0,0.6309573444801934,630957.3444801933,0.00029848065130127035,0.001062874695168841,0.0013613553464701114,0.3385981389327145,0.5405148596752114,0.8791129986079259,0.1195256460456031,0.0013613553464701114,0.9999999999999991,8.881784197001252e-16,constant-generator matrix exponential Pade(13),2,dimensionless populations/per-encounter yields,dimensionless per encounter unless field name gives s^-1 or s,True,"Illustrative one-factor-at-a-time grid; bounds are not measured ranges or probability priors. Results are populations and per-encounter yields, not concentrations or biological fluxes. No encounter yield is converted to molarity, and no continuous biological ROS source is modeled.",4e863b04abf00d77462be6bdf33a6b2ad343ab81,485e6c100ae04a17802c8cfb09694c7b6fe9783be2b477e00a0a465bb075e0f8,configs/doxorubicin_parameters.json,0b7d200aedee3aed703b810ad54927a2126d9ee0952f6ef87cf5ebb57992d345,configs/parameter_provenance.csv,86c4261fcb9616a643db79340fe0b7398ba10a5c46464e67e8b697bcfc3a4ec9
selectivity_unpolarized,unpolarized,unpolarized I6/6,,0.33333333333333337,1000000.0,8.0,8e-06,1.0,1000000.0,0.1,100000.0,0.1,100000.0,0.1,100000.0,1.0,1000000.0,1.0,1000000.0,5.0244358365158826e-05,0.00010048871673031765,0.00015073307509547648,0.3029846263408799,0.6059692526817597,0.9089538790226397,0.09089538790226395,0.00015073307509547648,0.9999999999999991,8.881784197001252e-16,constant-generator matrix exponential Pade(13),2,dimensionless populations/per-encounter yields,dimensionless per encounter unless field name gives s^-1 or s,True,"Illustrative one-factor-at-a-time grid; bounds are not measured ranges or probability priors. Results are populations and per-encounter yields, not concentrations or biological fluxes. No encounter yield is converted to molarity, and no continuous biological ROS source is modeled.",4e863b04abf00d77462be6bdf33a6b2ad343ab81,485e6c100ae04a17802c8cfb09694c7b6fe9783be2b477e00a0a465bb075e0f8,configs/doxorubicin_parameters.json,0b7d200aedee3aed703b810ad54927a2126d9ee0952f6ef87cf5ebb57992d345,configs/parameter_provenance.csv,86c4261fcb9616a643db79340fe0b7398ba10a5c46464e67e8b697bcfc3a4ec9
selectivity_unpolarized,unpolarized,unpolarized I6/6,,0.33333333333333337,1000000.0,8.0,8e-06,1.0,1000000.0,0.1,100000.0,0.1,100000.0,0.1,100000.0,1.0,1000000.0,1.584893192461114,1584893.1924611141,6.507832440918021e-06,5.903849742173121e-06,1.2411682183091141e-05,0.277969827461642,0.6530181202076435,0.9309879476692855,0.06899964064853042,1.2411682183091141e-05,0.9999999999999991,8.881784197001252e-16,constant-generator matrix exponential Pade(13),2,dimensionless populations/per-encounter yields,dimensionless per encounter unless field name gives s^-1 or s,True,"Illustrative one-factor-at-a-time grid; bounds are not measured ranges or probability priors. Results are populations and per-encounter yields, not concentrations or biological fluxes. No encounter yield is converted to molarity, and no continuous biological ROS source is modeled.",4e863b04abf00d77462be6bdf33a6b2ad343ab81,485e6c100ae04a17802c8cfb09694c7b6fe9783be2b477e00a0a465bb075e0f8,configs/doxorubicin_parameters.json,0b7d200aedee3aed703b810ad54927a2126d9ee0952f6ef87cf5ebb57992d345,configs/parameter_provenance.csv,86c4261fcb9616a643db79340fe0b7398ba10a5c46464e67e8b697bcfc3a4ec9
selectivity_unpolarized,unpolarized,unpolarized I6/6,,0.33333333333333337,1000000.0,8.0,8e-06,1.0,1000000.0,0.1,100000.0,0.1,100000.0,0.1,100000.0,1.0,1000000.0,2.5118864315095824,2511886.4315095823,1.5179181003005253e-06,7.293982019968139e-07,2.2473163022973396e-06,0.2638817708737303,0.6825548083717372,0.9464365792454675,0.053561173438228665,2.2473163022973396e-06,0.9999999999999984,1.5543122344752192e-15,constant-generator matrix exponential Pade(13),2,dimensionless populations/per-encounter yields,dimensionless per encounter unless field name gives s^-1 or s,True,"Illustrative one-factor-at-a-time grid; bounds are not measured ranges or probability priors. Results are populations and per-encounter yields, not concentrations or biological fluxes. No encounter yield is converted to molarity, and no continuous biological ROS source is modeled.",4e863b04abf00d77462be6bdf33a6b2ad343ab81,485e6c100ae04a17802c8cfb09694c7b6fe9783be2b477e00a0a465bb075e0f8,configs/doxorubicin_parameters.json,0b7d200aedee3aed703b810ad54927a2126d9ee0952f6ef87cf5ebb57992d345,configs/parameter_provenance.csv,86c4261fcb9616a643db79340fe0b7398ba10a5c46464e67e8b697bcfc3a4ec9
selectivity_unpolarized,unpolarized,unpolarized I6/6,,0.33333333333333337,1000000.0,8.0,8e-06,1.0,1000000.0,0.1,100000.0,0.1,100000.0,0.1,100000.0,1.0,1000000.0,3.981071705534973,3981071.705534973,2.6769947893071236e-06,4.210423682596063e-07,3.09803715756673e-06,0.25840402118314415,0.6982141326016784,0.9566181537848226,0.043378748178018275,3.09803715756673e-06,0.9999999999999984,1.5543122344752192e-15,constant-generator matrix exponential Pade(13),2,dimensionless populations/per-encounter yields,dimensionless per encounter unless field name gives s^-1 or s,True,"Illustrative one-factor-at-a-time grid; bounds are not measured ranges or probability priors. Results are populations and per-encounter yields, not concentrations or biological fluxes. No encounter yield is converted to molarity, and no continuous biological ROS source is modeled.",4e863b04abf00d77462be6bdf33a6b2ad343ab81,485e6c100ae04a17802c8cfb09694c7b6fe9783be2b477e00a0a465bb075e0f8,configs/doxorubicin_parameters.json,0b7d200aedee3aed703b810ad54927a2126d9ee0952f6ef87cf5ebb57992d345,configs/parameter_provenance.csv,86c4261fcb9616a643db79340fe0b7398ba10a5c46464e67e8b697bcfc3a4ec9
selectivity_unpolarized,unpolarized,unpolarized I6/6,,0.33333333333333337,1000000.0,8.0,8e-06,1.0,1000000.0,0.1,100000.0,0.1,100000.0,0.1,100000.0,1.0,1000000.0,6.309573444801936,6309573.444801936,5.433644064546933e-06,3.1666588984137657e-07,5.7503099543883105e-06,0.2581540058531312,0.7048536654904274,0.9630076713435586,0.03698657834648354,5.7503099543883105e-06,0.9999999999999966,3.4416913763379853e-15,constant-generator matrix exponential Pade(13),2,dimensionless populations/per-encounter yields,dimensionless per encounter unless field name gives s^-1 or s,True,"Illustrative one-factor-at-a-time grid; bounds are not measured ranges or probability priors. Results are populations and per-encounter yields, not concentrations or biological fluxes. No encounter yield is converted to molarity, and no continuous biological ROS source is modeled.",4e863b04abf00d77462be6bdf33a6b2ad343ab81,485e6c100ae04a17802c8cfb09694c7b6fe9783be2b477e00a0a465bb075e0f8,configs/doxorubicin_parameters.json,0b7d200aedee3aed703b810ad54927a2126d9ee0952f6ef87cf5ebb57992d345,configs/parameter_provenance.csv,86c4261fcb9616a643db79340fe0b7398ba10a5c46464e67e8b697bcfc3a4ec9
selectivity_unpolarized,unpolarized,unpolarized I6/6,,0.33333333333333337,1000000.0,8.0,8e-06,1.0,1000000.0,0.1,100000.0,0.1,100000.0,0.1,100000.0,1.0,1000000.0,10.0,10000000.0,8.453051162824127e-06,2.2032617249446104e-07,8.67337733531859e-06,0.2602091415732471,0.706694327615927,0.966903469189174,0.03308785743348398,8.67337733531859e-06,0.9999999999999933,6.661338147750939e-15,constant-generator matrix exponential Pade(13),2,dimensionless populations/per-encounter yields,dimensionless per encounter unless field name gives s^-1 or s,True,"Illustrative one-factor-at-a-time grid; bounds are not measured ranges or probability priors. Results are populations and per-encounter yields, not concentrations or biological fluxes. No encounter yield is converted to molarity, and no continuous biological ROS source is modeled.",4e863b04abf00d77462be6bdf33a6b2ad343ab81,485e6c100ae04a17802c8cfb09694c7b6fe9783be2b477e00a0a465bb075e0f8,configs/doxorubicin_parameters.json,0b7d200aedee3aed703b810ad54927a2126d9ee0952f6ef87cf5ebb57992d345,configs/parameter_provenance.csv,86c4261fcb9616a643db79340fe0b7398ba10a5c46464e67e8b697bcfc3a4ec9
selectivity_unpolarized,unpolarized,unpolarized I6/6,,0.33333333333333337,1000000.0,8.0,8e-06,1.0,1000000.0,0.1,100000.0,0.1,100000.0,1.0,1000000.0,1.0,1000000.0,0.0,0.0,1.0797325585332393e-05,8.13698524647215e-05,9.216717805005391e-05,0.18877171713259167,0.0,0.18877171713259167,0.8111361156893574,9.216717805005391e-05,0.9999999999999991,8.881784197001252e-16,constant-generator matrix exponential Pade(13),2,dimensionless populations/per-encounter yields,dimensionless per encounter unless field name gives s^-1 or s,True,"Illustrative one-factor-at-a-time grid; bounds are not measured ranges or probability priors. Results are populations and per-encounter yields, not concentrations or biological fluxes. No encounter yield is converted to molarity, and no continuous biological ROS source is modeled.",4e863b04abf00d77462be6bdf33a6b2ad343ab81,485e6c100ae04a17802c8cfb09694c7b6fe9783be2b477e00a0a465bb075e0f8,configs/doxorubicin_parameters.json,0b7d200aedee3aed703b810ad54927a2126d9ee0952f6ef87cf5ebb57992d345,configs/parameter_provenance.csv,86c4261fcb9616a643db79340fe0b7398ba10a5c46464e67e8b697bcfc3a4ec9
selectivity_unpolarized,unpolarized,unpolarized I6/6,,0.33333333333333337,1000000.0,8.0,8e-06,1.0,1000000.0,0.1,100000.0,0.1,100000.0,1.0,1000000.0,1.0,1000000.0,0.01,10000.0,1.0092271905880584e-05,7.535864416380287e-05,8.545091606968347e-05,0.1883460209598507,0.006170519872913149,0.19451654083276385,0.8053980082511657,8.545091606968347e-05,0.9999999999999992,7.771561172376096e-16,constant-generator matrix exponential Pade(13),2,dimensionless populations/per-encounter yields,dimensionless per encounter unless field name gives s^-1 or s,True,"Illustrative one-factor-at-a-time grid; bounds are not measured ranges or probability priors. Results are populations and per-encounter yields, not concentrations or biological fluxes. No encounter yield is converted to molarity, and no continuous biological ROS source is modeled.",4e863b04abf00d77462be6bdf33a6b2ad343ab81,485e6c100ae04a17802c8cfb09694c7b6fe9783be2b477e00a0a465bb075e0f8,configs/doxorubicin_parameters.json,0b7d200aedee3aed703b810ad54927a2126d9ee0952f6ef87cf5ebb57992d345,configs/parameter_provenance.csv,86c4261fcb9616a643db79340fe0b7398ba10a5c46464e67e8b697bcfc3a4ec9
selectivity_unpolarized,unpolarized,unpolarized I6/6,,0.33333333333333337,1000000.0,8.0,8e-06,1.0,1000000.0,0.1,100000.0,0.1,100000.0,1.0,1000000.0,1.0,1000000.0,0.015848931924611134,15848.931924611134,9.702078164796458e-06,7.205312879786495e-05,8.175520696266141e-05,0.18810049073402776,0.00973102607679464,0.1978315168108224,0.802086727982214,8.175520696266141e-05,0.999999999999999,9.992007221626409e-16,constant-generator matrix exponential Pade(13),2,dimensionless populations/per-encounter yields,dimensionless per encounter unless field name gives s^-1 or s,True,"Illustrative one-factor-at-a-time grid; bounds are not measured ranges or probability priors. Results are populations and per-encounter yields, not concentrations or biological fluxes. No encounter yield is converted to molarity, and no continuous biological ROS source is modeled.",4e863b04abf00d77462be6bdf33a6b2ad343ab81,485e6c100ae04a17802c8cfb09694c7b6fe9783be2b477e00a0a465bb075e0f8,configs/doxorubicin_parameters.json,0b7d200aedee3aed703b810ad54927a2126d9ee0952f6ef87cf5ebb57992d345,configs/parameter_provenance.csv,86c4261fcb9616a643db79340fe0b7398ba10a5c46464e67e8b697bcfc3a4ec9
selectivity_unpolarized,unpolarized,unpolarized I6/6,,0.33333333333333337,1000000.0,8.0,8e-06,1.0,1000000.0,0.1,100000.0,0.1,100000.0,1.0,1000000.0,1.0,1000000.0,0.025118864315095794,25118.864315095794,9.115266930049417e-06,6.711213487414625e-05,7.622740180419568e-05,0.18771647277003958,0.015302128267218315,0.20301860103725788,0.7969051715609372,7.622740180419568e-05,0.9999999999999993,6.661338147750939e-16,constant-generator matrix exponential Pade(13),2,dimensionless populations/per-encounter yields,dimensionless per encounter unless field name gives s^-1 or s,True,"Illustrative one-factor-at-a-time grid; bounds are not measured ranges or probability priors. Results are populations and per-encounter yields, not concentrations or biological fluxes. No encounter yield is converted to molarity, and no continuous biological ROS source is modeled.",4e863b04abf00d77462be6bdf33a6b2ad343ab81,485e6c100ae04a17802c8cfb09694c7b6fe9783be2b477e00a0a465bb075e0f8,configs/doxorubicin_parameters.json,0b7d200aedee3aed703b810ad54927a2126d9ee0952f6ef87cf5ebb57992d345,configs/parameter_provenance.csv,86c4261fcb9616a643db79340fe0b7398ba10a5c46464e67e8b697bcfc3a4ec9
selectivity_unpolarized,unpolarized,unpolarized I6/6,,0.33333333333333337,1000000.0,8.0,8e-06,1.0,1000000.0,0.1,100000.0,0.1,100000.0,1.0,1000000.0,1.0,1000000.0,0.039810717055349734,39810.717055349734,8.259235156856607e-06,5.997376356293572e-05,6.823299871979233e-05,0.18712040657666576,0.023955519133591133,0.2110759257102569,0.7888558412910225,6.823299871979233e-05,0.9999999999999992,7.771561172376096e-16,constant-generator matrix exponential Pade(13),2,dimensionless populations/per-encounter yields,dimensionless per encounter unless field name gives s^-1 or s,True,"Illustrative one-factor-at-a-time grid; bounds are not measured ranges or probability priors. Results are populations and per-encounter yields, not concentrations or biological fluxes. No encounter yield is converted to molarity, and no continuous biological ROS source is modeled.",4e863b04abf00d77462be6bdf33a6b2ad343ab81,485e6c100ae04a17802c8cfb09694c7b6fe9783be2b477e00a0a465bb075e0f8,configs/doxorubicin_parameters.json,0b7d200aedee3aed703b810ad54927a2126d9ee0952f6ef87cf5ebb57992d345,configs/parameter_provenance.csv,86c4261fcb9616a643db79340fe0b7398ba10a5c46464e67e8b697bcfc3a4ec9
selectivity_unpolarized,unpolarized,unpolarized I6/6,,0.33333333333333337,1000000.0,8.0,8e-06,1.0,1000000.0,0.1,100000.0,0.1,100000.0,1.0,1000000.0,1.0,1000000.0,0.06309573444801933,63095.73444801933,7.068901902299844e-06,5.019991791483152e-05,5.726881981713136e-05,0.18620610106274016,0.037244528725175245,0.2234506297879154,0.7764921013922664,5.726881981713136e-05,0.999999999999999,9.992007221626409e-16,constant-generator matrix exponential Pade(13),2,dimensionless populations/per-encounter yields,dimensionless per encounter unless field name gives s^-1 or s,True,"Illustrative one-factor-at-a-time grid; bounds are not measured ranges or probability priors. Results are populations and per-encounter yields, not concentrations or biological fluxes. No encounter yield is converted to molarity, and no continuous biological ROS source is modeled.",4e863b04abf00d77462be6bdf33a6b2ad343ab81,485e6c100ae04a17802c8cfb09694c7b6fe9783be2b477e00a0a465bb075e0f8,configs/doxorubicin_parameters.json,0b7d200aedee3aed703b810ad54927a2126d9ee0952f6ef87cf5ebb57992d345,configs/parameter_provenance.csv,86c4261fcb9616a643db79340fe0b7398ba10a5c46464e67e8b697bcfc3a4ec9
selectivity_unpolarized,unpolarized,unpolarized I6/6,,0.33333333333333337,1000000.0,8.0,8e-06,1.0,1000000.0,0.1,100000.0,0.1,100000.0,1.0,1000000.0,1.0,1000000.0,0.1,100000.0,5.533428438770538e-06,3.79004843738397e-05,4.343391281261024e-05,0.1848290544320762,0.05729985974754856,0.24212891417962476,0.757827651907562,4.343391281261024e-05,0.9999999999999993,6.661338147750939e-16,constant-generator matrix exponential Pade(13),2,dimensionless populations/per-encounter yields,dimensionless per encounter unless field name gives s^-1 or s,True,"Illustrative one-factor-at-a-time grid; bounds are not measured ranges or probability priors. Results are populations and per-encounter yields, not concentrations or biological fluxes. No encounter yield is converted to molarity, and no continuous biological ROS source is modeled.",4e863b04abf00d77462be6bdf33a6b2ad343ab81,485e6c100ae04a17802c8cfb09694c7b6fe9783be2b477e00a0a465bb075e0f8,configs/doxorubicin_parameters.json,0b7d200aedee3aed703b810ad54927a2126d9ee0952f6ef87cf5ebb57992d345,configs/parameter_provenance.csv,86c4261fcb9616a643db79340fe0b7398ba10a5c46464e67e8b697bcfc3a4ec9
selectivity_unpolarized,unpolarized,unpolarized I6/6,,0.33333333333333337,1000000.0,8.0,8e-06,1.0,1000000.0,0.1,100000.0,0.1,100000.0,1.0,1000000.0,1.0,1000000.0,0.15848931924611143,158489.31924611144,3.7709884462187274e-06,2.433567607685845e-05,2.810666452307718e-05,0.18281193002305618,0.08678318072588337,0.26959511074893955,0.7303767825865366,2.810666452307718e-05,0.9999999999999993,6.661338147750939e-16,constant-generator matrix exponential Pade(13),2,dimensionless populations/per-encounter yields,dimensionless per encounter unless field name gives s^-1 or s,True,"Illustrative one-factor-at-a-time grid; bounds are not measured ranges or probability priors. Results are populations and per-encounter yields, not concentrations or biological fluxes. No encounter yield is converted to molarity, and no continuous biological ROS source is modeled.",4e863b04abf00d77462be6bdf33a6b2ad343ab81,485e6c100ae04a17802c8cfb09694c7b6fe9783be2b477e00a0a465bb075e0f8,configs/doxorubicin_parameters.json,0b7d200aedee3aed703b810ad54927a2126d9ee0952f6ef87cf5ebb57992d345,configs/parameter_provenance.csv,86c4261fcb9616a643db79340fe0b7398ba10a5c46464e67e8b697bcfc3a4ec9
selectivity_unpolarized,unpolarized,unpolarized I6/6,,0.33333333333333337,1000000.0,8.0,8e-06,1.0,1000000.0,0.1,100000.0,0.1,100000.0,1.0,1000000.0,1.0,1000000.0,0.25118864315095807,251188.64315095806,2.0800098527939796e-06,1.2141194383516827e-05,1.4221204236310808e-05,0.17997699953894936,0.1284927858008268,0.30846978533977615,0.6915159934559868,1.4221204236310808e-05,0.9999999999999992,7.771561172376096e-16,constant-generator matrix exponential Pade(13),2,dimensionless populations/per-encounter yields,dimensionless per encounter unless field name gives s^-1 or s,True,"Illustrative one-factor-at-a-time grid; bounds are not measured ranges or probability priors. Results are populations and per-encounter yields, not concentrations or biological fluxes. No encounter yield is converted to molarity, and no continuous biological ROS source is modeled.",4e863b04abf00d77462be6bdf33a6b2ad343ab81,485e6c100ae04a17802c8cfb09694c7b6fe9783be2b477e00a0a465bb075e0f8,configs/doxorubicin_parameters.json,0b7d200aedee3aed703b810ad54927a2126d9ee0952f6ef87cf5ebb57992d345,configs/parameter_provenance.csv,86c4261fcb9616a643db79340fe0b7398ba10a5c46464e67e8b697bcfc3a4ec9
selectivity_unpolarized,unpolarized,unpolarized I6/6,,0.33333333333333337,1000000.0,8.0,8e-06,1.0,1000000.0,0.1,100000.0,0.1,100000.0,1.0,1000000.0,1.0,1000000.0,0.3981071705534973,398107.17055349733,8.40300492583235e-07,4.116640741895235e-06,4.95694123447847e-06,0.17622404700565647,0.18438721230774668,0.36061125931340315,0.6393837837453618,4.95694123447847e-06,0.9999999999999994,5.551115123125783e-16,constant-generator matrix exponential Pade(13),2,dimensionless populations/per-encounter yields,dimensionless per encounter unless field name gives s^-1 or s,True,"Illustrative one-factor-at-a-time grid; bounds are not measured ranges or probability priors. Results are populations and per-encounter yields, not concentrations or biological fluxes. No encounter yield is converted to molarity, and no continuous biological ROS source is modeled.",4e863b04abf00d77462be6bdf33a6b2ad343ab81,485e6c100ae04a17802c8cfb09694c7b6fe9783be2b477e00a0a465bb075e0f8,configs/doxorubicin_parameters.json,0b7d200aedee3aed703b810ad54927a2126d9ee0952f6ef87cf5ebb57992d345,configs/parameter_provenance.csv,86c4261fcb9616a643db79340fe0b7398ba10a5c46464e67e8b697bcfc3a4ec9
selectivity_unpolarized,unpolarized,unpolarized I6/6,,0.33333333333333337,1000000.0,8.0,8e-06,1.0,1000000.0,0.1,100000.0,0.1,100000.0,1.0,1000000.0,1.0,1000000.0,0.6309573444801934,630957.3444801933,2.2284141833655754e-07,7.935271634957483e-07,1.016368581832306e-06,0.17165239866071957,0.25405080110282263,0.4257031997635422,0.5742957838678755,1.016368581832306e-06,0.9999999999999996,4.440892098500626e-16,constant-generator matrix exponential Pade(13),2,dimensionless populations/per-encounter yields,dimensionless per encounter unless field name gives s^-1 or s,True,"Illustrative one-factor-at-a-time grid; bounds are not measured ranges or probability priors. Results are populations and per-encounter yields, not concentrations or biological fluxes. No encounter yield is converted to molarity, and no continuous biological ROS source is modeled.",4e863b04abf00d77462be6bdf33a6b2ad343ab81,485e6c100ae04a17802c8cfb09694c7b6fe9783be2b477e00a0a465bb075e0f8,configs/doxorubicin_parameters.json,0b7d200aedee3aed703b810ad54927a2126d9ee0952f6ef87cf5ebb57992d345,configs/parameter_provenance.csv,86c4261fcb9616a643db79340fe0b7398ba10a5c46464e67e8b697bcfc3a4ec9
selectivity_unpolarized,unpolarized,unpolarized I6/6,,0.33333333333333337,1000000.0,8.0,8e-06,1.0,1000000.0,0.1,100000.0,0.1,100000.0,1.0,1000000.0,1.0,1000000.0,1.0,1000000.0,3.7511724906419754e-08,7.502344981283953e-08,1.1253517471925926e-07,0.16666664791080393,0.33333329582160787,0.4999999437324118,0.49999994373241186,1.1253517471925926e-07,0.9999999999999984,1.5543122344752192e-15,constant-generator matrix exponential Pade(13),2,dimensionless populations/per-encounter yields,dimensionless per encounter unless field name gives s^-1 or s,True,"Illustrative one-factor-at-a-time grid; bounds are not measured ranges or probability priors. Results are populations and per-encounter yields, not concentrations or biological fluxes. No encounter yield is converted to molarity, and no continuous biological ROS source is modeled.",4e863b04abf00d77462be6bdf33a6b2ad343ab81,485e6c100ae04a17802c8cfb09694c7b6fe9783be2b477e00a0a465bb075e0f8,configs/doxorubicin_parameters.json,0b7d200aedee3aed703b810ad54927a2126d9ee0952f6ef87cf5ebb57992d345,configs/parameter_provenance.csv,86c4261fcb9616a643db79340fe0b7398ba10a5c46464e67e8b697bcfc3a4ec9
selectivity_unpolarized,unpolarized,unpolarized I6/6,,0.33333333333333337,1000000.0,8.0,8e-06,1.0,1000000.0,0.1,100000.0,0.1,100000.0,1.0,1000000.0,1.0,1000000.0,1.584893192461114,1584893.1924611141,4.858655343682774e-09,4.407730432294788e-09,9.26638577597756e-09,0.16194300731956124,0.4145503733636739,0.5764933806832351,0.4235066100503775,9.26638577597756e-09,0.9999999999999983,1.6653345369377348e-15,constant-generator matrix exponential Pade(13),2,dimensionless populations/per-encounter yields,dimensionless per encounter unless field name gives s^-1 or s,True,"Illustrative one-factor-at-a-time grid; bounds are not measured ranges or probability priors. Results are populations and per-encounter yields, not concentrations or biological fluxes. No encounter yield is converted to molarity, and no continuous biological ROS source is modeled.",4e863b04abf00d77462be6bdf33a6b2ad343ab81,485e6c100ae04a17802c8cfb09694c7b6fe9783be2b477e00a0a465bb075e0f8,configs/doxorubicin_parameters.json,0b7d200aedee3aed703b810ad54927a2126d9ee0952f6ef87cf5ebb57992d345,configs/parameter_provenance.csv,86c4261fcb9616a643db79340fe0b7398ba10a5c46464e67e8b697bcfc3a4ec9
selectivity_unpolarized,unpolarized,unpolarized I6/6,,0.33333333333333337,1000000.0,8.0,8e-06,1.0,1000000.0,0.1,100000.0,0.1,100000.0,1.0,1000000.0,1.0,1000000.0,2.5118864315095824,2511886.4315095823,1.1332561119624634e-09,5.445583462662882e-10,1.6778144582287514e-09,0.158181435515946,0.4889733360137524,0.6471547715296984,0.3528452267924853,1.6778144582287514e-09,0.9999999999999981,1.887379141862766e-15,constant-generator matrix exponential Pade(13),2,dimensionless populations/per-encounter yields,dimensionless per encounter unless field name gives s^-1 or s,True,"Illustrative one-factor-at-a-time grid; bounds are not measured ranges or probability priors. Results are populations and per-encounter yields, not concentrations or biological fluxes. No encounter yield is converted to molarity, and no continuous biological ROS source is modeled.",4e863b04abf00d77462be6bdf33a6b2ad343ab81,485e6c100ae04a17802c8cfb09694c7b6fe9783be2b477e00a0a465bb075e0f8,configs/doxorubicin_parameters.json,0b7d200aedee3aed703b810ad54927a2126d9ee0952f6ef87cf5ebb57992d345,configs/parameter_provenance.csv,86c4261fcb9616a643db79340fe0b7398ba10a5c46464e67e8b697bcfc3a4ec9
selectivity_unpolarized,unpolarized,unpolarized I6/6,,0.33333333333333337,1000000.0,8.0,8e-06,1.0,1000000.0,0.1,100000.0,0.1,100000.0,1.0,1000000.0,1.0,1000000.0,3.981071705534973,3981071.705534973,1.998606318795017e-09,3.1434425686792975e-10,2.312950575662947e-09,0.1557717665627698,0.5502419385998558,0.7060137051626256,0.2939862925244203,2.312950575662947e-09,0.9999999999999966,3.4416913763379853e-15,constant-generator matrix exponential Pade(13),2,dimensionless populations/per-encounter yields,dimensionless per encounter unless field name gives s^-1 or s,True,"Illustrative one-factor-at-a-time grid; bounds are not measured ranges or probability priors. Results are populations and per-encounter yields, not concentrations or biological fluxes. No encounter yield is converted to molarity, and no continuous biological ROS source is modeled.",4e863b04abf00d77462be6bdf33a6b2ad343ab81,485e6c100ae04a17802c8cfb09694c7b6fe9783be2b477e00a0a465bb075e0f8,configs/doxorubicin_parameters.json,0b7d200aedee3aed703b810ad54927a2126d9ee0952f6ef87cf5ebb57992d345,configs/parameter_provenance.csv,86c4261fcb9616a643db79340fe0b7398ba10a5c46464e67e8b697bcfc3a4ec9
selectivity_unpolarized,unpolarized,unpolarized I6/6,,0.33333333333333337,1000000.0,8.0,8e-06,1.0,1000000.0,0.1,100000.0,0.1,100000.0,1.0,1000000.0,1.0,1000000.0,6.309573444801936,6309573.444801936,4.056681546360906e-09,2.3641825935254464e-10,4.293099805713451e-09,0.1546434982209613,0.5962187029177417,0.750862201138703,0.24913779456819368,4.293099805713451e-09,0.9999999999999963,3.6637359812630166e-15,constant-generator matrix exponential Pade(13),2,dimensionless populations/per-encounter yields,dimensionless per encounter unless field name gives s^-1 or s,True,"Illustrative one-factor-at-a-time grid; bounds are not measured ranges or probability priors. Results are populations and per-encounter yields, not concentrations or biological fluxes. No encounter yield is converted to molarity, and no continuous biological ROS source is modeled.",4e863b04abf00d77462be6bdf33a6b2ad343ab81,485e6c100ae04a17802c8cfb09694c7b6fe9783be2b477e00a0a465bb075e0f8,configs/doxorubicin_parameters.json,0b7d200aedee3aed703b810ad54927a2126d9ee0952f6ef87cf5ebb57992d345,configs/parameter_provenance.csv,86c4261fcb9616a643db79340fe0b7398ba10a5c46464e67e8b697bcfc3a4ec9
selectivity_unpolarized,unpolarized,unpolarized I6/6,,0.33333333333333337,1000000.0,8.0,8e-06,1.0,1000000.0,0.1,100000.0,0.1,100000.0,1.0,1000000.0,1.0,1000000.0,10.0,10000000.0,6.310928035646402e-09,1.6449239359831173e-10,6.475420429244714e-09,0.15440984628603635,0.628345728138636,0.7827555744246724,0.2172444190999,6.475420429244714e-09,0.9999999999999928,7.216449660063518e-15,constant-generator matrix exponential Pade(13),2,dimensionless populations/per-encounter yields,dimensionless per encounter unless field name gives s^-1 or s,True,"Illustrative one-factor-at-a-time grid; bounds are not measured ranges or probability priors. Results are populations and per-encounter yields, not concentrations or biological fluxes. No encounter yield is converted to molarity, and no continuous biological ROS source is modeled.",4e863b04abf00d77462be6bdf33a6b2ad343ab81,485e6c100ae04a17802c8cfb09694c7b6fe9783be2b477e00a0a465bb075e0f8,configs/doxorubicin_parameters.json,0b7d200aedee3aed703b810ad54927a2126d9ee0952f6ef87cf5ebb57992d345,configs/parameter_provenance.csv,86c4261fcb9616a643db79340fe0b7398ba10a5c46464e67e8b697bcfc3a4ec9
selectivity_unpolarized,unpolarized,unpolarized I6/6,,0.33333333333333337,1000000.0,8.0,8e-06,1.0,1000000.0,0.1,100000.0,0.1,100000.0,10.0,10000000.0,1.0,1000000.0,0.0,0.0,5.809162167944838e-37,4.3778495407366124e-36,4.958765757531097e-36,0.030350012749975855,0.0,0.030350012749975855,0.969649987250017,4.958765757531097e-36,0.9999999999999929,7.105427357601002e-15,constant-generator matrix exponential Pade(13),2,dimensionless populations/per-encounter yields,dimensionless per encounter unless field name gives s^-1 or s,True,"Illustrative one-factor-at-a-time grid; bounds are not measured ranges or probability priors. Results are populations and per-encounter yields, not concentrations or biological fluxes. No encounter yield is converted to molarity, and no continuous biological ROS source is modeled.",4e863b04abf00d77462be6bdf33a6b2ad343ab81,485e6c100ae04a17802c8cfb09694c7b6fe9783be2b477e00a0a465bb075e0f8,configs/doxorubicin_parameters.json,0b7d200aedee3aed703b810ad54927a2126d9ee0952f6ef87cf5ebb57992d345,configs/parameter_provenance.csv,86c4261fcb9616a643db79340fe0b7398ba10a5c46464e67e8b697bcfc3a4ec9
selectivity_unpolarized,unpolarized,unpolarized I6/6,,0.33333333333333337,1000000.0,8.0,8e-06,1.0,1000000.0,0.1,100000.0,0.1,100000.0,10.0,10000000.0,1.0,1000000.0,0.01,10000.0,5.429830163118757e-37,4.05443534368043e-36,4.597418359992306e-36,0.03034949187661054,0.0006654900992580188,0.03101498197586856,0.9689850180241242,4.597418359992306e-36,0.9999999999999928,7.216449660063518e-15,constant-generator matrix exponential Pade(13),2,dimensionless populations/per-encounter yields,dimensionless per encounter unless field name gives s^-1 or s,True,"Illustrative one-factor-at-a-time grid; bounds are not measured ranges or probability priors. Results are populations and per-encounter yields, not concentrations or biological fluxes. No encounter yield is converted to molarity, and no continuous biological ROS source is modeled.",4e863b04abf00d77462be6bdf33a6b2ad343ab81,485e6c100ae04a17802c8cfb09694c7b6fe9783be2b477e00a0a465bb075e0f8,configs/doxorubicin_parameters.json,0b7d200aedee3aed703b810ad54927a2126d9ee0952f6ef87cf5ebb57992d345,configs/parameter_provenance.csv,86c4261fcb9616a643db79340fe0b7398ba10a5c46464e67e8b697bcfc3a4ec9
selectivity_unpolarized,unpolarized,unpolarized I6/6,,0.33333333333333337,1000000.0,8.0,8e-06,1.0,1000000.0,0.1,100000.0,0.1,100000.0,10.0,10000000.0,1.0,1000000.0,0.015848931924611134,15848.931924611134,5.219898666568211e-37,3.876592463444968e-36,4.398582330101789e-36,0.030349187747944015,0.0010541200930587293,0.031403307841002745,0.9685966921589904,4.398582330101789e-36,0.9999999999999931,6.8833827526759706e-15,constant-generator matrix exponential Pade(13),2,dimensionless populations/per-encounter yields,dimensionless per encounter unless field name gives s^-1 or s,True,"Illustrative one-factor-at-a-time grid; bounds are not measured ranges or probability priors. Results are populations and per-encounter yields, not concentrations or biological fluxes. No encounter yield is converted to molarity, and no continuous biological ROS source is modeled.",4e863b04abf00d77462be6bdf33a6b2ad343ab81,485e6c100ae04a17802c8cfb09694c7b6fe9783be2b477e00a0a465bb075e0f8,configs/doxorubicin_parameters.json,0b7d200aedee3aed703b810ad54927a2126d9ee0952f6ef87cf5ebb57992d345,configs/parameter_provenance.csv,86c4261fcb9616a643db79340fe0b7398ba10a5c46464e67e8b697bcfc3a4ec9
selectivity_unpolarized,unpolarized,unpolarized I6/6,,0.33333333333333337,1000000.0,8.0,8e-06,1.0,1000000.0,0.1,100000.0,0.1,100000.0,10.0,10000000.0,1.0,1000000.0,0.025118864315095794,25118.864315095794,4.904183298195068e-37,3.610757792193546e-36,4.101176122013052e-36,0.030348706530618576,0.0016691362052937463,0.03201784273591232,0.9679821572640808,4.101176122013052e-36,0.9999999999999931,6.8833827526759706e-15,constant-generator matrix exponential Pade(13),2,dimensionless populations/per-encounter yields,dimensionless per encounter unless field name gives s^-1 or s,True,"Illustrative one-factor-at-a-time grid; bounds are not measured ranges or probability priors. Results are populations and per-encounter yields, not concentrations or biological fluxes. No encounter yield is converted to molarity, and no continuous biological ROS source is modeled.",4e863b04abf00d77462be6bdf33a6b2ad343ab81,485e6c100ae04a17802c8cfb09694c7b6fe9783be2b477e00a0a465bb075e0f8,configs/doxorubicin_parameters.json,0b7d200aedee3aed703b810ad54927a2126d9ee0952f6ef87cf5ebb57992d345,configs/parameter_provenance.csv,86c4261fcb9616a643db79340fe0b7398ba10a5c46464e67e8b697bcfc3a4ec9
selectivity_unpolarized,unpolarized,unpolarized I6/6,,0.33333333333333337,1000000.0,8.0,8e-06,1.0,1000000.0,0.1,100000.0,0.1,100000.0,10.0,10000000.0,1.0,1000000.0,0.039810717055349734,39810.717055349734,4.443622268328108e-37,3.226700126856932e-36,3.671062353689743e-36,0.03034794584119683,0.002641564613788191,0.03298951045498502,0.9670104895450081,3.671062353689743e-36,0.9999999999999931,6.8833827526759706e-15,constant-generator matrix exponential Pade(13),2,dimensionless populations/per-encounter yields,dimensionless per encounter unless field name gives s^-1 or s,True,"Illustrative one-factor-at-a-time grid; bounds are not measured ranges or probability priors. Results are populations and per-encounter yields, not concentrations or biological fluxes. No encounter yield is converted to molarity, and no continuous biological ROS source is modeled.",4e863b04abf00d77462be6bdf33a6b2ad343ab81,485e6c100ae04a17802c8cfb09694c7b6fe9783be2b477e00a0a465bb075e0f8,configs/doxorubicin_parameters.json,0b7d200aedee3aed703b810ad54927a2126d9ee0952f6ef87cf5ebb57992d345,configs/parameter_provenance.csv,86c4261fcb9616a643db79340fe0b7398ba10a5c46464e67e8b697bcfc3a4ec9
selectivity_unpolarized,unpolarized,unpolarized I6/6,,0.33333333333333337,1000000.0,8.0,8e-06,1.0,1000000.0,0.1,100000.0,0.1,100000.0,10.0,10000000.0,1.0,1000000.0,0.06309573444801933,63095.73444801933,3.803200818130078e-37,2.7008490359957477e-36,3.081169117808756e-36,0.030346745200727984,0.004176993205193758,0.03452373840592174,0.9654762615940711,3.081169117808756e-36,0.9999999999999928,7.216449660063518e-15,constant-generator matrix exponential Pade(13),2,dimensionless populations/per-encounter yields,dimensionless per encounter unless field name gives s^-1 or s,True,"Illustrative one-factor-at-a-time grid; bounds are not measured ranges or probability priors. Results are populations and per-encounter yields, not concentrations or biological fluxes. No encounter yield is converted to molarity, and no continuous biological ROS source is modeled.",4e863b04abf00d77462be6bdf33a6b2ad343ab81,485e6c100ae04a17802c8cfb09694c7b6fe9783be2b477e00a0a465bb075e0f8,configs/doxorubicin_parameters.json,0b7d200aedee3aed703b810ad54927a2126d9ee0952f6ef87cf5ebb57992d345,configs/parameter_provenance.csv,86c4261fcb9616a643db79340fe0b7398ba10a5c46464e67e8b697bcfc3a4ec9
selectivity_unpolarized,unpolarized,unpolarized I6/6,,0.33333333333333337,1000000.0,8.0,8e-06,1.0,1000000.0,0.1,100000.0,0.1,100000.0,10.0,10000000.0,1.0,1000000.0,0.1,100000.0,2.9770875103740276e-37,2.0391166148622935e-36,2.3368253658996963e-36,0.030344854704825883,0.006596104933137703,0.03694095963796359,0.9630590403620293,2.3368253658996963e-36,0.9999999999999929,7.105427357601002e-15,constant-generator matrix exponential Pade(13),2,dimensionless populations/per-encounter yields,dimensionless per encounter unless field name gives s^-1 or s,True,"Illustrative one-factor-at-a-time grid; bounds are not measured ranges or probability priors. Results are populations and per-encounter yields, not concentrations or biological fluxes. No encounter yield is converted to molarity, and no continuous biological ROS source is modeled.",4e863b04abf00d77462be6bdf33a6b2ad343ab81,485e6c100ae04a17802c8cfb09694c7b6fe9783be2b477e00a0a465bb075e0f8,configs/doxorubicin_parameters.json,0b7d200aedee3aed703b810ad54927a2126d9ee0952f6ef87cf5ebb57992d345,configs/parameter_provenance.csv,86c4261fcb9616a643db79340fe0b7398ba10a5c46464e67e8b697bcfc3a4ec9
selectivity_unpolarized,unpolarized,unpolarized I6/6,,0.33333333333333337,1000000.0,8.0,8e-06,1.0,1000000.0,0.1,100000.0,0.1,100000.0,10.0,10000000.0,1.0,1000000.0,0.15848931924611143,158489.31924611144,2.0288619847946048e-37,1.3093046762347292e-36,1.5121908747141898e-36,0.030341889219876083,0.010394439260566813,0.040736328480442896,0.9592636715195502,1.5121908747141898e-36,0.9999999999999931,6.8833827526759706e-15,constant-generator matrix exponential Pade(13),2,dimensionless populations/per-encounter yields,dimensionless per encounter unless field name gives s^-1 or s,True,"Illustrative one-factor-at-a-time grid; bounds are not measured ranges or probability priors. Results are populations and per-encounter yields, not concentrations or biological fluxes. No encounter yield is converted to molarity, and no continuous biological ROS source is modeled.",4e863b04abf00d77462be6bdf33a6b2ad343ab81,485e6c100ae04a17802c8cfb09694c7b6fe9783be2b477e00a0a465bb075e0f8,configs/doxorubicin_parameters.json,0b7d200aedee3aed703b810ad54927a2126d9ee0952f6ef87cf5ebb57992d345,configs/parameter_provenance.csv,86c4261fcb9616a643db79340fe0b7398ba10a5c46464e67e8b697bcfc3a4ec9
selectivity_unpolarized,unpolarized,unpolarized I6/6,,0.33333333333333337,1000000.0,8.0,8e-06,1.0,1000000.0,0.1,100000.0,0.1,100000.0,10.0,10000000.0,1.0,1000000.0,0.25118864315095807,251188.64315095806,1.119084022270974e-37,6.532188598832346e-37,7.65127262110332e-37,0.03033726501689235,0.016326350843346323,0.04666361586023868,0.9533363841397543,7.65127262110332e-37,0.999999999999993,6.994405055138486e-15,constant-generator matrix exponential Pade(13),2,dimensionless populations/per-encounter yields,dimensionless per encounter unless field name gives s^-1 or s,True,"Illustrative one-factor-at-a-time grid; bounds are not measured ranges or probability priors. Results are populations and per-encounter yields, not concentrations or biological fluxes. No encounter yield is converted to molarity, and no continuous biological ROS source is modeled.",4e863b04abf00d77462be6bdf33a6b2ad343ab81,485e6c100ae04a17802c8cfb09694c7b6fe9783be2b477e00a0a465bb075e0f8,configs/doxorubicin_parameters.json,0b7d200aedee3aed703b810ad54927a2126d9ee0952f6ef87cf5ebb57992d345,configs/parameter_provenance.csv,86c4261fcb9616a643db79340fe0b7398ba10a5c46464e67e8b697bcfc3a4ec9
selectivity_unpolarized,unpolarized,unpolarized I6/6,,0.33333333333333337,1000000.0,8.0,8e-06,1.0,1000000.0,0.1,100000.0,0.1,100000.0,10.0,10000000.0,1.0,1000000.0,0.3981071705534973,398107.17055349733,4.520973080455248e-38,2.214829354532392e-37,2.666926662577917e-37,0.03033012084416903,0.025512926698309603,0.05584304754247863,0.9441569524575142,2.666926662577917e-37,0.9999999999999928,7.216449660063518e-15,constant-generator matrix exponential Pade(13),2,dimensionless populations/per-encounter yields,dimensionless per encounter unless field name gives s^-1 or s,True,"Illustrative one-factor-at-a-time grid; bounds are not measured ranges or probability priors. Results are populations and per-encounter yields, not concentrations or biological fluxes. No encounter yield is converted to molarity, and no continuous biological ROS source is modeled.",4e863b04abf00d77462be6bdf33a6b2ad343ab81,485e6c100ae04a17802c8cfb09694c7b6fe9783be2b477e00a0a465bb075e0f8,configs/doxorubicin_parameters.json,0b7d200aedee3aed703b810ad54927a2126d9ee0952f6ef87cf5ebb57992d345,configs/parameter_provenance.csv,86c4261fcb9616a643db79340fe0b7398ba10a5c46464e67e8b697bcfc3a4ec9
selectivity_unpolarized,unpolarized,unpolarized I6/6,,0.33333333333333337,1000000.0,8.0,8e-06,1.0,1000000.0,0.1,100000.0,0.1,100000.0,10.0,10000000.0,1.0,1000000.0,0.6309573444801934,630957.3444801933,1.1989283148138275e-38,4.2693238626406683e-38,5.468252177454497e-38,0.03031924070390475,0.03955671227346494,0.06987595297736969,0.9301240470226231,5.468252177454497e-38,0.9999999999999928,7.216449660063518e-15,constant-generator matrix exponential Pade(13),2,dimensionless populations/per-encounter yields,dimensionless per encounter unless field name gives s^-1 or s,True,"Illustrative one-factor-at-a-time grid; bounds are not measured ranges or probability priors. Results are populations and per-encounter yields, not concentrations or biological fluxes. No encounter yield is converted to molarity, and no continuous biological ROS source is modeled.",4e863b04abf00d77462be6bdf33a6b2ad343ab81,485e6c100ae04a17802c8cfb09694c7b6fe9783be2b477e00a0a465bb075e0f8,configs/doxorubicin_parameters.json,0b7d200aedee3aed703b810ad54927a2126d9ee0952f6ef87cf5ebb57992d345,configs/parameter_provenance.csv,86c4261fcb9616a643db79340fe0b7398ba10a5c46464e67e8b697bcfc3a4ec9
selectivity_unpolarized,unpolarized,unpolarized I6/6,,0.33333333333333337,1000000.0,8.0,8e-06,1.0,1000000.0,0.1,100000.0,0.1,100000.0,10.0,10000000.0,1.0,1000000.0,1.0,1000000.0,2.0182006318003826e-39,4.0364012636007666e-39,6.054601895401149e-39,0.03030303030303009,0.06060606060606017,0.09090909090909026,0.9090909090909027,6.054601895401149e-39,0.999999999999993,6.994405055138486e-15,constant-generator matrix exponential Pade(13),2,dimensionless populations/per-encounter yields,dimensionless per encounter unless field name gives s^-1 or s,True,"Illustrative one-factor-at-a-time grid; bounds are not measured ranges or probability priors. Results are populations and per-encounter yields, not concentrations or biological fluxes. No encounter yield is converted to molarity, and no continuous biological ROS source is modeled.",4e863b04abf00d77462be6bdf33a6b2ad343ab81,485e6c100ae04a17802c8cfb09694c7b6fe9783be2b477e00a0a465bb075e0f8,configs/doxorubicin_parameters.json,0b7d200aedee3aed703b810ad54927a2126d9ee0952f6ef87cf5ebb57992d345,configs/parameter_provenance.csv,86c4261fcb9616a643db79340fe0b7398ba10a5c46464e67e8b697bcfc3a4ec9
selectivity_unpolarized,unpolarized,unpolarized I6/6,,0.33333333333333337,1000000.0,8.0,8e-06,1.0,1000000.0,0.1,100000.0,0.1,100000.0,10.0,10000000.0,1.0,1000000.0,1.584893192461114,1584893.1924611141,2.6140470236394714e-40,2.3714410268936325e-40,4.985488050533106e-40,0.030279658944971536,0.09123976339270204,0.12151942233767357,0.8784805776623195,4.985488050533106e-40,0.999999999999993,6.994405055138486e-15,constant-generator matrix exponential Pade(13),2,dimensionless populations/per-encounter yields,dimensionless per encounter unless field name gives s^-1 or s,True,"Illustrative one-factor-at-a-time grid; bounds are not measured ranges or probability priors. Results are populations and per-encounter yields, not concentrations or biological fluxes. No encounter yield is converted to molarity, and no continuous biological ROS source is modeled.",4e863b04abf00d77462be6bdf33a6b2ad343ab81,485e6c100ae04a17802c8cfb09694c7b6fe9783be2b477e00a0a465bb075e0f8,configs/doxorubicin_parameters.json,0b7d200aedee3aed703b810ad54927a2126d9ee0952f6ef87cf5ebb57992d345,configs/parameter_provenance.csv,86c4261fcb9616a643db79340fe0b7398ba10a5c46464e67e8b697bcfc3a4ec9
selectivity_unpolarized,unpolarized,unpolarized I6/6,,0.33333333333333337,1000000.0,8.0,8e-06,1.0,1000000.0,0.1,100000.0,0.1,100000.0,10.0,10000000.0,1.0,1000000.0,2.5118864315095824,2511886.4315095823,6.097128849339801e-41,2.9298252779058817e-41,9.026954127245684e-41,0.030247537061339917,0.13396255500272664,0.16421009206406656,0.8357899079359263,9.026954127245684e-41,0.9999999999999929,7.105427357601002e-15,constant-generator matrix exponential Pade(13),2,dimensionless populations/per-encounter yields,dimensionless per encounter unless field name gives s^-1 or s,True,"Illustrative one-factor-at-a-time grid; bounds are not measured ranges or probability priors. Results are populations and per-encounter yields, not concentrations or biological fluxes. No encounter yield is converted to molarity, and no continuous biological ROS source is modeled.",4e863b04abf00d77462be6bdf33a6b2ad343ab81,485e6c100ae04a17802c8cfb09694c7b6fe9783be2b477e00a0a465bb075e0f8,configs/doxorubicin_parameters.json,0b7d200aedee3aed703b810ad54927a2126d9ee0952f6ef87cf5ebb57992d345,configs/parameter_provenance.csv,86c4261fcb9616a643db79340fe0b7398ba10a5c46464e67e8b697bcfc3a4ec9
selectivity_unpolarized,unpolarized,unpolarized I6/6,,0.33333333333333337,1000000.0,8.0,8e-06,1.0,1000000.0,0.1,100000.0,0.1,100000.0,10.0,10000000.0,1.0,1000000.0,3.981071705534973,3981071.705534973,1.075287405571166e-40,1.6912306202829524e-41,1.2444104675994616e-40,0.030206243258524654,0.1901346575917599,0.22034090085028457,0.7796590991497083,1.2444104675994616e-40,0.9999999999999929,7.105427357601002e-15,constant-generator matrix exponential Pade(13),2,dimensionless populations/per-encounter yields,dimensionless per encounter unless field name gives s^-1 or s,True,"Illustrative one-factor-at-a-time grid; bounds are not measured ranges or probability priors. Results are populations and per-encounter yields, not concentrations or biological fluxes. No encounter yield is converted to molarity, and no continuous biological ROS source is modeled.",4e863b04abf00d77462be6bdf33a6b2ad343ab81,485e6c100ae04a17802c8cfb09694c7b6fe9783be2b477e00a0a465bb075e0f8,configs/doxorubicin_parameters.json,0b7d200aedee3aed703b810ad54927a2126d9ee0952f6ef87cf5ebb57992d345,configs/parameter_provenance.csv,86c4261fcb9616a643db79340fe0b7398ba10a5c46464e67e8b697bcfc3a4ec9
selectivity_unpolarized,unpolarized,unpolarized I6/6,,0.33333333333333337,1000000.0,8.0,8e-06,1.0,1000000.0,0.1,100000.0,0.1,100000.0,10.0,10000000.0,1.0,1000000.0,6.309573444801936,6309573.444801936,2.182570191134402e-40,1.2719742469448427e-41,2.3097676158288863e-40,0.03015765069272397,0.2585274487661766,0.2886850994589006,0.7113149005410921,2.3097676158288863e-40,0.9999999999999927,7.327471962526033e-15,constant-generator matrix exponential Pade(13),2,dimensionless populations/per-encounter yields,dimensionless per encounter unless field name gives s^-1 or s,True,"Illustrative one-factor-at-a-time grid; bounds are not measured ranges or probability priors. Results are populations and per-encounter yields, not concentrations or biological fluxes. No encounter yield is converted to molarity, and no continuous biological ROS source is modeled.",4e863b04abf00d77462be6bdf33a6b2ad343ab81,485e6c100ae04a17802c8cfb09694c7b6fe9783be2b477e00a0a465bb075e0f8,configs/doxorubicin_parameters.json,0b7d200aedee3aed703b810ad54927a2126d9ee0952f6ef87cf5ebb57992d345,configs/parameter_provenance.csv,86c4261fcb9616a643db79340fe0b7398ba10a5c46464e67e8b697bcfc3a4ec9
selectivity_unpolarized,unpolarized,unpolarized I6/6,,0.33333333333333337,1000000.0,8.0,8e-06,1.0,1000000.0,0.1,100000.0,0.1,100000.0,10.0,10000000.0,1.0,1000000.0,10.0,10000000.0,3.395396767427466e-40,8.849996994664144e-42,3.4838967373741073e-40,0.03010637194856926,0.3344149542828654,0.36452132623143463,0.635478673768558,3.4838967373741073e-40,0.9999999999999927,7.327471962526033e-15,constant-generator matrix exponential Pade(13),2,dimensionless populations/per-encounter yields,dimensionless per encounter unless field name gives s^-1 or s,True,"Illustrative one-factor-at-a-time grid; bounds are not measured ranges or probability priors. Results are populations and per-encounter yields, not concentrations or biological fluxes. No encounter yield is converted to molarity, and no continuous biological ROS source is modeled.",4e863b04abf00d77462be6bdf33a6b2ad343ab81,485e6c100ae04a17802c8cfb09694c7b6fe9783be2b477e00a0a465bb075e0f8,configs/doxorubicin_parameters.json,0b7d200aedee3aed703b810ad54927a2126d9ee0952f6ef87cf5ebb57992d345,configs/parameter_provenance.csv,86c4261fcb9616a643db79340fe0b7398ba10a5c46464e67e8b697bcfc3a4ec9
selectivity_unpolarized,unpolarized,unpolarized I6/6,,0.33333333333333337,1000000.0,8.0,8e-06,10.0,10000000.0,0.1,100000.0,0.1,100000.0,0.1,100000.0,1.0,1000000.0,0.0,0.0,0.013080470247590546,0.09110074527268411,0.10418121552027466,0.6159981202694196,0.0,0.6159981202694196,0.27982066421030394,0.10418121552027466,0.9999999999999982,1.7763568394002505e-15,constant-generator matrix exponential Pade(13),2,dimensionless populations/per-encounter yields,dimensionless per encounter unless field name gives s^-1 or s,True,"Illustrative one-factor-at-a-time grid; bounds are not measured ranges or probability priors. Results are populations and per-encounter yields, not concentrations or biological fluxes. No encounter yield is converted to molarity, and no continuous biological ROS source is modeled.",4e863b04abf00d77462be6bdf33a6b2ad343ab81,485e6c100ae04a17802c8cfb09694c7b6fe9783be2b477e00a0a465bb075e0f8,configs/doxorubicin_parameters.json,0b7d200aedee3aed703b810ad54927a2126d9ee0952f6ef87cf5ebb57992d345,configs/parameter_provenance.csv,86c4261fcb9616a643db79340fe0b7398ba10a5c46464e67e8b697bcfc3a4ec9
selectivity_unpolarized,unpolarized,unpolarized I6/6,,0.33333333333333337,1000000.0,8.0,8e-06,10.0,10000000.0,0.1,100000.0,0.1,100000.0,0.1,100000.0,1.0,1000000.0,0.01,10000.0,0.012256023994726417,0.08454516011103369,0.09680118410576012,0.6081185670469884,0.02129712655841364,0.6294156936054021,0.2737831222888352,0.09680118410576012,0.9999999999999973,2.6645352591003757e-15,constant-generator matrix exponential Pade(13),2,dimensionless populations/per-encounter yields,dimensionless per encounter unless field name gives s^-1 or s,True,"Illustrative one-factor-at-a-time grid; bounds are not measured ranges or probability priors. Results are populations and per-encounter yields, not concentrations or biological fluxes. No encounter yield is converted to molarity, and no continuous biological ROS source is modeled.",4e863b04abf00d77462be6bdf33a6b2ad343ab81,485e6c100ae04a17802c8cfb09694c7b6fe9783be2b477e00a0a465bb075e0f8,configs/doxorubicin_parameters.json,0b7d200aedee3aed703b810ad54927a2126d9ee0952f6ef87cf5ebb57992d345,configs/parameter_provenance.csv,86c4261fcb9616a643db79340fe0b7398ba10a5c46464e67e8b697bcfc3a4ec9
selectivity_unpolarized,unpolarized,unpolarized I6/6,,0.33333333333333337,1000000.0,8.0,8e-06,10.0,10000000.0,0.1,100000.0,0.1,100000.0,0.1,100000.0,1.0,1000000.0,0.015848931924611134,15848.931924611134,0.011798889624570144,0.08093445411346155,0.0927333437380317,0.6036219397202182,0.03328272496430447,0.6369046646845227,0.27036199157744356,0.0927333437380317,0.9999999999999979,2.1094237467877974e-15,constant-generator matrix exponential Pade(13),2,dimensionless populations/per-encounter yields,dimensionless per encounter unless field name gives s^-1 or s,True,"Illustrative one-factor-at-a-time grid; bounds are not measured ranges or probability priors. Results are populations and per-encounter yields, not concentrations or biological fluxes. No encounter yield is converted to molarity, and no continuous biological ROS source is modeled.",4e863b04abf00d77462be6bdf33a6b2ad343ab81,485e6c100ae04a17802c8cfb09694c7b6fe9783be2b477e00a0a465bb075e0f8,configs/doxorubicin_parameters.json,0b7d200aedee3aed703b810ad54927a2126d9ee0952f6ef87cf5ebb57992d345,configs/parameter_provenance.csv,86c4261fcb9616a643db79340fe0b7398ba10a5c46464e67e8b697bcfc3a4ec9
selectivity_unpolarized,unpolarized,unpolarized I6/6,,0.33333333333333337,1000000.0,8.0,8e-06,10.0,10000000.0,0.1,100000.0,0.1,100000.0,0.1,100000.0,1.0,1000000.0,0.025118864315095794,25118.864315095794,0.011110170838086145,0.0755290023934319,0.08663917323151804,0.596658628312081,0.05160261703110416,0.6482612453431852,0.265099581425294,0.08663917323151804,0.9999999999999972,2.7755575615628914e-15,constant-generator matrix exponential Pade(13),2,dimensionless populations/per-encounter yields,dimensionless per encounter unless field name gives s^-1 or s,True,"Illustrative one-factor-at-a-time grid; bounds are not measured ranges or probability priors. Results are populations and per-encounter yields, not concentrations or biological fluxes. No encounter yield is converted to molarity, and no continuous biological ROS source is modeled.",4e863b04abf00d77462be6bdf33a6b2ad343ab81,485e6c100ae04a17802c8cfb09694c7b6fe9783be2b477e00a0a465bb075e0f8,configs/doxorubicin_parameters.json,0b7d200aedee3aed703b810ad54927a2126d9ee0952f6ef87cf5ebb57992d345,configs/parameter_provenance.csv,86c4261fcb9616a643db79340fe0b7398ba10a5c46464e67e8b697bcfc3a4ec9
selectivity_unpolarized,unpolarized,unpolarized I6/6,,0.33333333333333337,1000000.0,8.0,8e-06,10.0,10000000.0,0.1,100000.0,0.1,100000.0,0.1,100000.0,1.0,1000000.0,0.039810717055349734,39810.717055349734,0.010102615783130944,0.06770068937639034,0.07780330515952129,0.5860156613348239,0.07903998969945437,0.6650556510342782,0.25714104380619873,0.07780330515952129,0.9999999999999982,1.7763568394002505e-15,constant-generator matrix exponential Pade(13),2,dimensionless populations/per-encounter yields,dimensionless per encounter unless field name gives s^-1 or s,True,"Illustrative one-factor-at-a-time grid; bounds are not measured ranges or probability priors. Results are populations and per-encounter yields, not concentrations or biological fluxes. No encounter yield is converted to molarity, and no continuous biological ROS source is modeled.",4e863b04abf00d77462be6bdf33a6b2ad343ab81,485e6c100ae04a17802c8cfb09694c7b6fe9783be2b477e00a0a465bb075e0f8,configs/doxorubicin_parameters.json,0b7d200aedee3aed703b810ad54927a2126d9ee0952f6ef87cf5ebb57992d345,configs/parameter_provenance.csv,86c4261fcb9616a643db79340fe0b7398ba10a5c46464e67e8b697bcfc3a4ec9
selectivity_unpolarized,unpolarized,unpolarized I6/6,,0.33333333333333337,1000000.0,8.0,8e-06,10.0,10000000.0,0.1,100000.0,0.1,100000.0,0.1,100000.0,1.0,1000000.0,0.06309573444801933,63095.73444801933,0.008695262551654833,0.056941108647088144,0.06563637119874298,0.5700711352740764,0.11887739922716017,0.6889485345012365,0.2454150943000158,0.06563637119874298,0.9999999999999952,4.773959005888173e-15,constant-generator matrix exponential Pade(13),2,dimensionless populations/per-encounter yields,dimensionless per encounter unless field name gives s^-1 or s,True,"Illustrative one-factor-at-a-time grid; bounds are not measured ranges or probability priors. Results are populations and per-encounter yields, not concentrations or biological fluxes. No encounter yield is converted to molarity, and no continuous biological ROS source is modeled.",4e863b04abf00d77462be6bdf33a6b2ad343ab81,485e6c100ae04a17802c8cfb09694c7b6fe9783be2b477e00a0a465bb075e0f8,configs/doxorubicin_parameters.json,0b7d200aedee3aed703b810ad54927a2126d9ee0952f6ef87cf5ebb57992d345,configs/parameter_provenance.csv,86c4261fcb9616a643db79340fe0b7398ba10a5c46464e67e8b697bcfc3a4ec9
selectivity_unpolarized,unpolarized,unpolarized I6/6,,0.33333333333333337,1000000.0,8.0,8e-06,10.0,10000000.0,0.1,100000.0,0.1,100000.0,0.1,100000.0,1.0,1000000.0,0.1,100000.0,0.0068668742075090996,0.04331935563311958,0.05018622984062868,0.546890613766893,0.17411704750789353,0.7210076612747864,0.22880610888458278,0.05018622984062868,0.9999999999999979,2.1094237467877974e-15,constant-generator matrix exponential Pade(13),2,dimensionless populations/per-encounter yields,dimensionless per encounter unless field name gives s^-1 or s,True,"Illustrative one-factor-at-a-time grid; bounds are not measured ranges or probability priors. Results are populations and per-encounter yields, not concentrations or biological fluxes. No encounter yield is converted to molarity, and no continuous biological ROS source is modeled.",4e863b04abf00d77462be6bdf33a6b2ad343ab81,485e6c100ae04a17802c8cfb09694c7b6fe9783be2b477e00a0a465bb075e0f8,configs/doxorubicin_parameters.json,0b7d200aedee3aed703b810ad54927a2126d9ee0952f6ef87cf5ebb57992d345,configs/parameter_provenance.csv,86c4261fcb9616a643db79340fe0b7398ba10a5c46464e67e8b697bcfc3a4ec9
selectivity_unpolarized,unpolarized,unpolarized I6/6,,0.33333333333333337,1000000.0,8.0,8e-06,10.0,10000000.0,0.1,100000.0,0.1,100000.0,0.1,100000.0,1.0,1000000.0,0.15848931924611143,158489.31924611144,0.004744549358292559,0.02815326659968588,0.032897815957978443,0.5146241160118153,0.24587746441451602,0.7605015804263313,0.20660060361568774,0.032897815957978443,0.9999999999999976,2.4424906541753444e-15,constant-generator matrix exponential Pade(13),2,dimensionless populations/per-encounter yields,dimensionless per encounter unless field name gives s^-1 or s,True,"Illustrative one-factor-at-a-time grid; bounds are not measured ranges or probability priors. Results are populations and per-encounter yields, not concentrations or biological fluxes. No encounter yield is converted to molarity, and no continuous biological ROS source is modeled.",4e863b04abf00d77462be6bdf33a6b2ad343ab81,485e6c100ae04a17802c8cfb09694c7b6fe9783be2b477e00a0a465bb075e0f8,configs/doxorubicin_parameters.json,0b7d200aedee3aed703b810ad54927a2126d9ee0952f6ef87cf5ebb57992d345,configs/parameter_provenance.csv,86c4261fcb9616a643db79340fe0b7398ba10a5c46464e67e8b697bcfc3a4ec9
selectivity_unpolarized,unpolarized,unpolarized I6/6,,0.33333333333333337,1000000.0,8.0,8e-06,10.0,10000000.0,0.1,100000.0,0.1,100000.0,0.1,100000.0,1.0,1000000.0,0.25118864315095807,251188.64315095806,0.002672265794419611,0.014316284228686981,0.01698855002310659,0.47230695073773704,0.33150091346852406,0.8038078642062612,0.1792035857706275,0.01698855002310659,0.9999999999999953,4.6629367034256575e-15,constant-generator matrix exponential Pade(13),2,dimensionless populations/per-encounter yields,dimensionless per encounter unless field name gives s^-1 or s,True,"Illustrative one-factor-at-a-time grid; bounds are not measured ranges or probability priors. Results are populations and per-encounter yields, not concentrations or biological fluxes. No encounter yield is converted to molarity, and no continuous biological ROS source is modeled.",4e863b04abf00d77462be6bdf33a6b2ad343ab81,485e6c100ae04a17802c8cfb09694c7b6fe9783be2b477e00a0a465bb075e0f8,configs/doxorubicin_parameters.json,0b7d200aedee3aed703b810ad54927a2126d9ee0952f6ef87cf5ebb57992d345,configs/parameter_provenance.csv,86c4261fcb9616a643db79340fe0b7398ba10a5c46464e67e8b697bcfc3a4ec9
selectivity_unpolarized,unpolarized,unpolarized I6/6,,0.33333333333333337,1000000.0,8.0,8e-06,10.0,10000000.0,0.1,100000.0,0.1,100000.0,0.1,100000.0,1.0,1000000.0,0.3981071705534973,398107.17055349733,0.0011117157248856004,0.005000845040796558,0.0061125607656821596,0.4207973903833224,0.42440467528172177,0.8452020656650442,0.1486853735692709,0.0061125607656821596,0.9999999999999972,2.7755575615628914e-15,constant-generator matrix exponential Pade(13),2,dimensionless populations/per-encounter yields,dimensionless per encounter unless field name gives s^-1 or s,True,"Illustrative one-factor-at-a-time grid; bounds are not measured ranges or probability priors. Results are populations and per-encounter yields, not concentrations or biological fluxes. No encounter yield is converted to molarity, and no continuous biological ROS source is modeled.",4e863b04abf00d77462be6bdf33a6b2ad343ab81,485e6c100ae04a17802c8cfb09694c7b6fe9783be2b477e00a0a465bb075e0f8,configs/doxorubicin_parameters.json,0b7d200aedee3aed703b810ad54927a2126d9ee0952f6ef87cf5ebb57992d345,configs/parameter_provenance.csv,86c4261fcb9616a643db79340fe0b7398ba10a5c46464e67e8b697bcfc3a4ec9
selectivity_unpolarized,unpolarized,unpolarized I6/6,,0.33333333333333337,1000000.0,8.0,8e-06,10.0,10000000.0,0.1,100000.0,0.1,100000.0,0.1,100000.0,1.0,1000000.0,0.6309573444801934,630957.3444801933,0.0003038809219322874,0.0010079112269622268,0.0013117921488945143,0.36302010685973896,0.5173686803564392,0.8803887872161782,0.1182994206349249,0.0013117921488945143,0.9999999999999977,2.3314683517128287e-15,constant-generator matrix exponential Pade(13),2,dimensionless populations/per-encounter yields,dimensionless per encounter unless field name gives s^-1 or s,True,"Illustrative one-factor-at-a-time grid; bounds are not measured ranges or probability priors. Results are populations and per-encounter yields, not concentrations or biological fluxes. No encounter yield is converted to molarity, and no continuous biological ROS source is modeled.",4e863b04abf00d77462be6bdf33a6b2ad343ab81,485e6c100ae04a17802c8cfb09694c7b6fe9783be2b477e00a0a465bb075e0f8,configs/doxorubicin_parameters.json,0b7d200aedee3aed703b810ad54927a2126d9ee0952f6ef87cf5ebb57992d345,configs/parameter_provenance.csv,86c4261fcb9616a643db79340fe0b7398ba10a5c46464e67e8b697bcfc3a4ec9
selectivity_unpolarized,unpolarized,unpolarized I6/6,,0.33333333333333337,1000000.0,8.0,8e-06,10.0,10000000.0,0.1,100000.0,0.1,100000.0,0.1,100000.0,1.0,1000000.0,1.0,1000000.0,5.024435836515869e-05,0.00010048871673031738,0.00015073307509547607,0.3029846263408791,0.6059692526817582,0.9089538790226372,0.0908953879022637,0.00015073307509547607,0.9999999999999964,3.552713678800501e-15,constant-generator matrix exponential Pade(13),2,dimensionless populations/per-encounter yields,dimensionless per encounter unless field name gives s^-1 or s,True,"Illustrative one-factor-at-a-time grid; bounds are not measured ranges or probability priors. Results are populations and per-encounter yields, not concentrations or biological fluxes. No encounter yield is converted to molarity, and no continuous biological ROS source is modeled.",4e863b04abf00d77462be6bdf33a6b2ad343ab81,485e6c100ae04a17802c8cfb09694c7b6fe9783be2b477e00a0a465bb075e0f8,configs/doxorubicin_parameters.json,0b7d200aedee3aed703b810ad54927a2126d9ee0952f6ef87cf5ebb57992d345,configs/parameter_provenance.csv,86c4261fcb9616a643db79340fe0b7398ba10a5c46464e67e8b697bcfc3a4ec9
selectivity_unpolarized,unpolarized,unpolarized I6/6,,0.33333333333333337,1000000.0,8.0,8e-06,10.0,10000000.0,0.1,100000.0,0.1,100000.0,0.1,100000.0,1.0,1000000.0,1.584893192461114,1584893.1924611141,5.1031030767311e-06,5.530479437245136e-06,1.0633582513976237e-05,0.24462375569589573,0.6875234388288622,0.9321471945247579,0.06784217189272451,1.0633582513976237e-05,0.9999999999999963,3.6637359812630166e-15,constant-generator matrix exponential Pade(13),2,dimensionless populations/per-encounter yields,dimensionless per encounter unless field name gives s^-1 or s,True,"Illustrative one-factor-at-a-time grid; bounds are not measured ranges or probability priors. Results are populations and per-encounter yields, not concentrations or biological fluxes. No encounter yield is converted to molarity, and no continuous biological ROS source is modeled.",4e863b04abf00d77462be6bdf33a6b2ad343ab81,485e6c100ae04a17802c8cfb09694c7b6fe9783be2b477e00a0a465bb075e0f8,configs/doxorubicin_parameters.json,0b7d200aedee3aed703b810ad54927a2126d9ee0952f6ef87cf5ebb57992d345,configs/parameter_provenance.csv,86c4261fcb9616a643db79340fe0b7398ba10a5c46464e67e8b697bcfc3a4ec9
selectivity_unpolarized,unpolarized,unpolarized I6/6,,0.33333333333333337,1000000.0,8.0,8e-06,10.0,10000000.0,0.1,100000.0,0.1,100000.0,0.1,100000.0,1.0,1000000.0,2.5118864315095824,2511886.4315095823,2.841988498217307e-07,2.081907309144035e-07,4.923895807361342e-07,0.19157393598134181,0.7590498588686178,0.9506237948499596,0.04937571276045584,4.923895807361342e-07,0.9999999999999962,3.774758283725532e-15,constant-generator matrix exponential Pade(13),2,dimensionless populations/per-encounter yields,dimensionless per encounter unless field name gives s^-1 or s,True,"Illustrative one-factor-at-a-time grid; bounds are not measured ranges or probability priors. Results are populations and per-encounter yields, not concentrations or biological fluxes. No encounter yield is converted to molarity, and no continuous biological ROS source is modeled.",4e863b04abf00d77462be6bdf33a6b2ad343ab81,485e6c100ae04a17802c8cfb09694c7b6fe9783be2b477e00a0a465bb075e0f8,configs/doxorubicin_parameters.json,0b7d200aedee3aed703b810ad54927a2126d9ee0952f6ef87cf5ebb57992d345,configs/parameter_provenance.csv,86c4261fcb9616a643db79340fe0b7398ba10a5c46464e67e8b697bcfc3a4ec9
selectivity_unpolarized,unpolarized,unpolarized I6/6,,0.33333333333333337,1000000.0,8.0,8e-06,10.0,10000000.0,0.1,100000.0,0.1,100000.0,0.1,100000.0,1.0,1000000.0,3.981071705534973,3981071.705534973,4.9200300183680766e-09,2.99517639033223e-09,7.915206408700307e-09,0.14718544417304258,0.8175598290783515,0.964745273251394,0.03525471883339627,7.915206408700307e-09,0.9999999999999967,3.3306690738754696e-15,constant-generator matrix exponential Pade(13),2,dimensionless populations/per-encounter yields,dimensionless per encounter unless field name gives s^-1 or s,True,"Illustrative one-factor-at-a-time grid; bounds are not measured ranges or probability priors. Results are populations and per-encounter yields, not concentrations or biological fluxes. No encounter yield is converted to molarity, and no continuous biological ROS source is modeled.",4e863b04abf00d77462be6bdf33a6b2ad343ab81,485e6c100ae04a17802c8cfb09694c7b6fe9783be2b477e00a0a465bb075e0f8,configs/doxorubicin_parameters.json,0b7d200aedee3aed703b810ad54927a2126d9ee0952f6ef87cf5ebb57992d345,configs/parameter_provenance.csv,86c4261fcb9616a643db79340fe0b7398ba10a5c46464e67e8b697bcfc3a4ec9
selectivity_unpolarized,unpolarized,unpolarized I6/6,,0.33333333333333337,1000000.0,8.0,8e-06,10.0,10000000.0,0.1,100000.0,0.1,100000.0,0.1,100000.0,1.0,1000000.0,6.309573444801936,6309573.444801936,1.1694207983491116e-11,6.405479752414693e-12,1.8099687735905812e-11,0.11413008929439616,0.8608139205317915,0.9749440098261877,0.025055990155705588,1.8099687735905812e-11,0.9999999999999929,7.105427357601002e-15,constant-generator matrix exponential Pade(13),2,dimensionless populations/per-encounter yields,dimensionless per encounter unless field name gives s^-1 or s,True,"Illustrative one-factor-at-a-time grid; bounds are not measured ranges or probability priors. Results are populations and per-encounter yields, not concentrations or biological fluxes. No encounter yield is converted to molarity, and no continuous biological ROS source is modeled.",4e863b04abf00d77462be6bdf33a6b2ad343ab81,485e6c100ae04a17802c8cfb09694c7b6fe9783be2b477e00a0a465bb075e0f8,configs/doxorubicin_parameters.json,0b7d200aedee3aed703b810ad54927a2126d9ee0952f6ef87cf5ebb57992d345,configs/parameter_provenance.csv,86c4261fcb9616a643db79340fe0b7398ba10a5c46464e67e8b697bcfc3a4ec9
selectivity_unpolarized,unpolarized,unpolarized I6/6,,0.33333333333333337,1000000.0,8.0,8e-06,10.0,10000000.0,0.1,100000.0,0.1,100000.0,0.1,100000.0,1.0,1000000.0,10.0,10000000.0,1.9708935511078906e-15,9.749170657757384e-16,2.945810616883629e-15,0.09398106273073495,0.8877433970259223,0.9817244597566572,0.018275540243332715,2.945810616883629e-15,0.9999999999999929,7.105427357601002e-15,constant-generator matrix exponential Pade(13),2,dimensionless populations/per-encounter yields,dimensionless per encounter unless field name gives s^-1 or s,True,"Illustrative one-factor-at-a-time grid; bounds are not measured ranges or probability priors. Results are populations and per-encounter yields, not concentrations or biological fluxes. No encounter yield is converted to molarity, and no continuous biological ROS source is modeled.",4e863b04abf00d77462be6bdf33a6b2ad343ab81,485e6c100ae04a17802c8cfb09694c7b6fe9783be2b477e00a0a465bb075e0f8,configs/doxorubicin_parameters.json,0b7d200aedee3aed703b810ad54927a2126d9ee0952f6ef87cf5ebb57992d345,configs/parameter_provenance.csv,86c4261fcb9616a643db79340fe0b7398ba10a5c46464e67e8b697bcfc3a4ec9
selectivity_unpolarized,unpolarized,unpolarized I6/6,,0.33333333333333337,1000000.0,8.0,8e-06,10.0,10000000.0,0.1,100000.0,0.1,100000.0,1.0,1000000.0,1.0,1000000.0,0.0,0.0,9.765693453744479e-06,6.80145235531248e-05,7.778021700686927e-05,0.2201989605873363,0.0,0.2201989605873363,0.7797232591956538,7.778021700686927e-05,0.9999999999999969,3.1086244689504383e-15,constant-generator matrix exponential Pade(13),2,dimensionless populations/per-encounter yields,dimensionless per encounter unless field name gives s^-1 or s,True,"Illustrative one-factor-at-a-time grid; bounds are not measured ranges or probability priors. Results are populations and per-encounter yields, not concentrations or biological fluxes. No encounter yield is converted to molarity, and no continuous biological ROS source is modeled.",4e863b04abf00d77462be6bdf33a6b2ad343ab81,485e6c100ae04a17802c8cfb09694c7b6fe9783be2b477e00a0a465bb075e0f8,configs/doxorubicin_parameters.json,0b7d200aedee3aed703b810ad54927a2126d9ee0952f6ef87cf5ebb57992d345,configs/parameter_provenance.csv,86c4261fcb9616a643db79340fe0b7398ba10a5c46464e67e8b697bcfc3a4ec9
selectivity_unpolarized,unpolarized,unpolarized I6/6,,0.33333333333333337,1000000.0,8.0,8e-06,10.0,10000000.0,0.1,100000.0,0.1,100000.0,1.0,1000000.0,1.0,1000000.0,0.01,10000.0,9.150173581586786e-06,6.31202167058319e-05,7.227039028741867e-05,0.21941537953455947,0.005555415549906833,0.2249707950844663,0.774956934525243,7.227039028741867e-05,0.9999999999999967,3.3306690738754696e-15,constant-generator matrix exponential Pade(13),2,dimensionless populations/per-encounter yields,dimensionless per encounter unless field name gives s^-1 or s,True,"Illustrative one-factor-at-a-time grid; bounds are not measured ranges or probability priors. Results are populations and per-encounter yields, not concentrations or biological fluxes. No encounter yield is converted to molarity, and no continuous biological ROS source is modeled.",4e863b04abf00d77462be6bdf33a6b2ad343ab81,485e6c100ae04a17802c8cfb09694c7b6fe9783be2b477e00a0a465bb075e0f8,configs/doxorubicin_parameters.json,0b7d200aedee3aed703b810ad54927a2126d9ee0952f6ef87cf5ebb57992d345,configs/parameter_provenance.csv,86c4261fcb9616a643db79340fe0b7398ba10a5c46464e67e8b697bcfc3a4ec9
selectivity_unpolarized,unpolarized,unpolarized I6/6,,0.33333333333333337,1000000.0,8.0,8e-06,10.0,10000000.0,0.1,100000.0,0.1,100000.0,1.0,1000000.0,1.0,1000000.0,0.015848931924611134,15848.931924611134,8.808883548306951e-06,6.042451484982438e-05,6.923339839813133e-05,0.2189607066890335,0.00876828010574265,0.22772898679477616,0.7722017798068228,6.923339839813133e-05,0.9999999999999971,2.886579864025407e-15,constant-generator matrix exponential Pade(13),2,dimensionless populations/per-encounter yields,dimensionless per encounter unless field name gives s^-1 or s,True,"Illustrative one-factor-at-a-time grid; bounds are not measured ranges or probability priors. Results are populations and per-encounter yields, not concentrations or biological fluxes. No encounter yield is converted to molarity, and no continuous biological ROS source is modeled.",4e863b04abf00d77462be6bdf33a6b2ad343ab81,485e6c100ae04a17802c8cfb09694c7b6fe9783be2b477e00a0a465bb075e0f8,configs/doxorubicin_parameters.json,0b7d200aedee3aed703b810ad54927a2126d9ee0952f6ef87cf5ebb57992d345,configs/parameter_provenance.csv,86c4261fcb9616a643db79340fe0b7398ba10a5c46464e67e8b697bcfc3a4ec9
selectivity_unpolarized,unpolarized,unpolarized I6/6,,0.33333333333333337,1000000.0,8.0,8e-06,10.0,10000000.0,0.1,100000.0,0.1,100000.0,1.0,1000000.0,1.0,1000000.0,0.025118864315095794,25118.864315095794,8.294695876355515e-06,5.638888130778446e-05,6.468357718413996e-05,0.21824551587851138,0.013806282401301974,0.23205179827981334,0.7678835181429986,6.468357718413996e-05,0.9999999999999961,3.885780586188048e-15,constant-generator matrix exponential Pade(13),2,dimensionless populations/per-encounter yields,dimensionless per encounter unless field name gives s^-1 or s,True,"Illustrative one-factor-at-a-time grid; bounds are not measured ranges or probability priors. Results are populations and per-encounter yields, not concentrations or biological fluxes. No encounter yield is converted to molarity, and no continuous biological ROS source is modeled.",4e863b04abf00d77462be6bdf33a6b2ad343ab81,485e6c100ae04a17802c8cfb09694c7b6fe9783be2b477e00a0a465bb075e0f8,configs/doxorubicin_parameters.json,0b7d200aedee3aed703b810ad54927a2126d9ee0952f6ef87cf5ebb57992d345,configs/parameter_provenance.csv,86c4261fcb9616a643db79340fe0b7398ba10a5c46464e67e8b697bcfc3a4ec9
selectivity_unpolarized,unpolarized,unpolarized I6/6,,0.33333333333333337,1000000.0,8.0,8e-06,10.0,10000000.0,0.1,100000.0,0.1,100000.0,1.0,1000000.0,1.0,1000000.0,0.039810717055349734,39810.717055349734,7.5424695711677736e-06,5.054437390573055e-05,5.808684347689833e-05,0.21712537910248725,0.021658336600209504,0.23878371570269674,0.7611581974538228,5.808684347689833e-05,0.9999999999999964,3.552713678800501e-15,constant-generator matrix exponential Pade(13),2,dimensionless populations/per-encounter yields,dimensionless per encounter unless field name gives s^-1 or s,True,"Illustrative one-factor-at-a-time grid; bounds are not measured ranges or probability priors. Results are populations and per-encounter yields, not concentrations or biological fluxes. No encounter yield is converted to molarity, and no continuous biological ROS source is modeled.",4e863b04abf00d77462be6bdf33a6b2ad343ab81,485e6c100ae04a17802c8cfb09694c7b6fe9783be2b477e00a0a465bb075e0f8,configs/doxorubicin_parameters.json,0b7d200aedee3aed703b810ad54927a2126d9ee0952f6ef87cf5ebb57992d345,configs/parameter_provenance.csv,86c4261fcb9616a643db79340fe0b7398ba10a5c46464e67e8b697bcfc3a4ec9
selectivity_unpolarized,unpolarized,unpolarized I6/6,,0.33333333333333337,1000000.0,8.0,8e-06,10.0,10000000.0,0.1,100000.0,0.1,100000.0,1.0,1000000.0,1.0,1000000.0,0.06309573444801933,63095.73444801933,6.4917596211747685e-06,4.251142362915102e-05,4.900318325032579e-05,0.21538271903498496,0.033781699712096935,0.2491644187470819,0.7507865780696648,4.900318325032579e-05,0.9999999999999969,3.1086244689504383e-15,constant-generator matrix exponential Pade(13),2,dimensionless populations/per-encounter yields,dimensionless per encounter unless field name gives s^-1 or s,True,"Illustrative one-factor-at-a-time grid; bounds are not measured ranges or probability priors. Results are populations and per-encounter yields, not concentrations or biological fluxes. No encounter yield is converted to molarity, and no continuous biological ROS source is modeled.",4e863b04abf00d77462be6bdf33a6b2ad343ab81,485e6c100ae04a17802c8cfb09694c7b6fe9783be2b477e00a0a465bb075e0f8,configs/doxorubicin_parameters.json,0b7d200aedee3aed703b810ad54927a2126d9ee0952f6ef87cf5ebb57992d345,configs/parameter_provenance.csv,86c4261fcb9616a643db79340fe0b7398ba10a5c46464e67e8b697bcfc3a4ec9
selectivity_unpolarized,unpolarized,unpolarized I6/6,,0.33333333333333337,1000000.0,8.0,8e-06,10.0,10000000.0,0.1,100000.0,0.1,100000.0,1.0,1000000.0,1.0,1000000.0,0.1,100000.0,5.126710831234141e-06,3.234161614370939e-05,3.7468326974943534e-05,0.21269926058838462,0.05223309186329568,0.2649323524516803,0.7350301792213414,3.7468326974943534e-05,0.9999999999999966,3.4416913763379853e-15,constant-generator matrix exponential Pade(13),2,dimensionless populations/per-encounter yields,dimensionless per encounter unless field name gives s^-1 or s,True,"Illustrative one-factor-at-a-time grid; bounds are not measured ranges or probability priors. Results are populations and per-encounter yields, not concentrations or biological fluxes. No encounter yield is converted to molarity, and no continuous biological ROS source is modeled.",4e863b04abf00d77462be6bdf33a6b2ad343ab81,485e6c100ae04a17802c8cfb09694c7b6fe9783be2b477e00a0a465bb075e0f8,configs/doxorubicin_parameters.json,0b7d200aedee3aed703b810ad54927a2126d9ee0952f6ef87cf5ebb57992d345,configs/parameter_provenance.csv,86c4261fcb9616a643db79340fe0b7398ba10a5c46464e67e8b697bcfc3a4ec9
selectivity_unpolarized,unpolarized,unpolarized I6/6,,0.33333333333333337,1000000.0,8.0,8e-06,10.0,10000000.0,0.1,100000.0,0.1,100000.0,1.0,1000000.0,1.0,1000000.0,0.15848931924611143,158489.31924611144,3.542213218043921e-06,2.101882930277078e-05,2.45610425208147e-05,0.2086305692293271,0.07971933039583987,0.288349899625167,0.7116255393323097,2.45610425208147e-05,0.9999999999999974,2.55351295663786e-15,constant-generator matrix exponential Pade(13),2,dimensionless populations/per-encounter yields,dimensionless per encounter unless field name gives s^-1 or s,True,"Illustrative one-factor-at-a-time grid; bounds are not measured ranges or probability priors. Results are populations and per-encounter yields, not concentrations or biological fluxes. No encounter yield is converted to molarity, and no continuous biological ROS source is modeled.",4e863b04abf00d77462be6bdf33a6b2ad343ab81,485e6c100ae04a17802c8cfb09694c7b6fe9783be2b477e00a0a465bb075e0f8,configs/doxorubicin_parameters.json,0b7d200aedee3aed703b810ad54927a2126d9ee0952f6ef87cf5ebb57992d345,configs/parameter_provenance.csv,86c4261fcb9616a643db79340fe0b7398ba10a5c46464e67e8b697bcfc3a4ec9
selectivity_unpolarized,unpolarized,unpolarized I6/6,,0.33333333333333337,1000000.0,8.0,8e-06,10.0,10000000.0,0.1,100000.0,0.1,100000.0,1.0,1000000.0,1.0,1000000.0,0.25118864315095807,251188.64315095806,1.995075718324146e-06,1.0688334633824709e-05,1.2683410352148854e-05,0.20260039095603388,0.1194093500032633,0.3220097409592972,0.6779775756303478,1.2683410352148854e-05,0.999999999999997,2.9976021664879227e-15,constant-generator matrix exponential Pade(13),2,dimensionless populations/per-encounter yields,dimensionless per encounter unless field name gives s^-1 or s,True,"Illustrative one-factor-at-a-time grid; bounds are not measured ranges or probability priors. Results are populations and per-encounter yields, not concentrations or biological fluxes. No encounter yield is converted to molarity, and no continuous biological ROS source is modeled.",4e863b04abf00d77462be6bdf33a6b2ad343ab81,485e6c100ae04a17802c8cfb09694c7b6fe9783be2b477e00a0a465bb075e0f8,configs/doxorubicin_parameters.json,0b7d200aedee3aed703b810ad54927a2126d9ee0952f6ef87cf5ebb57992d345,configs/parameter_provenance.csv,86c4261fcb9616a643db79340fe0b7398ba10a5c46464e67e8b697bcfc3a4ec9
selectivity_unpolarized,unpolarized,unpolarized I6/6,,0.33333333333333337,1000000.0,8.0,8e-06,10.0,10000000.0,0.1,100000.0,0.1,100000.0,1.0,1000000.0,1.0,1000000.0,0.3981071705534973,398107.17055349733,8.2999118314878e-07,3.733559937349594e-06,4.563551120498374e-06,0.19394764027867323,0.1742938354724698,0.368241475751143,0.6317539606977333,4.563551120498374e-06,0.9999999999999969,3.1086244689504383e-15,constant-generator matrix exponential Pade(13),2,dimensionless populations/per-encounter yields,dimensionless per encounter unless field name gives s^-1 or s,True,"Illustrative one-factor-at-a-time grid; bounds are not measured ranges or probability priors. Results are populations and per-encounter yields, not concentrations or biological fluxes. No encounter yield is converted to molarity, and no continuous biological ROS source is modeled.",4e863b04abf00d77462be6bdf33a6b2ad343ab81,485e6c100ae04a17802c8cfb09694c7b6fe9783be2b477e00a0a465bb075e0f8,configs/doxorubicin_parameters.json,0b7d200aedee3aed703b810ad54927a2126d9ee0952f6ef87cf5ebb57992d345,configs/parameter_provenance.csv,86c4261fcb9616a643db79340fe0b7398ba10a5c46464e67e8b697bcfc3a4ec9
selectivity_unpolarized,unpolarized,unpolarized I6/6,,0.33333333333333337,1000000.0,8.0,8e-06,10.0,10000000.0,0.1,100000.0,0.1,100000.0,1.0,1000000.0,1.0,1000000.0,0.6309573444801934,630957.3444801933,2.2687318375106594e-07,7.524922181535213e-07,9.793654019045872e-07,0.18206743647250015,0.24599242612580788,0.428059862598308,0.5719391580362865,9.793654019045872e-07,0.9999999999999964,3.552713678800501e-15,constant-generator matrix exponential Pade(13),2,dimensionless populations/per-encounter yields,dimensionless per encounter unless field name gives s^-1 or s,True,"Illustrative one-factor-at-a-time grid; bounds are not measured ranges or probability priors. Results are populations and per-encounter yields, not concentrations or biological fluxes. No encounter yield is converted to molarity, and no continuous biological ROS source is modeled.",4e863b04abf00d77462be6bdf33a6b2ad343ab81,485e6c100ae04a17802c8cfb09694c7b6fe9783be2b477e00a0a465bb075e0f8,configs/doxorubicin_parameters.json,0b7d200aedee3aed703b810ad54927a2126d9ee0952f6ef87cf5ebb57992d345,configs/parameter_provenance.csv,86c4261fcb9616a643db79340fe0b7398ba10a5c46464e67e8b697bcfc3a4ec9
selectivity_unpolarized,unpolarized,unpolarized I6/6,,0.33333333333333337,1000000.0,8.0,8e-06,10.0,10000000.0,0.1,100000.0,0.1,100000.0,1.0,1000000.0,1.0,1000000.0,1.0,1000000.0,3.7511724906419906e-08,7.502344981283981e-08,1.1253517471925973e-07,0.1666666479108037,0.3333332958216074,0.49999994373241113,0.4999999437324112,1.1253517471925973e-07,0.9999999999999971,2.886579864025407e-15,constant-generator matrix exponential Pade(13),2,dimensionless populations/per-encounter yields,dimensionless per encounter unless field name gives s^-1 or s,True,"Illustrative one-factor-at-a-time grid; bounds are not measured ranges or probability priors. Results are populations and per-encounter yields, not concentrations or biological fluxes. No encounter yield is converted to molarity, and no continuous biological ROS source is modeled.",4e863b04abf00d77462be6bdf33a6b2ad343ab81,485e6c100ae04a17802c8cfb09694c7b6fe9783be2b477e00a0a465bb075e0f8,configs/doxorubicin_parameters.json,0b7d200aedee3aed703b810ad54927a2126d9ee0952f6ef87cf5ebb57992d345,configs/parameter_provenance.csv,86c4261fcb9616a643db79340fe0b7398ba10a5c46464e67e8b697bcfc3a4ec9
selectivity_unpolarized,unpolarized,unpolarized I6/6,,0.33333333333333337,1000000.0,8.0,8e-06,10.0,10000000.0,0.1,100000.0,0.1,100000.0,1.0,1000000.0,1.0,1000000.0,1.584893192461114,1584893.1924611141,3.809904335770808e-09,4.128977461366263e-09,7.93888179713707e-09,0.14808786868028717,0.4315405654737451,0.5796284341540323,0.4203715579070824,7.93888179713707e-09,0.9999999999999964,3.552713678800501e-15,constant-generator matrix exponential Pade(13),2,dimensionless populations/per-encounter yields,dimensionless per encounter unless field name gives s^-1 or s,True,"Illustrative one-factor-at-a-time grid; bounds are not measured ranges or probability priors. Results are populations and per-encounter yields, not concentrations or biological fluxes. No encounter yield is converted to molarity, and no continuous biological ROS source is modeled.",4e863b04abf00d77462be6bdf33a6b2ad343ab81,485e6c100ae04a17802c8cfb09694c7b6fe9783be2b477e00a0a465bb075e0f8,configs/doxorubicin_parameters.json,0b7d200aedee3aed703b810ad54927a2126d9ee0952f6ef87cf5ebb57992d345,configs/parameter_provenance.csv,86c4261fcb9616a643db79340fe0b7398ba10a5c46464e67e8b697bcfc3a4ec9
selectivity_unpolarized,unpolarized,unpolarized I6/6,,0.33333333333333337,1000000.0,8.0,8e-06,10.0,10000000.0,0.1,100000.0,0.1,100000.0,1.0,1000000.0,1.0,1000000.0,2.5118864315095824,2511886.4315095823,2.1217882803388104e-10,1.5543224513626306e-10,3.676110731701441e-10,0.1275695603135116,0.5327637928575099,0.6603333531710215,0.33966664646136413,3.676110731701441e-10,0.9999999999999967,3.3306690738754696e-15,constant-generator matrix exponential Pade(13),2,dimensionless populations/per-encounter yields,dimensionless per encounter unless field name gives s^-1 or s,True,"Illustrative one-factor-at-a-time grid; bounds are not measured ranges or probability priors. Results are populations and per-encounter yields, not concentrations or biological fluxes. No encounter yield is converted to molarity, and no continuous biological ROS source is modeled.",4e863b04abf00d77462be6bdf33a6b2ad343ab81,485e6c100ae04a17802c8cfb09694c7b6fe9783be2b477e00a0a465bb075e0f8,configs/doxorubicin_parameters.json,0b7d200aedee3aed703b810ad54927a2126d9ee0952f6ef87cf5ebb57992d345,configs/parameter_provenance.csv,86c4261fcb9616a643db79340fe0b7398ba10a5c46464e67e8b697bcfc3a4ec9
selectivity_unpolarized,unpolarized,unpolarized I6/6,,0.33333333333333337,1000000.0,8.0,8e-06,10.0,10000000.0,0.1,100000.0,0.1,100000.0,1.0,1000000.0,1.0,1000000.0,3.981071705534973,3981071.705534973,3.6732245885008395e-12,2.2361561866069203e-12,5.90938077510776e-12,0.10727084436172712,0.6277696936990709,0.735040538060798,0.2649594619332892,5.90938077510776e-12,0.9999999999999966,3.4416913763379853e-15,constant-generator matrix exponential Pade(13),2,dimensionless populations/per-encounter yields,dimensionless per encounter unless field name gives s^-1 or s,True,"Illustrative one-factor-at-a-time grid; bounds are not measured ranges or probability priors. Results are populations and per-encounter yields, not concentrations or biological fluxes. No encounter yield is converted to molarity, and no continuous biological ROS source is modeled.",4e863b04abf00d77462be6bdf33a6b2ad343ab81,485e6c100ae04a17802c8cfb09694c7b6fe9783be2b477e00a0a465bb075e0f8,configs/doxorubicin_parameters.json,0b7d200aedee3aed703b810ad54927a2126d9ee0952f6ef87cf5ebb57992d345,configs/parameter_provenance.csv,86c4261fcb9616a643db79340fe0b7398ba10a5c46464e67e8b697bcfc3a4ec9
selectivity_unpolarized,unpolarized,unpolarized I6/6,,0.33333333333333337,1000000.0,8.0,8e-06,10.0,10000000.0,0.1,100000.0,0.1,100000.0,1.0,1000000.0,1.0,1000000.0,6.309573444801936,6309573.444801936,8.730729720679726e-15,4.782240278996981e-15,1.3512969999676708e-14,0.08994118228568873,0.7079198934369935,0.7978610757226822,0.20213892427729752,1.3512969999676708e-14,0.9999999999999932,6.772360450213455e-15,constant-generator matrix exponential Pade(13),2,dimensionless populations/per-encounter yields,dimensionless per encounter unless field name gives s^-1 or s,True,"Illustrative one-factor-at-a-time grid; bounds are not measured ranges or probability priors. Results are populations and per-encounter yields, not concentrations or biological fluxes. No encounter yield is converted to molarity, and no continuous biological ROS source is modeled.",4e863b04abf00d77462be6bdf33a6b2ad343ab81,485e6c100ae04a17802c8cfb09694c7b6fe9783be2b477e00a0a465bb075e0f8,configs/doxorubicin_parameters.json,0b7d200aedee3aed703b810ad54927a2126d9ee0952f6ef87cf5ebb57992d345,configs/parameter_provenance.csv,86c4261fcb9616a643db79340fe0b7398ba10a5c46464e67e8b697bcfc3a4ec9
selectivity_unpolarized,unpolarized,unpolarized I6/6,,0.33333333333333337,1000000.0,8.0,8e-06,10.0,10000000.0,0.1,100000.0,0.1,100000.0,1.0,1000000.0,1.0,1000000.0,10.0,10000000.0,1.471441155078262e-18,7.278592456523972e-19,2.1993004007306597e-18,0.07824541517417855,0.7668265178651235,0.845071933039302,0.15492806696069095,2.1993004007306597e-18,0.9999999999999929,7.105427357601002e-15,constant-generator matrix exponential Pade(13),2,dimensionless populations/per-encounter yields,dimensionless per encounter unless field name gives s^-1 or s,True,"Illustrative one-factor-at-a-time grid; bounds are not measured ranges or probability priors. Results are populations and per-encounter yields, not concentrations or biological fluxes. No encounter yield is converted to molarity, and no continuous biological ROS source is modeled.",4e863b04abf00d77462be6bdf33a6b2ad343ab81,485e6c100ae04a17802c8cfb09694c7b6fe9783be2b477e00a0a465bb075e0f8,configs/doxorubicin_parameters.json,0b7d200aedee3aed703b810ad54927a2126d9ee0952f6ef87cf5ebb57992d345,configs/parameter_provenance.csv,86c4261fcb9616a643db79340fe0b7398ba10a5c46464e67e8b697bcfc3a4ec9
selectivity_unpolarized,unpolarized,unpolarized I6/6,,0.33333333333333337,1000000.0,8.0,8e-06,10.0,10000000.0,0.1,100000.0,0.1,100000.0,10.0,10000000.0,1.0,1000000.0,0.0,0.0,5.254124876284579e-37,3.659307983009557e-36,4.184720470638015e-36,0.030927008549817857,0.0,0.030927008549817857,0.9690729914501752,4.184720470638015e-36,0.9999999999999931,6.8833827526759706e-15,constant-generator matrix exponential Pade(13),2,dimensionless populations/per-encounter yields,dimensionless per encounter unless field name gives s^-1 or s,True,"Illustrative one-factor-at-a-time grid; bounds are not measured ranges or probability priors. Results are populations and per-encounter yields, not concentrations or biological fluxes. No encounter yield is converted to molarity, and no continuous biological ROS source is modeled.",4e863b04abf00d77462be6bdf33a6b2ad343ab81,485e6c100ae04a17802c8cfb09694c7b6fe9783be2b477e00a0a465bb075e0f8,configs/doxorubicin_parameters.json,0b7d200aedee3aed703b810ad54927a2126d9ee0952f6ef87cf5ebb57992d345,configs/parameter_provenance.csv,86c4261fcb9616a643db79340fe0b7398ba10a5c46464e67e8b697bcfc3a4ec9
selectivity_unpolarized,unpolarized,unpolarized I6/6,,0.33333333333333337,1000000.0,8.0,8e-06,10.0,10000000.0,0.1,100000.0,0.1,100000.0,10.0,10000000.0,1.0,1000000.0,0.01,10000.0,4.922963726544249e-37,3.395985163382449e-36,3.8882815360368744e-36,0.030920152450772065,0.0006592191039375622,0.03157937155470963,0.968420628445283,3.8882815360368744e-36,0.9999999999999926,7.438494264988549e-15,constant-generator matrix exponential Pade(13),2,dimensionless populations/per-encounter yields,dimensionless per encounter unless field name gives s^-1 or s,True,"Illustrative one-factor-at-a-time grid; bounds are not measured ranges or probability priors. Results are populations and per-encounter yields, not concentrations or biological fluxes. No encounter yield is converted to molarity, and no continuous biological ROS source is modeled.",4e863b04abf00d77462be6bdf33a6b2ad343ab81,485e6c100ae04a17802c8cfb09694c7b6fe9783be2b477e00a0a465bb075e0f8,configs/doxorubicin_parameters.json,0b7d200aedee3aed703b810ad54927a2126d9ee0952f6ef87cf5ebb57992d345,configs/parameter_provenance.csv,86c4261fcb9616a643db79340fe0b7398ba10a5c46464e67e8b697bcfc3a4ec9
selectivity_unpolarized,unpolarized,unpolarized I6/6,,0.33333333333333337,1000000.0,8.0,8e-06,10.0,10000000.0,0.1,100000.0,0.1,100000.0,10.0,10000000.0,1.0,1000000.0,0.015848931924611134,15848.931924611134,4.739343335183867e-37,3.250951385210135e-36,3.724885718728522e-36,0.030916148577592062,0.001044251437870841,0.0319604000154629,0.9680395999845299,3.724885718728522e-36,0.9999999999999928,7.216449660063518e-15,constant-generator matrix exponential Pade(13),2,dimensionless populations/per-encounter yields,dimensionless per encounter unless field name gives s^-1 or s,True,"Illustrative one-factor-at-a-time grid; bounds are not measured ranges or probability priors. Results are populations and per-encounter yields, not concentrations or biological fluxes. No encounter yield is converted to molarity, and no continuous biological ROS source is modeled.",4e863b04abf00d77462be6bdf33a6b2ad343ab81,485e6c100ae04a17802c8cfb09694c7b6fe9783be2b477e00a0a465bb075e0f8,configs/doxorubicin_parameters.json,0b7d200aedee3aed703b810ad54927a2126d9ee0952f6ef87cf5ebb57992d345,configs/parameter_provenance.csv,86c4261fcb9616a643db79340fe0b7398ba10a5c46464e67e8b697bcfc3a4ec9
selectivity_unpolarized,unpolarized,unpolarized I6/6,,0.33333333333333337,1000000.0,8.0,8e-06,10.0,10000000.0,0.1,100000.0,0.1,100000.0,10.0,10000000.0,1.0,1000000.0,0.025118864315095794,25118.864315095794,4.4627007955552495e-37,3.03382678791216e-36,3.480096867467685e-36,0.03090981224056974,0.0016536712794170626,0.0325634835199868,0.9674365164800061,3.480096867467685e-36,0.9999999999999929,7.105427357601002e-15,constant-generator matrix exponential Pade(13),2,dimensionless populations/per-encounter yields,dimensionless per encounter unless field name gives s^-1 or s,True,"Illustrative one-factor-at-a-time grid; bounds are not measured ranges or probability priors. Results are populations and per-encounter yields, not concentrations or biological fluxes. No encounter yield is converted to molarity, and no continuous biological ROS source is modeled.",4e863b04abf00d77462be6bdf33a6b2ad343ab81,485e6c100ae04a17802c8cfb09694c7b6fe9783be2b477e00a0a465bb075e0f8,configs/doxorubicin_parameters.json,0b7d200aedee3aed703b810ad54927a2126d9ee0952f6ef87cf5ebb57992d345,configs/parameter_provenance.csv,86c4261fcb9616a643db79340fe0b7398ba10a5c46464e67e8b697bcfc3a4ec9
selectivity_unpolarized,unpolarized,unpolarized I6/6,,0.33333333333333337,1000000.0,8.0,8e-06,10.0,10000000.0,0.1,100000.0,0.1,100000.0,10.0,10000000.0,1.0,1000000.0,0.039810717055349734,39810.717055349734,4.057989039917848e-37,2.7193814095455126e-36,3.125180313537297e-36,0.030899793316182606,0.0026174940523663983,0.033517287368549004,0.9664827126314439,3.125180313537297e-36,0.9999999999999929,7.105427357601002e-15,constant-generator matrix exponential Pade(13),2,dimensionless populations/per-encounter yields,dimensionless per encounter unless field name gives s^-1 or s,True,"Illustrative one-factor-at-a-time grid; bounds are not measured ranges or probability priors. Results are populations and per-encounter yields, not concentrations or biological fluxes. No encounter yield is converted to molarity, and no continuous biological ROS source is modeled.",4e863b04abf00d77462be6bdf33a6b2ad343ab81,485e6c100ae04a17802c8cfb09694c7b6fe9783be2b477e00a0a465bb075e0f8,configs/doxorubicin_parameters.json,0b7d200aedee3aed703b810ad54927a2126d9ee0952f6ef87cf5ebb57992d345,configs/parameter_provenance.csv,86c4261fcb9616a643db79340fe0b7398ba10a5c46464e67e8b697bcfc3a4ec9
selectivity_unpolarized,unpolarized,unpolarized I6/6,,0.33333333333333337,1000000.0,8.0,8e-06,10.0,10000000.0,0.1,100000.0,0.1,100000.0,10.0,10000000.0,1.0,1000000.0,0.06309573444801933,63095.73444801933,3.4926875268028305e-37,2.2871937305235358e-36,2.636462483203819e-36,0.030883973187934025,0.004139940517984357,0.03502391370591838,0.9649760862940744,2.636462483203819e-36,0.9999999999999928,7.216449660063518e-15,constant-generator matrix exponential Pade(13),2,dimensionless populations/per-encounter yields,dimensionless per encounter unless field name gives s^-1 or s,True,"Illustrative one-factor-at-a-time grid; bounds are not measured ranges or probability priors. Results are populations and per-encounter yields, not concentrations or biological fluxes. No encounter yield is converted to molarity, and no continuous biological ROS source is modeled.",4e863b04abf00d77462be6bdf33a6b2ad343ab81,485e6c100ae04a17802c8cfb09694c7b6fe9783be2b477e00a0a465bb075e0f8,configs/doxorubicin_parameters.json,0b7d200aedee3aed703b810ad54927a2126d9ee0952f6ef87cf5ebb57992d345,configs/parameter_provenance.csv,86c4261fcb9616a643db79340fe0b7398ba10a5c46464e67e8b697bcfc3a4ec9
selectivity_unpolarized,unpolarized,unpolarized I6/6,,0.33333333333333337,1000000.0,8.0,8e-06,10.0,10000000.0,0.1,100000.0,0.1,100000.0,10.0,10000000.0,1.0,1000000.0,0.1,100000.0,2.7582658660636568e-37,1.740039155691028e-36,2.0158657422973938e-36,0.030859046814505305,0.006540103812281531,0.03739915062678684,0.9626008493732062,2.0158657422973938e-36,0.9999999999999931,6.8833827526759706e-15,constant-generator matrix exponential Pade(13),2,dimensionless populations/per-encounter yields,dimensionless per encounter unless field name gives s^-1 or s,True,"Illustrative one-factor-at-a-time grid; bounds are not measured ranges or probability priors. Results are populations and per-encounter yields, not concentrations or biological fluxes. No encounter yield is converted to molarity, and no continuous biological ROS source is modeled.",4e863b04abf00d77462be6bdf33a6b2ad343ab81,485e6c100ae04a17802c8cfb09694c7b6fe9783be2b477e00a0a465bb075e0f8,configs/doxorubicin_parameters.json,0b7d200aedee3aed703b810ad54927a2126d9ee0952f6ef87cf5ebb57992d345,configs/parameter_provenance.csv,86c4261fcb9616a643db79340fe0b7398ba10a5c46464e67e8b697bcfc3a4ec9
selectivity_unpolarized,unpolarized,unpolarized I6/6,,0.33333333333333337,1000000.0,8.0,8e-06,10.0,10000000.0,0.1,100000.0,0.1,100000.0,10.0,10000000.0,1.0,1000000.0,0.15848931924611143,158489.31924611144,1.905776653156387e-37,1.1308521451461409e-36,1.3214298104617796e-36,0.03081990666599855,0.010312402726425658,0.04113230939242421,0.9588676906075686,1.3214298104617796e-36,0.9999999999999928,7.216449660063518e-15,constant-generator matrix exponential Pade(13),2,dimensionless populations/per-encounter yields,dimensionless per encounter unless field name gives s^-1 or s,True,"Illustrative one-factor-at-a-time grid; bounds are not measured ranges or probability priors. Results are populations and per-encounter yields, not concentrations or biological fluxes. No encounter yield is converted to molarity, and no continuous biological ROS source is modeled.",4e863b04abf00d77462be6bdf33a6b2ad343ab81,485e6c100ae04a17802c8cfb09694c7b6fe9783be2b477e00a0a465bb075e0f8,configs/doxorubicin_parameters.json,0b7d200aedee3aed703b810ad54927a2126d9ee0952f6ef87cf5ebb57992d345,configs/parameter_provenance.csv,86c4261fcb9616a643db79340fe0b7398ba10a5c46464e67e8b697bcfc3a4ec9
selectivity_unpolarized,unpolarized,unpolarized I6/6,,0.33333333333333337,1000000.0,8.0,8e-06,10.0,10000000.0,0.1,100000.0,0.1,100000.0,10.0,10000000.0,1.0,1000000.0,0.25118864315095807,251188.64315095806,1.0733878767921537e-37,5.750523007057766e-37,6.823910883849921e-37,0.030758778628256076,0.016212737310932458,0.04697151593918854,0.9530284840608041,6.823910883849921e-37,0.9999999999999927,7.327471962526033e-15,constant-generator matrix exponential Pade(13),2,dimensionless populations/per-encounter yields,dimensionless per encounter unless field name gives s^-1 or s,True,"Illustrative one-factor-at-a-time grid; bounds are not measured ranges or probability priors. Results are populations and per-encounter yields, not concentrations or biological fluxes. No encounter yield is converted to molarity, and no continuous biological ROS source is modeled.",4e863b04abf00d77462be6bdf33a6b2ad343ab81,485e6c100ae04a17802c8cfb09694c7b6fe9783be2b477e00a0a465bb075e0f8,configs/doxorubicin_parameters.json,0b7d200aedee3aed703b810ad54927a2126d9ee0952f6ef87cf5ebb57992d345,configs/parameter_provenance.csv,86c4261fcb9616a643db79340fe0b7398ba10a5c46464e67e8b697bcfc3a4ec9
selectivity_unpolarized,unpolarized,unpolarized I6/6,,0.33333333333333337,1000000.0,8.0,8e-06,10.0,10000000.0,0.1,100000.0,0.1,100000.0,10.0,10000000.0,1.0,1000000.0,0.3981071705534973,398107.17055349733,4.4655070765166296e-38,2.008724750253763e-37,2.4552754579054256e-37,0.03066411912937551,0.02537226280523413,0.056036381934609636,0.9439636180653832,2.4552754579054256e-37,0.9999999999999929,7.105427357601002e-15,constant-generator matrix exponential Pade(13),2,dimensionless populations/per-encounter yields,dimensionless per encounter unless field name gives s^-1 or s,True,"Illustrative one-factor-at-a-time grid; bounds are not measured ranges or probability priors. Results are populations and per-encounter yields, not concentrations or biological fluxes. No encounter yield is converted to molarity, and no continuous biological ROS source is modeled.",4e863b04abf00d77462be6bdf33a6b2ad343ab81,485e6c100ae04a17802c8cfb09694c7b6fe9783be2b477e00a0a465bb075e0f8,configs/doxorubicin_parameters.json,0b7d200aedee3aed703b810ad54927a2126d9ee0952f6ef87cf5ebb57992d345,configs/parameter_provenance.csv,86c4261fcb9616a643db79340fe0b7398ba10a5c46464e67e8b697bcfc3a4ec9
selectivity_unpolarized,unpolarized,unpolarized I6/6,,0.33333333333333337,1000000.0,8.0,8e-06,10.0,10000000.0,0.1,100000.0,0.1,100000.0,10.0,10000000.0,1.0,1000000.0,0.6309573444801934,630957.3444801933,1.2206199632974128e-38,4.048548217633178e-38,5.26916818093059e-38,0.0305194790229624,0.039425984609569725,0.06994546363253212,0.9300545363674605,5.26916818093059e-38,0.9999999999999927,7.327471962526033e-15,constant-generator matrix exponential Pade(13),2,dimensionless populations/per-encounter yields,dimensionless per encounter unless field name gives s^-1 or s,True,"Illustrative one-factor-at-a-time grid; bounds are not measured ranges or probability priors. Results are populations and per-encounter yields, not concentrations or biological fluxes. No encounter yield is converted to molarity, and no continuous biological ROS source is modeled.",4e863b04abf00d77462be6bdf33a6b2ad343ab81,485e6c100ae04a17802c8cfb09694c7b6fe9783be2b477e00a0a465bb075e0f8,configs/doxorubicin_parameters.json,0b7d200aedee3aed703b810ad54927a2126d9ee0952f6ef87cf5ebb57992d345,configs/parameter_provenance.csv,86c4261fcb9616a643db79340fe0b7398ba10a5c46464e67e8b697bcfc3a4ec9
selectivity_unpolarized,unpolarized,unpolarized I6/6,,0.33333333333333337,1000000.0,8.0,8e-06,10.0,10000000.0,0.1,100000.0,0.1,100000.0,10.0,10000000.0,1.0,1000000.0,1.0,1000000.0,2.0182006318003546e-39,4.036401263600708e-39,6.054601895401063e-39,0.030303030303030082,0.06060606060606017,0.09090909090909025,0.9090909090909025,6.054601895401063e-39,0.9999999999999928,7.216449660063518e-15,constant-generator matrix exponential Pade(13),2,dimensionless populations/per-encounter yields,dimensionless per encounter unless field name gives s^-1 or s,True,"Illustrative one-factor-at-a-time grid; bounds are not measured ranges or probability priors. Results are populations and per-encounter yields, not concentrations or biological fluxes. No encounter yield is converted to molarity, and no continuous biological ROS source is modeled.",4e863b04abf00d77462be6bdf33a6b2ad343ab81,485e6c100ae04a17802c8cfb09694c7b6fe9783be2b477e00a0a465bb075e0f8,configs/doxorubicin_parameters.json,0b7d200aedee3aed703b810ad54927a2126d9ee0952f6ef87cf5ebb57992d345,configs/parameter_provenance.csv,86c4261fcb9616a643db79340fe0b7398ba10a5c46464e67e8b697bcfc3a4ec9
selectivity_unpolarized,unpolarized,unpolarized I6/6,,0.33333333333333337,1000000.0,8.0,8e-06,10.0,10000000.0,0.1,100000.0,0.1,100000.0,10.0,10000000.0,1.0,1000000.0,1.584893192461114,1584893.1924611141,2.0497994578318876e-40,2.221466739268224e-40,4.271266197100112e-40,0.029989433200408797,0.09167651708487003,0.12166595028527882,0.8783340497147141,4.271266197100112e-40,0.9999999999999929,7.105427357601002e-15,constant-generator matrix exponential Pade(13),2,dimensionless populations/per-encounter yields,dimensionless per encounter unless field name gives s^-1 or s,True,"Illustrative one-factor-at-a-time grid; bounds are not measured ranges or probability priors. Results are populations and per-encounter yields, not concentrations or biological fluxes. No encounter yield is converted to molarity, and no continuous biological ROS source is modeled.",4e863b04abf00d77462be6bdf33a6b2ad343ab81,485e6c100ae04a17802c8cfb09694c7b6fe9783be2b477e00a0a465bb075e0f8,configs/doxorubicin_parameters.json,0b7d200aedee3aed703b810ad54927a2126d9ee0952f6ef87cf5ebb57992d345,configs/parameter_provenance.csv,86c4261fcb9616a643db79340fe0b7398ba10a5c46464e67e8b697bcfc3a4ec9
selectivity_unpolarized,unpolarized,unpolarized I6/6,,0.33333333333333337,1000000.0,8.0,8e-06,10.0,10000000.0,0.1,100000.0,0.1,100000.0,10.0,10000000.0,1.0,1000000.0,2.5118864315095824,2511886.4315095823,1.1415615940373947e-41,8.362544141031385e-42,1.977816008140533e-41,0.02955712134600895,0.13548724151952615,0.1650443628655351,0.8349556371344576,1.977816008140533e-41,0.9999999999999927,7.327471962526033e-15,constant-generator matrix exponential Pade(13),2,dimensionless populations/per-encounter yields,dimensionless per encounter unless field name gives s^-1 or s,True,"Illustrative one-factor-at-a-time grid; bounds are not measured ranges or probability priors. Results are populations and per-encounter yields, not concentrations or biological fluxes. No encounter yield is converted to molarity, and no continuous biological ROS source is modeled.",4e863b04abf00d77462be6bdf33a6b2ad343ab81,485e6c100ae04a17802c8cfb09694c7b6fe9783be2b477e00a0a465bb075e0f8,configs/doxorubicin_parameters.json,0b7d200aedee3aed703b810ad54927a2126d9ee0952f6ef87cf5ebb57992d345,configs/parameter_provenance.csv,86c4261fcb9616a643db79340fe0b7398ba10a5c46464e67e8b697bcfc3a4ec9
selectivity_unpolarized,unpolarized,unpolarized I6/6,,0.33333333333333337,1000000.0,8.0,8e-06,10.0,10000000.0,0.1,100000.0,0.1,100000.0,10.0,10000000.0,1.0,1000000.0,3.981071705534973,3981071.705534973,1.976263209370189e-43,1.2030936566828378e-43,3.1793568660530275e-43,0.029004586702578647,0.1938985099751425,0.22290309667772112,0.7770969033222717,3.1793568660530275e-43,0.9999999999999928,7.216449660063518e-15,constant-generator matrix exponential Pade(13),2,dimensionless populations/per-encounter yields,dimensionless per encounter unless field name gives s^-1 or s,True,"Illustrative one-factor-at-a-time grid; bounds are not measured ranges or probability priors. Results are populations and per-encounter yields, not concentrations or biological fluxes. No encounter yield is converted to molarity, and no continuous biological ROS source is modeled.",4e863b04abf00d77462be6bdf33a6b2ad343ab81,485e6c100ae04a17802c8cfb09694c7b6fe9783be2b477e00a0a465bb075e0f8,configs/doxorubicin_parameters.json,0b7d200aedee3aed703b810ad54927a2126d9ee0952f6ef87cf5ebb57992d345,configs/parameter_provenance.csv,86c4261fcb9616a643db79340fe0b7398ba10a5c46464e67e8b697bcfc3a4ec9
selectivity_unpolarized,unpolarized,unpolarized I6/6,,0.33333333333333337,1000000.0,8.0,8e-06,10.0,10000000.0,0.1,100000.0,0.1,100000.0,10.0,10000000.0,1.0,1000000.0,6.309573444801936,6309573.444801936,4.697295121008662e-46,2.572934296295534e-46,7.270229417304197e-46,0.02837491067738716,0.26611388994908447,0.29448880062647165,0.7055111993735212,7.270229417304197e-46,0.9999999999999929,7.105427357601002e-15,constant-generator matrix exponential Pade(13),2,dimensionless populations/per-encounter yields,dimensionless per encounter unless field name gives s^-1 or s,True,"Illustrative one-factor-at-a-time grid; bounds are not measured ranges or probability priors. Results are populations and per-encounter yields, not concentrations or biological fluxes. No encounter yield is converted to molarity, and no continuous biological ROS source is modeled.",4e863b04abf00d77462be6bdf33a6b2ad343ab81,485e6c100ae04a17802c8cfb09694c7b6fe9783be2b477e00a0a465bb075e0f8,configs/doxorubicin_parameters.json,0b7d200aedee3aed703b810ad54927a2126d9ee0952f6ef87cf5ebb57992d345,configs/parameter_provenance.csv,86c4261fcb9616a643db79340fe0b7398ba10a5c46464e67e8b697bcfc3a4ec9
selectivity_unpolarized,unpolarized,unpolarized I6/6,,0.33333333333333337,1000000.0,8.0,8e-06,10.0,10000000.0,0.1,100000.0,0.1,100000.0,10.0,10000000.0,1.0,1000000.0,10.0,10000000.0,7.916627337837589e-50,3.916018239902462e-50,1.183264557774005e-49,0.027773992103622205,0.3472430434300708,0.375017035533693,0.6249829644662928,1.183264557774005e-49,0.9999999999999858,1.4210854715202004e-14,constant-generator matrix exponential Pade(13),2,dimensionless populations/per-encounter yields,dimensionless per encounter unless field name gives s^-1 or s,True,"Illustrative one-factor-at-a-time grid; bounds are not measured ranges or probability priors. Results are populations and per-encounter yields, not concentrations or biological fluxes. No encounter yield is converted to molarity, and no continuous biological ROS source is modeled.",4e863b04abf00d77462be6bdf33a6b2ad343ab81,485e6c100ae04a17802c8cfb09694c7b6fe9783be2b477e00a0a465bb075e0f8,configs/doxorubicin_parameters.json,0b7d200aedee3aed703b810ad54927a2126d9ee0952f6ef87cf5ebb57992d345,configs/parameter_provenance.csv,86c4261fcb9616a643db79340fe0b7398ba10a5c46464e67e8b697bcfc3a4ec9
selectivity_doublet-manifold_mixture,doublet,doublet-manifold mixture PD/2,,0.9999999999999999,1000000.0,8.0,8e-06,0.0,0.0,0.1,100000.0,0.1,100000.0,0.1,100000.0,1.0,1000000.0,0.0,0.0,0.0021981180288768555,0.03465964238981949,0.03685776041869633,0.8338457839111822,0.0,0.8338457839111822,0.1292964556701211,0.03685776041869633,0.9999999999999998,2.220446049250313e-16,constant-generator matrix exponential Pade(13),2,dimensionless populations/per-encounter yields,dimensionless per encounter unless field name gives s^-1 or s,True,"Illustrative one-factor-at-a-time grid; bounds are not measured ranges or probability priors. Results are populations and per-encounter yields, not concentrations or biological fluxes. No encounter yield is converted to molarity, and no continuous biological ROS source is modeled.",4e863b04abf00d77462be6bdf33a6b2ad343ab81,485e6c100ae04a17802c8cfb09694c7b6fe9783be2b477e00a0a465bb075e0f8,configs/doxorubicin_parameters.json,0b7d200aedee3aed703b810ad54927a2126d9ee0952f6ef87cf5ebb57992d345,configs/parameter_provenance.csv,86c4261fcb9616a643db79340fe0b7398ba10a5c46464e67e8b697bcfc3a4ec9
selectivity_doublet-manifold_mixture,doublet,doublet-manifold mixture PD/2,,0.9999999999999999,1000000.0,8.0,8e-06,0.0,0.0,0.1,100000.0,0.1,100000.0,0.1,100000.0,1.0,1000000.0,0.01,10000.0,0.002070899046881243,0.03230782213949977,0.03437872118638101,0.8332390096925881,0.004459851650161063,0.8376988613427492,0.1279224174708694,0.03437872118638101,0.9999999999999996,4.440892098500626e-16,constant-generator matrix exponential Pade(13),2,dimensionless populations/per-encounter yields,dimensionless per encounter unless field name gives s^-1 or s,True,"Illustrative one-factor-at-a-time grid; bounds are not measured ranges or probability priors. Results are populations and per-encounter yields, not concentrations or biological fluxes. No encounter yield is converted to molarity, and no continuous biological ROS source is modeled.",4e863b04abf00d77462be6bdf33a6b2ad343ab81,485e6c100ae04a17802c8cfb09694c7b6fe9783be2b477e00a0a465bb075e0f8,configs/doxorubicin_parameters.json,0b7d200aedee3aed703b810ad54927a2126d9ee0952f6ef87cf5ebb57992d345,configs/parameter_provenance.csv,86c4261fcb9616a643db79340fe0b7398ba10a5c46464e67e8b697bcfc3a4ec9
selectivity_doublet-manifold_mixture,doublet,doublet-manifold mixture PD/2,,0.9999999999999999,1000000.0,8.0,8e-06,0.0,0.0,0.1,100000.0,0.1,100000.0,0.1,100000.0,1.0,1000000.0,0.015848931924611134,15848.931924611134,0.0020001665387247686,0.031008251935454707,0.03300841847417948,0.8328951153683665,0.006950741381051091,0.8398458567494176,0.12714572477640254,0.03300841847417948,0.9999999999999996,4.440892098500626e-16,constant-generator matrix exponential Pade(13),2,dimensionless populations/per-encounter yields,dimensionless per encounter unless field name gives s^-1 or s,True,"Illustrative one-factor-at-a-time grid; bounds are not measured ranges or probability priors. Results are populations and per-encounter yields, not concentrations or biological fluxes. No encounter yield is converted to molarity, and no continuous biological ROS source is modeled.",4e863b04abf00d77462be6bdf33a6b2ad343ab81,485e6c100ae04a17802c8cfb09694c7b6fe9783be2b477e00a0a465bb075e0f8,configs/doxorubicin_parameters.json,0b7d200aedee3aed703b810ad54927a2126d9ee0952f6ef87cf5ebb57992d345,configs/parameter_provenance.csv,86c4261fcb9616a643db79340fe0b7398ba10a5c46464e67e8b697bcfc3a4ec9
selectivity_doublet-manifold_mixture,doublet,doublet-manifold mixture PD/2,,0.9999999999999999,1000000.0,8.0,8e-06,0.0,0.0,0.1,100000.0,0.1,100000.0,0.1,100000.0,1.0,1000000.0,0.025118864315095794,25118.864315095794,0.001893324935887867,0.029056699906896993,0.03095002484278487,0.8323660704393137,0.01073007995740741,0.843096150396721,0.1259538247604939,0.03095002484278487,0.9999999999999998,2.220446049250313e-16,constant-generator matrix exponential Pade(13),2,dimensionless populations/per-encounter yields,dimensionless per encounter unless field name gives s^-1 or s,True,"Illustrative one-factor-at-a-time grid; bounds are not measured ranges or probability priors. Results are populations and per-encounter yields, not concentrations or biological fluxes. No encounter yield is converted to molarity, and no continuous biological ROS source is modeled.",4e863b04abf00d77462be6bdf33a6b2ad343ab81,485e6c100ae04a17802c8cfb09694c7b6fe9783be2b477e00a0a465bb075e0f8,configs/doxorubicin_parameters.json,0b7d200aedee3aed703b810ad54927a2126d9ee0952f6ef87cf5ebb57992d345,configs/parameter_provenance.csv,86c4261fcb9616a643db79340fe0b7398ba10a5c46464e67e8b697bcfc3a4ec9
selectivity_doublet-manifold_mixture,doublet,doublet-manifold mixture PD/2,,0.9999999999999999,1000000.0,8.0,8e-06,0.0,0.0,0.1,100000.0,0.1,100000.0,0.1,100000.0,1.0,1000000.0,0.039810717055349734,39810.717055349734,0.0017363802083191894,0.026216546918785923,0.02795292712710511,0.8315659304500815,0.016323007732674255,0.8478889381827558,0.12415813469013859,0.02795292712710511,0.9999999999999994,5.551115123125783e-16,constant-generator matrix exponential Pade(13),2,dimensionless populations/per-encounter yields,dimensionless per encounter unless field name gives s^-1 or s,True,"Illustrative one-factor-at-a-time grid; bounds are not measured ranges or probability priors. Results are populations and per-encounter yields, not concentrations or biological fluxes. No encounter yield is converted to molarity, and no continuous biological ROS source is modeled.",4e863b04abf00d77462be6bdf33a6b2ad343ab81,485e6c100ae04a17802c8cfb09694c7b6fe9783be2b477e00a0a465bb075e0f8,configs/doxorubicin_parameters.json,0b7d200aedee3aed703b810ad54927a2126d9ee0952f6ef87cf5ebb57992d345,configs/parameter_provenance.csv,86c4261fcb9616a643db79340fe0b7398ba10a5c46464e67e8b697bcfc3a4ec9
selectivity_doublet-manifold_mixture,doublet,doublet-manifold mixture PD/2,,0.9999999999999999,1000000.0,8.0,8e-06,0.0,0.0,0.1,100000.0,0.1,100000.0,0.1,100000.0,1.0,1000000.0,0.06309573444801933,63095.73444801933,0.0015157323619240692,0.02228249967128003,0.0237982320332041,0.8303873050770818,0.024285619446518004,0.8546729245235998,0.12152884344319578,0.0237982320332041,0.9999999999999997,3.3306690738754696e-16,constant-generator matrix exponential Pade(13),2,dimensionless populations/per-encounter yields,dimensionless per encounter unless field name gives s^-1 or s,True,"Illustrative one-factor-at-a-time grid; bounds are not measured ranges or probability priors. Results are populations and per-encounter yields, not concentrations or biological fluxes. No encounter yield is converted to molarity, and no continuous biological ROS source is modeled.",4e863b04abf00d77462be6bdf33a6b2ad343ab81,485e6c100ae04a17802c8cfb09694c7b6fe9783be2b477e00a0a465bb075e0f8,configs/doxorubicin_parameters.json,0b7d200aedee3aed703b810ad54927a2126d9ee0952f6ef87cf5ebb57992d345,configs/parameter_provenance.csv,86c4261fcb9616a643db79340fe0b7398ba10a5c46464e67e8b697bcfc3a4ec9
selectivity_doublet-manifold_mixture,doublet,doublet-manifold mixture PD/2,,0.9999999999999999,1000000.0,8.0,8e-06,0.0,0.0,0.1,100000.0,0.1,100000.0,0.1,100000.0,1.0,1000000.0,0.1,100000.0,0.001226111592533909,0.017240242519503426,0.018466354112037335,0.8287198564813252,0.03497090187925244,0.8636907583605776,0.11784288752738495,0.018466354112037335,0.9999999999999999,1.1102230246251565e-16,constant-generator matrix exponential Pade(13),2,dimensionless populations/per-encounter yields,dimensionless per encounter unless field name gives s^-1 or s,True,"Illustrative one-factor-at-a-time grid; bounds are not measured ranges or probability priors. Results are populations and per-encounter yields, not concentrations or biological fluxes. No encounter yield is converted to molarity, and no continuous biological ROS source is modeled.",4e863b04abf00d77462be6bdf33a6b2ad343ab81,485e6c100ae04a17802c8cfb09694c7b6fe9783be2b477e00a0a465bb075e0f8,configs/doxorubicin_parameters.json,0b7d200aedee3aed703b810ad54927a2126d9ee0952f6ef87cf5ebb57992d345,configs/parameter_provenance.csv,86c4261fcb9616a643db79340fe0b7398ba10a5c46464e67e8b697bcfc3a4ec9
selectivity_doublet-manifold_mixture,doublet,doublet-manifold mixture PD/2,,0.9999999999999999,1000000.0,8.0,8e-06,0.0,0.0,0.1,100000.0,0.1,100000.0,0.1,100000.0,1.0,1000000.0,0.15848931924611143,158489.31924611144,0.0008844076881449936,0.01151548752171937,0.012399895209864363,0.8264990531808738,0.04810128637433953,0.8746003395552133,0.11299976523492196,0.012399895209864363,0.9999999999999997,3.3306690738754696e-16,constant-generator matrix exponential Pade(13),2,dimensionless populations/per-encounter yields,dimensionless per encounter unless field name gives s^-1 or s,True,"Illustrative one-factor-at-a-time grid; bounds are not measured ranges or probability priors. Results are populations and per-encounter yields, not concentrations or biological fluxes. No encounter yield is converted to molarity, and no continuous biological ROS source is modeled.",4e863b04abf00d77462be6bdf33a6b2ad343ab81,485e6c100ae04a17802c8cfb09694c7b6fe9783be2b477e00a0a465bb075e0f8,configs/doxorubicin_parameters.json,0b7d200aedee3aed703b810ad54927a2126d9ee0952f6ef87cf5ebb57992d345,configs/parameter_provenance.csv,86c4261fcb9616a643db79340fe0b7398ba10a5c46464e67e8b697bcfc3a4ec9
selectivity_doublet-manifold_mixture,doublet,doublet-manifold mixture PD/2,,0.9999999999999999,1000000.0,8.0,8e-06,0.0,0.0,0.1,100000.0,0.1,100000.0,0.1,100000.0,1.0,1000000.0,0.25118864315095807,251188.64315095806,0.0005420031638247056,0.0061274402552735936,0.006669443419098299,0.8237874615203049,0.06234454035026401,0.886132001870569,0.10719855471033243,0.006669443419098299,0.9999999999999997,3.3306690738754696e-16,constant-generator matrix exponential Pade(13),2,dimensionless populations/per-encounter yields,dimensionless per encounter unless field name gives s^-1 or s,True,"Illustrative one-factor-at-a-time grid; bounds are not measured ranges or probability priors. Results are populations and per-encounter yields, not concentrations or biological fluxes. No encounter yield is converted to molarity, and no continuous biological ROS source is modeled.",4e863b04abf00d77462be6bdf33a6b2ad343ab81,485e6c100ae04a17802c8cfb09694c7b6fe9783be2b477e00a0a465bb075e0f8,configs/doxorubicin_parameters.json,0b7d200aedee3aed703b810ad54927a2126d9ee0952f6ef87cf5ebb57992d345,configs/parameter_provenance.csv,86c4261fcb9616a643db79340fe0b7398ba10a5c46464e67e8b697bcfc3a4ec9
selectivity_doublet-manifold_mixture,doublet,doublet-manifold mixture PD/2,,0.9999999999999999,1000000.0,8.0,8e-06,0.0,0.0,0.1,100000.0,0.1,100000.0,0.1,100000.0,1.0,1000000.0,0.3981071705534973,398107.17055349733,0.0002731802907386444,0.0023151689881541373,0.0025883492788927815,0.820842690297451,0.07551594390751733,0.8963586342049684,0.10105301651613827,0.0025883492788927815,0.9999999999999994,5.551115123125783e-16,constant-generator matrix exponential Pade(13),2,dimensionless populations/per-encounter yields,dimensionless per encounter unless field name gives s^-1 or s,True,"Illustrative one-factor-at-a-time grid; bounds are not measured ranges or probability priors. Results are populations and per-encounter yields, not concentrations or biological fluxes. No encounter yield is converted to molarity, and no continuous biological ROS source is modeled.",4e863b04abf00d77462be6bdf33a6b2ad343ab81,485e6c100ae04a17802c8cfb09694c7b6fe9783be2b477e00a0a465bb075e0f8,configs/doxorubicin_parameters.json,0b7d200aedee3aed703b810ad54927a2126d9ee0952f6ef87cf5ebb57992d345,configs/parameter_provenance.csv,86c4261fcb9616a643db79340fe0b7398ba10a5c46464e67e8b697bcfc3a4ec9
selectivity_doublet-manifold_mixture,doublet,doublet-manifold mixture PD/2,,0.9999999999999999,1000000.0,8.0,8e-06,0.0,0.0,0.1,100000.0,0.1,100000.0,0.1,100000.0,1.0,1000000.0,0.6309573444801934,630957.3444801933,0.00012397119524241158,0.0005435369477716108,0.0006675081430140223,0.8180653709298111,0.08585369082117866,0.9039190617509898,0.09541343010599584,0.0006675081430140223,0.9999999999999997,3.3306690738754696e-16,constant-generator matrix exponential Pade(13),2,dimensionless populations/per-encounter yields,dimensionless per encounter unless field name gives s^-1 or s,True,"Illustrative one-factor-at-a-time grid; bounds are not measured ranges or probability priors. Results are populations and per-encounter yields, not concentrations or biological fluxes. No encounter yield is converted to molarity, and no continuous biological ROS source is modeled.",4e863b04abf00d77462be6bdf33a6b2ad343ab81,485e6c100ae04a17802c8cfb09694c7b6fe9783be2b477e00a0a465bb075e0f8,configs/doxorubicin_parameters.json,0b7d200aedee3aed703b810ad54927a2126d9ee0952f6ef87cf5ebb57992d345,configs/parameter_provenance.csv,86c4261fcb9616a643db79340fe0b7398ba10a5c46464e67e8b697bcfc3a4ec9
selectivity_doublet-manifold_mixture,doublet,doublet-manifold mixture PD/2,,0.9999999999999999,1000000.0,8.0,8e-06,0.0,0.0,0.1,100000.0,0.1,100000.0,0.1,100000.0,1.0,1000000.0,1.0,1000000.0,7.053268037076137e-05,8.020039472471552e-05,0.00015073307509547688,0.8157895327598494,0.09316434626279035,0.9089538790226398,0.09089538790226398,0.00015073307509547688,0.9999999999999992,7.771561172376096e-16,constant-generator matrix exponential Pade(13),2,dimensionless populations/per-encounter yields,dimensionless per encounter unless field name gives s^-1 or s,True,"Illustrative one-factor-at-a-time grid; bounds are not measured ranges or probability priors. Results are populations and per-encounter yields, not concentrations or biological fluxes. No encounter yield is converted to molarity, and no continuous biological ROS source is modeled.",4e863b04abf00d77462be6bdf33a6b2ad343ab81,485e6c100ae04a17802c8cfb09694c7b6fe9783be2b477e00a0a465bb075e0f8,configs/doxorubicin_parameters.json,0b7d200aedee3aed703b810ad54927a2126d9ee0952f6ef87cf5ebb57992d345,configs/parameter_provenance.csv,86c4261fcb9616a643db79340fe0b7398ba10a5c46464e67e8b697bcfc3a4ec9
selectivity_doublet-manifold_mixture,doublet,doublet-manifold mixture PD/2,,0.9999999999999999,1000000.0,8.0,8e-06,0.0,0.0,0.1,100000.0,0.1,100000.0,0.1,100000.0,1.0,1000000.0,1.584893192461114,1584893.1924611141,5.7488022592372515e-05,1.4152120775104006e-05,7.164014336747653e-05,0.8141136251715597,0.0982069335666407,0.9123205587382004,0.08760780111843103,7.164014336747653e-05,0.9999999999999989,1.1102230246251565e-15,constant-generator matrix exponential Pade(13),2,dimensionless populations/per-encounter yields,dimensionless per encounter unless field name gives s^-1 or s,True,"Illustrative one-factor-at-a-time grid; bounds are not measured ranges or probability priors. Results are populations and per-encounter yields, not concentrations or biological fluxes. No encounter yield is converted to molarity, and no continuous biological ROS source is modeled.",4e863b04abf00d77462be6bdf33a6b2ad343ab81,485e6c100ae04a17802c8cfb09694c7b6fe9783be2b477e00a0a465bb075e0f8,configs/doxorubicin_parameters.json,0b7d200aedee3aed703b810ad54927a2126d9ee0952f6ef87cf5ebb57992d345,configs/parameter_provenance.csv,86c4261fcb9616a643db79340fe0b7398ba10a5c46464e67e8b697bcfc3a4ec9
selectivity_doublet-manifold_mixture,doublet,doublet-manifold mixture PD/2,,0.9999999999999999,1000000.0,8.0,8e-06,0.0,0.0,0.1,100000.0,0.1,100000.0,0.1,100000.0,1.0,1000000.0,2.5118864315095824,2511886.4315095823,5.425144255059215e-05,4.983974291873749e-06,5.9235416842465904e-05,0.8129541456975832,0.10164465761145672,0.9145988033090399,0.08534196127411589,5.9235416842465904e-05,0.9999999999999982,1.7763568394002505e-15,constant-generator matrix exponential Pade(13),2,dimensionless populations/per-encounter yields,dimensionless per encounter unless field name gives s^-1 or s,True,"Illustrative one-factor-at-a-time grid; bounds are not measured ranges or probability priors. Results are populations and per-encounter yields, not concentrations or biological fluxes. No encounter yield is converted to molarity, and no continuous biological ROS source is modeled.",4e863b04abf00d77462be6bdf33a6b2ad343ab81,485e6c100ae04a17802c8cfb09694c7b6fe9783be2b477e00a0a465bb075e0f8,configs/doxorubicin_parameters.json,0b7d200aedee3aed703b810ad54927a2126d9ee0952f6ef87cf5ebb57992d345,configs/parameter_provenance.csv,86c4261fcb9616a643db79340fe0b7398ba10a5c46464e67e8b697bcfc3a4ec9
selectivity_doublet-manifold_mixture,doublet,doublet-manifold mixture PD/2,,0.9999999999999999,1000000.0,8.0,8e-06,0.0,0.0,0.1,100000.0,0.1,100000.0,0.1,100000.0,1.0,1000000.0,3.981071705534973,3981071.705534973,5.309987060274002e-05,2.426769365994532e-06,5.552663996873455e-05,0.8121789864385205,0.10393681356048727,0.9161157999990077,0.08382867336102136,5.552663996873455e-05,0.9999999999999979,2.1094237467877974e-15,constant-generator matrix exponential Pade(13),2,dimensionless populations/per-encounter yields,dimensionless per encounter unless field name gives s^-1 or s,True,"Illustrative one-factor-at-a-time grid; bounds are not measured ranges or probability priors. Results are populations and per-encounter yields, not concentrations or biological fluxes. No encounter yield is converted to molarity, and no continuous biological ROS source is modeled.",4e863b04abf00d77462be6bdf33a6b2ad343ab81,485e6c100ae04a17802c8cfb09694c7b6fe9783be2b477e00a0a465bb075e0f8,configs/doxorubicin_parameters.json,0b7d200aedee3aed703b810ad54927a2126d9ee0952f6ef87cf5ebb57992d345,configs/parameter_provenance.csv,86c4261fcb9616a643db79340fe0b7398ba10a5c46464e67e8b697bcfc3a4ec9
selectivity_doublet-manifold_mixture,doublet,doublet-manifold mixture PD/2,,0.9999999999999999,1000000.0,8.0,8e-06,0.0,0.0,0.1,100000.0,0.1,100000.0,0.1,100000.0,1.0,1000000.0,6.309573444801936,6309573.444801936,5.2566534734951696e-05,1.3363972663014178e-06,5.39029320012531e-05,0.8116714621942961,0.10543643379271608,0.9171078959870121,0.08283820108098414,5.39029320012531e-05,0.9999999999999976,2.4424906541753444e-15,constant-generator matrix exponential Pade(13),2,dimensionless populations/per-encounter yields,dimensionless per encounter unless field name gives s^-1 or s,True,"Illustrative one-factor-at-a-time grid; bounds are not measured ranges or probability priors. Results are populations and per-encounter yields, not concentrations or biological fluxes. No encounter yield is converted to molarity, and no continuous biological ROS source is modeled.",4e863b04abf00d77462be6bdf33a6b2ad343ab81,485e6c100ae04a17802c8cfb09694c7b6fe9783be2b477e00a0a465bb075e0f8,configs/doxorubicin_parameters.json,0b7d200aedee3aed703b810ad54927a2126d9ee0952f6ef87cf5ebb57992d345,configs/parameter_provenance.csv,86c4261fcb9616a643db79340fe0b7398ba10a5c46464e67e8b697bcfc3a4ec9
selectivity_doublet-manifold_mixture,doublet,doublet-manifold mixture PD/2,,0.9999999999999999,1000000.0,8.0,8e-06,0.0,0.0,0.1,100000.0,0.1,100000.0,0.1,100000.0,1.0,1000000.0,10.0,10000000.0,5.228407605062457e-05,7.802724443338631e-07,5.3064348494958435e-05,0.8113435801975495,0.10640494795465112,0.9177485281522006,0.08219840749930149,5.3064348494958435e-05,0.9999999999999971,2.886579864025407e-15,constant-generator matrix exponential Pade(13),2,dimensionless populations/per-encounter yields,dimensionless per encounter unless field name gives s^-1 or s,True,"Illustrative one-factor-at-a-time grid; bounds are not measured ranges or probability priors. Results are populations and per-encounter yields, not concentrations or biological fluxes. No encounter yield is converted to molarity, and no continuous biological ROS source is modeled.",4e863b04abf00d77462be6bdf33a6b2ad343ab81,485e6c100ae04a17802c8cfb09694c7b6fe9783be2b477e00a0a465bb075e0f8,configs/doxorubicin_parameters.json,0b7d200aedee3aed703b810ad54927a2126d9ee0952f6ef87cf5ebb57992d345,configs/parameter_provenance.csv,86c4261fcb9616a643db79340fe0b7398ba10a5c46464e67e8b697bcfc3a4ec9
selectivity_doublet-manifold_mixture,doublet,doublet-manifold mixture PD/2,,0.9999999999999999,1000000.0,8.0,8e-06,0.0,0.0,0.1,100000.0,0.1,100000.0,1.0,1000000.0,1.0,1000000.0,0.0,0.0,1.6410837254963867e-06,2.5876397131650062e-05,2.7517480857146454e-05,0.47058670194891894,0.0,0.47058670194891894,0.5293857805702231,2.7517480857146454e-05,0.9999999999999992,7.771561172376096e-16,constant-generator matrix exponential Pade(13),2,dimensionless populations/per-encounter yields,dimensionless per encounter unless field name gives s^-1 or s,True,"Illustrative one-factor-at-a-time grid; bounds are not measured ranges or probability priors. Results are populations and per-encounter yields, not concentrations or biological fluxes. No encounter yield is converted to molarity, and no continuous biological ROS source is modeled.",4e863b04abf00d77462be6bdf33a6b2ad343ab81,485e6c100ae04a17802c8cfb09694c7b6fe9783be2b477e00a0a465bb075e0f8,configs/doxorubicin_parameters.json,0b7d200aedee3aed703b810ad54927a2126d9ee0952f6ef87cf5ebb57992d345,configs/parameter_provenance.csv,86c4261fcb9616a643db79340fe0b7398ba10a5c46464e67e8b697bcfc3a4ec9
selectivity_doublet-manifold_mixture,doublet,doublet-manifold mixture PD/2,,0.9999999999999999,1000000.0,8.0,8e-06,0.0,0.0,0.1,100000.0,0.1,100000.0,1.0,1000000.0,1.0,1000000.0,0.01,10000.0,1.5461038389823313e-06,2.4120561508908448e-05,2.5666665347890784e-05,0.47056966520575405,0.0005825247814172594,0.4711521899871713,0.5288221433474799,2.5666665347890784e-05,0.999999999999999,9.992007221626409e-16,constant-generator matrix exponential Pade(13),2,dimensionless populations/per-encounter yields,dimensionless per encounter unless field name gives s^-1 or s,True,"Illustrative one-factor-at-a-time grid; bounds are not measured ranges or probability priors. Results are populations and per-encounter yields, not concentrations or biological fluxes. No encounter yield is converted to molarity, and no continuous biological ROS source is modeled.",4e863b04abf00d77462be6bdf33a6b2ad343ab81,485e6c100ae04a17802c8cfb09694c7b6fe9783be2b477e00a0a465bb075e0f8,configs/doxorubicin_parameters.json,0b7d200aedee3aed703b810ad54927a2126d9ee0952f6ef87cf5ebb57992d345,configs/parameter_provenance.csv,86c4261fcb9616a643db79340fe0b7398ba10a5c46464e67e8b697bcfc3a4ec9
selectivity_doublet-manifold_mixture,doublet,doublet-manifold mixture PD/2,,0.9999999999999999,1000000.0,8.0,8e-06,0.0,0.0,0.1,100000.0,0.1,100000.0,1.0,1000000.0,1.0,1000000.0,0.015848931924611134,15848.931924611134,1.4932959522018226e-06,2.3150320837579218e-05,2.464361678978104e-05,0.47055984443230203,0.0009182462456426988,0.4714780906779447,0.5284972657052647,2.464361678978104e-05,0.9999999999999992,7.771561172376096e-16,constant-generator matrix exponential Pade(13),2,dimensionless populations/per-encounter yields,dimensionless per encounter unless field name gives s^-1 or s,True,"Illustrative one-factor-at-a-time grid; bounds are not measured ranges or probability priors. Results are populations and per-encounter yields, not concentrations or biological fluxes. No encounter yield is converted to molarity, and no continuous biological ROS source is modeled.",4e863b04abf00d77462be6bdf33a6b2ad343ab81,485e6c100ae04a17802c8cfb09694c7b6fe9783be2b477e00a0a465bb075e0f8,configs/doxorubicin_parameters.json,0b7d200aedee3aed703b810ad54927a2126d9ee0952f6ef87cf5ebb57992d345,configs/parameter_provenance.csv,86c4261fcb9616a643db79340fe0b7398ba10a5c46464e67e8b697bcfc3a4ec9
selectivity_doublet-manifold_mixture,doublet,doublet-manifold mixture PD/2,,0.9999999999999999,1000000.0,8.0,8e-06,0.0,0.0,0.1,100000.0,0.1,100000.0,1.0,1000000.0,1.0,1000000.0,0.025118864315095794,25118.864315095794,1.4135295277795638e-06,2.1693319788749247e-05,2.3106849316528814e-05,0.4705444922982404,0.0014429520675741736,0.4719874443658146,0.527989448784868,2.3106849316528814e-05,0.999999999999999,9.992007221626409e-16,constant-generator matrix exponential Pade(13),2,dimensionless populations/per-encounter yields,dimensionless per encounter unless field name gives s^-1 or s,True,"Illustrative one-factor-at-a-time grid; bounds are not measured ranges or probability priors. Results are populations and per-encounter yields, not concentrations or biological fluxes. No encounter yield is converted to molarity, and no continuous biological ROS source is modeled.",4e863b04abf00d77462be6bdf33a6b2ad343ab81,485e6c100ae04a17802c8cfb09694c7b6fe9783be2b477e00a0a465bb075e0f8,configs/doxorubicin_parameters.json,0b7d200aedee3aed703b810ad54927a2126d9ee0952f6ef87cf5ebb57992d345,configs/parameter_provenance.csv,86c4261fcb9616a643db79340fe0b7398ba10a5c46464e67e8b697bcfc3a4ec9
selectivity_doublet-manifold_mixture,doublet,doublet-manifold mixture PD/2,,0.9999999999999999,1000000.0,8.0,8e-06,0.0,0.0,0.1,100000.0,0.1,100000.0,1.0,1000000.0,1.0,1000000.0,0.039810717055349734,39810.717055349734,1.2963568214772454e-06,1.9572901874206882e-05,2.086925869568413e-05,0.470520681302954,0.0022565210885272307,0.47277720239148124,0.5272019283498219,2.086925869568413e-05,0.9999999999999989,1.1102230246251565e-15,constant-generator matrix exponential Pade(13),2,dimensionless populations/per-encounter yields,dimensionless per encounter unless field name gives s^-1 or s,True,"Illustrative one-factor-at-a-time grid; bounds are not measured ranges or probability priors. Results are populations and per-encounter yields, not concentrations or biological fluxes. No encounter yield is converted to molarity, and no continuous biological ROS source is modeled.",4e863b04abf00d77462be6bdf33a6b2ad343ab81,485e6c100ae04a17802c8cfb09694c7b6fe9783be2b477e00a0a465bb075e0f8,configs/doxorubicin_parameters.json,0b7d200aedee3aed703b810ad54927a2126d9ee0952f6ef87cf5ebb57992d345,configs/parameter_provenance.csv,86c4261fcb9616a643db79340fe0b7398ba10a5c46464e67e8b697bcfc3a4ec9
selectivity_doublet-manifold_mixture,doublet,doublet-manifold mixture PD/2,,0.9999999999999999,1000000.0,8.0,8e-06,0.0,0.0,0.1,100000.0,0.1,100000.0,1.0,1000000.0,1.0,1000000.0,0.06309573444801933,63095.73444801933,1.1316242707097798e-06,1.6635798029735724e-05,1.7767422300445502e-05,0.470484197981011,0.0035025268592530625,0.47398672484026405,0.5259955077374349,1.7767422300445502e-05,0.9999999999999993,6.661338147750939e-16,constant-generator matrix exponential Pade(13),2,dimensionless populations/per-encounter yields,dimensionless per encounter unless field name gives s^-1 or s,True,"Illustrative one-factor-at-a-time grid; bounds are not measured ranges or probability priors. Results are populations and per-encounter yields, not concentrations or biological fluxes. No encounter yield is converted to molarity, and no continuous biological ROS source is modeled.",4e863b04abf00d77462be6bdf33a6b2ad343ab81,485e6c100ae04a17802c8cfb09694c7b6fe9783be2b477e00a0a465bb075e0f8,configs/doxorubicin_parameters.json,0b7d200aedee3aed703b810ad54927a2126d9ee0952f6ef87cf5ebb57992d345,configs/parameter_provenance.csv,86c4261fcb9616a643db79340fe0b7398ba10a5c46464e67e8b697bcfc3a4ec9
selectivity_doublet-manifold_mixture,doublet,doublet-manifold mixture PD/2,,0.9999999999999999,1000000.0,8.0,8e-06,0.0,0.0,0.1,100000.0,0.1,100000.0,1.0,1000000.0,1.0,1000000.0,0.1,100000.0,9.153975144719466e-07,1.2871320398033448e-05,1.3786717912505395e-05,0.4704293308930936,0.00537523195417265,0.47580456284726624,0.5241816504348203,1.3786717912505395e-05,0.9999999999999991,8.881784197001252e-16,constant-generator matrix exponential Pade(13),2,dimensionless populations/per-encounter yields,dimensionless per encounter unless field name gives s^-1 or s,True,"Illustrative one-factor-at-a-time grid; bounds are not measured ranges or probability priors. Results are populations and per-encounter yields, not concentrations or biological fluxes. No encounter yield is converted to molarity, and no continuous biological ROS source is modeled.",4e863b04abf00d77462be6bdf33a6b2ad343ab81,485e6c100ae04a17802c8cfb09694c7b6fe9783be2b477e00a0a465bb075e0f8,configs/doxorubicin_parameters.json,0b7d200aedee3aed703b810ad54927a2126d9ee0952f6ef87cf5ebb57992d345,configs/parameter_provenance.csv,86c4261fcb9616a643db79340fe0b7398ba10a5c46464e67e8b697bcfc3a4ec9
selectivity_doublet-manifold_mixture,doublet,doublet-manifold mixture PD/2,,0.9999999999999999,1000000.0,8.0,8e-06,0.0,0.0,0.1,100000.0,0.1,100000.0,1.0,1000000.0,1.0,1000000.0,0.15848931924611143,158489.31924611144,6.602862287882813e-07,8.597299560254438e-06,9.25758578904272e-06,0.4703490943627433,0.008111629787493059,0.4784607241502364,0.5215300182639739,9.25758578904272e-06,0.9999999999999993,6.661338147750939e-16,constant-generator matrix exponential Pade(13),2,dimensionless populations/per-encounter yields,dimensionless per encounter unless field name gives s^-1 or s,True,"Illustrative one-factor-at-a-time grid; bounds are not measured ranges or probability priors. Results are populations and per-encounter yields, not concentrations or biological fluxes. No encounter yield is converted to molarity, and no continuous biological ROS source is modeled.",4e863b04abf00d77462be6bdf33a6b2ad343ab81,485e6c100ae04a17802c8cfb09694c7b6fe9783be2b477e00a0a465bb075e0f8,configs/doxorubicin_parameters.json,0b7d200aedee3aed703b810ad54927a2126d9ee0952f6ef87cf5ebb57992d345,configs/parameter_provenance.csv,86c4261fcb9616a643db79340fe0b7398ba10a5c46464e67e8b697bcfc3a4ec9
selectivity_doublet-manifold_mixture,doublet,doublet-manifold mixture PD/2,,0.9999999999999999,1000000.0,8.0,8e-06,0.0,0.0,0.1,100000.0,0.1,100000.0,1.0,1000000.0,1.0,1000000.0,0.25118864315095807,251188.64315095806,4.0465187020678416e-07,4.574659936263229e-06,4.979311806470013e-06,0.47023644968540934,0.01194966160620264,0.482186111291612,0.5178089093965805,4.979311806470013e-06,0.9999999999999989,1.1102230246251565e-15,constant-generator matrix exponential Pade(13),2,dimensionless populations/per-encounter yields,dimensionless per encounter unless field name gives s^-1 or s,True,"Illustrative one-factor-at-a-time grid; bounds are not measured ranges or probability priors. Results are populations and per-encounter yields, not concentrations or biological fluxes. No encounter yield is converted to molarity, and no continuous biological ROS source is modeled.",4e863b04abf00d77462be6bdf33a6b2ad343ab81,485e6c100ae04a17802c8cfb09694c7b6fe9783be2b477e00a0a465bb075e0f8,configs/doxorubicin_parameters.json,0b7d200aedee3aed703b810ad54927a2126d9ee0952f6ef87cf5ebb57992d345,configs/parameter_provenance.csv,86c4261fcb9616a643db79340fe0b7398ba10a5c46464e67e8b697bcfc3a4ec9
selectivity_doublet-manifold_mixture,doublet,doublet-manifold mixture PD/2,,0.9999999999999999,1000000.0,8.0,8e-06,0.0,0.0,0.1,100000.0,0.1,100000.0,1.0,1000000.0,1.0,1000000.0,0.3981071705534973,398107.17055349733,2.039525281936876e-07,1.7284723105496784e-06,1.932424838743366e-06,0.47008706789081156,0.017034699999630105,0.48712176789044165,0.5128762996847187,1.932424838743366e-06,0.999999999999999,9.992007221626409e-16,constant-generator matrix exponential Pade(13),2,dimensionless populations/per-encounter yields,dimensionless per encounter unless field name gives s^-1 or s,True,"Illustrative one-factor-at-a-time grid; bounds are not measured ranges or probability priors. Results are populations and per-encounter yields, not concentrations or biological fluxes. No encounter yield is converted to molarity, and no continuous biological ROS source is modeled.",4e863b04abf00d77462be6bdf33a6b2ad343ab81,485e6c100ae04a17802c8cfb09694c7b6fe9783be2b477e00a0a465bb075e0f8,configs/doxorubicin_parameters.json,0b7d200aedee3aed703b810ad54927a2126d9ee0952f6ef87cf5ebb57992d345,configs/parameter_provenance.csv,86c4261fcb9616a643db79340fe0b7398ba10a5c46464e67e8b697bcfc3a4ec9
selectivity_doublet-manifold_mixture,doublet,doublet-manifold mixture PD/2,,0.9999999999999999,1000000.0,8.0,8e-06,0.0,0.0,0.1,100000.0,0.1,100000.0,1.0,1000000.0,1.0,1000000.0,0.6309573444801934,630957.3444801933,9.255513501547913e-08,4.057969715346614e-07,4.983521065501406e-07,0.4699032848308341,0.02328642907249641,0.4931897139033305,0.5068097877445621,4.983521065501406e-07,0.9999999999999992,7.771561172376096e-16,constant-generator matrix exponential Pade(13),2,dimensionless populations/per-encounter yields,dimensionless per encounter unless field name gives s^-1 or s,True,"Illustrative one-factor-at-a-time grid; bounds are not measured ranges or probability priors. Results are populations and per-encounter yields, not concentrations or biological fluxes. No encounter yield is converted to molarity, and no continuous biological ROS source is modeled.",4e863b04abf00d77462be6bdf33a6b2ad343ab81,485e6c100ae04a17802c8cfb09694c7b6fe9783be2b477e00a0a465bb075e0f8,configs/doxorubicin_parameters.json,0b7d200aedee3aed703b810ad54927a2126d9ee0952f6ef87cf5ebb57992d345,configs/parameter_provenance.csv,86c4261fcb9616a643db79340fe0b7398ba10a5c46464e67e8b697bcfc3a4ec9
selectivity_doublet-manifold_mixture,doublet,doublet-manifold mixture PD/2,,0.9999999999999999,1000000.0,8.0,8e-06,0.0,0.0,0.1,100000.0,0.1,100000.0,1.0,1000000.0,1.0,1000000.0,1.0,1000000.0,5.265869819157888e-08,5.987647652768067e-08,1.1253517471925958e-07,0.46969694405611884,0.03030299967629326,0.4999999437324121,0.4999999437324123,1.1253517471925958e-07,0.9999999999999991,8.881784197001252e-16,constant-generator matrix exponential Pade(13),2,dimensionless populations/per-encounter yields,dimensionless per encounter unless field name gives s^-1 or s,True,"Illustrative one-factor-at-a-time grid; bounds are not measured ranges or probability priors. Results are populations and per-encounter yields, not concentrations or biological fluxes. No encounter yield is converted to molarity, and no continuous biological ROS source is modeled.",4e863b04abf00d77462be6bdf33a6b2ad343ab81,485e6c100ae04a17802c8cfb09694c7b6fe9783be2b477e00a0a465bb075e0f8,configs/doxorubicin_parameters.json,0b7d200aedee3aed703b810ad54927a2126d9ee0952f6ef87cf5ebb57992d345,configs/parameter_provenance.csv,86c4261fcb9616a643db79340fe0b7398ba10a5c46464e67e8b697bcfc3a4ec9
selectivity_doublet-manifold_mixture,doublet,doublet-manifold mixture PD/2,,0.9999999999999999,1000000.0,8.0,8e-06,0.0,0.0,0.1,100000.0,0.1,100000.0,1.0,1000000.0,1.0,1000000.0,1.584893192461114,1584893.1924611141,4.291974181910333e-08,1.0565772529125465e-08,5.3485514348228794e-08,0.4694877337562211,0.03741635500681405,0.5069040887630352,0.4930958577514487,5.3485514348228794e-08,0.9999999999999982,1.7763568394002505e-15,constant-generator matrix exponential Pade(13),2,dimensionless populations/per-encounter yields,dimensionless per encounter unless field name gives s^-1 or s,True,"Illustrative one-factor-at-a-time grid; bounds are not measured ranges or probability priors. Results are populations and per-encounter yields, not concentrations or biological fluxes. No encounter yield is converted to molarity, and no continuous biological ROS source is modeled.",4e863b04abf00d77462be6bdf33a6b2ad343ab81,485e6c100ae04a17802c8cfb09694c7b6fe9783be2b477e00a0a465bb075e0f8,configs/doxorubicin_parameters.json,0b7d200aedee3aed703b810ad54927a2126d9ee0952f6ef87cf5ebb57992d345,configs/parameter_provenance.csv,86c4261fcb9616a643db79340fe0b7398ba10a5c46464e67e8b697bcfc3a4ec9
selectivity_doublet-manifold_mixture,doublet,doublet-manifold mixture PD/2,,0.9999999999999999,1000000.0,8.0,8e-06,0.0,0.0,0.1,100000.0,0.1,100000.0,1.0,1000000.0,1.0,1000000.0,2.5118864315095824,2511886.4315095823,4.050335709223491e-08,3.7209644756271672e-09,4.422432156786209e-08,0.46929640341186246,0.043921632221971624,0.5132180356338341,0.48678192014184274,4.422432156786209e-08,0.9999999999999983,1.6653345369377348e-15,constant-generator matrix exponential Pade(13),2,dimensionless populations/per-encounter yields,dimensionless per encounter unless field name gives s^-1 or s,True,"Illustrative one-factor-at-a-time grid; bounds are not measured ranges or probability priors. Results are populations and per-encounter yields, not concentrations or biological fluxes. No encounter yield is converted to molarity, and no continuous biological ROS source is modeled.",4e863b04abf00d77462be6bdf33a6b2ad343ab81,485e6c100ae04a17802c8cfb09694c7b6fe9783be2b477e00a0a465bb075e0f8,configs/doxorubicin_parameters.json,0b7d200aedee3aed703b810ad54927a2126d9ee0952f6ef87cf5ebb57992d345,configs/parameter_provenance.csv,86c4261fcb9616a643db79340fe0b7398ba10a5c46464e67e8b697bcfc3a4ec9
selectivity_doublet-manifold_mixture,doublet,doublet-manifold mixture PD/2,,0.9999999999999999,1000000.0,8.0,8e-06,0.0,0.0,0.1,100000.0,0.1,100000.0,1.0,1000000.0,1.0,1000000.0,3.981071705534973,3981071.705534973,3.964360981864378e-08,1.8117915688547841e-09,4.145540138749856e-08,0.469137231758677,0.04933348409540789,0.5184707158540849,0.481529242690512,4.145540138749856e-08,0.9999999999999982,1.7763568394002505e-15,constant-generator matrix exponential Pade(13),2,dimensionless populations/per-encounter yields,dimensionless per encounter unless field name gives s^-1 or s,True,"Illustrative one-factor-at-a-time grid; bounds are not measured ranges or probability priors. Results are populations and per-encounter yields, not concentrations or biological fluxes. No encounter yield is converted to molarity, and no continuous biological ROS source is modeled.",4e863b04abf00d77462be6bdf33a6b2ad343ab81,485e6c100ae04a17802c8cfb09694c7b6fe9783be2b477e00a0a465bb075e0f8,configs/doxorubicin_parameters.json,0b7d200aedee3aed703b810ad54927a2126d9ee0952f6ef87cf5ebb57992d345,configs/parameter_provenance.csv,86c4261fcb9616a643db79340fe0b7398ba10a5c46464e67e8b697bcfc3a4ec9
selectivity_doublet-manifold_mixture,doublet,doublet-manifold mixture PD/2,,0.9999999999999999,1000000.0,8.0,8e-06,0.0,0.0,0.1,100000.0,0.1,100000.0,1.0,1000000.0,1.0,1000000.0,6.309573444801936,6309573.444801936,3.924542882865458e-08,9.977352333740277e-10,4.024316406202861e-08,0.46901491722958866,0.05349218526933193,0.5225071024989206,0.47749285725791213,4.024316406202861e-08,0.9999999999999968,3.219646771412954e-15,constant-generator matrix exponential Pade(13),2,dimensionless populations/per-encounter yields,dimensionless per encounter unless field name gives s^-1 or s,True,"Illustrative one-factor-at-a-time grid; bounds are not measured ranges or probability priors. Results are populations and per-encounter yields, not concentrations or biological fluxes. No encounter yield is converted to molarity, and no continuous biological ROS source is modeled.",4e863b04abf00d77462be6bdf33a6b2ad343ab81,485e6c100ae04a17802c8cfb09694c7b6fe9783be2b477e00a0a465bb075e0f8,configs/doxorubicin_parameters.json,0b7d200aedee3aed703b810ad54927a2126d9ee0952f6ef87cf5ebb57992d345,configs/parameter_provenance.csv,86c4261fcb9616a643db79340fe0b7398ba10a5c46464e67e8b697bcfc3a4ec9
selectivity_doublet-manifold_mixture,doublet,doublet-manifold mixture PD/2,,0.9999999999999999,1000000.0,8.0,8e-06,0.0,0.0,0.1,100000.0,0.1,100000.0,1.0,1000000.0,1.0,1000000.0,10.0,10000000.0,3.903454918348312e-08,5.825403336070342e-10,3.9617089517090164e-08,0.4689265353663311,0.05649717240930968,0.5254237077756407,0.4745762526072621,3.9617089517090164e-08,0.9999999999999923,7.66053886991358e-15,constant-generator matrix exponential Pade(13),2,dimensionless populations/per-encounter yields,dimensionless per encounter unless field name gives s^-1 or s,True,"Illustrative one-factor-at-a-time grid; bounds are not measured ranges or probability priors. Results are populations and per-encounter yields, not concentrations or biological fluxes. No encounter yield is converted to molarity, and no continuous biological ROS source is modeled.",4e863b04abf00d77462be6bdf33a6b2ad343ab81,485e6c100ae04a17802c8cfb09694c7b6fe9783be2b477e00a0a465bb075e0f8,configs/doxorubicin_parameters.json,0b7d200aedee3aed703b810ad54927a2126d9ee0952f6ef87cf5ebb57992d345,configs/parameter_provenance.csv,86c4261fcb9616a643db79340fe0b7398ba10a5c46464e67e8b697bcfc3a4ec9
selectivity_doublet-manifold_mixture,doublet,doublet-manifold mixture PD/2,,0.9999999999999999,1000000.0,8.0,8e-06,0.0,0.0,0.1,100000.0,0.1,100000.0,10.0,10000000.0,1.0,1000000.0,0.0,0.0,8.829335947351417e-38,1.3921983371891293e-36,1.4804916966626434e-36,0.08982748364068942,0.0,0.08982748364068942,0.9101725163593035,1.4804916966626434e-36,0.9999999999999929,7.105427357601002e-15,constant-generator matrix exponential Pade(13),2,dimensionless populations/per-encounter yields,dimensionless per encounter unless field name gives s^-1 or s,True,"Illustrative one-factor-at-a-time grid; bounds are not measured ranges or probability priors. Results are populations and per-encounter yields, not concentrations or biological fluxes. No encounter yield is converted to molarity, and no continuous biological ROS source is modeled.",4e863b04abf00d77462be6bdf33a6b2ad343ab81,485e6c100ae04a17802c8cfb09694c7b6fe9783be2b477e00a0a465bb075e0f8,configs/doxorubicin_parameters.json,0b7d200aedee3aed703b810ad54927a2126d9ee0952f6ef87cf5ebb57992d345,configs/parameter_provenance.csv,86c4261fcb9616a643db79340fe0b7398ba10a5c46464e67e8b697bcfc3a4ec9
selectivity_doublet-manifold_mixture,doublet,doublet-manifold mixture PD/2,,0.9999999999999999,1000000.0,8.0,8e-06,0.0,0.0,0.1,100000.0,0.1,100000.0,10.0,10000000.0,1.0,1000000.0,0.01,10000.0,8.318326476448247e-38,1.2977311120216818e-36,1.3809143767861644e-36,0.08982747656997445,1.1885871858415269e-05,0.08983936244183287,0.9101606375581599,1.3809143767861644e-36,0.9999999999999928,7.216449660063518e-15,constant-generator matrix exponential Pade(13),2,dimensionless populations/per-encounter yields,dimensionless per encounter unless field name gives s^-1 or s,True,"Illustrative one-factor-at-a-time grid; bounds are not measured ranges or probability priors. Results are populations and per-encounter yields, not concentrations or biological fluxes. No encounter yield is converted to molarity, and no continuous biological ROS source is modeled.",4e863b04abf00d77462be6bdf33a6b2ad343ab81,485e6c100ae04a17802c8cfb09694c7b6fe9783be2b477e00a0a465bb075e0f8,configs/doxorubicin_parameters.json,0b7d200aedee3aed703b810ad54927a2126d9ee0952f6ef87cf5ebb57992d345,configs/parameter_provenance.csv,86c4261fcb9616a643db79340fe0b7398ba10a5c46464e67e8b697bcfc3a4ec9
selectivity_doublet-manifold_mixture,doublet,doublet-manifold mixture PD/2,,0.9999999999999999,1000000.0,8.0,8e-06,0.0,0.0,0.1,100000.0,0.1,100000.0,10.0,10000000.0,1.0,1000000.0,0.015848931924611134,15848.931924611134,8.034210214851663e-38,1.24553035770391e-36,1.3258724598524267e-36,0.08982747244086278,1.8826908579230866e-05,0.08984629934944201,0.9101537006505511,1.3258724598524267e-36,0.9999999999999931,6.8833827526759706e-15,constant-generator matrix exponential Pade(13),2,dimensionless populations/per-encounter yields,dimensionless per encounter unless field name gives s^-1 or s,True,"Illustrative one-factor-at-a-time grid; bounds are not measured ranges or probability priors. Results are populations and per-encounter yields, not concentrations or biological fluxes. No encounter yield is converted to molarity, and no continuous biological ROS source is modeled.",4e863b04abf00d77462be6bdf33a6b2ad343ab81,485e6c100ae04a17802c8cfb09694c7b6fe9783be2b477e00a0a465bb075e0f8,configs/doxorubicin_parameters.json,0b7d200aedee3aed703b810ad54927a2126d9ee0952f6ef87cf5ebb57992d345,configs/parameter_provenance.csv,86c4261fcb9616a643db79340fe0b7398ba10a5c46464e67e8b697bcfc3a4ec9
selectivity_doublet-manifold_mixture,doublet,doublet-manifold mixture PD/2,,0.9999999999999999,1000000.0,8.0,8e-06,0.0,0.0,0.1,100000.0,0.1,100000.0,10.0,10000000.0,1.0,1000000.0,0.025118864315095794,25118.864315095794,7.605052002140747e-38,1.1671409889234065e-36,1.243191508944814e-36,0.08982746590646667,2.9811228428591177e-05,0.08985727713489526,0.9101427228650975,1.243191508944814e-36,0.9999999999999927,7.327471962526033e-15,constant-generator matrix exponential Pade(13),2,dimensionless populations/per-encounter yields,dimensionless per encounter unless field name gives s^-1 or s,True,"Illustrative one-factor-at-a-time grid; bounds are not measured ranges or probability priors. Results are populations and per-encounter yields, not concentrations or biological fluxes. No encounter yield is converted to molarity, and no continuous biological ROS source is modeled.",4e863b04abf00d77462be6bdf33a6b2ad343ab81,485e6c100ae04a17802c8cfb09694c7b6fe9783be2b477e00a0a465bb075e0f8,configs/doxorubicin_parameters.json,0b7d200aedee3aed703b810ad54927a2126d9ee0952f6ef87cf5ebb57992d345,configs/parameter_provenance.csv,86c4261fcb9616a643db79340fe0b7398ba10a5c46464e67e8b697bcfc3a4ec9
selectivity_doublet-manifold_mixture,doublet,doublet-manifold mixture PD/2,,0.9999999999999999,1000000.0,8.0,8e-06,0.0,0.0,0.1,100000.0,0.1,100000.0,10.0,10000000.0,1.0,1000000.0,0.039810717055349734,39810.717055349734,6.974641029360958e-38,1.0530585577506051e-36,1.1228049680442148e-36,0.0898274555747029,4.7178923402745206e-05,0.08987463449810565,0.9101253655018876,1.1228049680442148e-36,0.9999999999999932,6.772360450213455e-15,constant-generator matrix exponential Pade(13),2,dimensionless populations/per-encounter yields,dimensionless per encounter unless field name gives s^-1 or s,True,"Illustrative one-factor-at-a-time grid; bounds are not measured ranges or probability priors. Results are populations and per-encounter yields, not concentrations or biological fluxes. No encounter yield is converted to molarity, and no continuous biological ROS source is modeled.",4e863b04abf00d77462be6bdf33a6b2ad343ab81,485e6c100ae04a17802c8cfb09694c7b6fe9783be2b477e00a0a465bb075e0f8,configs/doxorubicin_parameters.json,0b7d200aedee3aed703b810ad54927a2126d9ee0952f6ef87cf5ebb57992d345,configs/parameter_provenance.csv,86c4261fcb9616a643db79340fe0b7398ba10a5c46464e67e8b697bcfc3a4ec9
selectivity_doublet-manifold_mixture,doublet,doublet-manifold mixture PD/2,,0.9999999999999999,1000000.0,8.0,8e-06,0.0,0.0,0.1,100000.0,0.1,100000.0,10.0,10000000.0,1.0,1000000.0,0.06309573444801933,63095.73444801933,6.088349239616624e-38,8.950369032048993e-37,9.559203956010657e-37,0.08982743926135511,7.460166098474826e-05,0.08990204092233986,0.910097959077653,9.559203956010657e-37,0.9999999999999929,7.105427357601002e-15,constant-generator matrix exponential Pade(13),2,dimensionless populations/per-encounter yields,dimensionless per encounter unless field name gives s^-1 or s,True,"Illustrative one-factor-at-a-time grid; bounds are not measured ranges or probability priors. Results are populations and per-encounter yields, not concentrations or biological fluxes. No encounter yield is converted to molarity, and no continuous biological ROS source is modeled.",4e863b04abf00d77462be6bdf33a6b2ad343ab81,485e6c100ae04a17802c8cfb09694c7b6fe9783be2b477e00a0a465bb075e0f8,configs/doxorubicin_parameters.json,0b7d200aedee3aed703b810ad54927a2126d9ee0952f6ef87cf5ebb57992d345,configs/parameter_provenance.csv,86c4261fcb9616a643db79340fe0b7398ba10a5c46464e67e8b697bcfc3a4ec9
selectivity_doublet-manifold_mixture,doublet,doublet-manifold mixture PD/2,,0.9999999999999999,1000000.0,8.0,8e-06,0.0,0.0,0.1,100000.0,0.1,100000.0,10.0,10000000.0,1.0,1000000.0,0.1,100000.0,4.925009038279656e-38,6.925009986669721e-37,7.417510890497688e-37,0.08982741355952108,0.00011780644401248588,0.08994522000353357,0.9100547799964593,7.417510890497688e-37,0.9999999999999929,7.105427357601002e-15,constant-generator matrix exponential Pade(13),2,dimensionless populations/per-encounter yields,dimensionless per encounter unless field name gives s^-1 or s,True,"Illustrative one-factor-at-a-time grid; bounds are not measured ranges or probability priors. Results are populations and per-encounter yields, not concentrations or biological fluxes. No encounter yield is converted to molarity, and no continuous biological ROS source is modeled.",4e863b04abf00d77462be6bdf33a6b2ad343ab81,485e6c100ae04a17802c8cfb09694c7b6fe9783be2b477e00a0a465bb075e0f8,configs/doxorubicin_parameters.json,0b7d200aedee3aed703b810ad54927a2126d9ee0952f6ef87cf5ebb57992d345,configs/parameter_provenance.csv,86c4261fcb9616a643db79340fe0b7398ba10a5c46464e67e8b697bcfc3a4ec9
selectivity_doublet-manifold_mixture,doublet,doublet-manifold mixture PD/2,,0.9999999999999999,1000000.0,8.0,8e-06,0.0,0.0,0.1,100000.0,0.1,100000.0,10.0,10000000.0,1.0,1000000.0,0.15848931924611143,158489.31924611144,3.5524628297793955e-38,4.625507210763789e-37,4.980753493741729e-37,0.08982737320491496,0.00018564253687705667,0.09001301574179202,0.9099869842582013,4.980753493741729e-37,0.9999999999999933,6.661338147750939e-15,constant-generator matrix exponential Pade(13),2,dimensionless populations/per-encounter yields,dimensionless per encounter unless field name gives s^-1 or s,True,"Illustrative one-factor-at-a-time grid; bounds are not measured ranges or probability priors. Results are populations and per-encounter yields, not concentrations or biological fluxes. No encounter yield is converted to molarity, and no continuous biological ROS source is modeled.",4e863b04abf00d77462be6bdf33a6b2ad343ab81,485e6c100ae04a17802c8cfb09694c7b6fe9783be2b477e00a0a465bb075e0f8,configs/doxorubicin_parameters.json,0b7d200aedee3aed703b810ad54927a2126d9ee0952f6ef87cf5ebb57992d345,configs/parameter_provenance.csv,86c4261fcb9616a643db79340fe0b7398ba10a5c46464e67e8b697bcfc3a4ec9
selectivity_doublet-manifold_mixture,doublet,doublet-manifold mixture PD/2,,0.9999999999999999,1000000.0,8.0,8e-06,0.0,0.0,0.1,100000.0,0.1,100000.0,10.0,10000000.0,1.0,1000000.0,0.25118864315095807,251188.64315095806,2.1771023917131667e-38,2.4612522075886356e-37,2.6789624467599523e-37,0.08982731018442663,0.0002915799777583102,0.09011889016218494,0.9098811098378076,2.6789624467599523e-37,0.9999999999999925,7.549516567451064e-15,constant-generator matrix exponential Pade(13),2,dimensionless populations/per-encounter yields,dimensionless per encounter unless field name gives s^-1 or s,True,"Illustrative one-factor-at-a-time grid; bounds are not measured ranges or probability priors. Results are populations and per-encounter yields, not concentrations or biological fluxes. No encounter yield is converted to molarity, and no continuous biological ROS source is modeled.",4e863b04abf00d77462be6bdf33a6b2ad343ab81,485e6c100ae04a17802c8cfb09694c7b6fe9783be2b477e00a0a465bb075e0f8,configs/doxorubicin_parameters.json,0b7d200aedee3aed703b810ad54927a2126d9ee0952f6ef87cf5ebb57992d345,configs/parameter_provenance.csv,86c4261fcb9616a643db79340fe0b7398ba10a5c46464e67e8b697bcfc3a4ec9
selectivity_doublet-manifold_mixture,doublet,doublet-manifold mixture PD/2,,0.9999999999999999,1000000.0,8.0,8e-06,0.0,0.0,0.1,100000.0,0.1,100000.0,10.0,10000000.0,1.0,1000000.0,0.3981071705534973,398107.17055349733,1.0973025694890176e-38,9.299502803199252e-38,1.039680537268827e-37,0.08982721259088414,0.00045563472273139893,0.09028284731361554,0.9097171526863775,1.039680537268827e-37,0.9999999999999931,6.8833827526759706e-15,constant-generator matrix exponential Pade(13),2,dimensionless populations/per-encounter yields,dimensionless per encounter unless field name gives s^-1 or s,True,"Illustrative one-factor-at-a-time grid; bounds are not measured ranges or probability priors. Results are populations and per-encounter yields, not concentrations or biological fluxes. No encounter yield is converted to molarity, and no continuous biological ROS source is modeled.",4e863b04abf00d77462be6bdf33a6b2ad343ab81,485e6c100ae04a17802c8cfb09694c7b6fe9783be2b477e00a0a465bb075e0f8,configs/doxorubicin_parameters.json,0b7d200aedee3aed703b810ad54927a2126d9ee0952f6ef87cf5ebb57992d345,configs/parameter_provenance.csv,86c4261fcb9616a643db79340fe0b7398ba10a5c46464e67e8b697bcfc3a4ec9
selectivity_doublet-manifold_mixture,doublet,doublet-manifold mixture PD/2,,0.9999999999999999,1000000.0,8.0,8e-06,0.0,0.0,0.1,100000.0,0.1,100000.0,10.0,10000000.0,1.0,1000000.0,0.6309573444801934,630957.3444801933,4.979638564491644e-39,2.1832632500292593e-38,2.6812271064784234e-38,0.08982706340697147,0.0007064128798526777,0.09053347628682415,0.9094665237131689,2.6812271064784234e-38,0.9999999999999931,6.8833827526759706e-15,constant-generator matrix exponential Pade(13),2,dimensionless populations/per-encounter yields,dimensionless per encounter unless field name gives s^-1 or s,True,"Illustrative one-factor-at-a-time grid; bounds are not measured ranges or probability priors. Results are populations and per-encounter yields, not concentrations or biological fluxes. No encounter yield is converted to molarity, and no continuous biological ROS source is modeled.",4e863b04abf00d77462be6bdf33a6b2ad343ab81,485e6c100ae04a17802c8cfb09694c7b6fe9783be2b477e00a0a465bb075e0f8,configs/doxorubicin_parameters.json,0b7d200aedee3aed703b810ad54927a2126d9ee0952f6ef87cf5ebb57992d345,configs/parameter_provenance.csv,86c4261fcb9616a643db79340fe0b7398ba10a5c46464e67e8b697bcfc3a4ec9
selectivity_doublet-manifold_mixture,doublet,doublet-manifold mixture PD/2,,0.9999999999999999,1000000.0,8.0,8e-06,0.0,0.0,0.1,100000.0,0.1,100000.0,10.0,10000000.0,1.0,1000000.0,1.0,1000000.0,2.833135992150618e-39,3.221465903250533e-39,6.054601895401152e-39,0.08982683982683917,0.0010822510822510768,0.09090909090909025,0.9090909090909027,6.054601895401152e-39,0.999999999999993,6.994405055138486e-15,constant-generator matrix exponential Pade(13),2,dimensionless populations/per-encounter yields,dimensionless per encounter unless field name gives s^-1 or s,True,"Illustrative one-factor-at-a-time grid; bounds are not measured ranges or probability priors. Results are populations and per-encounter yields, not concentrations or biological fluxes. No encounter yield is converted to molarity, and no continuous biological ROS source is modeled.",4e863b04abf00d77462be6bdf33a6b2ad343ab81,485e6c100ae04a17802c8cfb09694c7b6fe9783be2b477e00a0a465bb075e0f8,configs/doxorubicin_parameters.json,0b7d200aedee3aed703b810ad54927a2126d9ee0952f6ef87cf5ebb57992d345,configs/parameter_provenance.csv,86c4261fcb9616a643db79340fe0b7398ba10a5c46464e67e8b697bcfc3a4ec9
selectivity_doublet-manifold_mixture,doublet,doublet-manifold mixture PD/2,,0.9999999999999999,1000000.0,8.0,8e-06,0.0,0.0,0.1,100000.0,0.1,100000.0,10.0,10000000.0,1.0,1000000.0,1.584893192461114,1584893.1924611141,2.3091620092682112e-39,5.684582313113217e-40,2.8776202405795332e-39,0.08982651448957227,0.0016291430279239995,0.09145565751749626,0.9085443424824966,2.8776202405795332e-39,0.9999999999999929,7.105427357601002e-15,constant-generator matrix exponential Pade(13),2,dimensionless populations/per-encounter yields,dimensionless per encounter unless field name gives s^-1 or s,True,"Illustrative one-factor-at-a-time grid; bounds are not measured ranges or probability priors. Results are populations and per-encounter yields, not concentrations or biological fluxes. No encounter yield is converted to molarity, and no continuous biological ROS source is modeled.",4e863b04abf00d77462be6bdf33a6b2ad343ab81,485e6c100ae04a17802c8cfb09694c7b6fe9783be2b477e00a0a465bb075e0f8,configs/doxorubicin_parameters.json,0b7d200aedee3aed703b810ad54927a2126d9ee0952f6ef87cf5ebb57992d345,configs/parameter_provenance.csv,86c4261fcb9616a643db79340fe0b7398ba10a5c46464e67e8b697bcfc3a4ec9
selectivity_doublet-manifold_mixture,doublet,doublet-manifold mixture PD/2,,0.9999999999999999,1000000.0,8.0,8e-06,0.0,0.0,0.1,100000.0,0.1,100000.0,10.0,10000000.0,1.0,1000000.0,2.5118864315095824,2511886.4315095823,2.1791560126203167e-39,2.0019481573699183e-40,2.379350828357309e-39,0.08982606084450881,0.00239172037960381,0.09221778122411262,0.90778221877588,2.379350828357309e-39,0.9999999999999926,7.438494264988549e-15,constant-generator matrix exponential Pade(13),2,dimensionless populations/per-encounter yields,dimensionless per encounter unless field name gives s^-1 or s,True,"Illustrative one-factor-at-a-time grid; bounds are not measured ranges or probability priors. Results are populations and per-encounter yields, not concentrations or biological fluxes. No encounter yield is converted to molarity, and no continuous biological ROS source is modeled.",4e863b04abf00d77462be6bdf33a6b2ad343ab81,485e6c100ae04a17802c8cfb09694c7b6fe9783be2b477e00a0a465bb075e0f8,configs/doxorubicin_parameters.json,0b7d200aedee3aed703b810ad54927a2126d9ee0952f6ef87cf5ebb57992d345,configs/parameter_provenance.csv,86c4261fcb9616a643db79340fe0b7398ba10a5c46464e67e8b697bcfc3a4ec9
selectivity_doublet-manifold_mixture,doublet,doublet-manifold mixture PD/2,,0.9999999999999999,1000000.0,8.0,8e-06,0.0,0.0,0.1,100000.0,0.1,100000.0,10.0,10000000.0,1.0,1000000.0,3.981071705534973,3981071.705534973,2.1329000087954433e-39,9.747775923595488e-41,2.2303777680313978e-39,0.08982546451160477,0.0033941559913190852,0.09321962050292384,0.9067803794970691,2.2303777680313978e-39,0.999999999999993,6.994405055138486e-15,constant-generator matrix exponential Pade(13),2,dimensionless populations/per-encounter yields,dimensionless per encounter unless field name gives s^-1 or s,True,"Illustrative one-factor-at-a-time grid; bounds are not measured ranges or probability priors. Results are populations and per-encounter yields, not concentrations or biological fluxes. No encounter yield is converted to molarity, and no continuous biological ROS source is modeled.",4e863b04abf00d77462be6bdf33a6b2ad343ab81,485e6c100ae04a17802c8cfb09694c7b6fe9783be2b477e00a0a465bb075e0f8,configs/doxorubicin_parameters.json,0b7d200aedee3aed703b810ad54927a2126d9ee0952f6ef87cf5ebb57992d345,configs/parameter_provenance.csv,86c4261fcb9616a643db79340fe0b7398ba10a5c46464e67e8b697bcfc3a4ec9
selectivity_doublet-manifold_mixture,doublet,doublet-manifold mixture PD/2,,0.9999999999999999,1000000.0,8.0,8e-06,0.0,0.0,0.1,100000.0,0.1,100000.0,10.0,10000000.0,1.0,1000000.0,6.309573444801936,6309573.444801936,2.111477130280203e-39,5.368001293964351e-41,2.1651571432198465e-39,0.08982473857470863,0.004614455913685575,0.0944391944883942,0.9055608055115986,2.1651571432198465e-39,0.9999999999999928,7.216449660063518e-15,constant-generator matrix exponential Pade(13),2,dimensionless populations/per-encounter yields,dimensionless per encounter unless field name gives s^-1 or s,True,"Illustrative one-factor-at-a-time grid; bounds are not measured ranges or probability priors. Results are populations and per-encounter yields, not concentrations or biological fluxes. No encounter yield is converted to molarity, and no continuous biological ROS source is modeled.",4e863b04abf00d77462be6bdf33a6b2ad343ab81,485e6c100ae04a17802c8cfb09694c7b6fe9783be2b477e00a0a465bb075e0f8,configs/doxorubicin_parameters.json,0b7d200aedee3aed703b810ad54927a2126d9ee0952f6ef87cf5ebb57992d345,configs/parameter_provenance.csv,86c4261fcb9616a643db79340fe0b7398ba10a5c46464e67e8b697bcfc3a4ec9
selectivity_doublet-manifold_mixture,doublet,doublet-manifold mixture PD/2,,0.9999999999999999,1000000.0,8.0,8e-06,0.0,0.0,0.1,100000.0,0.1,100000.0,10.0,10000000.0,1.0,1000000.0,10.0,10000000.0,2.1001314127964027e-39,3.1341754405266813e-41,2.1314731672016697e-39,0.08982393315428164,0.005968367651447204,0.09579230080572884,0.904207699194264,2.1314731672016697e-39,0.9999999999999929,7.105427357601002e-15,constant-generator matrix exponential Pade(13),2,dimensionless populations/per-encounter yields,dimensionless per encounter unless field name gives s^-1 or s,True,"Illustrative one-factor-at-a-time grid; bounds are not measured ranges or probability priors. Results are populations and per-encounter yields, not concentrations or biological fluxes. No encounter yield is converted to molarity, and no continuous biological ROS source is modeled.",4e863b04abf00d77462be6bdf33a6b2ad343ab81,485e6c100ae04a17802c8cfb09694c7b6fe9783be2b477e00a0a465bb075e0f8,configs/doxorubicin_parameters.json,0b7d200aedee3aed703b810ad54927a2126d9ee0952f6ef87cf5ebb57992d345,configs/parameter_provenance.csv,86c4261fcb9616a643db79340fe0b7398ba10a5c46464e67e8b697bcfc3a4ec9
selectivity_doublet-manifold_mixture,doublet,doublet-manifold mixture PD/2,,0.9999999999999999,1000000.0,8.0,8e-06,1.0,1000000.0,0.1,100000.0,0.1,100000.0,0.1,100000.0,1.0,1000000.0,0.0,0.0,0.006403386274910365,0.036983423911621065,0.043386810186531434,0.7868795722269573,0.0,0.7868795722269573,0.1697336175865104,0.043386810186531434,0.9999999999999991,8.881784197001252e-16,constant-generator matrix exponential Pade(13),2,dimensionless populations/per-encounter yields,dimensionless per encounter unless field name gives s^-1 or s,True,"Illustrative one-factor-at-a-time grid; bounds are not measured ranges or probability priors. Results are populations and per-encounter yields, not concentrations or biological fluxes. No encounter yield is converted to molarity, and no continuous biological ROS source is modeled.",4e863b04abf00d77462be6bdf33a6b2ad343ab81,485e6c100ae04a17802c8cfb09694c7b6fe9783be2b477e00a0a465bb075e0f8,configs/doxorubicin_parameters.json,0b7d200aedee3aed703b810ad54927a2126d9ee0952f6ef87cf5ebb57992d345,configs/parameter_provenance.csv,86c4261fcb9616a643db79340fe0b7398ba10a5c46464e67e8b697bcfc3a4ec9
selectivity_doublet-manifold_mixture,doublet,doublet-manifold mixture PD/2,,0.9999999999999999,1000000.0,8.0,8e-06,1.0,1000000.0,0.1,100000.0,0.1,100000.0,0.1,100000.0,1.0,1000000.0,0.01,10000.0,0.006030412340114658,0.034523286079995226,0.04055369842010988,0.7833064800322307,0.008891743049494182,0.7921982230817248,0.16724807849816492,0.04055369842010988,0.9999999999999997,3.3306690738754696e-16,constant-generator matrix exponential Pade(13),2,dimensionless populations/per-encounter yields,dimensionless per encounter unless field name gives s^-1 or s,True,"Illustrative one-factor-at-a-time grid; bounds are not measured ranges or probability priors. Results are populations and per-encounter yields, not concentrations or biological fluxes. No encounter yield is converted to molarity, and no continuous biological ROS source is modeled.",4e863b04abf00d77462be6bdf33a6b2ad343ab81,485e6c100ae04a17802c8cfb09694c7b6fe9783be2b477e00a0a465bb075e0f8,configs/doxorubicin_parameters.json,0b7d200aedee3aed703b810ad54927a2126d9ee0952f6ef87cf5ebb57992d345,configs/parameter_provenance.csv,86c4261fcb9616a643db79340fe0b7398ba10a5c46464e67e8b697bcfc3a4ec9
selectivity_doublet-manifold_mixture,doublet,doublet-manifold mixture PD/2,,0.9999999999999999,1000000.0,8.0,8e-06,1.0,1000000.0,0.1,100000.0,0.1,100000.0,0.1,100000.0,1.0,1000000.0,0.015848931924611134,15848.931924611134,0.005822900137114798,0.03316288578034837,0.03898578591746317,0.7812766883341982,0.013900928375947313,0.7951776167101455,0.16583659737239062,0.03898578591746317,0.9999999999999993,6.661338147750939e-16,constant-generator matrix exponential Pade(13),2,dimensionless populations/per-encounter yields,dimensionless per encounter unless field name gives s^-1 or s,True,"Illustrative one-factor-at-a-time grid; bounds are not measured ranges or probability priors. Results are populations and per-encounter yields, not concentrations or biological fluxes. No encounter yield is converted to molarity, and no continuous biological ROS source is modeled.",4e863b04abf00d77462be6bdf33a6b2ad343ab81,485e6c100ae04a17802c8cfb09694c7b6fe9783be2b477e00a0a465bb075e0f8,configs/doxorubicin_parameters.json,0b7d200aedee3aed703b810ad54927a2126d9ee0952f6ef87cf5ebb57992d345,configs/parameter_provenance.csv,86c4261fcb9616a643db79340fe0b7398ba10a5c46464e67e8b697bcfc3a4ec9
selectivity_doublet-manifold_mixture,doublet,doublet-manifold mixture PD/2,,0.9999999999999999,1000000.0,8.0,8e-06,1.0,1000000.0,0.1,100000.0,0.1,100000.0,0.1,100000.0,1.0,1000000.0,0.025118864315095794,25118.864315095794,0.005509246779884842,0.031118560075440824,0.03662780685532566,0.778147494294165,0.021563622403134204,0.7997111166972992,0.16366107644737418,0.03662780685532566,0.999999999999999,9.992007221626409e-16,constant-generator matrix exponential Pade(13),2,dimensionless populations/per-encounter yields,dimensionless per encounter unless field name gives s^-1 or s,True,"Illustrative one-factor-at-a-time grid; bounds are not measured ranges or probability priors. Results are populations and per-encounter yields, not concentrations or biological fluxes. No encounter yield is converted to molarity, and no continuous biological ROS source is modeled.",4e863b04abf00d77462be6bdf33a6b2ad343ab81,485e6c100ae04a17802c8cfb09694c7b6fe9783be2b477e00a0a465bb075e0f8,configs/doxorubicin_parameters.json,0b7d200aedee3aed703b810ad54927a2126d9ee0952f6ef87cf5ebb57992d345,configs/parameter_provenance.csv,86c4261fcb9616a643db79340fe0b7398ba10a5c46464e67e8b697bcfc3a4ec9
selectivity_doublet-manifold_mixture,doublet,doublet-manifold mixture PD/2,,0.9999999999999999,1000000.0,8.0,8e-06,1.0,1000000.0,0.1,100000.0,0.1,100000.0,0.1,100000.0,1.0,1000000.0,0.039810717055349734,39810.717055349734,0.005048022071382917,0.02813999890700209,0.03318802097838501,0.7733999838787168,0.033051181756219884,0.8064511656349367,0.1603608133866773,0.03318802097838501,0.999999999999999,9.992007221626409e-16,constant-generator matrix exponential Pade(13),2,dimensionless populations/per-encounter yields,dimensionless per encounter unless field name gives s^-1 or s,True,"Illustrative one-factor-at-a-time grid; bounds are not measured ranges or probability priors. Results are populations and per-encounter yields, not concentrations or biological fluxes. No encounter yield is converted to molarity, and no continuous biological ROS source is modeled.",4e863b04abf00d77462be6bdf33a6b2ad343ab81,485e6c100ae04a17802c8cfb09694c7b6fe9783be2b477e00a0a465bb075e0f8,configs/doxorubicin_parameters.json,0b7d200aedee3aed703b810ad54927a2126d9ee0952f6ef87cf5ebb57992d345,configs/parameter_provenance.csv,86c4261fcb9616a643db79340fe0b7398ba10a5c46464e67e8b697bcfc3a4ec9
selectivity_doublet-manifold_mixture,doublet,doublet-manifold mixture PD/2,,0.9999999999999999,1000000.0,8.0,8e-06,1.0,1000000.0,0.1,100000.0,0.1,100000.0,0.1,100000.0,1.0,1000000.0,0.06309573444801933,63095.73444801933,0.004398489891437761,0.024006424143842194,0.02840491403527995,0.7663756538664128,0.04974358982671958,0.8161192436931324,0.15547584227158703,0.02840491403527995,0.9999999999999993,6.661338147750939e-16,constant-generator matrix exponential Pade(13),2,dimensionless populations/per-encounter yields,dimensionless per encounter unless field name gives s^-1 or s,True,"Illustrative one-factor-at-a-time grid; bounds are not measured ranges or probability priors. Results are populations and per-encounter yields, not concentrations or biological fluxes. No encounter yield is converted to molarity, and no continuous biological ROS source is modeled.",4e863b04abf00d77462be6bdf33a6b2ad343ab81,485e6c100ae04a17802c8cfb09694c7b6fe9783be2b477e00a0a465bb075e0f8,configs/doxorubicin_parameters.json,0b7d200aedee3aed703b810ad54927a2126d9ee0952f6ef87cf5ebb57992d345,configs/parameter_provenance.csv,86c4261fcb9616a643db79340fe0b7398ba10a5c46464e67e8b697bcfc3a4ec9
selectivity_doublet-manifold_mixture,doublet,doublet-manifold mixture PD/2,,0.9999999999999999,1000000.0,8.0,8e-06,1.0,1000000.0,0.1,100000.0,0.1,100000.0,0.1,100000.0,1.0,1000000.0,0.1,100000.0,0.0035435668521032054,0.018691365998289463,0.02223493285039267,0.756381465296543,0.07287272766170454,0.8292541929582475,0.14851087419135883,0.02223493285039267,0.999999999999999,9.992007221626409e-16,constant-generator matrix exponential Pade(13),2,dimensionless populations/per-encounter yields,dimensionless per encounter unless field name gives s^-1 or s,True,"Illustrative one-factor-at-a-time grid; bounds are not measured ranges or probability priors. Results are populations and per-encounter yields, not concentrations or biological fluxes. No encounter yield is converted to molarity, and no continuous biological ROS source is modeled.",4e863b04abf00d77462be6bdf33a6b2ad343ab81,485e6c100ae04a17802c8cfb09694c7b6fe9783be2b477e00a0a465bb075e0f8,configs/doxorubicin_parameters.json,0b7d200aedee3aed703b810ad54927a2126d9ee0952f6ef87cf5ebb57992d345,configs/parameter_provenance.csv,86c4261fcb9616a643db79340fe0b7398ba10a5c46464e67e8b697bcfc3a4ec9
selectivity_doublet-manifold_mixture,doublet,doublet-manifold mixture PD/2,,0.9999999999999999,1000000.0,8.0,8e-06,1.0,1000000.0,0.1,100000.0,0.1,100000.0,0.1,100000.0,1.0,1000000.0,0.15848931924611143,158489.31924611144,0.002530294754264325,0.01262263905685946,0.015152933811123787,0.7429989631902669,0.10272997466588038,0.8457289378561473,0.13911812833272805,0.015152933811123787,0.9999999999999992,7.771561172376096e-16,constant-generator matrix exponential Pade(13),2,dimensionless populations/per-encounter yields,dimensionless per encounter unless field name gives s^-1 or s,True,"Illustrative one-factor-at-a-time grid; bounds are not measured ranges or probability priors. Results are populations and per-encounter yields, not concentrations or biological fluxes. No encounter yield is converted to molarity, and no continuous biological ROS source is modeled.",4e863b04abf00d77462be6bdf33a6b2ad343ab81,485e6c100ae04a17802c8cfb09694c7b6fe9783be2b477e00a0a465bb075e0f8,configs/doxorubicin_parameters.json,0b7d200aedee3aed703b810ad54927a2126d9ee0952f6ef87cf5ebb57992d345,configs/parameter_provenance.csv,86c4261fcb9616a643db79340fe0b7398ba10a5c46464e67e8b697bcfc3a4ec9
selectivity_doublet-manifold_mixture,doublet,doublet-manifold mixture PD/2,,0.9999999999999999,1000000.0,8.0,8e-06,1.0,1000000.0,0.1,100000.0,0.1,100000.0,0.1,100000.0,1.0,1000000.0,0.25118864315095807,251188.64315095806,0.0015070589322968612,0.006851028628930406,0.008358087561227266,0.7266820723150103,0.1375371194299319,0.8642191917449422,0.12742272069382962,0.008358087561227266,0.9999999999999991,8.881784197001252e-16,constant-generator matrix exponential Pade(13),2,dimensionless populations/per-encounter yields,dimensionless per encounter unless field name gives s^-1 or s,True,"Illustrative one-factor-at-a-time grid; bounds are not measured ranges or probability priors. Results are populations and per-encounter yields, not concentrations or biological fluxes. No encounter yield is converted to molarity, and no continuous biological ROS source is modeled.",4e863b04abf00d77462be6bdf33a6b2ad343ab81,485e6c100ae04a17802c8cfb09694c7b6fe9783be2b477e00a0a465bb075e0f8,configs/doxorubicin_parameters.json,0b7d200aedee3aed703b810ad54927a2126d9ee0952f6ef87cf5ebb57992d345,configs/parameter_provenance.csv,86c4261fcb9616a643db79340fe0b7398ba10a5c46464e67e8b697bcfc3a4ec9
selectivity_doublet-manifold_mixture,doublet,doublet-manifold mixture PD/2,,0.9999999999999999,1000000.0,8.0,8e-06,1.0,1000000.0,0.1,100000.0,0.1,100000.0,0.1,100000.0,1.0,1000000.0,0.3981071705534973,398107.17055349733,0.0006926528136024975,0.002683920179702792,0.003376572993305289,0.70949279453932,0.17278078265561686,0.8822735771949368,0.11434984981175697,0.003376572993305289,0.9999999999999991,8.881784197001252e-16,constant-generator matrix exponential Pade(13),2,dimensionless populations/per-encounter yields,dimensionless per encounter unless field name gives s^-1 or s,True,"Illustrative one-factor-at-a-time grid; bounds are not measured ranges or probability priors. Results are populations and per-encounter yields, not concentrations or biological fluxes. No encounter yield is converted to molarity, and no continuous biological ROS source is modeled.",4e863b04abf00d77462be6bdf33a6b2ad343ab81,485e6c100ae04a17802c8cfb09694c7b6fe9783be2b477e00a0a465bb075e0f8,configs/doxorubicin_parameters.json,0b7d200aedee3aed703b810ad54927a2126d9ee0952f6ef87cf5ebb57992d345,configs/parameter_provenance.csv,86c4261fcb9616a643db79340fe0b7398ba10a5c46464e67e8b697bcfc3a4ec9
selectivity_doublet-manifold_mixture,doublet,doublet-manifold mixture PD/2,,0.9999999999999999,1000000.0,8.0,8e-06,1.0,1000000.0,0.1,100000.0,0.1,100000.0,0.1,100000.0,1.0,1000000.0,0.6309573444801934,630957.3444801933,0.000229005282964372,0.0006664366709394388,0.0008954419539038108,0.6953184537545836,0.2022066626116974,0.897525116366281,0.10157944167981439,0.0008954419539038108,0.9999999999999991,8.881784197001252e-16,constant-generator matrix exponential Pade(13),2,dimensionless populations/per-encounter yields,dimensionless per encounter unless field name gives s^-1 or s,True,"Illustrative one-factor-at-a-time grid; bounds are not measured ranges or probability priors. Results are populations and per-encounter yields, not concentrations or biological fluxes. No encounter yield is converted to molarity, and no continuous biological ROS source is modeled.",4e863b04abf00d77462be6bdf33a6b2ad343ab81,485e6c100ae04a17802c8cfb09694c7b6fe9783be2b477e00a0a465bb075e0f8,configs/doxorubicin_parameters.json,0b7d200aedee3aed703b810ad54927a2126d9ee0952f6ef87cf5ebb57992d345,configs/parameter_provenance.csv,86c4261fcb9616a643db79340fe0b7398ba10a5c46464e67e8b697bcfc3a4ec9
selectivity_doublet-manifold_mixture,doublet,doublet-manifold mixture PD/2,,0.9999999999999999,1000000.0,8.0,8e-06,1.0,1000000.0,0.1,100000.0,0.1,100000.0,0.1,100000.0,1.0,1000000.0,1.0,1000000.0,5.503916467520286e-05,9.569391042027364e-05,0.0001507330750954765,0.688712798771082,0.22024108025155767,0.9089538790226397,0.09089538790226395,0.0001507330750954765,0.9999999999999991,8.881784197001252e-16,constant-generator matrix exponential Pade(13),2,dimensionless populations/per-encounter yields,dimensionless per encounter unless field name gives s^-1 or s,True,"Illustrative one-factor-at-a-time grid; bounds are not measured ranges or probability priors. Results are populations and per-encounter yields, not concentrations or biological fluxes. No encounter yield is converted to molarity, and no continuous biological ROS source is modeled.",4e863b04abf00d77462be6bdf33a6b2ad343ab81,485e6c100ae04a17802c8cfb09694c7b6fe9783be2b477e00a0a465bb075e0f8,configs/doxorubicin_parameters.json,0b7d200aedee3aed703b810ad54927a2126d9ee0952f6ef87cf5ebb57992d345,configs/parameter_provenance.csv,86c4261fcb9616a643db79340fe0b7398ba10a5c46464e67e8b697bcfc3a4ec9
selectivity_doublet-manifold_mixture,doublet,doublet-manifold mixture PD/2,,0.9999999999999999,1000000.0,8.0,8e-06,1.0,1000000.0,0.1,100000.0,0.1,100000.0,0.1,100000.0,1.0,1000000.0,1.584893192461114,1584893.1924611141,1.0684239927596245e-05,8.839257395157817e-06,1.9523497322754067e-05,0.6925502616845505,0.22403926657963308,0.9165895282641836,0.08339094823849258,1.9523497322754067e-05,0.9999999999999989,1.1102230246251565e-15,constant-generator matrix exponential Pade(13),2,dimensionless populations/per-encounter yields,dimensionless per encounter unless field name gives s^-1 or s,True,"Illustrative one-factor-at-a-time grid; bounds are not measured ranges or probability priors. Results are populations and per-encounter yields, not concentrations or biological fluxes. No encounter yield is converted to molarity, and no continuous biological ROS source is modeled.",4e863b04abf00d77462be6bdf33a6b2ad343ab81,485e6c100ae04a17802c8cfb09694c7b6fe9783be2b477e00a0a465bb075e0f8,configs/doxorubicin_parameters.json,0b7d200aedee3aed703b810ad54927a2126d9ee0952f6ef87cf5ebb57992d345,configs/parameter_provenance.csv,86c4261fcb9616a643db79340fe0b7398ba10a5c46464e67e8b697bcfc3a4ec9
selectivity_doublet-manifold_mixture,doublet,doublet-manifold mixture PD/2,,0.9999999999999999,1000000.0,8.0,8e-06,1.0,1000000.0,0.1,100000.0,0.1,100000.0,0.1,100000.0,1.0,1000000.0,2.5118864315095824,2511886.4315095823,3.1005028169316327e-06,1.4532514839699425e-06,4.553754300901575e-06,0.706198681399427,0.21463223358415134,0.9208309149835783,0.07916453126211906,4.553754300901575e-06,0.9999999999999982,1.7763568394002505e-15,constant-generator matrix exponential Pade(13),2,dimensionless populations/per-encounter yields,dimensionless per encounter unless field name gives s^-1 or s,True,"Illustrative one-factor-at-a-time grid; bounds are not measured ranges or probability priors. Results are populations and per-encounter yields, not concentrations or biological fluxes. No encounter yield is converted to molarity, and no continuous biological ROS source is modeled.",4e863b04abf00d77462be6bdf33a6b2ad343ab81,485e6c100ae04a17802c8cfb09694c7b6fe9783be2b477e00a0a465bb075e0f8,configs/doxorubicin_parameters.json,0b7d200aedee3aed703b810ad54927a2126d9ee0952f6ef87cf5ebb57992d345,configs/parameter_provenance.csv,86c4261fcb9616a643db79340fe0b7398ba10a5c46464e67e8b697bcfc3a4ec9
selectivity_doublet-manifold_mixture,doublet,doublet-manifold mixture PD/2,,0.9999999999999999,1000000.0,8.0,8e-06,1.0,1000000.0,0.1,100000.0,0.1,100000.0,0.1,100000.0,1.0,1000000.0,3.981071705534973,3981071.705534973,6.939552803472505e-06,1.0914315644488658e-06,8.030984367921372e-06,0.7258141578104198,0.19665660485026776,0.9224707626606876,0.07752120635494325,8.030984367921372e-06,0.9999999999999989,1.1102230246251565e-15,constant-generator matrix exponential Pade(13),2,dimensionless populations/per-encounter yields,dimensionless per encounter unless field name gives s^-1 or s,True,"Illustrative one-factor-at-a-time grid; bounds are not measured ranges or probability priors. Results are populations and per-encounter yields, not concentrations or biological fluxes. No encounter yield is converted to molarity, and no continuous biological ROS source is modeled.",4e863b04abf00d77462be6bdf33a6b2ad343ab81,485e6c100ae04a17802c8cfb09694c7b6fe9783be2b477e00a0a465bb075e0f8,configs/doxorubicin_parameters.json,0b7d200aedee3aed703b810ad54927a2126d9ee0952f6ef87cf5ebb57992d345,configs/parameter_provenance.csv,86c4261fcb9616a643db79340fe0b7398ba10a5c46464e67e8b697bcfc3a4ec9
selectivity_doublet-manifold_mixture,doublet,doublet-manifold mixture PD/2,,0.9999999999999999,1000000.0,8.0,8e-06,1.0,1000000.0,0.1,100000.0,0.1,100000.0,0.1,100000.0,1.0,1000000.0,6.309573444801936,6309573.444801936,1.5403250288691734e-05,8.97681904949063e-07,1.6300932193640798e-05,0.7465736228904328,0.17596387442143113,0.922537497311864,0.07744620175593939,1.6300932193640798e-05,0.999999999999997,2.9976021664879227e-15,constant-generator matrix exponential Pade(13),2,dimensionless populations/per-encounter yields,dimensionless per encounter unless field name gives s^-1 or s,True,"Illustrative one-factor-at-a-time grid; bounds are not measured ranges or probability priors. Results are populations and per-encounter yields, not concentrations or biological fluxes. No encounter yield is converted to molarity, and no continuous biological ROS source is modeled.",4e863b04abf00d77462be6bdf33a6b2ad343ab81,485e6c100ae04a17802c8cfb09694c7b6fe9783be2b477e00a0a465bb075e0f8,configs/doxorubicin_parameters.json,0b7d200aedee3aed703b810ad54927a2126d9ee0952f6ef87cf5ebb57992d345,configs/parameter_provenance.csv,86c4261fcb9616a643db79340fe0b7398ba10a5c46464e67e8b697bcfc3a4ec9
selectivity_doublet-manifold_mixture,doublet,doublet-manifold mixture PD/2,,0.9999999999999999,1000000.0,8.0,8e-06,1.0,1000000.0,0.1,100000.0,0.1,100000.0,0.1,100000.0,1.0,1000000.0,10.0,10000000.0,2.4714965531485555e-05,6.441879569868195e-07,2.535915348847238e-05,0.7649291498692089,0.1569827485053229,0.9219118983745318,0.07806274247197412,2.535915348847238e-05,0.9999999999999943,5.662137425588298e-15,constant-generator matrix exponential Pade(13),2,dimensionless populations/per-encounter yields,dimensionless per encounter unless field name gives s^-1 or s,True,"Illustrative one-factor-at-a-time grid; bounds are not measured ranges or probability priors. Results are populations and per-encounter yields, not concentrations or biological fluxes. No encounter yield is converted to molarity, and no continuous biological ROS source is modeled.",4e863b04abf00d77462be6bdf33a6b2ad343ab81,485e6c100ae04a17802c8cfb09694c7b6fe9783be2b477e00a0a465bb075e0f8,configs/doxorubicin_parameters.json,0b7d200aedee3aed703b810ad54927a2126d9ee0952f6ef87cf5ebb57992d345,configs/parameter_provenance.csv,86c4261fcb9616a643db79340fe0b7398ba10a5c46464e67e8b697bcfc3a4ec9
selectivity_doublet-manifold_mixture,doublet,doublet-manifold mixture PD/2,,0.9999999999999999,1000000.0,8.0,8e-06,1.0,1000000.0,0.1,100000.0,0.1,100000.0,1.0,1000000.0,1.0,1000000.0,0.0,0.0,4.7806773184021e-06,2.7611299437595074e-05,3.239197675599718e-05,0.43365245662546803,0.0,0.43365245662546803,0.5663151513977751,3.239197675599718e-05,0.9999999999999991,8.881784197001252e-16,constant-generator matrix exponential Pade(13),2,dimensionless populations/per-encounter yields,dimensionless per encounter unless field name gives s^-1 or s,True,"Illustrative one-factor-at-a-time grid; bounds are not measured ranges or probability priors. Results are populations and per-encounter yields, not concentrations or biological fluxes. No encounter yield is converted to molarity, and no continuous biological ROS source is modeled.",4e863b04abf00d77462be6bdf33a6b2ad343ab81,485e6c100ae04a17802c8cfb09694c7b6fe9783be2b477e00a0a465bb075e0f8,configs/doxorubicin_parameters.json,0b7d200aedee3aed703b810ad54927a2126d9ee0952f6ef87cf5ebb57992d345,configs/parameter_provenance.csv,86c4261fcb9616a643db79340fe0b7398ba10a5c46464e67e8b697bcfc3a4ec9
selectivity_doublet-manifold_mixture,doublet,doublet-manifold mixture PD/2,,0.9999999999999999,1000000.0,8.0,8e-06,1.0,1000000.0,0.1,100000.0,0.1,100000.0,1.0,1000000.0,1.0,1000000.0,0.01,10000.0,4.502220271789199e-06,2.577459544585257e-05,3.027681571764177e-05,0.43361745421811493,0.0013142060866143722,0.4349316603047293,0.5650380628795523,3.027681571764177e-05,0.9999999999999992,7.771561172376096e-16,constant-generator matrix exponential Pade(13),2,dimensionless populations/per-encounter yields,dimensionless per encounter unless field name gives s^-1 or s,True,"Illustrative one-factor-at-a-time grid; bounds are not measured ranges or probability priors. Results are populations and per-encounter yields, not concentrations or biological fluxes. No encounter yield is converted to molarity, and no continuous biological ROS source is modeled.",4e863b04abf00d77462be6bdf33a6b2ad343ab81,485e6c100ae04a17802c8cfb09694c7b6fe9783be2b477e00a0a465bb075e0f8,configs/doxorubicin_parameters.json,0b7d200aedee3aed703b810ad54927a2126d9ee0952f6ef87cf5ebb57992d345,configs/parameter_provenance.csv,86c4261fcb9616a643db79340fe0b7398ba10a5c46464e67e8b697bcfc3a4ec9
selectivity_doublet-manifold_mixture,doublet,doublet-manifold mixture PD/2,,0.9999999999999999,1000000.0,8.0,8e-06,1.0,1000000.0,0.1,100000.0,0.1,100000.0,1.0,1000000.0,1.0,1000000.0,0.015848931924611134,15848.931924611134,4.347294605964521e-06,2.4758939888424857e-05,2.9106234494389376e-05,0.4335979096990055,0.0020715118644154366,0.435669421563421,0.5643014722020836,2.9106234494389376e-05,0.9999999999999989,1.1102230246251565e-15,constant-generator matrix exponential Pade(13),2,dimensionless populations/per-encounter yields,dimensionless per encounter unless field name gives s^-1 or s,True,"Illustrative one-factor-at-a-time grid; bounds are not measured ranges or probability priors. Results are populations and per-encounter yields, not concentrations or biological fluxes. No encounter yield is converted to molarity, and no continuous biological ROS source is modeled.",4e863b04abf00d77462be6bdf33a6b2ad343ab81,485e6c100ae04a17802c8cfb09694c7b6fe9783be2b477e00a0a465bb075e0f8,configs/doxorubicin_parameters.json,0b7d200aedee3aed703b810ad54927a2126d9ee0952f6ef87cf5ebb57992d345,configs/parameter_provenance.csv,86c4261fcb9616a643db79340fe0b7398ba10a5c46464e67e8b697bcfc3a4ec9
selectivity_doublet-manifold_mixture,doublet,doublet-manifold mixture PD/2,,0.9999999999999999,1000000.0,8.0,8e-06,1.0,1000000.0,0.1,100000.0,0.1,100000.0,1.0,1000000.0,1.0,1000000.0,0.025118864315095794,25118.864315095794,4.113125460706949e-06,2.3232675329441305e-05,2.7345800790148256e-05,0.43356830549857805,0.003254930390512211,0.4368232358890903,0.5631494183101189,2.7345800790148256e-05,0.9999999999999992,7.771561172376096e-16,constant-generator matrix exponential Pade(13),2,dimensionless populations/per-encounter yields,dimensionless per encounter unless field name gives s^-1 or s,True,"Illustrative one-factor-at-a-time grid; bounds are not measured ranges or probability priors. Results are populations and per-encounter yields, not concentrations or biological fluxes. No encounter yield is converted to molarity, and no continuous biological ROS source is modeled.",4e863b04abf00d77462be6bdf33a6b2ad343ab81,485e6c100ae04a17802c8cfb09694c7b6fe9783be2b477e00a0a465bb075e0f8,configs/doxorubicin_parameters.json,0b7d200aedee3aed703b810ad54927a2126d9ee0952f6ef87cf5ebb57992d345,configs/parameter_provenance.csv,86c4261fcb9616a643db79340fe0b7398ba10a5c46464e67e8b697bcfc3a4ec9
selectivity_doublet-manifold_mixture,doublet,doublet-manifold mixture PD/2,,0.9999999999999999,1000000.0,8.0,8e-06,1.0,1000000.0,0.1,100000.0,0.1,100000.0,1.0,1000000.0,1.0,1000000.0,0.039810717055349734,39810.717055349734,3.768781638866745e-06,2.1008923831703065e-05,2.4777705470569813e-05,0.43352474066721064,0.0050892618973207415,0.43861400256453137,0.5613612197299971,2.4777705470569813e-05,0.999999999999999,9.992007221626409e-16,constant-generator matrix exponential Pade(13),2,dimensionless populations/per-encounter yields,dimensionless per encounter unless field name gives s^-1 or s,True,"Illustrative one-factor-at-a-time grid; bounds are not measured ranges or probability priors. Results are populations and per-encounter yields, not concentrations or biological fluxes. No encounter yield is converted to molarity, and no continuous biological ROS source is modeled.",4e863b04abf00d77462be6bdf33a6b2ad343ab81,485e6c100ae04a17802c8cfb09694c7b6fe9783be2b477e00a0a465bb075e0f8,configs/doxorubicin_parameters.json,0b7d200aedee3aed703b810ad54927a2126d9ee0952f6ef87cf5ebb57992d345,configs/parameter_provenance.csv,86c4261fcb9616a643db79340fe0b7398ba10a5c46464e67e8b697bcfc3a4ec9
selectivity_doublet-manifold_mixture,doublet,doublet-manifold mixture PD/2,,0.9999999999999999,1000000.0,8.0,8e-06,1.0,1000000.0,0.1,100000.0,0.1,100000.0,1.0,1000000.0,1.0,1000000.0,0.06309573444801933,63095.73444801933,3.28385013123571e-06,1.7922855575663826e-05,2.1206705706899537e-05,0.4334637731113764,0.007896716994695196,0.4413604901060716,0.5586183031882205,2.1206705706899537e-05,0.999999999999999,9.992007221626409e-16,constant-generator matrix exponential Pade(13),2,dimensionless populations/per-encounter yields,dimensionless per encounter unless field name gives s^-1 or s,True,"Illustrative one-factor-at-a-time grid; bounds are not measured ranges or probability priors. Results are populations and per-encounter yields, not concentrations or biological fluxes. No encounter yield is converted to molarity, and no continuous biological ROS source is modeled.",4e863b04abf00d77462be6bdf33a6b2ad343ab81,485e6c100ae04a17802c8cfb09694c7b6fe9783be2b477e00a0a465bb075e0f8,configs/doxorubicin_parameters.json,0b7d200aedee3aed703b810ad54927a2126d9ee0952f6ef87cf5ebb57992d345,configs/parameter_provenance.csv,86c4261fcb9616a643db79340fe0b7398ba10a5c46464e67e8b697bcfc3a4ec9
selectivity_doublet-manifold_mixture,doublet,doublet-manifold mixture PD/2,,0.9999999999999999,1000000.0,8.0,8e-06,1.0,1000000.0,0.1,100000.0,0.1,100000.0,1.0,1000000.0,1.0,1000000.0,0.1,100000.0,2.6455767228142796e-06,1.3954708593497345e-05,1.6600285316311623e-05,0.4333861334320349,0.012110102986419376,0.4454962364184543,0.5544871632962286,1.6600285316311623e-05,0.9999999999999993,6.661338147750939e-16,constant-generator matrix exponential Pade(13),2,dimensionless populations/per-encounter yields,dimensionless per encounter unless field name gives s^-1 or s,True,"Illustrative one-factor-at-a-time grid; bounds are not measured ranges or probability priors. Results are populations and per-encounter yields, not concentrations or biological fluxes. No encounter yield is converted to molarity, and no continuous biological ROS source is modeled.",4e863b04abf00d77462be6bdf33a6b2ad343ab81,485e6c100ae04a17802c8cfb09694c7b6fe9783be2b477e00a0a465bb075e0f8,configs/doxorubicin_parameters.json,0b7d200aedee3aed703b810ad54927a2126d9ee0952f6ef87cf5ebb57992d345,configs/parameter_provenance.csv,86c4261fcb9616a643db79340fe0b7398ba10a5c46464e67e8b697bcfc3a4ec9
selectivity_doublet-manifold_mixture,doublet,doublet-manifold mixture PD/2,,0.9999999999999999,1000000.0,8.0,8e-06,1.0,1000000.0,0.1,100000.0,0.1,100000.0,1.0,1000000.0,1.0,1000000.0,0.15848931924611143,158489.31924611144,1.889082154543704e-06,9.42388318411248e-06,1.1312965338656186e-05,0.4333060652546462,0.018246831710845783,0.451552896965492,0.5484357900691686,1.1312965338656186e-05,0.9999999999999992,7.771561172376096e-16,constant-generator matrix exponential Pade(13),2,dimensionless populations/per-encounter yields,dimensionless per encounter unless field name gives s^-1 or s,True,"Illustrative one-factor-at-a-time grid; bounds are not measured ranges or probability priors. Results are populations and per-encounter yields, not concentrations or biological fluxes. No encounter yield is converted to molarity, and no continuous biological ROS source is modeled.",4e863b04abf00d77462be6bdf33a6b2ad343ab81,485e6c100ae04a17802c8cfb09694c7b6fe9783be2b477e00a0a465bb075e0f8,configs/doxorubicin_parameters.json,0b7d200aedee3aed703b810ad54927a2126d9ee0952f6ef87cf5ebb57992d345,configs/parameter_provenance.csv,86c4261fcb9616a643db79340fe0b7398ba10a5c46464e67e8b697bcfc3a4ec9
selectivity_doublet-manifold_mixture,doublet,doublet-manifold mixture PD/2,,0.9999999999999999,1000000.0,8.0,8e-06,1.0,1000000.0,0.1,100000.0,0.1,100000.0,1.0,1000000.0,1.0,1000000.0,0.25118864315095807,251188.64315095806,1.1251488112401497e-06,5.114880747141785e-06,6.240029558381936e-06,0.43327097465655884,0.026791786697033682,0.46006276135359253,0.5399309986168481,6.240029558381936e-06,0.9999999999999991,8.881784197001252e-16,constant-generator matrix exponential Pade(13),2,dimensionless populations/per-encounter yields,dimensionless per encounter unless field name gives s^-1 or s,True,"Illustrative one-factor-at-a-time grid; bounds are not measured ranges or probability priors. Results are populations and per-encounter yields, not concentrations or biological fluxes. No encounter yield is converted to molarity, and no continuous biological ROS source is modeled.",4e863b04abf00d77462be6bdf33a6b2ad343ab81,485e6c100ae04a17802c8cfb09694c7b6fe9783be2b477e00a0a465bb075e0f8,configs/doxorubicin_parameters.json,0b7d200aedee3aed703b810ad54927a2126d9ee0952f6ef87cf5ebb57992d345,configs/parameter_provenance.csv,86c4261fcb9616a643db79340fe0b7398ba10a5c46464e67e8b697bcfc3a4ec9
selectivity_doublet-manifold_mixture,doublet,doublet-manifold mixture PD/2,,0.9999999999999999,1000000.0,8.0,8e-06,1.0,1000000.0,0.1,100000.0,0.1,100000.0,1.0,1000000.0,1.0,1000000.0,0.3981071705534973,398107.17055349733,5.171247607678045e-07,2.0037767169819005e-06,2.520901477749705e-06,0.43339470933838775,0.03793062874316426,0.471325338081552,0.5286721410169695,2.520901477749705e-06,0.9999999999999993,6.661338147750939e-16,constant-generator matrix exponential Pade(13),2,dimensionless populations/per-encounter yields,dimensionless per encounter unless field name gives s^-1 or s,True,"Illustrative one-factor-at-a-time grid; bounds are not measured ranges or probability priors. Results are populations and per-encounter yields, not concentrations or biological fluxes. No encounter yield is converted to molarity, and no continuous biological ROS source is modeled.",4e863b04abf00d77462be6bdf33a6b2ad343ab81,485e6c100ae04a17802c8cfb09694c7b6fe9783be2b477e00a0a465bb075e0f8,configs/doxorubicin_parameters.json,0b7d200aedee3aed703b810ad54927a2126d9ee0952f6ef87cf5ebb57992d345,configs/parameter_provenance.csv,86c4261fcb9616a643db79340fe0b7398ba10a5c46464e67e8b697bcfc3a4ec9
selectivity_doublet-manifold_mixture,doublet,doublet-manifold mixture PD/2,,0.9999999999999999,1000000.0,8.0,8e-06,1.0,1000000.0,0.1,100000.0,0.1,100000.0,1.0,1000000.0,1.0,1000000.0,0.6309573444801934,630957.3444801933,1.7097209430448667e-07,4.97552160705186e-07,6.685242550096727e-07,0.43389594183949953,0.05114619365408628,0.4850421354935858,0.5149571959821588,6.685242550096727e-07,0.9999999999999997,3.3306690738754696e-16,constant-generator matrix exponential Pade(13),2,dimensionless populations/per-encounter yields,dimensionless per encounter unless field name gives s^-1 or s,True,"Illustrative one-factor-at-a-time grid; bounds are not measured ranges or probability priors. Results are populations and per-encounter yields, not concentrations or biological fluxes. No encounter yield is converted to molarity, and no continuous biological ROS source is modeled.",4e863b04abf00d77462be6bdf33a6b2ad343ab81,485e6c100ae04a17802c8cfb09694c7b6fe9783be2b477e00a0a465bb075e0f8,configs/doxorubicin_parameters.json,0b7d200aedee3aed703b810ad54927a2126d9ee0952f6ef87cf5ebb57992d345,configs/parameter_provenance.csv,86c4261fcb9616a643db79340fe0b7398ba10a5c46464e67e8b697bcfc3a4ec9
selectivity_doublet-manifold_mixture,doublet,doublet-manifold mixture PD/2,,0.9999999999999999,1000000.0,8.0,8e-06,1.0,1000000.0,0.1,100000.0,0.1,100000.0,1.0,1000000.0,1.0,1000000.0,1.0,1000000.0,4.1091459251413584e-08,7.144371546784569e-08,1.1253517471925926e-07,0.43510445056437846,0.06489549316803334,0.4999999437324118,0.49999994373241186,1.1253517471925926e-07,0.9999999999999984,1.5543122344752192e-15,constant-generator matrix exponential Pade(13),2,dimensionless populations/per-encounter yields,dimensionless per encounter unless field name gives s^-1 or s,True,"Illustrative one-factor-at-a-time grid; bounds are not measured ranges or probability priors. Results are populations and per-encounter yields, not concentrations or biological fluxes. No encounter yield is converted to molarity, and no continuous biological ROS source is modeled.",4e863b04abf00d77462be6bdf33a6b2ad343ab81,485e6c100ae04a17802c8cfb09694c7b6fe9783be2b477e00a0a465bb075e0f8,configs/doxorubicin_parameters.json,0b7d200aedee3aed703b810ad54927a2126d9ee0952f6ef87cf5ebb57992d345,configs/parameter_provenance.csv,86c4261fcb9616a643db79340fe0b7398ba10a5c46464e67e8b697bcfc3a4ec9
selectivity_doublet-manifold_mixture,doublet,doublet-manifold mixture PD/2,,0.9999999999999999,1000000.0,8.0,8e-06,1.0,1000000.0,0.1,100000.0,0.1,100000.0,1.0,1000000.0,1.0,1000000.0,1.584893192461114,1584893.1924611141,7.976701903234859e-09,6.599264127813465e-09,1.4575966031048324e-08,0.43737241163739116,0.07679855182795747,0.5141709634653486,0.4858290219586838,1.4575966031048324e-08,0.9999999999999984,1.5543122344752192e-15,constant-generator matrix exponential Pade(13),2,dimensionless populations/per-encounter yields,dimensionless per encounter unless field name gives s^-1 or s,True,"Illustrative one-factor-at-a-time grid; bounds are not measured ranges or probability priors. Results are populations and per-encounter yields, not concentrations or biological fluxes. No encounter yield is converted to molarity, and no continuous biological ROS source is modeled.",4e863b04abf00d77462be6bdf33a6b2ad343ab81,485e6c100ae04a17802c8cfb09694c7b6fe9783be2b477e00a0a465bb075e0f8,configs/doxorubicin_parameters.json,0b7d200aedee3aed703b810ad54927a2126d9ee0952f6ef87cf5ebb57992d345,configs/parameter_provenance.csv,86c4261fcb9616a643db79340fe0b7398ba10a5c46464e67e8b697bcfc3a4ec9
selectivity_doublet-manifold_mixture,doublet,doublet-manifold mixture PD/2,,0.9999999999999999,1000000.0,8.0,8e-06,1.0,1000000.0,0.1,100000.0,0.1,100000.0,1.0,1000000.0,1.0,1000000.0,2.5118864315095824,2511886.4315095823,2.31479140195308e-09,1.08497693393431e-09,3.3997683358873897e-09,0.4408702273025338,0.08458546274985791,0.5254556900523917,0.4745443065478381,3.3997683358873897e-09,0.9999999999999981,1.887379141862766e-15,constant-generator matrix exponential Pade(13),2,dimensionless populations/per-encounter yields,dimensionless per encounter unless field name gives s^-1 or s,True,"Illustrative one-factor-at-a-time grid; bounds are not measured ranges or probability priors. Results are populations and per-encounter yields, not concentrations or biological fluxes. No encounter yield is converted to molarity, and no continuous biological ROS source is modeled.",4e863b04abf00d77462be6bdf33a6b2ad343ab81,485e6c100ae04a17802c8cfb09694c7b6fe9783be2b477e00a0a465bb075e0f8,configs/doxorubicin_parameters.json,0b7d200aedee3aed703b810ad54927a2126d9ee0952f6ef87cf5ebb57992d345,configs/parameter_provenance.csv,86c4261fcb9616a643db79340fe0b7398ba10a5c46464e67e8b697bcfc3a4ec9
selectivity_doublet-manifold_mixture,doublet,doublet-manifold mixture PD/2,,0.9999999999999999,1000000.0,8.0,8e-06,1.0,1000000.0,0.1,100000.0,0.1,100000.0,1.0,1000000.0,1.0,1000000.0,3.981071705534973,3981071.705534973,5.180971639553172e-09,8.1484731683188e-10,5.9958189563850516e-09,0.44538714730398826,0.08729754701188,0.5326846943158683,0.4673152996883094,5.9958189563850516e-09,0.9999999999999967,3.3306690738754696e-15,constant-generator matrix exponential Pade(13),2,dimensionless populations/per-encounter yields,dimensionless per encounter unless field name gives s^-1 or s,True,"Illustrative one-factor-at-a-time grid; bounds are not measured ranges or probability priors. Results are populations and per-encounter yields, not concentrations or biological fluxes. No encounter yield is converted to molarity, and no continuous biological ROS source is modeled.",4e863b04abf00d77462be6bdf33a6b2ad343ab81,485e6c100ae04a17802c8cfb09694c7b6fe9783be2b477e00a0a465bb075e0f8,configs/doxorubicin_parameters.json,0b7d200aedee3aed703b810ad54927a2126d9ee0952f6ef87cf5ebb57992d345,configs/parameter_provenance.csv,86c4261fcb9616a643db79340fe0b7398ba10a5c46464e67e8b697bcfc3a4ec9
selectivity_doublet-manifold_mixture,doublet,doublet-manifold mixture PD/2,,0.9999999999999999,1000000.0,8.0,8e-06,1.0,1000000.0,0.1,100000.0,0.1,100000.0,1.0,1000000.0,1.0,1000000.0,6.309573444801936,6309573.444801936,1.1499848068411208e-08,6.701965706715125e-10,1.2170044639082722e-08,0.45034390446799577,0.08572558869907239,0.5360694931670682,0.463930494662884,1.2170044639082722e-08,0.9999999999999968,3.219646771412954e-15,constant-generator matrix exponential Pade(13),2,dimensionless populations/per-encounter yields,dimensionless per encounter unless field name gives s^-1 or s,True,"Illustrative one-factor-at-a-time grid; bounds are not measured ranges or probability priors. Results are populations and per-encounter yields, not concentrations or biological fluxes. No encounter yield is converted to molarity, and no continuous biological ROS source is modeled.",4e863b04abf00d77462be6bdf33a6b2ad343ab81,485e6c100ae04a17802c8cfb09694c7b6fe9783be2b477e00a0a465bb075e0f8,configs/doxorubicin_parameters.json,0b7d200aedee3aed703b810ad54927a2126d9ee0952f6ef87cf5ebb57992d345,configs/parameter_provenance.csv,86c4261fcb9616a643db79340fe0b7398ba10a5c46464e67e8b697bcfc3a4ec9
selectivity_doublet-manifold_mixture,doublet,doublet-manifold mixture PD/2,,0.9999999999999999,1000000.0,8.0,8e-06,1.0,1000000.0,0.1,100000.0,0.1,100000.0,1.0,1000000.0,1.0,1000000.0,10.0,10000000.0,1.845184252032569e-08,4.809415866135139e-10,1.8932784106939205e-08,0.4550583273746658,0.08171211483443347,0.5367704422090993,0.4632295388581093,1.8932784106939205e-08,0.9999999999999928,7.216449660063518e-15,constant-generator matrix exponential Pade(13),2,dimensionless populations/per-encounter yields,dimensionless per encounter unless field name gives s^-1 or s,True,"Illustrative one-factor-at-a-time grid; bounds are not measured ranges or probability priors. Results are populations and per-encounter yields, not concentrations or biological fluxes. No encounter yield is converted to molarity, and no continuous biological ROS source is modeled.",4e863b04abf00d77462be6bdf33a6b2ad343ab81,485e6c100ae04a17802c8cfb09694c7b6fe9783be2b477e00a0a465bb075e0f8,configs/doxorubicin_parameters.json,0b7d200aedee3aed703b810ad54927a2126d9ee0952f6ef87cf5ebb57992d345,configs/parameter_provenance.csv,86c4261fcb9616a643db79340fe0b7398ba10a5c46464e67e8b697bcfc3a4ec9
selectivity_doublet-manifold_mixture,doublet,doublet-manifold mixture PD/2,,0.9999999999999999,1000000.0,8.0,8e-06,1.0,1000000.0,0.1,100000.0,0.1,100000.0,10.0,10000000.0,1.0,1000000.0,0.0,0.0,2.5720933943994412e-37,1.4855393109435083e-36,1.7427486503834526e-36,0.08949961750071751,0.0,0.08949961750071751,0.9105003824992755,1.7427486503834526e-36,0.999999999999993,6.994405055138486e-15,constant-generator matrix exponential Pade(13),2,dimensionless populations/per-encounter yields,dimensionless per encounter unless field name gives s^-1 or s,True,"Illustrative one-factor-at-a-time grid; bounds are not measured ranges or probability priors. Results are populations and per-encounter yields, not concentrations or biological fluxes. No encounter yield is converted to molarity, and no continuous biological ROS source is modeled.",4e863b04abf00d77462be6bdf33a6b2ad343ab81,485e6c100ae04a17802c8cfb09694c7b6fe9783be2b477e00a0a465bb075e0f8,configs/doxorubicin_parameters.json,0b7d200aedee3aed703b810ad54927a2126d9ee0952f6ef87cf5ebb57992d345,configs/parameter_provenance.csv,86c4261fcb9616a643db79340fe0b7398ba10a5c46464e67e8b697bcfc3a4ec9
selectivity_doublet-manifold_mixture,doublet,doublet-manifold mixture PD/2,,0.9999999999999999,1000000.0,8.0,8e-06,1.0,1000000.0,0.1,100000.0,0.1,100000.0,10.0,10000000.0,1.0,1000000.0,0.01,10000.0,2.4222783195646157e-37,1.3867212169791639e-36,1.6289490489356254e-36,0.089499756510483,1.5487191193486196e-05,0.08951524370167649,0.9104847562983162,1.6289490489356254e-36,0.9999999999999927,7.327471962526033e-15,constant-generator matrix exponential Pade(13),2,dimensionless populations/per-encounter yields,dimensionless per encounter unless field name gives s^-1 or s,True,"Illustrative one-factor-at-a-time grid; bounds are not measured ranges or probability priors. Results are populations and per-encounter yields, not concentrations or biological fluxes. No encounter yield is converted to molarity, and no continuous biological ROS source is modeled.",4e863b04abf00d77462be6bdf33a6b2ad343ab81,485e6c100ae04a17802c8cfb09694c7b6fe9783be2b477e00a0a465bb075e0f8,configs/doxorubicin_parameters.json,0b7d200aedee3aed703b810ad54927a2126d9ee0952f6ef87cf5ebb57992d345,configs/parameter_provenance.csv,86c4261fcb9616a643db79340fe0b7398ba10a5c46464e67e8b697bcfc3a4ec9
selectivity_doublet-manifold_mixture,doublet,doublet-manifold mixture PD/2,,0.9999999999999999,1000000.0,8.0,8e-06,1.0,1000000.0,0.1,100000.0,0.1,100000.0,10.0,10000000.0,1.0,1000000.0,0.015848931924611134,15848.931924611134,2.338925427254538e-37,1.3320770572450106e-36,1.5659695999704645e-36,0.08949983776593508,2.4529795737175257e-05,0.08952436756167226,0.9104756324383207,1.5659695999704645e-36,0.999999999999993,6.994405055138486e-15,constant-generator matrix exponential Pade(13),2,dimensionless populations/per-encounter yields,dimensionless per encounter unless field name gives s^-1 or s,True,"Illustrative one-factor-at-a-time grid; bounds are not measured ranges or probability priors. Results are populations and per-encounter yields, not concentrations or biological fluxes. No encounter yield is converted to molarity, and no continuous biological ROS source is modeled.",4e863b04abf00d77462be6bdf33a6b2ad343ab81,485e6c100ae04a17802c8cfb09694c7b6fe9783be2b477e00a0a465bb075e0f8,configs/doxorubicin_parameters.json,0b7d200aedee3aed703b810ad54927a2126d9ee0952f6ef87cf5ebb57992d345,configs/parameter_provenance.csv,86c4261fcb9616a643db79340fe0b7398ba10a5c46464e67e8b697bcfc3a4ec9
selectivity_doublet-manifold_mixture,doublet,doublet-manifold mixture PD/2,,0.9999999999999999,1000000.0,8.0,8e-06,1.0,1000000.0,0.1,100000.0,0.1,100000.0,10.0,10000000.0,1.0,1000000.0,0.025118864315095794,25118.864315095794,2.212938067812632e-37,1.2499611826772572e-36,1.4712549894585203e-36,0.08949996647098182,3.88376104535935e-05,0.08953880408143541,0.9104611959185575,1.4712549894585203e-36,0.9999999999999929,7.105427357601002e-15,constant-generator matrix exponential Pade(13),2,dimensionless populations/per-encounter yields,dimensionless per encounter unless field name gives s^-1 or s,True,"Illustrative one-factor-at-a-time grid; bounds are not measured ranges or probability priors. Results are populations and per-encounter yields, not concentrations or biological fluxes. No encounter yield is converted to molarity, and no continuous biological ROS source is modeled.",4e863b04abf00d77462be6bdf33a6b2ad343ab81,485e6c100ae04a17802c8cfb09694c7b6fe9783be2b477e00a0a465bb075e0f8,configs/doxorubicin_parameters.json,0b7d200aedee3aed703b810ad54927a2126d9ee0952f6ef87cf5ebb57992d345,configs/parameter_provenance.csv,86c4261fcb9616a643db79340fe0b7398ba10a5c46464e67e8b697bcfc3a4ec9
selectivity_doublet-manifold_mixture,doublet,doublet-manifold mixture PD/2,,0.9999999999999999,1000000.0,8.0,8e-06,1.0,1000000.0,0.1,100000.0,0.1,100000.0,10.0,10000000.0,1.0,1000000.0,0.039810717055349734,39810.717055349734,2.027674681357318e-37,1.130319212362701e-36,1.333086680498433e-36,0.0895001702635724,6.145450051618575e-05,0.08956162476408859,0.9104383752359047,1.333086680498433e-36,0.9999999999999932,6.772360450213455e-15,constant-generator matrix exponential Pade(13),2,dimensionless populations/per-encounter yields,dimensionless per encounter unless field name gives s^-1 or s,True,"Illustrative one-factor-at-a-time grid; bounds are not measured ranges or probability priors. Results are populations and per-encounter yields, not concentrations or biological fluxes. No encounter yield is converted to molarity, and no continuous biological ROS source is modeled.",4e863b04abf00d77462be6bdf33a6b2ad343ab81,485e6c100ae04a17802c8cfb09694c7b6fe9783be2b477e00a0a465bb075e0f8,configs/doxorubicin_parameters.json,0b7d200aedee3aed703b810ad54927a2126d9ee0952f6ef87cf5ebb57992d345,configs/parameter_provenance.csv,86c4261fcb9616a643db79340fe0b7398ba10a5c46464e67e8b697bcfc3a4ec9
selectivity_doublet-manifold_mixture,doublet,doublet-manifold mixture PD/2,,0.9999999999999999,1000000.0,8.0,8e-06,1.0,1000000.0,0.1,100000.0,0.1,100000.0,10.0,10000000.0,1.0,1000000.0,0.06309573444801933,63095.73444801933,1.766772502765798e-37,9.642829951624435e-37,1.1409602454390232e-36,0.08950049277351785,9.715120463575752e-05,0.0895976439781536,0.9104023560218394,1.1409602454390232e-36,0.999999999999993,6.994405055138486e-15,constant-generator matrix exponential Pade(13),2,dimensionless populations/per-encounter yields,dimensionless per encounter unless field name gives s^-1 or s,True,"Illustrative one-factor-at-a-time grid; bounds are not measured ranges or probability priors. Results are populations and per-encounter yields, not concentrations or biological fluxes. No encounter yield is converted to molarity, and no continuous biological ROS source is modeled.",4e863b04abf00d77462be6bdf33a6b2ad343ab81,485e6c100ae04a17802c8cfb09694c7b6fe9783be2b477e00a0a465bb075e0f8,configs/doxorubicin_parameters.json,0b7d200aedee3aed703b810ad54927a2126d9ee0952f6ef87cf5ebb57992d345,configs/parameter_provenance.csv,86c4261fcb9616a643db79340fe0b7398ba10a5c46464e67e8b697bcfc3a4ec9
selectivity_doublet-manifold_mixture,doublet,doublet-manifold mixture PD/2,,0.9999999999999999,1000000.0,8.0,8e-06,1.0,1000000.0,0.1,100000.0,0.1,100000.0,10.0,10000000.0,1.0,1000000.0,0.1,100000.0,1.4233695269359275e-37,7.507893004186152e-37,8.93126253112208e-37,0.08950100271529843,0.0001533561399179222,0.08965435885521635,0.9103456411447765,8.93126253112208e-37,0.9999999999999928,7.216449660063518e-15,constant-generator matrix exponential Pade(13),2,dimensionless populations/per-encounter yields,dimensionless per encounter unless field name gives s^-1 or s,True,"Illustrative one-factor-at-a-time grid; bounds are not measured ranges or probability priors. Results are populations and per-encounter yields, not concentrations or biological fluxes. No encounter yield is converted to molarity, and no continuous biological ROS source is modeled.",4e863b04abf00d77462be6bdf33a6b2ad343ab81,485e6c100ae04a17802c8cfb09694c7b6fe9783be2b477e00a0a465bb075e0f8,configs/doxorubicin_parameters.json,0b7d200aedee3aed703b810ad54927a2126d9ee0952f6ef87cf5ebb57992d345,configs/parameter_provenance.csv,86c4261fcb9616a643db79340fe0b7398ba10a5c46464e67e8b697bcfc3a4ec9
selectivity_doublet-manifold_mixture,doublet,doublet-manifold mixture PD/2,,0.9999999999999999,1000000.0,8.0,8e-06,1.0,1000000.0,0.1,100000.0,0.1,100000.0,10.0,10000000.0,1.0,1000000.0,0.15848931924611143,158489.31924611144,1.016361366301919e-37,5.070224588081895e-37,6.086585954383813e-37,0.08950180790924611,0.0002415154944646128,0.08974332340371072,0.9102566765962822,6.086585954383813e-37,0.9999999999999929,7.105427357601002e-15,constant-generator matrix exponential Pade(13),2,dimensionless populations/per-encounter yields,dimensionless per encounter unless field name gives s^-1 or s,True,"Illustrative one-factor-at-a-time grid; bounds are not measured ranges or probability priors. Results are populations and per-encounter yields, not concentrations or biological fluxes. No encounter yield is converted to molarity, and no continuous biological ROS source is modeled.",4e863b04abf00d77462be6bdf33a6b2ad343ab81,485e6c100ae04a17802c8cfb09694c7b6fe9783be2b477e00a0a465bb075e0f8,configs/doxorubicin_parameters.json,0b7d200aedee3aed703b810ad54927a2126d9ee0952f6ef87cf5ebb57992d345,configs/parameter_provenance.csv,86c4261fcb9616a643db79340fe0b7398ba10a5c46464e67e8b697bcfc3a4ec9
selectivity_doublet-manifold_mixture,doublet,doublet-manifold mixture PD/2,,0.9999999999999999,1000000.0,8.0,8e-06,1.0,1000000.0,0.1,100000.0,0.1,100000.0,10.0,10000000.0,1.0,1000000.0,0.25118864315095807,251188.64315095806,6.053510062198467e-38,2.7519010605930734e-37,3.3572520668129204e-37,0.08950307653683343,0.0003789729563891055,0.08988204949322254,0.9101179505067705,3.3572520668129204e-37,0.999999999999993,6.994405055138486e-15,constant-generator matrix exponential Pade(13),2,dimensionless populations/per-encounter yields,dimensionless per encounter unless field name gives s^-1 or s,True,"Illustrative one-factor-at-a-time grid; bounds are not measured ranges or probability priors. Results are populations and per-encounter yields, not concentrations or biological fluxes. No encounter yield is converted to molarity, and no continuous biological ROS source is modeled.",4e863b04abf00d77462be6bdf33a6b2ad343ab81,485e6c100ae04a17802c8cfb09694c7b6fe9783be2b477e00a0a465bb075e0f8,configs/doxorubicin_parameters.json,0b7d200aedee3aed703b810ad54927a2126d9ee0952f6ef87cf5ebb57992d345,configs/parameter_provenance.csv,86c4261fcb9616a643db79340fe0b7398ba10a5c46464e67e8b697bcfc3a4ec9
selectivity_doublet-manifold_mixture,doublet,doublet-manifold mixture PD/2,,0.9999999999999999,1000000.0,8.0,8e-06,1.0,1000000.0,0.1,100000.0,0.1,100000.0,10.0,10000000.0,1.0,1000000.0,0.3981071705534973,398107.17055349733,2.7822274808871706e-38,1.0780691760478576e-37,1.3562919241365747e-37,0.08950506845049075,0.000591306224431376,0.09009637467492213,0.9099036253250707,1.3562919241365747e-37,0.9999999999999929,7.105427357601002e-15,constant-generator matrix exponential Pade(13),2,dimensionless populations/per-encounter yields,dimensionless per encounter unless field name gives s^-1 or s,True,"Illustrative one-factor-at-a-time grid; bounds are not measured ranges or probability priors. Results are populations and per-encounter yields, not concentrations or biological fluxes. No encounter yield is converted to molarity, and no continuous biological ROS source is modeled.",4e863b04abf00d77462be6bdf33a6b2ad343ab81,485e6c100ae04a17802c8cfb09694c7b6fe9783be2b477e00a0a465bb075e0f8,configs/doxorubicin_parameters.json,0b7d200aedee3aed703b810ad54927a2126d9ee0952f6ef87cf5ebb57992d345,configs/parameter_provenance.csv,86c4261fcb9616a643db79340fe0b7398ba10a5c46464e67e8b697bcfc3a4ec9
selectivity_doublet-manifold_mixture,doublet,doublet-manifold mixture PD/2,,0.9999999999999999,1000000.0,8.0,8e-06,1.0,1000000.0,0.1,100000.0,0.1,100000.0,10.0,10000000.0,1.0,1000000.0,0.6309573444801934,630957.3444801933,9.198616955268276e-39,2.676923248914654e-38,3.596784944441481e-38,0.08950817902810854,0.0009145998547414923,0.09042277888285002,0.9095772211171426,3.596784944441481e-38,0.9999999999999926,7.438494264988549e-15,constant-generator matrix exponential Pade(13),2,dimensionless populations/per-encounter yields,dimensionless per encounter unless field name gives s^-1 or s,True,"Illustrative one-factor-at-a-time grid; bounds are not measured ranges or probability priors. Results are populations and per-encounter yields, not concentrations or biological fluxes. No encounter yield is converted to molarity, and no continuous biological ROS source is modeled.",4e863b04abf00d77462be6bdf33a6b2ad343ab81,485e6c100ae04a17802c8cfb09694c7b6fe9783be2b477e00a0a465bb075e0f8,configs/doxorubicin_parameters.json,0b7d200aedee3aed703b810ad54927a2126d9ee0952f6ef87cf5ebb57992d345,configs/parameter_provenance.csv,86c4261fcb9616a643db79340fe0b7398ba10a5c46464e67e8b697bcfc3a4ec9
selectivity_doublet-manifold_mixture,doublet,doublet-manifold mixture PD/2,,0.9999999999999999,1000000.0,8.0,8e-06,1.0,1000000.0,0.1,100000.0,0.1,100000.0,10.0,10000000.0,1.0,1000000.0,1.0,1000000.0,2.2107970035952702e-39,3.843804891805879e-39,6.054601895401149e-39,0.08951299500176377,0.0013960959073265056,0.09090909090909027,0.9090909090909025,6.054601895401149e-39,0.9999999999999928,7.216449660063518e-15,constant-generator matrix exponential Pade(13),2,dimensionless populations/per-encounter yields,dimensionless per encounter unless field name gives s^-1 or s,True,"Illustrative one-factor-at-a-time grid; bounds are not measured ranges or probability priors. Results are populations and per-encounter yields, not concentrations or biological fluxes. No encounter yield is converted to molarity, and no continuous biological ROS source is modeled.",4e863b04abf00d77462be6bdf33a6b2ad343ab81,485e6c100ae04a17802c8cfb09694c7b6fe9783be2b477e00a0a465bb075e0f8,configs/doxorubicin_parameters.json,0b7d200aedee3aed703b810ad54927a2126d9ee0952f6ef87cf5ebb57992d345,configs/parameter_provenance.csv,86c4261fcb9616a643db79340fe0b7398ba10a5c46464e67e8b697bcfc3a4ec9
selectivity_doublet-manifold_mixture,doublet,doublet-manifold mixture PD/2,,0.9999999999999999,1000000.0,8.0,8e-06,1.0,1000000.0,0.1,100000.0,0.1,100000.0,10.0,10000000.0,1.0,1000000.0,1.584893192461114,1584893.1924611141,4.2916141182398305e-40,3.5505269526785846e-40,7.842141070918415e-40,0.08952035178358378,0.0020898798672629205,0.0916102316508467,0.9083897683491463,7.842141070918415e-40,0.999999999999993,6.994405055138486e-15,constant-generator matrix exponential Pade(13),2,dimensionless populations/per-encounter yields,dimensionless per encounter unless field name gives s^-1 or s,True,"Illustrative one-factor-at-a-time grid; bounds are not measured ranges or probability priors. Results are populations and per-encounter yields, not concentrations or biological fluxes. No encounter yield is converted to molarity, and no continuous biological ROS source is modeled.",4e863b04abf00d77462be6bdf33a6b2ad343ab81,485e6c100ae04a17802c8cfb09694c7b6fe9783be2b477e00a0a465bb075e0f8,configs/doxorubicin_parameters.json,0b7d200aedee3aed703b810ad54927a2126d9ee0952f6ef87cf5ebb57992d345,configs/parameter_provenance.csv,86c4261fcb9616a643db79340fe0b7398ba10a5c46464e67e8b697bcfc3a4ec9
selectivity_doublet-manifold_mixture,doublet,doublet-manifold mixture PD/2,,0.9999999999999999,1000000.0,8.0,8e-06,1.0,1000000.0,0.1,100000.0,0.1,100000.0,10.0,10000000.0,1.0,1000000.0,2.5118864315095824,2511886.4315095823,1.2454008664123863e-40,5.837377883895541e-41,1.8291386548019404e-40,0.08953135818405292,0.0030425299757419547,0.09257388815979486,0.9074261118401978,1.8291386548019404e-40,0.9999999999999927,7.327471962526033e-15,constant-generator matrix exponential Pade(13),2,dimensionless populations/per-encounter yields,dimensionless per encounter unless field name gives s^-1 or s,True,"Illustrative one-factor-at-a-time grid; bounds are not measured ranges or probability priors. Results are populations and per-encounter yields, not concentrations or biological fluxes. No encounter yield is converted to molarity, and no continuous biological ROS source is modeled.",4e863b04abf00d77462be6bdf33a6b2ad343ab81,485e6c100ae04a17802c8cfb09694c7b6fe9783be2b477e00a0a465bb075e0f8,configs/doxorubicin_parameters.json,0b7d200aedee3aed703b810ad54927a2126d9ee0952f6ef87cf5ebb57992d345,configs/parameter_provenance.csv,86c4261fcb9616a643db79340fe0b7398ba10a5c46464e67e8b697bcfc3a4ec9
selectivity_doublet-manifold_mixture,doublet,doublet-manifold mixture PD/2,,0.9999999999999999,1000000.0,8.0,8e-06,1.0,1000000.0,0.1,100000.0,0.1,100000.0,10.0,10000000.0,1.0,1000000.0,3.981071705534973,3981071.705534973,2.787459191058578e-40,4.384030256549206e-41,3.2258622167134985e-40,0.08954731225054473,0.004265389993708183,0.09381270224425291,0.9061872977557399,3.2258622167134985e-40,0.9999999999999928,7.216449660063518e-15,constant-generator matrix exponential Pade(13),2,dimensionless populations/per-encounter yields,dimensionless per encounter unless field name gives s^-1 or s,True,"Illustrative one-factor-at-a-time grid; bounds are not measured ranges or probability priors. Results are populations and per-encounter yields, not concentrations or biological fluxes. No encounter yield is converted to molarity, and no continuous biological ROS source is modeled.",4e863b04abf00d77462be6bdf33a6b2ad343ab81,485e6c100ae04a17802c8cfb09694c7b6fe9783be2b477e00a0a465bb075e0f8,configs/doxorubicin_parameters.json,0b7d200aedee3aed703b810ad54927a2126d9ee0952f6ef87cf5ebb57992d345,configs/parameter_provenance.csv,86c4261fcb9616a643db79340fe0b7398ba10a5c46464e67e8b697bcfc3a4ec9
selectivity_doublet-manifold_mixture,doublet,doublet-manifold mixture PD/2,,0.9999999999999999,1000000.0,8.0,8e-06,1.0,1000000.0,0.1,100000.0,0.1,100000.0,10.0,10000000.0,1.0,1000000.0,6.309573444801936,6309573.444801936,6.187132342001158e-40,3.6057823140204816e-41,6.547710573403207e-40,0.08956939039097109,0.005701088827302518,0.09527047921827361,0.9047295207817192,6.547710573403207e-40,0.9999999999999928,7.216449660063518e-15,constant-generator matrix exponential Pade(13),2,dimensionless populations/per-encounter yields,dimensionless per encounter unless field name gives s^-1 or s,True,"Illustrative one-factor-at-a-time grid; bounds are not measured ranges or probability priors. Results are populations and per-encounter yields, not concentrations or biological fluxes. No encounter yield is converted to molarity, and no continuous biological ROS source is modeled.",4e863b04abf00d77462be6bdf33a6b2ad343ab81,485e6c100ae04a17802c8cfb09694c7b6fe9783be2b477e00a0a465bb075e0f8,configs/doxorubicin_parameters.json,0b7d200aedee3aed703b810ad54927a2126d9ee0952f6ef87cf5ebb57992d345,configs/parameter_provenance.csv,86c4261fcb9616a643db79340fe0b7398ba10a5c46464e67e8b697bcfc3a4ec9
selectivity_doublet-manifold_mixture,doublet,doublet-manifold mixture PD/2,,0.9999999999999999,1000000.0,8.0,8e-06,1.0,1000000.0,0.1,100000.0,0.1,100000.0,10.0,10000000.0,1.0,1000000.0,10.0,10000000.0,9.927434775474727e-40,2.5875552680767084e-41,1.01861903022824e-39,0.08959803521268475,0.007210806330230246,0.096808841542915,0.9031911584570778,1.01861903022824e-39,0.9999999999999928,7.216449660063518e-15,constant-generator matrix exponential Pade(13),2,dimensionless populations/per-encounter yields,dimensionless per encounter unless field name gives s^-1 or s,True,"Illustrative one-factor-at-a-time grid; bounds are not measured ranges or probability priors. Results are populations and per-encounter yields, not concentrations or biological fluxes. No encounter yield is converted to molarity, and no continuous biological ROS source is modeled.",4e863b04abf00d77462be6bdf33a6b2ad343ab81,485e6c100ae04a17802c8cfb09694c7b6fe9783be2b477e00a0a465bb075e0f8,configs/doxorubicin_parameters.json,0b7d200aedee3aed703b810ad54927a2126d9ee0952f6ef87cf5ebb57992d345,configs/parameter_provenance.csv,86c4261fcb9616a643db79340fe0b7398ba10a5c46464e67e8b697bcfc3a4ec9
selectivity_doublet-manifold_mixture,doublet,doublet-manifold mixture PD/2,,0.9999999999999999,1000000.0,8.0,8e-06,10.0,10000000.0,0.1,100000.0,0.1,100000.0,0.1,100000.0,1.0,1000000.0,0.0,0.0,0.005851024332337465,0.033390386410434195,0.03924141074277166,0.7759591531764003,0.0,0.7759591531764003,0.1847994360808259,0.03924141074277166,0.9999999999999979,2.1094237467877974e-15,constant-generator matrix exponential Pade(13),2,dimensionless populations/per-encounter yields,dimensionless per encounter unless field name gives s^-1 or s,True,"Illustrative one-factor-at-a-time grid; bounds are not measured ranges or probability priors. Results are populations and per-encounter yields, not concentrations or biological fluxes. No encounter yield is converted to molarity, and no continuous biological ROS source is modeled.",4e863b04abf00d77462be6bdf33a6b2ad343ab81,485e6c100ae04a17802c8cfb09694c7b6fe9783be2b477e00a0a465bb075e0f8,configs/doxorubicin_parameters.json,0b7d200aedee3aed703b810ad54927a2126d9ee0952f6ef87cf5ebb57992d345,configs/parameter_provenance.csv,86c4261fcb9616a643db79340fe0b7398ba10a5c46464e67e8b697bcfc3a4ec9
selectivity_doublet-manifold_mixture,doublet,doublet-manifold mixture PD/2,,0.9999999999999999,1000000.0,8.0,8e-06,10.0,10000000.0,0.1,100000.0,0.1,100000.0,0.1,100000.0,1.0,1000000.0,0.01,10000.0,0.005534117734873896,0.031233954249305352,0.03676807198417925,0.7702553544346582,0.010541003467063065,0.7807963579017213,0.18243557011409647,0.03676807198417925,0.9999999999999971,2.886579864025407e-15,constant-generator matrix exponential Pade(13),2,dimensionless populations/per-encounter yields,dimensionless per encounter unless field name gives s^-1 or s,True,"Illustrative one-factor-at-a-time grid; bounds are not measured ranges or probability priors. Results are populations and per-encounter yields, not concentrations or biological fluxes. No encounter yield is converted to molarity, and no continuous biological ROS source is modeled.",4e863b04abf00d77462be6bdf33a6b2ad343ab81,485e6c100ae04a17802c8cfb09694c7b6fe9783be2b477e00a0a465bb075e0f8,configs/doxorubicin_parameters.json,0b7d200aedee3aed703b810ad54927a2126d9ee0952f6ef87cf5ebb57992d345,configs/parameter_provenance.csv,86c4261fcb9616a643db79340fe0b7398ba10a5c46464e67e8b697bcfc3a4ec9
selectivity_doublet-manifold_mixture,doublet,doublet-manifold mixture PD/2,,0.9999999999999999,1000000.0,8.0,8e-06,10.0,10000000.0,0.1,100000.0,0.1,100000.0,0.1,100000.0,1.0,1000000.0,0.015848931924611134,15848.931924611134,0.00535720583192763,0.03003946304178282,0.03539666887371046,0.7669721495032895,0.016544599706932082,0.7835167492102216,0.18108658191606547,0.03539666887371046,0.9999999999999976,2.4424906541753444e-15,constant-generator matrix exponential Pade(13),2,dimensionless populations/per-encounter yields,dimensionless per encounter unless field name gives s^-1 or s,True,"Illustrative one-factor-at-a-time grid; bounds are not measured ranges or probability priors. Results are populations and per-encounter yields, not concentrations or biological fluxes. No encounter yield is converted to molarity, and no continuous biological ROS source is modeled.",4e863b04abf00d77462be6bdf33a6b2ad343ab81,485e6c100ae04a17802c8cfb09694c7b6fe9783be2b477e00a0a465bb075e0f8,configs/doxorubicin_parameters.json,0b7d200aedee3aed703b810ad54927a2126d9ee0952f6ef87cf5ebb57992d345,configs/parameter_provenance.csv,86c4261fcb9616a643db79340fe0b7398ba10a5c46464e67e8b697bcfc3a4ec9
selectivity_doublet-manifold_mixture,doublet,doublet-manifold mixture PD/2,,0.9999999999999999,1000000.0,8.0,8e-06,10.0,10000000.0,0.1,100000.0,0.1,100000.0,0.1,100000.0,1.0,1000000.0,0.025118864315095794,25118.864315095794,0.005088948970092518,0.02824156354416591,0.033330512514258434,0.7618464553520319,0.025825443640082633,0.7876718989921145,0.17899758849362435,0.033330512514258434,0.9999999999999973,2.6645352591003757e-15,constant-generator matrix exponential Pade(13),2,dimensionless populations/per-encounter yields,dimensionless per encounter unless field name gives s^-1 or s,True,"Illustrative one-factor-at-a-time grid; bounds are not measured ranges or probability priors. Results are populations and per-encounter yields, not concentrations or biological fluxes. No encounter yield is converted to molarity, and no continuous biological ROS source is modeled.",4e863b04abf00d77462be6bdf33a6b2ad343ab81,485e6c100ae04a17802c8cfb09694c7b6fe9783be2b477e00a0a465bb075e0f8,configs/doxorubicin_parameters.json,0b7d200aedee3aed703b810ad54927a2126d9ee0952f6ef87cf5ebb57992d345,configs/parameter_provenance.csv,86c4261fcb9616a643db79340fe0b7398ba10a5c46464e67e8b697bcfc3a4ec9
selectivity_doublet-manifold_mixture,doublet,doublet-manifold mixture PD/2,,0.9999999999999999,1000000.0,8.0,8e-06,10.0,10000000.0,0.1,100000.0,0.1,100000.0,0.1,100000.0,1.0,1000000.0,0.039810717055349734,39810.717055349734,0.004692473232374312,0.02561537411701853,0.03030784734939284,0.753912125513354,0.03997532873680357,0.7938874542501575,0.1758046984004472,0.03030784734939284,0.9999999999999976,2.4424906541753444e-15,constant-generator matrix exponential Pade(13),2,dimensionless populations/per-encounter yields,dimensionless per encounter unless field name gives s^-1 or s,True,"Illustrative one-factor-at-a-time grid; bounds are not measured ranges or probability priors. Results are populations and per-encounter yields, not concentrations or biological fluxes. No encounter yield is converted to molarity, and no continuous biological ROS source is modeled.",4e863b04abf00d77462be6bdf33a6b2ad343ab81,485e6c100ae04a17802c8cfb09694c7b6fe9783be2b477e00a0a465bb075e0f8,configs/doxorubicin_parameters.json,0b7d200aedee3aed703b810ad54927a2126d9ee0952f6ef87cf5ebb57992d345,configs/parameter_provenance.csv,86c4261fcb9616a643db79340fe0b7398ba10a5c46464e67e8b697bcfc3a4ec9
selectivity_doublet-manifold_mixture,doublet,doublet-manifold mixture PD/2,,0.9999999999999999,1000000.0,8.0,8e-06,10.0,10000000.0,0.1,100000.0,0.1,100000.0,0.1,100000.0,1.0,1000000.0,0.06309573444801933,63095.73444801933,0.004129606748419076,0.021956180906545414,0.02608578765496449,0.7417894510813787,0.061103420681429335,0.8028928717628081,0.17102134058222285,0.02608578765496449,0.9999999999999954,4.551914400963142e-15,constant-generator matrix exponential Pade(13),2,dimensionless populations/per-encounter yields,dimensionless per encounter unless field name gives s^-1 or s,True,"Illustrative one-factor-at-a-time grid; bounds are not measured ranges or probability priors. Results are populations and per-encounter yields, not concentrations or biological fluxes. No encounter yield is converted to molarity, and no continuous biological ROS source is modeled.",4e863b04abf00d77462be6bdf33a6b2ad343ab81,485e6c100ae04a17802c8cfb09694c7b6fe9783be2b477e00a0a465bb075e0f8,configs/doxorubicin_parameters.json,0b7d200aedee3aed703b810ad54927a2126d9ee0952f6ef87cf5ebb57992d345,configs/parameter_provenance.csv,86c4261fcb9616a643db79340fe0b7398ba10a5c46464e67e8b697bcfc3a4ec9
selectivity_doublet-manifold_mixture,doublet,doublet-manifold mixture PD/2,,0.9999999999999999,1000000.0,8.0,8e-06,10.0,10000000.0,0.1,100000.0,0.1,100000.0,0.1,100000.0,1.0,1000000.0,0.1,100000.0,0.0033792008461180994,0.017221421776409198,0.020600622622527296,0.7236277879081493,0.09170440533925295,0.8153321932474022,0.16406718413006782,0.020600622622527296,0.9999999999999973,2.6645352591003757e-15,constant-generator matrix exponential Pade(13),2,dimensionless populations/per-encounter yields,dimensionless per encounter unless field name gives s^-1 or s,True,"Illustrative one-factor-at-a-time grid; bounds are not measured ranges or probability priors. Results are populations and per-encounter yields, not concentrations or biological fluxes. No encounter yield is converted to molarity, and no continuous biological ROS source is modeled.",4e863b04abf00d77462be6bdf33a6b2ad343ab81,485e6c100ae04a17802c8cfb09694c7b6fe9783be2b477e00a0a465bb075e0f8,configs/doxorubicin_parameters.json,0b7d200aedee3aed703b810ad54927a2126d9ee0952f6ef87cf5ebb57992d345,configs/parameter_provenance.csv,86c4261fcb9616a643db79340fe0b7398ba10a5c46464e67e8b697bcfc3a4ec9
selectivity_doublet-manifold_mixture,doublet,doublet-manifold mixture PD/2,,0.9999999999999999,1000000.0,8.0,8e-06,10.0,10000000.0,0.1,100000.0,0.1,100000.0,0.1,100000.0,1.0,1000000.0,0.15848931924611143,158489.31924611144,0.0024715259665442444,0.011762122108333427,0.014233648074877672,0.6971888213622419,0.13419029575933294,0.8313791171215749,0.15438723480354463,0.014233648074877672,0.9999999999999972,2.7755575615628914e-15,constant-generator matrix exponential Pade(13),2,dimensionless populations/per-encounter yields,dimensionless per encounter unless field name gives s^-1 or s,True,"Illustrative one-factor-at-a-time grid; bounds are not measured ranges or probability priors. Results are populations and per-encounter yields, not concentrations or biological fluxes. No encounter yield is converted to molarity, and no continuous biological ROS source is modeled.",4e863b04abf00d77462be6bdf33a6b2ad343ab81,485e6c100ae04a17802c8cfb09694c7b6fe9783be2b477e00a0a465bb075e0f8,configs/doxorubicin_parameters.json,0b7d200aedee3aed703b810ad54927a2126d9ee0952f6ef87cf5ebb57992d345,configs/parameter_provenance.csv,86c4261fcb9616a643db79340fe0b7398ba10a5c46464e67e8b697bcfc3a4ec9
selectivity_doublet-manifold_mixture,doublet,doublet-manifold mixture PD/2,,0.9999999999999999,1000000.0,8.0,8e-06,10.0,10000000.0,0.1,100000.0,0.1,100000.0,0.1,100000.0,1.0,1000000.0,0.25118864315095807,251188.64315095806,0.0015250360356535422,0.0064917613476052904,0.008016797383258834,0.6602152685771093,0.19007584881830614,0.8502911173954155,0.1416920852213211,0.008016797383258834,0.9999999999999953,4.6629367034256575e-15,constant-generator matrix exponential Pade(13),2,dimensionless populations/per-encounter yields,dimensionless per encounter unless field name gives s^-1 or s,True,"Illustrative one-factor-at-a-time grid; bounds are not measured ranges or probability priors. Results are populations and per-encounter yields, not concentrations or biological fluxes. No encounter yield is converted to molarity, and no continuous biological ROS source is modeled.",4e863b04abf00d77462be6bdf33a6b2ad343ab81,485e6c100ae04a17802c8cfb09694c7b6fe9783be2b477e00a0a465bb075e0f8,configs/doxorubicin_parameters.json,0b7d200aedee3aed703b810ad54927a2126d9ee0952f6ef87cf5ebb57992d345,configs/parameter_provenance.csv,86c4261fcb9616a643db79340fe0b7398ba10a5c46464e67e8b697bcfc3a4ec9
selectivity_doublet-manifold_mixture,doublet,doublet-manifold mixture PD/2,,0.9999999999999999,1000000.0,8.0,8e-06,10.0,10000000.0,0.1,100000.0,0.1,100000.0,0.1,100000.0,1.0,1000000.0,0.3981071705534973,398107.17055349733,0.0007335539924548727,0.00260159318220193,0.003335147174656802,0.611169035961475,0.2592565997488684,0.8704256357103434,0.1262392171149968,0.003335147174656802,0.9999999999999969,3.1086244689504383e-15,constant-generator matrix exponential Pade(13),2,dimensionless populations/per-encounter yields,dimensionless per encounter unless field name gives s^-1 or s,True,"Illustrative one-factor-at-a-time grid; bounds are not measured ranges or probability priors. Results are populations and per-encounter yields, not concentrations or biological fluxes. No encounter yield is converted to molarity, and no continuous biological ROS source is modeled.",4e863b04abf00d77462be6bdf33a6b2ad343ab81,485e6c100ae04a17802c8cfb09694c7b6fe9783be2b477e00a0a465bb075e0f8,configs/doxorubicin_parameters.json,0b7d200aedee3aed703b810ad54927a2126d9ee0952f6ef87cf5ebb57992d345,configs/parameter_provenance.csv,86c4261fcb9616a643db79340fe0b7398ba10a5c46464e67e8b697bcfc3a4ec9
selectivity_doublet-manifold_mixture,doublet,doublet-manifold mixture PD/2,,0.9999999999999999,1000000.0,8.0,8e-06,10.0,10000000.0,0.1,100000.0,0.1,100000.0,0.1,100000.0,1.0,1000000.0,0.6309573444801934,630957.3444801933,0.0002502600155240843,0.0006613827502727778,0.0009116427657968622,0.5501578592287455,0.3400244659475332,0.8901823251762787,0.10890603205792165,0.0009116427657968622,0.9999999999999973,2.6645352591003757e-15,constant-generator matrix exponential Pade(13),2,dimensionless populations/per-encounter yields,dimensionless per encounter unless field name gives s^-1 or s,True,"Illustrative one-factor-at-a-time grid; bounds are not measured ranges or probability priors. Results are populations and per-encounter yields, not concentrations or biological fluxes. No encounter yield is converted to molarity, and no continuous biological ROS source is modeled.",4e863b04abf00d77462be6bdf33a6b2ad343ab81,485e6c100ae04a17802c8cfb09694c7b6fe9783be2b477e00a0a465bb075e0f8,configs/doxorubicin_parameters.json,0b7d200aedee3aed703b810ad54927a2126d9ee0952f6ef87cf5ebb57992d345,configs/parameter_provenance.csv,86c4261fcb9616a643db79340fe0b7398ba10a5c46464e67e8b697bcfc3a4ec9
selectivity_doublet-manifold_mixture,doublet,doublet-manifold mixture PD/2,,0.9999999999999999,1000000.0,8.0,8e-06,10.0,10000000.0,0.1,100000.0,0.1,100000.0,0.1,100000.0,1.0,1000000.0,1.0,1000000.0,5.551408440148108e-05,9.5218990693995e-05,0.00015073307509547607,0.47960004838599757,0.4293538306366395,0.908953879022637,0.09089538790226373,0.00015073307509547607,0.9999999999999962,3.774758283725532e-15,constant-generator matrix exponential Pade(13),2,dimensionless populations/per-encounter yields,dimensionless per encounter unless field name gives s^-1 or s,True,"Illustrative one-factor-at-a-time grid; bounds are not measured ranges or probability priors. Results are populations and per-encounter yields, not concentrations or biological fluxes. No encounter yield is converted to molarity, and no continuous biological ROS source is modeled.",4e863b04abf00d77462be6bdf33a6b2ad343ab81,485e6c100ae04a17802c8cfb09694c7b6fe9783be2b477e00a0a465bb075e0f8,configs/doxorubicin_parameters.json,0b7d200aedee3aed703b810ad54927a2126d9ee0952f6ef87cf5ebb57992d345,configs/parameter_provenance.csv,86c4261fcb9616a643db79340fe0b7398ba10a5c46464e67e8b697bcfc3a4ec9
selectivity_doublet-manifold_mixture,doublet,doublet-manifold mixture PD/2,,0.9999999999999999,1000000.0,8.0,8e-06,10.0,10000000.0,0.1,100000.0,0.1,100000.0,0.1,100000.0,1.0,1000000.0,1.584893192461114,1584893.1924611141,7.417196494827332e-06,7.892112735365966e-06,1.53093092301933e-05,0.40436444536634597,0.5222331186156515,0.9265975639819974,0.07338712670876874,1.53093092301933e-05,0.9999999999999963,3.6637359812630166e-15,constant-generator matrix exponential Pade(13),2,dimensionless populations/per-encounter yields,dimensionless per encounter unless field name gives s^-1 or s,True,"Illustrative one-factor-at-a-time grid; bounds are not measured ranges or probability priors. Results are populations and per-encounter yields, not concentrations or biological fluxes. No encounter yield is converted to molarity, and no continuous biological ROS source is modeled.",4e863b04abf00d77462be6bdf33a6b2ad343ab81,485e6c100ae04a17802c8cfb09694c7b6fe9783be2b477e00a0a465bb075e0f8,configs/doxorubicin_parameters.json,0b7d200aedee3aed703b810ad54927a2126d9ee0952f6ef87cf5ebb57992d345,configs/parameter_provenance.csv,86c4261fcb9616a643db79340fe0b7398ba10a5c46464e67e8b697bcfc3a4ec9
selectivity_doublet-manifold_mixture,doublet,doublet-manifold mixture PD/2,,0.9999999999999999,1000000.0,8.0,8e-06,10.0,10000000.0,0.1,100000.0,0.1,100000.0,0.1,100000.0,1.0,1000000.0,2.5118864315095824,2511886.4315095823,4.843310564955279e-07,3.682654929696642e-07,8.525965494651922e-07,0.3314461550910703,0.6110808115179738,0.9425269666090441,0.05747218079440256,8.525965494651922e-07,0.9999999999999961,3.885780586188048e-15,constant-generator matrix exponential Pade(13),2,dimensionless populations/per-encounter yields,dimensionless per encounter unless field name gives s^-1 or s,True,"Illustrative one-factor-at-a-time grid; bounds are not measured ranges or probability priors. Results are populations and per-encounter yields, not concentrations or biological fluxes. No encounter yield is converted to molarity, and no continuous biological ROS source is modeled.",4e863b04abf00d77462be6bdf33a6b2ad343ab81,485e6c100ae04a17802c8cfb09694c7b6fe9783be2b477e00a0a465bb075e0f8,configs/doxorubicin_parameters.json,0b7d200aedee3aed703b810ad54927a2126d9ee0952f6ef87cf5ebb57992d345,configs/parameter_provenance.csv,86c4261fcb9616a643db79340fe0b7398ba10a5c46464e67e8b697bcfc3a4ec9
selectivity_doublet-manifold_mixture,doublet,doublet-manifold mixture PD/2,,0.9999999999999999,1000000.0,8.0,8e-06,10.0,10000000.0,0.1,100000.0,0.1,100000.0,0.1,100000.0,1.0,1000000.0,3.981071705534973,3981071.705534973,9.109845001313279e-09,5.650245053790952e-09,1.4760090055104231e-08,0.2690385032720203,0.6868058487159736,0.9558443519879939,0.04415563325191278,1.4760090055104231e-08,0.9999999999999967,3.3306690738754696e-15,constant-generator matrix exponential Pade(13),2,dimensionless populations/per-encounter yields,dimensionless per encounter unless field name gives s^-1 or s,True,"Illustrative one-factor-at-a-time grid; bounds are not measured ranges or probability priors. Results are populations and per-encounter yields, not concentrations or biological fluxes. No encounter yield is converted to molarity, and no continuous biological ROS source is modeled.",4e863b04abf00d77462be6bdf33a6b2ad343ab81,485e6c100ae04a17802c8cfb09694c7b6fe9783be2b477e00a0a465bb075e0f8,configs/doxorubicin_parameters.json,0b7d200aedee3aed703b810ad54927a2126d9ee0952f6ef87cf5ebb57992d345,configs/parameter_provenance.csv,86c4261fcb9616a643db79340fe0b7398ba10a5c46464e67e8b697bcfc3a4ec9
selectivity_doublet-manifold_mixture,doublet,doublet-manifold mixture PD/2,,0.9999999999999999,1000000.0,8.0,8e-06,10.0,10000000.0,0.1,100000.0,0.1,100000.0,0.1,100000.0,1.0,1000000.0,6.309573444801936,6309573.444801936,2.266205970501944e-11,1.2420564245453917e-11,3.5082623950473355e-11,0.22498522362230122,0.7407757495542905,0.9657609731765917,0.034239026788318846,3.5082623950473355e-11,0.9999999999999931,6.8833827526759706e-15,constant-generator matrix exponential Pade(13),2,dimensionless populations/per-encounter yields,dimensionless per encounter unless field name gives s^-1 or s,True,"Illustrative one-factor-at-a-time grid; bounds are not measured ranges or probability priors. Results are populations and per-encounter yields, not concentrations or biological fluxes. No encounter yield is converted to molarity, and no continuous biological ROS source is modeled.",4e863b04abf00d77462be6bdf33a6b2ad343ab81,485e6c100ae04a17802c8cfb09694c7b6fe9783be2b477e00a0a465bb075e0f8,configs/doxorubicin_parameters.json,0b7d200aedee3aed703b810ad54927a2126d9ee0952f6ef87cf5ebb57992d345,configs/parameter_provenance.csv,86c4261fcb9616a643db79340fe0b7398ba10a5c46464e67e8b697bcfc3a4ec9
selectivity_doublet-manifold_mixture,doublet,doublet-manifold mixture PD/2,,0.9999999999999999,1000000.0,8.0,8e-06,10.0,10000000.0,0.1,100000.0,0.1,100000.0,0.1,100000.0,1.0,1000000.0,10.0,10000000.0,3.955874851222145e-15,1.9568058021015258e-15,5.9126806533236725e-15,0.20529180008236467,0.7665138810984018,0.9718056811807665,0.028194318819220476,5.9126806533236725e-15,0.9999999999999929,7.105427357601002e-15,constant-generator matrix exponential Pade(13),2,dimensionless populations/per-encounter yields,dimensionless per encounter unless field name gives s^-1 or s,True,"Illustrative one-factor-at-a-time grid; bounds are not measured ranges or probability priors. Results are populations and per-encounter yields, not concentrations or biological fluxes. No encounter yield is converted to molarity, and no continuous biological ROS source is modeled.",4e863b04abf00d77462be6bdf33a6b2ad343ab81,485e6c100ae04a17802c8cfb09694c7b6fe9783be2b477e00a0a465bb075e0f8,configs/doxorubicin_parameters.json,0b7d200aedee3aed703b810ad54927a2126d9ee0952f6ef87cf5ebb57992d345,configs/parameter_provenance.csv,86c4261fcb9616a643db79340fe0b7398ba10a5c46464e67e8b697bcfc3a4ec9
selectivity_doublet-manifold_mixture,doublet,doublet-manifold mixture PD/2,,0.9999999999999999,1000000.0,8.0,8e-06,10.0,10000000.0,0.1,100000.0,0.1,100000.0,1.0,1000000.0,1.0,1000000.0,0.0,0.0,4.368291730989768e-06,2.492878863024366e-05,2.9297080361233433e-05,0.3393738211576263,0.0,0.3393738211576263,0.6605968817620093,2.9297080361233433e-05,0.9999999999999969,3.1086244689504383e-15,constant-generator matrix exponential Pade(13),2,dimensionless populations/per-encounter yields,dimensionless per encounter unless field name gives s^-1 or s,True,"Illustrative one-factor-at-a-time grid; bounds are not measured ranges or probability priors. Results are populations and per-encounter yields, not concentrations or biological fluxes. No encounter yield is converted to molarity, and no continuous biological ROS source is modeled.",4e863b04abf00d77462be6bdf33a6b2ad343ab81,485e6c100ae04a17802c8cfb09694c7b6fe9783be2b477e00a0a465bb075e0f8,configs/doxorubicin_parameters.json,0b7d200aedee3aed703b810ad54927a2126d9ee0952f6ef87cf5ebb57992d345,configs/parameter_provenance.csv,86c4261fcb9616a643db79340fe0b7398ba10a5c46464e67e8b697bcfc3a4ec9
selectivity_doublet-manifold_mixture,doublet,doublet-manifold mixture PD/2,,0.9999999999999999,1000000.0,8.0,8e-06,10.0,10000000.0,0.1,100000.0,0.1,100000.0,1.0,1000000.0,1.0,1000000.0,0.01,10000.0,4.1316937627425275e-06,2.3318826982017838e-05,2.7450520744760362e-05,0.3385292419086229,0.003197168966950556,0.3417264108755734,0.6582461386036786,2.7450520744760362e-05,0.9999999999999968,3.219646771412954e-15,constant-generator matrix exponential Pade(13),2,dimensionless populations/per-encounter yields,dimensionless per encounter unless field name gives s^-1 or s,True,"Illustrative one-factor-at-a-time grid; bounds are not measured ranges or probability priors. Results are populations and per-encounter yields, not concentrations or biological fluxes. No encounter yield is converted to molarity, and no continuous biological ROS source is modeled.",4e863b04abf00d77462be6bdf33a6b2ad343ab81,485e6c100ae04a17802c8cfb09694c7b6fe9783be2b477e00a0a465bb075e0f8,configs/doxorubicin_parameters.json,0b7d200aedee3aed703b810ad54927a2126d9ee0952f6ef87cf5ebb57992d345,configs/parameter_provenance.csv,86c4261fcb9616a643db79340fe0b7398ba10a5c46464e67e8b697bcfc3a4ec9
selectivity_doublet-manifold_mixture,doublet,doublet-manifold mixture PD/2,,0.9999999999999999,1000000.0,8.0,8e-06,10.0,10000000.0,0.1,100000.0,0.1,100000.0,1.0,1000000.0,1.0,1000000.0,0.015848931924611134,15848.931924611134,3.999613846669963e-06,2.2427036798250896e-05,2.6426650644920863e-05,0.3380381163731353,0.005053336909116116,0.34309145328225144,0.6568821200671007,2.6426650644920863e-05,0.999999999999997,2.9976021664879227e-15,constant-generator matrix exponential Pade(13),2,dimensionless populations/per-encounter yields,dimensionless per encounter unless field name gives s^-1 or s,True,"Illustrative one-factor-at-a-time grid; bounds are not measured ranges or probability priors. Results are populations and per-encounter yields, not concentrations or biological fluxes. No encounter yield is converted to molarity, and no continuous biological ROS source is modeled.",4e863b04abf00d77462be6bdf33a6b2ad343ab81,485e6c100ae04a17802c8cfb09694c7b6fe9783be2b477e00a0a465bb075e0f8,configs/doxorubicin_parameters.json,0b7d200aedee3aed703b810ad54927a2126d9ee0952f6ef87cf5ebb57992d345,configs/parameter_provenance.csv,86c4261fcb9616a643db79340fe0b7398ba10a5c46464e67e8b697bcfc3a4ec9
selectivity_doublet-manifold_mixture,doublet,doublet-manifold mixture PD/2,,0.9999999999999999,1000000.0,8.0,8e-06,10.0,10000000.0,0.1,100000.0,0.1,100000.0,1.0,1000000.0,1.0,1000000.0,0.025118864315095794,25118.864315095794,3.7993370806241706e-06,2.108475054844239e-05,2.488408762906656e-05,0.3372640189038515,0.007974549372981489,0.34523856827683297,0.6547365476355341,2.488408762906656e-05,0.9999999999999961,3.885780586188048e-15,constant-generator matrix exponential Pade(13),2,dimensionless populations/per-encounter yields,dimensionless per encounter unless field name gives s^-1 or s,True,"Illustrative one-factor-at-a-time grid; bounds are not measured ranges or probability priors. Results are populations and per-encounter yields, not concentrations or biological fluxes. No encounter yield is converted to molarity, and no continuous biological ROS source is modeled.",4e863b04abf00d77462be6bdf33a6b2ad343ab81,485e6c100ae04a17802c8cfb09694c7b6fe9783be2b477e00a0a465bb075e0f8,configs/doxorubicin_parameters.json,0b7d200aedee3aed703b810ad54927a2126d9ee0952f6ef87cf5ebb57992d345,configs/parameter_provenance.csv,86c4261fcb9616a643db79340fe0b7398ba10a5c46464e67e8b697bcfc3a4ec9
selectivity_doublet-manifold_mixture,doublet,doublet-manifold mixture PD/2,,0.9999999999999999,1000000.0,8.0,8e-06,10.0,10000000.0,0.1,100000.0,0.1,100000.0,1.0,1000000.0,1.0,1000000.0,0.039810717055349734,39810.717055349734,3.5033339214780892e-06,1.912407479202523e-05,2.262740871350332e-05,0.3360477875730127,0.012553447710808513,0.3486012352838212,0.6513761373074617,2.262740871350332e-05,0.9999999999999963,3.6637359812630166e-15,constant-generator matrix exponential Pade(13),2,dimensionless populations/per-encounter yields,dimensionless per encounter unless field name gives s^-1 or s,True,"Illustrative one-factor-at-a-time grid; bounds are not measured ranges or probability priors. Results are populations and per-encounter yields, not concentrations or biological fluxes. No encounter yield is converted to molarity, and no continuous biological ROS source is modeled.",4e863b04abf00d77462be6bdf33a6b2ad343ab81,485e6c100ae04a17802c8cfb09694c7b6fe9783be2b477e00a0a465bb075e0f8,configs/doxorubicin_parameters.json,0b7d200aedee3aed703b810ad54927a2126d9ee0952f6ef87cf5ebb57992d345,configs/parameter_provenance.csv,86c4261fcb9616a643db79340fe0b7398ba10a5c46464e67e8b697bcfc3a4ec9
selectivity_doublet-manifold_mixture,doublet,doublet-manifold mixture PD/2,,0.9999999999999999,1000000.0,8.0,8e-06,10.0,10000000.0,0.1,100000.0,0.1,100000.0,1.0,1000000.0,1.0,1000000.0,0.06309573444801933,63095.73444801933,3.0831057925462893e-06,1.639217307097802e-05,1.9475278863524306e-05,0.33414638676766484,0.019685980848513567,0.3538323676161784,0.646148157104955,1.9475278863524306e-05,0.9999999999999969,3.1086244689504383e-15,constant-generator matrix exponential Pade(13),2,dimensionless populations/per-encounter yields,dimensionless per encounter unless field name gives s^-1 or s,True,"Illustrative one-factor-at-a-time grid; bounds are not measured ranges or probability priors. Results are populations and per-encounter yields, not concentrations or biological fluxes. No encounter yield is converted to molarity, and no continuous biological ROS source is modeled.",4e863b04abf00d77462be6bdf33a6b2ad343ab81,485e6c100ae04a17802c8cfb09694c7b6fe9783be2b477e00a0a465bb075e0f8,configs/doxorubicin_parameters.json,0b7d200aedee3aed703b810ad54927a2126d9ee0952f6ef87cf5ebb57992d345,configs/parameter_provenance.csv,86c4261fcb9616a643db79340fe0b7398ba10a5c46464e67e8b697bcfc3a4ec9
selectivity_doublet-manifold_mixture,doublet,doublet-manifold mixture PD/2,,0.9999999999999999,1000000.0,8.0,8e-06,10.0,10000000.0,0.1,100000.0,0.1,100000.0,1.0,1000000.0,1.0,1000000.0,0.1,100000.0,2.5228633953662366e-06,1.2857269098336193e-05,1.538013249370243e-05,0.33119673325092647,0.030690104851422706,0.3618868381023492,0.6380977817651536,1.538013249370243e-05,0.9999999999999966,3.4416913763379853e-15,constant-generator matrix exponential Pade(13),2,dimensionless populations/per-encounter yields,dimensionless per encounter unless field name gives s^-1 or s,True,"Illustrative one-factor-at-a-time grid; bounds are not measured ranges or probability priors. Results are populations and per-encounter yields, not concentrations or biological fluxes. No encounter yield is converted to molarity, and no continuous biological ROS source is modeled.",4e863b04abf00d77462be6bdf33a6b2ad343ab81,485e6c100ae04a17802c8cfb09694c7b6fe9783be2b477e00a0a465bb075e0f8,configs/doxorubicin_parameters.json,0b7d200aedee3aed703b810ad54927a2126d9ee0952f6ef87cf5ebb57992d345,configs/parameter_provenance.csv,86c4261fcb9616a643db79340fe0b7398ba10a5c46464e67e8b697bcfc3a4ec9
selectivity_doublet-manifold_mixture,doublet,doublet-manifold mixture PD/2,,0.9999999999999999,1000000.0,8.0,8e-06,10.0,10000000.0,0.1,100000.0,0.1,100000.0,1.0,1000000.0,1.0,1000000.0,0.15848931924611143,158489.31924611144,1.8452062116563962e-06,8.781433442475364e-06,1.0626639654131759e-05,0.3266750158807622,0.047422649791599686,0.3740976656723619,0.6258917076879813,1.0626639654131759e-05,0.9999999999999973,2.6645352591003757e-15,constant-generator matrix exponential Pade(13),2,dimensionless populations/per-encounter yields,dimensionless per encounter unless field name gives s^-1 or s,True,"Illustrative one-factor-at-a-time grid; bounds are not measured ranges or probability priors. Results are populations and per-encounter yields, not concentrations or biological fluxes. No encounter yield is converted to molarity, and no continuous biological ROS source is modeled.",4e863b04abf00d77462be6bdf33a6b2ad343ab81,485e6c100ae04a17802c8cfb09694c7b6fe9783be2b477e00a0a465bb075e0f8,configs/doxorubicin_parameters.json,0b7d200aedee3aed703b810ad54927a2126d9ee0952f6ef87cf5ebb57992d345,configs/parameter_provenance.csv,86c4261fcb9616a643db79340fe0b7398ba10a5c46464e67e8b697bcfc3a4ec9
selectivity_doublet-manifold_mixture,doublet,doublet-manifold mixture PD/2,,0.9999999999999999,1000000.0,8.0,8e-06,10.0,10000000.0,0.1,100000.0,0.1,100000.0,1.0,1000000.0,1.0,1000000.0,0.25118864315095807,251188.64315095806,1.1385702614819848e-06,4.8466568934904515e-06,5.985227154972437e-06,0.3198670637079127,0.07232577819682767,0.39219284190474035,0.6078011728681016,5.985227154972437e-06,0.999999999999997,2.9976021664879227e-15,constant-generator matrix exponential Pade(13),2,dimensionless populations/per-encounter yields,dimensionless per encounter unless field name gives s^-1 or s,True,"Illustrative one-factor-at-a-time grid; bounds are not measured ranges or probability priors. Results are populations and per-encounter yields, not concentrations or biological fluxes. No encounter yield is converted to molarity, and no continuous biological ROS source is modeled.",4e863b04abf00d77462be6bdf33a6b2ad343ab81,485e6c100ae04a17802c8cfb09694c7b6fe9783be2b477e00a0a465bb075e0f8,configs/doxorubicin_parameters.json,0b7d200aedee3aed703b810ad54927a2126d9ee0952f6ef87cf5ebb57992d345,configs/parameter_provenance.csv,86c4261fcb9616a643db79340fe0b7398ba10a5c46464e67e8b697bcfc3a4ec9
selectivity_doublet-manifold_mixture,doublet,doublet-manifold mixture PD/2,,0.9999999999999999,1000000.0,8.0,8e-06,10.0,10000000.0,0.1,100000.0,0.1,100000.0,1.0,1000000.0,1.0,1000000.0,0.3981071705534973,398107.17055349733,5.476610004448612e-07,1.9423125490014795e-06,2.489973549446341e-06,0.3098869784531887,0.10826761073723881,0.4181545891904275,0.5818429208360199,2.489973549446341e-06,0.9999999999999968,3.219646771412954e-15,constant-generator matrix exponential Pade(13),2,dimensionless populations/per-encounter yields,dimensionless per encounter unless field name gives s^-1 or s,True,"Illustrative one-factor-at-a-time grid; bounds are not measured ranges or probability priors. Results are populations and per-encounter yields, not concentrations or biological fluxes. No encounter yield is converted to molarity, and no continuous biological ROS source is modeled.",4e863b04abf00d77462be6bdf33a6b2ad343ab81,485e6c100ae04a17802c8cfb09694c7b6fe9783be2b477e00a0a465bb075e0f8,configs/doxorubicin_parameters.json,0b7d200aedee3aed703b810ad54927a2126d9ee0952f6ef87cf5ebb57992d345,configs/parameter_provenance.csv,86c4261fcb9616a643db79340fe0b7398ba10a5c46464e67e8b697bcfc3a4ec9
selectivity_doublet-manifold_mixture,doublet,doublet-manifold mixture PD/2,,0.9999999999999999,1000000.0,8.0,8e-06,10.0,10000000.0,0.1,100000.0,0.1,100000.0,1.0,1000000.0,1.0,1000000.0,0.6309573444801934,630957.3444801933,1.868405759944073e-07,4.937789752587905e-07,6.806195512531978e-07,0.2958103883957952,0.15798662156714938,0.4537970099629446,0.5462023094175005,6.806195512531978e-07,0.9999999999999963,3.6637359812630166e-15,constant-generator matrix exponential Pade(13),2,dimensionless populations/per-encounter yields,dimensionless per encounter unless field name gives s^-1 or s,True,"Illustrative one-factor-at-a-time grid; bounds are not measured ranges or probability priors. Results are populations and per-encounter yields, not concentrations or biological fluxes. No encounter yield is converted to molarity, and no continuous biological ROS source is modeled.",4e863b04abf00d77462be6bdf33a6b2ad343ab81,485e6c100ae04a17802c8cfb09694c7b6fe9783be2b477e00a0a465bb075e0f8,configs/doxorubicin_parameters.json,0b7d200aedee3aed703b810ad54927a2126d9ee0952f6ef87cf5ebb57992d345,configs/parameter_provenance.csv,86c4261fcb9616a643db79340fe0b7398ba10a5c46464e67e8b697bcfc3a4ec9
selectivity_doublet-manifold_mixture,doublet,doublet-manifold mixture PD/2,,0.9999999999999999,1000000.0,8.0,8e-06,10.0,10000000.0,0.1,100000.0,0.1,100000.0,1.0,1000000.0,1.0,1000000.0,1.0,1000000.0,4.144602757917133e-08,7.108914714008838e-08,1.1253517471925971e-07,0.2770031266322742,0.2229968171001369,0.49999994373241113,0.4999999437324112,1.1253517471925971e-07,0.9999999999999971,2.886579864025407e-15,constant-generator matrix exponential Pade(13),2,dimensionless populations/per-encounter yields,dimensionless per encounter unless field name gives s^-1 or s,True,"Illustrative one-factor-at-a-time grid; bounds are not measured ranges or probability priors. Results are populations and per-encounter yields, not concentrations or biological fluxes. No encounter yield is converted to molarity, and no continuous biological ROS source is modeled.",4e863b04abf00d77462be6bdf33a6b2ad343ab81,485e6c100ae04a17802c8cfb09694c7b6fe9783be2b477e00a0a465bb075e0f8,configs/doxorubicin_parameters.json,0b7d200aedee3aed703b810ad54927a2126d9ee0952f6ef87cf5ebb57992d345,configs/parameter_provenance.csv,86c4261fcb9616a643db79340fe0b7398ba10a5c46464e67e8b697bcfc3a4ec9
selectivity_doublet-manifold_mixture,doublet,doublet-manifold mixture PD/2,,0.9999999999999999,1000000.0,8.0,8e-06,10.0,10000000.0,0.1,100000.0,0.1,100000.0,1.0,1000000.0,1.0,1000000.0,1.584893192461114,1584893.1924611141,5.5375736409793384e-09,5.892139366333083e-09,1.1429713007312422e-08,0.25367705464075824,0.30205932788866363,0.5557363825294219,0.44426360604086157,1.1429713007312422e-08,0.9999999999999964,3.552713678800501e-15,constant-generator matrix exponential Pade(13),2,dimensionless populations/per-encounter yields,dimensionless per encounter unless field name gives s^-1 or s,True,"Illustrative one-factor-at-a-time grid; bounds are not measured ranges or probability priors. Results are populations and per-encounter yields, not concentrations or biological fluxes. No encounter yield is converted to molarity, and no continuous biological ROS source is modeled.",4e863b04abf00d77462be6bdf33a6b2ad343ab81,485e6c100ae04a17802c8cfb09694c7b6fe9783be2b477e00a0a465bb075e0f8,configs/doxorubicin_parameters.json,0b7d200aedee3aed703b810ad54927a2126d9ee0952f6ef87cf5ebb57992d345,configs/parameter_provenance.csv,86c4261fcb9616a643db79340fe0b7398ba10a5c46464e67e8b697bcfc3a4ec9
selectivity_doublet-manifold_mixture,doublet,doublet-manifold mixture PD/2,,0.9999999999999999,1000000.0,8.0,8e-06,10.0,10000000.0,0.1,100000.0,0.1,100000.0,1.0,1000000.0,1.0,1000000.0,2.5118864315095824,2511886.4315095823,3.615946933356476e-10,2.749417907659954e-10,6.365364841016431e-10,0.22754977972057647,0.3897415387023489,0.6172913184229254,0.3827086809405348,6.365364841016431e-10,0.9999999999999967,3.3306690738754696e-15,constant-generator matrix exponential Pade(13),2,dimensionless populations/per-encounter yields,dimensionless per encounter unless field name gives s^-1 or s,True,"Illustrative one-factor-at-a-time grid; bounds are not measured ranges or probability priors. Results are populations and per-encounter yields, not concentrations or biological fluxes. No encounter yield is converted to molarity, and no continuous biological ROS source is modeled.",4e863b04abf00d77462be6bdf33a6b2ad343ab81,485e6c100ae04a17802c8cfb09694c7b6fe9783be2b477e00a0a465bb075e0f8,configs/doxorubicin_parameters.json,0b7d200aedee3aed703b810ad54927a2126d9ee0952f6ef87cf5ebb57992d345,configs/parameter_provenance.csv,86c4261fcb9616a643db79340fe0b7398ba10a5c46464e67e8b697bcfc3a4ec9
selectivity_doublet-manifold_mixture,doublet,doublet-manifold mixture PD/2,,0.9999999999999999,1000000.0,8.0,8e-06,10.0,10000000.0,0.1,100000.0,0.1,100000.0,1.0,1000000.0,1.0,1000000.0,3.981071705534973,3981071.705534973,6.801280994491689e-12,4.218392771010829e-12,1.101967376550252e-11,0.20226662174164312,0.4759208451621525,0.6781874669037956,0.3218125330851813,1.101967376550252e-11,0.9999999999999966,3.4416913763379853e-15,constant-generator matrix exponential Pade(13),2,dimensionless populations/per-encounter yields,dimensionless per encounter unless field name gives s^-1 or s,True,"Illustrative one-factor-at-a-time grid; bounds are not measured ranges or probability priors. Results are populations and per-encounter yields, not concentrations or biological fluxes. No encounter yield is converted to molarity, and no continuous biological ROS source is modeled.",4e863b04abf00d77462be6bdf33a6b2ad343ab81,485e6c100ae04a17802c8cfb09694c7b6fe9783be2b477e00a0a465bb075e0f8,configs/doxorubicin_parameters.json,0b7d200aedee3aed703b810ad54927a2126d9ee0952f6ef87cf5ebb57992d345,configs/parameter_provenance.csv,86c4261fcb9616a643db79340fe0b7398ba10a5c46464e67e8b697bcfc3a4ec9
selectivity_doublet-manifold_mixture,doublet,doublet-manifold mixture PD/2,,0.9999999999999999,1000000.0,8.0,8e-06,10.0,10000000.0,0.1,100000.0,0.1,100000.0,1.0,1000000.0,1.0,1000000.0,6.309573444801936,6309573.444801936,1.691917216435249e-14,9.273016997686698e-15,2.6192189162039184e-14,0.18312111942638076,0.54705533371652,0.7301764531429008,0.2698235468570663,2.6192189162039184e-14,0.9999999999999933,6.661338147750939e-15,constant-generator matrix exponential Pade(13),2,dimensionless populations/per-encounter yields,dimensionless per encounter unless field name gives s^-1 or s,True,"Illustrative one-factor-at-a-time grid; bounds are not measured ranges or probability priors. Results are populations and per-encounter yields, not concentrations or biological fluxes. No encounter yield is converted to molarity, and no continuous biological ROS source is modeled.",4e863b04abf00d77462be6bdf33a6b2ad343ab81,485e6c100ae04a17802c8cfb09694c7b6fe9783be2b477e00a0a465bb075e0f8,configs/doxorubicin_parameters.json,0b7d200aedee3aed703b810ad54927a2126d9ee0952f6ef87cf5ebb57992d345,configs/parameter_provenance.csv,86c4261fcb9616a643db79340fe0b7398ba10a5c46464e67e8b697bcfc3a4ec9
selectivity_doublet-manifold_mixture,doublet,doublet-manifold mixture PD/2,,0.9999999999999999,1000000.0,8.0,8e-06,10.0,10000000.0,0.1,100000.0,0.1,100000.0,1.0,1000000.0,1.0,1000000.0,10.0,10000000.0,2.9534000236366478e-18,1.4609234415981385e-18,4.4143234652347864e-18,0.17578874452754434,0.5894750099499131,0.7652637544774574,0.2347362455225357,4.4143234652347864e-18,0.9999999999999931,6.8833827526759706e-15,constant-generator matrix exponential Pade(13),2,dimensionless populations/per-encounter yields,dimensionless per encounter unless field name gives s^-1 or s,True,"Illustrative one-factor-at-a-time grid; bounds are not measured ranges or probability priors. Results are populations and per-encounter yields, not concentrations or biological fluxes. No encounter yield is converted to molarity, and no continuous biological ROS source is modeled.",4e863b04abf00d77462be6bdf33a6b2ad343ab81,485e6c100ae04a17802c8cfb09694c7b6fe9783be2b477e00a0a465bb075e0f8,configs/doxorubicin_parameters.json,0b7d200aedee3aed703b810ad54927a2126d9ee0952f6ef87cf5ebb57992d345,configs/parameter_provenance.csv,86c4261fcb9616a643db79340fe0b7398ba10a5c46464e67e8b697bcfc3a4ec9
selectivity_doublet-manifold_mixture,doublet,doublet-manifold mixture PD/2,,0.9999999999999999,1000000.0,8.0,8e-06,10.0,10000000.0,0.1,100000.0,0.1,100000.0,10.0,10000000.0,1.0,1000000.0,0.0,0.0,2.350222271400636e-37,1.3412152357453104e-36,1.576237462885374e-36,0.07218974350545723,0.0,0.07218974350545723,0.9278102564945361,1.576237462885374e-36,0.9999999999999933,6.661338147750939e-15,constant-generator matrix exponential Pade(13),2,dimensionless populations/per-encounter yields,dimensionless per encounter unless field name gives s^-1 or s,True,"Illustrative one-factor-at-a-time grid; bounds are not measured ranges or probability priors. Results are populations and per-encounter yields, not concentrations or biological fluxes. No encounter yield is converted to molarity, and no continuous biological ROS source is modeled.",4e863b04abf00d77462be6bdf33a6b2ad343ab81,485e6c100ae04a17802c8cfb09694c7b6fe9783be2b477e00a0a465bb075e0f8,configs/doxorubicin_parameters.json,0b7d200aedee3aed703b810ad54927a2126d9ee0952f6ef87cf5ebb57992d345,configs/parameter_provenance.csv,86c4261fcb9616a643db79340fe0b7398ba10a5c46464e67e8b697bcfc3a4ec9
selectivity_doublet-manifold_mixture,doublet,doublet-manifold mixture PD/2,,0.9999999999999999,1000000.0,8.0,8e-06,10.0,10000000.0,0.1,100000.0,0.1,100000.0,10.0,10000000.0,1.0,1000000.0,0.01,10000.0,2.222928159975208e-37,1.2545963019657538e-36,1.4768891179632746e-36,0.07218971909424982,0.00020570738258066378,0.07239542647683048,0.9276045735231621,1.4768891179632746e-36,0.9999999999999926,7.438494264988549e-15,constant-generator matrix exponential Pade(13),2,dimensionless populations/per-encounter yields,dimensionless per encounter unless field name gives s^-1 or s,True,"Illustrative one-factor-at-a-time grid; bounds are not measured ranges or probability priors. Results are populations and per-encounter yields, not concentrations or biological fluxes. No encounter yield is converted to molarity, and no continuous biological ROS source is modeled.",4e863b04abf00d77462be6bdf33a6b2ad343ab81,485e6c100ae04a17802c8cfb09694c7b6fe9783be2b477e00a0a465bb075e0f8,configs/doxorubicin_parameters.json,0b7d200aedee3aed703b810ad54927a2126d9ee0952f6ef87cf5ebb57992d345,configs/parameter_provenance.csv,86c4261fcb9616a643db79340fe0b7398ba10a5c46464e67e8b697bcfc3a4ec9
selectivity_doublet-manifold_mixture,doublet,doublet-manifold mixture PD/2,,0.9999999999999999,1000000.0,8.0,8e-06,10.0,10000000.0,0.1,100000.0,0.1,100000.0,10.0,10000000.0,1.0,1000000.0,0.015848931924611134,15848.931924611134,2.1518667063282535e-37,1.2066163299223351e-36,1.4218030005551606e-36,0.07218970864771407,0.0003258340245171277,0.07251554267223119,0.9274844573277616,1.4218030005551606e-36,0.9999999999999928,7.216449660063518e-15,constant-generator matrix exponential Pade(13),2,dimensionless populations/per-encounter yields,dimensionless per encounter unless field name gives s^-1 or s,True,"Illustrative one-factor-at-a-time grid; bounds are not measured ranges or probability priors. Results are populations and per-encounter yields, not concentrations or biological fluxes. No encounter yield is converted to molarity, and no continuous biological ROS source is modeled.",4e863b04abf00d77462be6bdf33a6b2ad343ab81,485e6c100ae04a17802c8cfb09694c7b6fe9783be2b477e00a0a465bb075e0f8,configs/doxorubicin_parameters.json,0b7d200aedee3aed703b810ad54927a2126d9ee0952f6ef87cf5ebb57992d345,configs/parameter_provenance.csv,86c4261fcb9616a643db79340fe0b7398ba10a5c46464e67e8b697bcfc3a4ec9
selectivity_doublet-manifold_mixture,doublet,doublet-manifold mixture PD/2,,0.9999999999999999,1000000.0,8.0,8e-06,10.0,10000000.0,0.1,100000.0,0.1,100000.0,10.0,10000000.0,1.0,1000000.0,0.025118864315095794,25118.864315095794,2.0441140778429394e-37,1.134398830882281e-36,1.3388102386665753e-36,0.07218969786960736,0.000515934913293448,0.0727056327829008,0.9272943672170922,1.3388102386665753e-36,0.999999999999993,6.994405055138486e-15,constant-generator matrix exponential Pade(13),2,dimensionless populations/per-encounter yields,dimensionless per encounter unless field name gives s^-1 or s,True,"Illustrative one-factor-at-a-time grid; bounds are not measured ranges or probability priors. Results are populations and per-encounter yields, not concentrations or biological fluxes. No encounter yield is converted to molarity, and no continuous biological ROS source is modeled.",4e863b04abf00d77462be6bdf33a6b2ad343ab81,485e6c100ae04a17802c8cfb09694c7b6fe9783be2b477e00a0a465bb075e0f8,configs/doxorubicin_parameters.json,0b7d200aedee3aed703b810ad54927a2126d9ee0952f6ef87cf5ebb57992d345,configs/parameter_provenance.csv,86c4261fcb9616a643db79340fe0b7398ba10a5c46464e67e8b697bcfc3a4ec9
selectivity_doublet-manifold_mixture,doublet,doublet-manifold mixture PD/2,,0.9999999999999999,1000000.0,8.0,8e-06,10.0,10000000.0,0.1,100000.0,0.1,100000.0,10.0,10000000.0,1.0,1000000.0,0.039810717055349734,39810.717055349734,1.884858867826949e-37,1.0289108251926596e-36,1.2173967119753545e-36,0.07218969526050455,0.0008165052540101297,0.07300620051451467,0.9269937994854782,1.2173967119753545e-36,0.9999999999999929,7.105427357601002e-15,constant-generator matrix exponential Pade(13),2,dimensionless populations/per-encounter yields,dimensionless per encounter unless field name gives s^-1 or s,True,"Illustrative one-factor-at-a-time grid; bounds are not measured ranges or probability priors. Results are populations and per-encounter yields, not concentrations or biological fluxes. No encounter yield is converted to molarity, and no continuous biological ROS source is modeled.",4e863b04abf00d77462be6bdf33a6b2ad343ab81,485e6c100ae04a17802c8cfb09694c7b6fe9783be2b477e00a0a465bb075e0f8,configs/doxorubicin_parameters.json,0b7d200aedee3aed703b810ad54927a2126d9ee0952f6ef87cf5ebb57992d345,configs/parameter_provenance.csv,86c4261fcb9616a643db79340fe0b7398ba10a5c46464e67e8b697bcfc3a4ec9
selectivity_doublet-manifold_mixture,doublet,doublet-manifold mixture PD/2,,0.9999999999999999,1000000.0,8.0,8e-06,10.0,10000000.0,0.1,100000.0,0.1,100000.0,10.0,10000000.0,1.0,1000000.0,0.06309573444801933,63095.73444801933,1.6587683114938424e-37,8.819294268914653e-37,1.0478062580408496e-36,0.07218972731352445,0.0012910770484478344,0.07348080436197228,0.9265191956380204,1.0478062580408496e-36,0.9999999999999927,7.327471962526033e-15,constant-generator matrix exponential Pade(13),2,dimensionless populations/per-encounter yields,dimensionless per encounter unless field name gives s^-1 or s,True,"Illustrative one-factor-at-a-time grid; bounds are not measured ranges or probability priors. Results are populations and per-encounter yields, not concentrations or biological fluxes. No encounter yield is converted to molarity, and no continuous biological ROS source is modeled.",4e863b04abf00d77462be6bdf33a6b2ad343ab81,485e6c100ae04a17802c8cfb09694c7b6fe9783be2b477e00a0a465bb075e0f8,configs/doxorubicin_parameters.json,0b7d200aedee3aed703b810ad54927a2126d9ee0952f6ef87cf5ebb57992d345,configs/parameter_provenance.csv,86c4261fcb9616a643db79340fe0b7398ba10a5c46464e67e8b697bcfc3a4ec9
selectivity_doublet-manifold_mixture,doublet,doublet-manifold mixture PD/2,,0.9999999999999999,1000000.0,8.0,8e-06,10.0,10000000.0,0.1,100000.0,0.1,100000.0,10.0,10000000.0,1.0,1000000.0,0.1,100000.0,1.357347472337344e-37,6.917450125853627e-37,8.274797598190971e-37,0.07218986835609129,0.0020387272087424627,0.07422859556483374,0.9257714044351595,8.274797598190971e-37,0.9999999999999932,6.772360450213455e-15,constant-generator matrix exponential Pade(13),2,dimensionless populations/per-encounter yields,dimensionless per encounter unless field name gives s^-1 or s,True,"Illustrative one-factor-at-a-time grid; bounds are not measured ranges or probability priors. Results are populations and per-encounter yields, not concentrations or biological fluxes. No encounter yield is converted to molarity, and no continuous biological ROS source is modeled.",4e863b04abf00d77462be6bdf33a6b2ad343ab81,485e6c100ae04a17802c8cfb09694c7b6fe9783be2b477e00a0a465bb075e0f8,configs/doxorubicin_parameters.json,0b7d200aedee3aed703b810ad54927a2126d9ee0952f6ef87cf5ebb57992d345,configs/parameter_provenance.csv,86c4261fcb9616a643db79340fe0b7398ba10a5c46464e67e8b697bcfc3a4ec9
selectivity_doublet-manifold_mixture,doublet,doublet-manifold mixture PD/2,,0.9999999999999999,1000000.0,8.0,8e-06,10.0,10000000.0,0.1,100000.0,0.1,100000.0,10.0,10000000.0,1.0,1000000.0,0.15848931924611143,158489.31924611144,9.927552922338807e-38,4.72457466723528e-37,5.717329959469161e-37,0.07219031597488991,0.003212484045146425,0.07540280002003634,0.9245971999799566,5.717329959469161e-37,0.9999999999999929,7.105427357601002e-15,constant-generator matrix exponential Pade(13),2,dimensionless populations/per-encounter yields,dimensionless per encounter unless field name gives s^-1 or s,True,"Illustrative one-factor-at-a-time grid; bounds are not measured ranges or probability priors. Results are populations and per-encounter yields, not concentrations or biological fluxes. No encounter yield is converted to molarity, and no continuous biological ROS source is modeled.",4e863b04abf00d77462be6bdf33a6b2ad343ab81,485e6c100ae04a17802c8cfb09694c7b6fe9783be2b477e00a0a465bb075e0f8,configs/doxorubicin_parameters.json,0b7d200aedee3aed703b810ad54927a2126d9ee0952f6ef87cf5ebb57992d345,configs/parameter_provenance.csv,86c4261fcb9616a643db79340fe0b7398ba10a5c46464e67e8b697bcfc3a4ec9
selectivity_doublet-manifold_mixture,doublet,doublet-manifold mixture PD/2,,0.9999999999999999,1000000.0,8.0,8e-06,10.0,10000000.0,0.1,100000.0,0.1,100000.0,10.0,10000000.0,1.0,1000000.0,0.25118864315095807,251188.64315095806,6.125719963036851e-38,2.607591634072777e-37,3.2201636303764624e-37,0.07219157809511068,0.005045063057199717,0.0772366411523104,0.9227633588476822,3.2201636303764624e-37,0.9999999999999927,7.327471962526033e-15,constant-generator matrix exponential Pade(13),2,dimensionless populations/per-encounter yields,dimensionless per encounter unless field name gives s^-1 or s,True,"Illustrative one-factor-at-a-time grid; bounds are not measured ranges or probability priors. Results are populations and per-encounter yields, not concentrations or biological fluxes. No encounter yield is converted to molarity, and no continuous biological ROS source is modeled.",4e863b04abf00d77462be6bdf33a6b2ad343ab81,485e6c100ae04a17802c8cfb09694c7b6fe9783be2b477e00a0a465bb075e0f8,configs/doxorubicin_parameters.json,0b7d200aedee3aed703b810ad54927a2126d9ee0952f6ef87cf5ebb57992d345,configs/parameter_provenance.csv,86c4261fcb9616a643db79340fe0b7398ba10a5c46464e67e8b697bcfc3a4ec9
selectivity_doublet-manifold_mixture,doublet,doublet-manifold mixture PD/2,,0.9999999999999999,1000000.0,8.0,8e-06,10.0,10000000.0,0.1,100000.0,0.1,100000.0,10.0,10000000.0,1.0,1000000.0,0.3981071705534973,398107.17055349733,2.9465181349767684e-38,1.0450003094573121e-37,1.3396521229549889e-37,0.07219492720382456,0.007881498914902862,0.08007642611872742,0.9199235738812654,1.3396521229549889e-37,0.9999999999999929,7.105427357601002e-15,constant-generator matrix exponential Pade(13),2,dimensionless populations/per-encounter yields,dimensionless per encounter unless field name gives s^-1 or s,True,"Illustrative one-factor-at-a-time grid; bounds are not measured ranges or probability priors. Results are populations and per-encounter yields, not concentrations or biological fluxes. No encounter yield is converted to molarity, and no continuous biological ROS source is modeled.",4e863b04abf00d77462be6bdf33a6b2ad343ab81,485e6c100ae04a17802c8cfb09694c7b6fe9783be2b477e00a0a465bb075e0f8,configs/doxorubicin_parameters.json,0b7d200aedee3aed703b810ad54927a2126d9ee0952f6ef87cf5ebb57992d345,configs/parameter_provenance.csv,86c4261fcb9616a643db79340fe0b7398ba10a5c46464e67e8b697bcfc3a4ec9
selectivity_doublet-manifold_mixture,doublet,doublet-manifold mixture PD/2,,0.9999999999999999,1000000.0,8.0,8e-06,10.0,10000000.0,0.1,100000.0,0.1,100000.0,10.0,10000000.0,1.0,1000000.0,0.6309573444801934,630957.3444801933,1.005237081095485e-38,2.656622808796754e-38,3.6618598898922396e-38,0.07220347186112422,0.012212157449996666,0.08441562931112088,0.9155843706888718,3.6618598898922396e-38,0.9999999999999927,7.327471962526033e-15,constant-generator matrix exponential Pade(13),2,dimensionless populations/per-encounter yields,dimensionless per encounter unless field name gives s^-1 or s,True,"Illustrative one-factor-at-a-time grid; bounds are not measured ranges or probability priors. Results are populations and per-encounter yields, not concentrations or biological fluxes. No encounter yield is converted to molarity, and no continuous biological ROS source is modeled.",4e863b04abf00d77462be6bdf33a6b2ad343ab81,485e6c100ae04a17802c8cfb09694c7b6fe9783be2b477e00a0a465bb075e0f8,configs/doxorubicin_parameters.json,0b7d200aedee3aed703b810ad54927a2126d9ee0952f6ef87cf5ebb57992d345,configs/parameter_provenance.csv,86c4261fcb9616a643db79340fe0b7398ba10a5c46464e67e8b697bcfc3a4ec9
selectivity_doublet-manifold_mixture,doublet,doublet-manifold mixture PD/2,,0.9999999999999999,1000000.0,8.0,8e-06,10.0,10000000.0,0.1,100000.0,0.1,100000.0,10.0,10000000.0,1.0,1000000.0,1.0,1000000.0,2.22987343969307e-39,3.8247284557079926e-39,6.054601895401063e-39,0.07222457772493206,0.018684513184158195,0.09090909090909025,0.9090909090909024,6.054601895401063e-39,0.9999999999999927,7.327471962526033e-15,constant-generator matrix exponential Pade(13),2,dimensionless populations/per-encounter yields,dimensionless per encounter unless field name gives s^-1 or s,True,"Illustrative one-factor-at-a-time grid; bounds are not measured ranges or probability priors. Results are populations and per-encounter yields, not concentrations or biological fluxes. No encounter yield is converted to molarity, and no continuous biological ROS source is modeled.",4e863b04abf00d77462be6bdf33a6b2ad343ab81,485e6c100ae04a17802c8cfb09694c7b6fe9783be2b477e00a0a465bb075e0f8,configs/doxorubicin_parameters.json,0b7d200aedee3aed703b810ad54927a2126d9ee0952f6ef87cf5ebb57992d345,configs/parameter_provenance.csv,86c4261fcb9616a643db79340fe0b7398ba10a5c46464e67e8b697bcfc3a4ec9
selectivity_doublet-manifold_mixture,doublet,doublet-manifold mixture PD/2,,0.9999999999999999,1000000.0,8.0,8e-06,10.0,10000000.0,0.1,100000.0,0.1,100000.0,10.0,10000000.0,1.0,1000000.0,1.584893192461114,1584893.1924611141,2.9793177063295284e-40,3.170080667166135e-40,6.149398373495663e-40,0.07227497623913104,0.02804202774859816,0.10031700398772919,0.8996829960122639,6.149398373495663e-40,0.9999999999999931,6.8833827526759706e-15,constant-generator matrix exponential Pade(13),2,dimensionless populations/per-encounter yields,dimensionless per encounter unless field name gives s^-1 or s,True,"Illustrative one-factor-at-a-time grid; bounds are not measured ranges or probability priors. Results are populations and per-encounter yields, not concentrations or biological fluxes. No encounter yield is converted to molarity, and no continuous biological ROS source is modeled.",4e863b04abf00d77462be6bdf33a6b2ad343ab81,485e6c100ae04a17802c8cfb09694c7b6fe9783be2b477e00a0a465bb075e0f8,configs/doxorubicin_parameters.json,0b7d200aedee3aed703b810ad54927a2126d9ee0952f6ef87cf5ebb57992d345,configs/parameter_provenance.csv,86c4261fcb9616a643db79340fe0b7398ba10a5c46464e67e8b697bcfc3a4ec9
selectivity_doublet-manifold_mixture,doublet,doublet-manifold mixture PD/2,,0.9999999999999999,1000000.0,8.0,8e-06,10.0,10000000.0,0.1,100000.0,0.1,100000.0,10.0,10000000.0,1.0,1000000.0,2.5118864315095824,2511886.4315095823,1.9454467646215446e-41,1.4792380174906408e-41,3.4246847821121853e-41,0.07239038216750363,0.04089597745222084,0.11328635961972447,0.8867136403802682,3.4246847821121853e-41,0.9999999999999927,7.327471962526033e-15,constant-generator matrix exponential Pade(13),2,dimensionless populations/per-encounter yields,dimensionless per encounter unless field name gives s^-1 or s,True,"Illustrative one-factor-at-a-time grid; bounds are not measured ranges or probability priors. Results are populations and per-encounter yields, not concentrations or biological fluxes. No encounter yield is converted to molarity, and no continuous biological ROS source is modeled.",4e863b04abf00d77462be6bdf33a6b2ad343ab81,485e6c100ae04a17802c8cfb09694c7b6fe9783be2b477e00a0a465bb075e0f8,configs/doxorubicin_parameters.json,0b7d200aedee3aed703b810ad54927a2126d9ee0952f6ef87cf5ebb57992d345,configs/parameter_provenance.csv,86c4261fcb9616a643db79340fe0b7398ba10a5c46464e67e8b697bcfc3a4ec9
selectivity_doublet-manifold_mixture,doublet,doublet-manifold mixture PD/2,,0.9999999999999999,1000000.0,8.0,8e-06,10.0,10000000.0,0.1,100000.0,0.1,100000.0,10.0,10000000.0,1.0,1000000.0,3.981071705534973,3981071.705534973,3.659215787697964e-43,2.2695738404126036e-43,5.928789628110567e-43,0.07264019145611969,0.0572222074665138,0.1298623989226335,0.8701376010773594,5.928789628110567e-43,0.9999999999999929,7.105427357601002e-15,constant-generator matrix exponential Pade(13),2,dimensionless populations/per-encounter yields,dimensionless per encounter unless field name gives s^-1 or s,True,"Illustrative one-factor-at-a-time grid; bounds are not measured ranges or probability priors. Results are populations and per-encounter yields, not concentrations or biological fluxes. No encounter yield is converted to molarity, and no continuous biological ROS source is modeled.",4e863b04abf00d77462be6bdf33a6b2ad343ab81,485e6c100ae04a17802c8cfb09694c7b6fe9783be2b477e00a0a465bb075e0f8,configs/doxorubicin_parameters.json,0b7d200aedee3aed703b810ad54927a2126d9ee0952f6ef87cf5ebb57992d345,configs/parameter_provenance.csv,86c4261fcb9616a643db79340fe0b7398ba10a5c46464e67e8b697bcfc3a4ec9
selectivity_doublet-manifold_mixture,doublet,doublet-manifold mixture PD/2,,0.9999999999999999,1000000.0,8.0,8e-06,10.0,10000000.0,0.1,100000.0,0.1,100000.0,10.0,10000000.0,1.0,1000000.0,6.309573444801936,6309573.444801936,9.10282959176648e-46,4.989055771259505e-46,1.4091885363025987e-45,0.07314110504071103,0.07561157463766735,0.14875267967837838,0.8512473203216147,1.4091885363025987e-45,0.999999999999993,6.994405055138486e-15,constant-generator matrix exponential Pade(13),2,dimensionless populations/per-encounter yields,dimensionless per encounter unless field name gives s^-1 or s,True,"Illustrative one-factor-at-a-time grid; bounds are not measured ranges or probability priors. Results are populations and per-encounter yields, not concentrations or biological fluxes. No encounter yield is converted to molarity, and no continuous biological ROS source is modeled.",4e863b04abf00d77462be6bdf33a6b2ad343ab81,485e6c100ae04a17802c8cfb09694c7b6fe9783be2b477e00a0a465bb075e0f8,configs/doxorubicin_parameters.json,0b7d200aedee3aed703b810ad54927a2126d9ee0952f6ef87cf5ebb57992d345,configs/parameter_provenance.csv,86c4261fcb9616a643db79340fe0b7398ba10a5c46464e67e8b697bcfc3a4ec9
selectivity_doublet-manifold_mixture,doublet,doublet-manifold mixture PD/2,,0.9999999999999999,1000000.0,8.0,8e-06,10.0,10000000.0,0.1,100000.0,0.1,100000.0,10.0,10000000.0,1.0,1000000.0,10.0,10000000.0,1.5889841932176e-49,7.860040081336767e-50,2.3749882013512767e-49,0.07404883624637178,0.09273140064494831,0.1667802368913201,0.833219763108666,2.3749882013512767e-49,0.999999999999986,1.3988810110276972e-14,constant-generator matrix exponential Pade(13),2,dimensionless populations/per-encounter yields,dimensionless per encounter unless field name gives s^-1 or s,True,"Illustrative one-factor-at-a-time grid; bounds are not measured ranges or probability priors. Results are populations and per-encounter yields, not concentrations or biological fluxes. No encounter yield is converted to molarity, and no continuous biological ROS source is modeled.",4e863b04abf00d77462be6bdf33a6b2ad343ab81,485e6c100ae04a17802c8cfb09694c7b6fe9783be2b477e00a0a465bb075e0f8,configs/doxorubicin_parameters.json,0b7d200aedee3aed703b810ad54927a2126d9ee0952f6ef87cf5ebb57992d345,configs/parameter_provenance.csv,86c4261fcb9616a643db79340fe0b7398ba10a5c46464e67e8b697bcfc3a4ec9
selectivity_quartet-manifold_mixture,quartet,quartet-manifold mixture PQ/4,,-1.008102552748629e-17,1000000.0,8.0,8e-06,0.0,0.0,0.1,100000.0,0.1,100000.0,0.1,100000.0,1.0,1000000.0,0.0,0.0,0.017329821194909723,0.2794752571474327,0.29680507834234243,0.22955938639501428,0.0,0.22955938639501428,0.4736355352626429,0.29680507834234243,0.9999999999999996,4.440892098500626e-16,constant-generator matrix exponential Pade(13),2,dimensionless populations/per-encounter yields,dimensionless per encounter unless field name gives s^-1 or s,True,"Illustrative one-factor-at-a-time grid; bounds are not measured ranges or probability priors. Results are populations and per-encounter yields, not concentrations or biological fluxes. No encounter yield is converted to molarity, and no continuous biological ROS source is modeled.",4e863b04abf00d77462be6bdf33a6b2ad343ab81,485e6c100ae04a17802c8cfb09694c7b6fe9783be2b477e00a0a465bb075e0f8,configs/doxorubicin_parameters.json,0b7d200aedee3aed703b810ad54927a2126d9ee0952f6ef87cf5ebb57992d345,configs/parameter_provenance.csv,86c4261fcb9616a643db79340fe0b7398ba10a5c46464e67e8b697bcfc3a4ec9
selectivity_quartet-manifold_mixture,quartet,quartet-manifold mixture PQ/4,,-1.008102552748629e-17,1000000.0,8.0,8e-06,0.0,0.0,0.1,100000.0,0.1,100000.0,0.1,100000.0,1.0,1000000.0,0.01,10000.0,0.01615391106974988,0.2581103895024168,0.2742643005721667,0.22299258250805304,0.043676714424452256,0.2666692969325053,0.4590664024953278,0.2742643005721667,0.9999999999999998,2.220446049250313e-16,constant-generator matrix exponential Pade(13),2,dimensionless populations/per-encounter yields,dimensionless per encounter unless field name gives s^-1 or s,True,"Illustrative one-factor-at-a-time grid; bounds are not measured ranges or probability priors. Results are populations and per-encounter yields, not concentrations or biological fluxes. No encounter yield is converted to molarity, and no continuous biological ROS source is modeled.",4e863b04abf00d77462be6bdf33a6b2ad343ab81,485e6c100ae04a17802c8cfb09694c7b6fe9783be2b477e00a0a465bb075e0f8,configs/doxorubicin_parameters.json,0b7d200aedee3aed703b810ad54927a2126d9ee0952f6ef87cf5ebb57992d345,configs/parameter_provenance.csv,86c4261fcb9616a643db79340fe0b7398ba10a5c46464e67e8b697bcfc3a4ec9
selectivity_quartet-manifold_mixture,quartet,quartet-manifold mixture PQ/4,,-1.008102552748629e-17,1000000.0,8.0,8e-06,0.0,0.0,0.1,100000.0,0.1,100000.0,0.1,100000.0,1.0,1000000.0,0.015848931924611134,15848.931924611134,0.015504125967727338,0.2463803244671657,0.26188445043489306,0.21928106619782953,0.06798021532991919,0.2872612815277487,0.4508542680373582,0.26188445043489306,0.9999999999999999,1.1102230246251565e-16,constant-generator matrix exponential Pade(13),2,dimensionless populations/per-encounter yields,dimensionless per encounter unless field name gives s^-1 or s,True,"Illustrative one-factor-at-a-time grid; bounds are not measured ranges or probability priors. Results are populations and per-encounter yields, not concentrations or biological fluxes. No encounter yield is converted to molarity, and no continuous biological ROS source is modeled.",4e863b04abf00d77462be6bdf33a6b2ad343ab81,485e6c100ae04a17802c8cfb09694c7b6fe9783be2b477e00a0a465bb075e0f8,configs/doxorubicin_parameters.json,0b7d200aedee3aed703b810ad54927a2126d9ee0952f6ef87cf5ebb57992d345,configs/parameter_provenance.csv,86c4261fcb9616a643db79340fe0b7398ba10a5c46464e67e8b697bcfc3a4ec9
selectivity_quartet-manifold_mixture,quartet,quartet-manifold mixture PQ/4,,-1.008102552748629e-17,1000000.0,8.0,8e-06,0.0,0.0,0.1,100000.0,0.1,100000.0,0.1,100000.0,1.0,1000000.0,0.025118864315095794,25118.864315095794,0.014528349953448481,0.22887288942302006,0.24340123937646851,0.21358608858281247,0.10472727437406192,0.3183133629568744,0.4382853976666571,0.24340123937646851,1.0,0.0,constant-generator matrix exponential Pade(13),2,dimensionless populations/per-encounter yields,dimensionless per encounter unless field name gives s^-1 or s,True,"Illustrative one-factor-at-a-time grid; bounds are not measured ranges or probability priors. Results are populations and per-encounter yields, not concentrations or biological fluxes. No encounter yield is converted to molarity, and no continuous biological ROS source is modeled.",4e863b04abf00d77462be6bdf33a6b2ad343ab81,485e6c100ae04a17802c8cfb09694c7b6fe9783be2b477e00a0a465bb075e0f8,configs/doxorubicin_parameters.json,0b7d200aedee3aed703b810ad54927a2126d9ee0952f6ef87cf5ebb57992d345,configs/parameter_provenance.csv,86c4261fcb9616a643db79340fe0b7398ba10a5c46464e67e8b697bcfc3a4ec9
selectivity_quartet-manifold_mixture,quartet,quartet-manifold mixture PQ/4,,-1.008102552748629e-17,1000000.0,8.0,8e-06,0.0,0.0,0.1,100000.0,0.1,100000.0,0.1,100000.0,1.0,1000000.0,0.039810717055349734,39810.717055349734,0.013108273459392961,0.20364100907196592,0.2167492825313589,0.20500770822565234,0.15881556801387758,0.3638232762395299,0.41942744122911113,0.2167492825313589,1.0,0.0,constant-generator matrix exponential Pade(13),2,dimensionless populations/per-encounter yields,dimensionless per encounter unless field name gives s^-1 or s,True,"Illustrative one-factor-at-a-time grid; bounds are not measured ranges or probability priors. Results are populations and per-encounter yields, not concentrations or biological fluxes. No encounter yield is converted to molarity, and no continuous biological ROS source is modeled.",4e863b04abf00d77462be6bdf33a6b2ad343ab81,485e6c100ae04a17802c8cfb09694c7b6fe9783be2b477e00a0a465bb075e0f8,configs/doxorubicin_parameters.json,0b7d200aedee3aed703b810ad54927a2126d9ee0952f6ef87cf5ebb57992d345,configs/parameter_provenance.csv,86c4261fcb9616a643db79340fe0b7398ba10a5c46464e67e8b697bcfc3a4ec9
selectivity_quartet-manifold_mixture,quartet,quartet-manifold mixture PQ/4,,-1.008102552748629e-17,1000000.0,8.0,8e-06,0.0,0.0,0.1,100000.0,0.1,100000.0,0.1,100000.0,1.0,1000000.0,0.06309573444801933,63095.73444801933,0.011141249835640014,0.1692312496164357,0.18037249945207573,0.19245056467743854,0.23518645999602067,0.4276370246734592,0.3919904758744649,0.18037249945207573,0.9999999999999998,2.220446049250313e-16,constant-generator matrix exponential Pade(13),2,dimensionless populations/per-encounter yields,dimensionless per encounter unless field name gives s^-1 or s,True,"Illustrative one-factor-at-a-time grid; bounds are not measured ranges or probability priors. Results are populations and per-encounter yields, not concentrations or biological fluxes. No encounter yield is converted to molarity, and no continuous biological ROS source is modeled.",4e863b04abf00d77462be6bdf33a6b2ad343ab81,485e6c100ae04a17802c8cfb09694c7b6fe9783be2b477e00a0a465bb075e0f8,configs/doxorubicin_parameters.json,0b7d200aedee3aed703b810ad54927a2126d9ee0952f6ef87cf5ebb57992d345,configs/parameter_provenance.csv,86c4261fcb9616a643db79340fe0b7398ba10a5c46464e67e8b697bcfc3a4ec9
selectivity_quartet-manifold_mixture,quartet,quartet-manifold mixture PQ/4,,-1.008102552748629e-17,1000000.0,8.0,8e-06,0.0,0.0,0.1,100000.0,0.1,100000.0,0.1,100000.0,1.0,1000000.0,0.1,100000.0,0.008620121259751715,0.1262178698589338,0.1348379911186855,0.17485450939626218,0.33641102427271286,0.5112655336689751,0.35389647521233913,0.1348379911186855,0.9999999999999998,2.220446049250313e-16,constant-generator matrix exponential Pade(13),2,dimensionless populations/per-encounter yields,dimensionless per encounter unless field name gives s^-1 or s,True,"Illustrative one-factor-at-a-time grid; bounds are not measured ranges or probability priors. Results are populations and per-encounter yields, not concentrations or biological fluxes. No encounter yield is converted to molarity, and no continuous biological ROS source is modeled.",4e863b04abf00d77462be6bdf33a6b2ad343ab81,485e6c100ae04a17802c8cfb09694c7b6fe9783be2b477e00a0a465bb075e0f8,configs/doxorubicin_parameters.json,0b7d200aedee3aed703b810ad54927a2126d9ee0952f6ef87cf5ebb57992d345,configs/parameter_provenance.csv,86c4261fcb9616a643db79340fe0b7398ba10a5c46464e67e8b697bcfc3a4ec9
selectivity_quartet-manifold_mixture,quartet,quartet-manifold mixture PQ/4,,-1.008102552748629e-17,1000000.0,8.0,8e-06,0.0,0.0,0.1,100000.0,0.1,100000.0,0.1,100000.0,1.0,1000000.0,0.15848931924611143,158489.31924611144,0.005757743760859682,0.079320194526117,0.08507793828697667,0.15174929958417277,0.4586250122984238,0.6103743118825966,0.30454774983042654,0.08507793828697667,0.9999999999999998,2.220446049250313e-16,constant-generator matrix exponential Pade(13),2,dimensionless populations/per-encounter yields,dimensionless per encounter unless field name gives s^-1 or s,True,"Illustrative one-factor-at-a-time grid; bounds are not measured ranges or probability priors. Results are populations and per-encounter yields, not concentrations or biological fluxes. No encounter yield is converted to molarity, and no continuous biological ROS source is modeled.",4e863b04abf00d77462be6bdf33a6b2ad343ab81,485e6c100ae04a17802c8cfb09694c7b6fe9783be2b477e00a0a465bb075e0f8,configs/doxorubicin_parameters.json,0b7d200aedee3aed703b810ad54927a2126d9ee0952f6ef87cf5ebb57992d345,configs/parameter_provenance.csv,86c4261fcb9616a643db79340fe0b7398ba10a5c46464e67e8b697bcfc3a4ec9
selectivity_quartet-manifold_mixture,quartet,quartet-manifold mixture PQ/4,,-1.008102552748629e-17,1000000.0,8.0,8e-06,0.0,0.0,0.1,100000.0,0.1,100000.0,0.1,100000.0,1.0,1000000.0,0.25118864315095807,251188.64315095806,0.0030637201276367916,0.038017949678182845,0.041081669805819634,0.12409904279150973,0.5882305737677718,0.7123296165592815,0.24658871363489882,0.041081669805819634,1.0,0.0,constant-generator matrix exponential Pade(13),2,dimensionless populations/per-encounter yields,dimensionless per encounter unless field name gives s^-1 or s,True,"Illustrative one-factor-at-a-time grid; bounds are not measured ranges or probability priors. Results are populations and per-encounter yields, not concentrations or biological fluxes. No encounter yield is converted to molarity, and no continuous biological ROS source is modeled.",4e863b04abf00d77462be6bdf33a6b2ad343ab81,485e6c100ae04a17802c8cfb09694c7b6fe9783be2b477e00a0a465bb075e0f8,configs/doxorubicin_parameters.json,0b7d200aedee3aed703b810ad54927a2126d9ee0952f6ef87cf5ebb57992d345,configs/parameter_provenance.csv,86c4261fcb9616a643db79340fe0b7398ba10a5c46464e67e8b697bcfc3a4ec9
selectivity_quartet-manifold_mixture,quartet,quartet-manifold mixture PQ/4,,-1.008102552748629e-17,1000000.0,8.0,8e-06,0.0,0.0,0.1,100000.0,0.1,100000.0,0.1,100000.0,1.0,1000000.0,0.3981071705534973,398107.17055349733,0.0011575844940770689,0.011881891881767394,0.013039476375844463,0.09484373743196581,0.7054351214587404,0.8002788588907063,0.18668166473344885,0.013039476375844463,0.9999999999999996,4.440892098500626e-16,constant-generator matrix exponential Pade(13),2,dimensionless populations/per-encounter yields,dimensionless per encounter unless field name gives s^-1 or s,True,"Illustrative one-factor-at-a-time grid; bounds are not measured ranges or probability priors. Results are populations and per-encounter yields, not concentrations or biological fluxes. No encounter yield is converted to molarity, and no continuous biological ROS source is modeled.",4e863b04abf00d77462be6bdf33a6b2ad343ab81,485e6c100ae04a17802c8cfb09694c7b6fe9783be2b477e00a0a465bb075e0f8,configs/doxorubicin_parameters.json,0b7d200aedee3aed703b810ad54927a2126d9ee0952f6ef87cf5ebb57992d345,configs/parameter_provenance.csv,86c4261fcb9616a643db79340fe0b7398ba10a5c46464e67e8b697bcfc3a4ec9
selectivity_quartet-manifold_mixture,quartet,quartet-manifold mixture PQ/4,,-1.008102552748629e-17,1000000.0,8.0,8e-06,0.0,0.0,0.1,100000.0,0.1,100000.0,0.1,100000.0,1.0,1000000.0,0.6309573444801934,630957.3444801933,0.0002717684738858053,0.0019001520584689575,0.0021719205323547626,0.06803446506507368,0.7967187548148491,0.8647532198799228,0.13307485958772225,0.0021719205323547626,0.9999999999999998,2.220446049250313e-16,constant-generator matrix exponential Pade(13),2,dimensionless populations/per-encounter yields,dimensionless per encounter unless field name gives s^-1 or s,True,"Illustrative one-factor-at-a-time grid; bounds are not measured ranges or probability priors. Results are populations and per-encounter yields, not concentrations or biological fluxes. No encounter yield is converted to molarity, and no continuous biological ROS source is modeled.",4e863b04abf00d77462be6bdf33a6b2ad343ab81,485e6c100ae04a17802c8cfb09694c7b6fe9783be2b477e00a0a465bb075e0f8,configs/doxorubicin_parameters.json,0b7d200aedee3aed703b810ad54927a2126d9ee0952f6ef87cf5ebb57992d345,configs/parameter_provenance.csv,86c4261fcb9616a643db79340fe0b7398ba10a5c46464e67e8b697bcfc3a4ec9
selectivity_quartet-manifold_mixture,quartet,quartet-manifold mixture PQ/4,,-1.008102552748629e-17,1000000.0,8.0,8e-06,0.0,0.0,0.1,100000.0,0.1,100000.0,0.1,100000.0,1.0,1000000.0,1.0,1000000.0,4.0100197362357765e-05,0.00011063287773311919,0.00015073307509547694,0.04658217313139515,0.8623717058912449,0.90895387902264,0.09089538790226398,0.00015073307509547694,0.9999999999999994,5.551115123125783e-16,constant-generator matrix exponential Pade(13),2,dimensionless populations/per-encounter yields,dimensionless per encounter unless field name gives s^-1 or s,True,"Illustrative one-factor-at-a-time grid; bounds are not measured ranges or probability priors. Results are populations and per-encounter yields, not concentrations or biological fluxes. No encounter yield is converted to molarity, and no continuous biological ROS source is modeled.",4e863b04abf00d77462be6bdf33a6b2ad343ab81,485e6c100ae04a17802c8cfb09694c7b6fe9783be2b477e00a0a465bb075e0f8,configs/doxorubicin_parameters.json,0b7d200aedee3aed703b810ad54927a2126d9ee0952f6ef87cf5ebb57992d345,configs/parameter_provenance.csv,86c4261fcb9616a643db79340fe0b7398ba10a5c46464e67e8b697bcfc3a4ec9
selectivity_quartet-manifold_mixture,quartet,quartet-manifold mixture PQ/4,,-1.008102552748629e-17,1000000.0,8.0,8e-06,0.0,0.0,0.1,100000.0,0.1,100000.0,0.1,100000.0,1.0,1000000.0,1.584893192461114,1584893.1924611141,7.076060387552001e-06,2.482989728080653e-06,9.559050115632655e-06,0.030982193006375246,0.908582357490495,0.9395645504968703,0.06042589045301314,9.559050115632655e-06,0.9999999999999991,8.881784197001252e-16,constant-generator matrix exponential Pade(13),2,dimensionless populations/per-encounter yields,dimensionless per encounter unless field name gives s^-1 or s,True,"Illustrative one-factor-at-a-time grid; bounds are not measured ranges or probability priors. Results are populations and per-encounter yields, not concentrations or biological fluxes. No encounter yield is converted to molarity, and no continuous biological ROS source is modeled.",4e863b04abf00d77462be6bdf33a6b2ad343ab81,485e6c100ae04a17802c8cfb09694c7b6fe9783be2b477e00a0a465bb075e0f8,configs/doxorubicin_parameters.json,0b7d200aedee3aed703b810ad54927a2126d9ee0952f6ef87cf5ebb57992d345,configs/parameter_provenance.csv,86c4261fcb9616a643db79340fe0b7398ba10a5c46464e67e8b697bcfc3a4ec9
selectivity_quartet-manifold_mixture,quartet,quartet-manifold mixture PQ/4,,-1.008102552748629e-17,1000000.0,8.0,8e-06,0.0,0.0,0.1,100000.0,0.1,100000.0,0.1,100000.0,1.0,1000000.0,2.5118864315095824,2511886.4315095823,2.491987145936871e-06,2.2940639495525317e-07,2.7213935408921245e-06,0.020232733521787928,0.940306976736464,0.9605397102582519,0.039457568348205435,2.7213935408921245e-06,0.9999999999999982,1.7763568394002505e-15,constant-generator matrix exponential Pade(13),2,dimensionless populations/per-encounter yields,dimensionless per encounter unless field name gives s^-1 or s,True,"Illustrative one-factor-at-a-time grid; bounds are not measured ranges or probability priors. Results are populations and per-encounter yields, not concentrations or biological fluxes. No encounter yield is converted to molarity, and no continuous biological ROS source is modeled.",4e863b04abf00d77462be6bdf33a6b2ad343ab81,485e6c100ae04a17802c8cfb09694c7b6fe9783be2b477e00a0a465bb075e0f8,configs/doxorubicin_parameters.json,0b7d200aedee3aed703b810ad54927a2126d9ee0952f6ef87cf5ebb57992d345,configs/parameter_provenance.csv,86c4261fcb9616a643db79340fe0b7398ba10a5c46464e67e8b697bcfc3a4ec9
selectivity_quartet-manifold_mixture,quartet,quartet-manifold mixture PQ/4,,-1.008102552748629e-17,1000000.0,8.0,8e-06,0.0,0.0,0.1,100000.0,0.1,100000.0,0.1,100000.0,1.0,1000000.0,3.981071705534973,3981071.705534973,1.2133846829972638e-06,5.5454089547206505e-08,1.2688387725444705e-06,0.013053873585846469,0.961487984005954,0.9745418575918005,0.025456873569425213,1.2688387725444705e-06,0.9999999999999981,1.887379141862766e-15,constant-generator matrix exponential Pade(13),2,dimensionless populations/per-encounter yields,dimensionless per encounter unless field name gives s^-1 or s,True,"Illustrative one-factor-at-a-time grid; bounds are not measured ranges or probability priors. Results are populations and per-encounter yields, not concentrations or biological fluxes. No encounter yield is converted to molarity, and no continuous biological ROS source is modeled.",4e863b04abf00d77462be6bdf33a6b2ad343ab81,485e6c100ae04a17802c8cfb09694c7b6fe9783be2b477e00a0a465bb075e0f8,configs/doxorubicin_parameters.json,0b7d200aedee3aed703b810ad54927a2126d9ee0952f6ef87cf5ebb57992d345,configs/parameter_provenance.csv,86c4261fcb9616a643db79340fe0b7398ba10a5c46464e67e8b697bcfc3a4ec9
selectivity_quartet-manifold_mixture,quartet,quartet-manifold mixture PQ/4,,-1.008102552748629e-17,1000000.0,8.0,8e-06,0.0,0.0,0.1,100000.0,0.1,100000.0,0.1,100000.0,1.0,1000000.0,6.309573444801936,6309573.444801936,6.681986331507089e-07,1.698759165296799e-08,6.85186224803677e-07,0.008355274307772567,0.975350253307893,0.9837055276156657,0.01629378719810627,6.85186224803677e-07,0.9999999999999967,3.3306690738754696e-15,constant-generator matrix exponential Pade(13),2,dimensionless populations/per-encounter yields,dimensionless per encounter unless field name gives s^-1 or s,True,"Illustrative one-factor-at-a-time grid; bounds are not measured ranges or probability priors. Results are populations and per-encounter yields, not concentrations or biological fluxes. No encounter yield is converted to molarity, and no continuous biological ROS source is modeled.",4e863b04abf00d77462be6bdf33a6b2ad343ab81,485e6c100ae04a17802c8cfb09694c7b6fe9783be2b477e00a0a465bb075e0f8,configs/doxorubicin_parameters.json,0b7d200aedee3aed703b810ad54927a2126d9ee0952f6ef87cf5ebb57992d345,configs/parameter_provenance.csv,86c4261fcb9616a643db79340fe0b7398ba10a5c46464e67e8b697bcfc3a4ec9
selectivity_quartet-manifold_mixture,quartet,quartet-manifold mixture PQ/4,,-1.008102552748629e-17,1000000.0,8.0,8e-06,0.0,0.0,0.1,100000.0,0.1,100000.0,0.1,100000.0,1.0,1000000.0,10.0,10000000.0,3.90136222166931e-07,5.82228025601137e-09,3.959585024229424e-07,0.005320247397732597,0.9843042890138498,0.9896245364115824,0.01037506762991176,3.959585024229424e-07,0.9999999999999967,3.3306690738754696e-15,constant-generator matrix exponential Pade(13),2,dimensionless populations/per-encounter yields,dimensionless per encounter unless field name gives s^-1 or s,True,"Illustrative one-factor-at-a-time grid; bounds are not measured ranges or probability priors. Results are populations and per-encounter yields, not concentrations or biological fluxes. No encounter yield is converted to molarity, and no continuous biological ROS source is modeled.",4e863b04abf00d77462be6bdf33a6b2ad343ab81,485e6c100ae04a17802c8cfb09694c7b6fe9783be2b477e00a0a465bb075e0f8,configs/doxorubicin_parameters.json,0b7d200aedee3aed703b810ad54927a2126d9ee0952f6ef87cf5ebb57992d345,configs/parameter_provenance.csv,86c4261fcb9616a643db79340fe0b7398ba10a5c46464e67e8b697bcfc3a4ec9
selectivity_quartet-manifold_mixture,quartet,quartet-manifold mixture PQ/4,,-1.008102552748629e-17,1000000.0,8.0,8e-06,0.0,0.0,0.1,100000.0,0.1,100000.0,1.0,1000000.0,1.0,1000000.0,0.0,0.0,1.2938198565825034e-05,0.00020865226077869669,0.0002215904593445217,0.029399539310652003,0.0,0.029399539310652003,0.9703788702300029,0.0002215904593445217,0.9999999999999994,5.551115123125783e-16,constant-generator matrix exponential Pade(13),2,dimensionless populations/per-encounter yields,dimensionless per encounter unless field name gives s^-1 or s,True,"Illustrative one-factor-at-a-time grid; bounds are not measured ranges or probability priors. Results are populations and per-encounter yields, not concentrations or biological fluxes. No encounter yield is converted to molarity, and no continuous biological ROS source is modeled.",4e863b04abf00d77462be6bdf33a6b2ad343ab81,485e6c100ae04a17802c8cfb09694c7b6fe9783be2b477e00a0a465bb075e0f8,configs/doxorubicin_parameters.json,0b7d200aedee3aed703b810ad54927a2126d9ee0952f6ef87cf5ebb57992d345,configs/parameter_provenance.csv,86c4261fcb9616a643db79340fe0b7398ba10a5c46464e67e8b697bcfc3a4ec9
selectivity_quartet-manifold_mixture,quartet,quartet-manifold mixture PQ/4,,-1.008102552748629e-17,1000000.0,8.0,8e-06,0.0,0.0,0.1,100000.0,0.1,100000.0,1.0,1000000.0,1.0,1000000.0,0.01,10000.0,1.2060280754454224e-05,0.00019270155379708183,0.00020476183455153606,0.02912623907086306,0.009322205544789325,0.03844844461565239,0.9613467935497955,0.00020476183455153606,0.9999999999999993,6.661338147750939e-16,constant-generator matrix exponential Pade(13),2,dimensionless populations/per-encounter yields,dimensionless per encounter unless field name gives s^-1 or s,True,"Illustrative one-factor-at-a-time grid; bounds are not measured ranges or probability priors. Results are populations and per-encounter yields, not concentrations or biological fluxes. No encounter yield is converted to molarity, and no continuous biological ROS source is modeled.",4e863b04abf00d77462be6bdf33a6b2ad343ab81,485e6c100ae04a17802c8cfb09694c7b6fe9783be2b477e00a0a465bb075e0f8,configs/doxorubicin_parameters.json,0b7d200aedee3aed703b810ad54927a2126d9ee0952f6ef87cf5ebb57992d345,configs/parameter_provenance.csv,86c4261fcb9616a643db79340fe0b7398ba10a5c46464e67e8b697bcfc3a4ec9
selectivity_quartet-manifold_mixture,quartet,quartet-manifold mixture PQ/4,,-1.008102552748629e-17,1000000.0,8.0,8e-06,0.0,0.0,0.1,100000.0,0.1,100000.0,1.0,1000000.0,1.0,1000000.0,0.015848931924611134,15848.931924611134,1.1575160418789604e-05,0.00018394405371042764,0.00019551921412921727,0.028968710636481307,0.014694691739225604,0.043663402375706914,0.9561410784101634,0.00019551921412921727,0.9999999999999994,5.551115123125783e-16,constant-generator matrix exponential Pade(13),2,dimensionless populations/per-encounter yields,dimensionless per encounter unless field name gives s^-1 or s,True,"Illustrative one-factor-at-a-time grid; bounds are not measured ranges or probability priors. Results are populations and per-encounter yields, not concentrations or biological fluxes. No encounter yield is converted to molarity, and no continuous biological ROS source is modeled.",4e863b04abf00d77462be6bdf33a6b2ad343ab81,485e6c100ae04a17802c8cfb09694c7b6fe9783be2b477e00a0a465bb075e0f8,configs/doxorubicin_parameters.json,0b7d200aedee3aed703b810ad54927a2126d9ee0952f6ef87cf5ebb57992d345,configs/parameter_provenance.csv,86c4261fcb9616a643db79340fe0b7398ba10a5c46464e67e8b697bcfc3a4ec9
selectivity_quartet-manifold_mixture,quartet,quartet-manifold mixture PQ/4,,-1.008102552748629e-17,1000000.0,8.0,8e-06,0.0,0.0,0.1,100000.0,0.1,100000.0,1.0,1000000.0,1.0,1000000.0,0.025118864315095794,25118.864315095794,1.0846659894374615e-05,0.0001708732511653918,0.00018171991105976642,0.02872247824331366,0.02309131991785917,0.05181379816117283,0.9480044819277667,0.00018171991105976642,0.9999999999999992,7.771561172376096e-16,constant-generator matrix exponential Pade(13),2,dimensionless populations/per-encounter yields,dimensionless per encounter unless field name gives s^-1 or s,True,"Illustrative one-factor-at-a-time grid; bounds are not measured ranges or probability priors. Results are populations and per-encounter yields, not concentrations or biological fluxes. No encounter yield is converted to molarity, and no continuous biological ROS source is modeled.",4e863b04abf00d77462be6bdf33a6b2ad343ab81,485e6c100ae04a17802c8cfb09694c7b6fe9783be2b477e00a0a465bb075e0f8,configs/doxorubicin_parameters.json,0b7d200aedee3aed703b810ad54927a2126d9ee0952f6ef87cf5ebb57992d345,configs/parameter_provenance.csv,86c4261fcb9616a643db79340fe0b7398ba10a5c46464e67e8b697bcfc3a4ec9
selectivity_quartet-manifold_mixture,quartet,quartet-manifold mixture PQ/4,,-1.008102552748629e-17,1000000.0,8.0,8e-06,0.0,0.0,0.1,100000.0,0.1,100000.0,1.0,1000000.0,1.0,1000000.0,0.039810717055349734,39810.717055349734,9.786450937103444e-06,0.00015203548737663633,0.00016182193831373978,0.028340623523434,0.03611018150087427,0.06445080502430828,0.9353873730373773,0.00016182193831373978,0.9999999999999993,6.661338147750939e-16,constant-generator matrix exponential Pade(13),2,dimensionless populations/per-encounter yields,dimensionless per encounter unless field name gives s^-1 or s,True,"Illustrative one-factor-at-a-time grid; bounds are not measured ranges or probability priors. Results are populations and per-encounter yields, not concentrations or biological fluxes. No encounter yield is converted to molarity, and no continuous biological ROS source is modeled.",4e863b04abf00d77462be6bdf33a6b2ad343ab81,485e6c100ae04a17802c8cfb09694c7b6fe9783be2b477e00a0a465bb075e0f8,configs/doxorubicin_parameters.json,0b7d200aedee3aed703b810ad54927a2126d9ee0952f6ef87cf5ebb57992d345,configs/parameter_provenance.csv,86c4261fcb9616a643db79340fe0b7398ba10a5c46464e67e8b697bcfc3a4ec9
selectivity_quartet-manifold_mixture,quartet,quartet-manifold mixture PQ/4,,-1.008102552748629e-17,1000000.0,8.0,8e-06,0.0,0.0,0.1,100000.0,0.1,100000.0,1.0,1000000.0,1.0,1000000.0,0.06309573444801933,63095.73444801933,8.31789901486786e-06,0.00012634564929748246,0.0001346635483123503,0.027755654878211945,0.056048302107260035,0.08380395698547198,0.9160613794662152,0.0001346635483123503,0.9999999999999996,4.440892098500626e-16,constant-generator matrix exponential Pade(13),2,dimensionless populations/per-encounter yields,dimensionless per encounter unless field name gives s^-1 or s,True,"Illustrative one-factor-at-a-time grid; bounds are not measured ranges or probability priors. Results are populations and per-encounter yields, not concentrations or biological fluxes. No encounter yield is converted to molarity, and no continuous biological ROS source is modeled.",4e863b04abf00d77462be6bdf33a6b2ad343ab81,485e6c100ae04a17802c8cfb09694c7b6fe9783be2b477e00a0a465bb075e0f8,configs/doxorubicin_parameters.json,0b7d200aedee3aed703b810ad54927a2126d9ee0952f6ef87cf5ebb57992d345,configs/parameter_provenance.csv,86c4261fcb9616a643db79340fe0b7398ba10a5c46464e67e8b697bcfc3a4ec9
selectivity_quartet-manifold_mixture,quartet,quartet-manifold mixture PQ/4,,-1.008102552748629e-17,1000000.0,8.0,8e-06,0.0,0.0,0.1,100000.0,0.1,100000.0,1.0,1000000.0,1.0,1000000.0,0.1,100000.0,6.435660199016731e-06,9.423247040021458e-05,0.00010066813059923129,0.026876159770863318,0.0860133647570612,0.11288952452792451,0.8870098073414755,0.00010066813059923129,0.9999999999999993,6.661338147750939e-16,constant-generator matrix exponential Pade(13),2,dimensionless populations/per-encounter yields,dimensionless per encounter unless field name gives s^-1 or s,True,"Illustrative one-factor-at-a-time grid; bounds are not measured ranges or probability priors. Results are populations and per-encounter yields, not concentrations or biological fluxes. No encounter yield is converted to molarity, and no continuous biological ROS source is modeled.",4e863b04abf00d77462be6bdf33a6b2ad343ab81,485e6c100ae04a17802c8cfb09694c7b6fe9783be2b477e00a0a465bb075e0f8,configs/doxorubicin_parameters.json,0b7d200aedee3aed703b810ad54927a2126d9ee0952f6ef87cf5ebb57992d345,configs/parameter_provenance.csv,86c4261fcb9616a643db79340fe0b7398ba10a5c46464e67e8b697bcfc3a4ec9
selectivity_quartet-manifold_mixture,quartet,quartet-manifold mixture PQ/4,,-1.008102552748629e-17,1000000.0,8.0,8e-06,0.0,0.0,0.1,100000.0,0.1,100000.0,1.0,1000000.0,1.0,1000000.0,0.15848931924611143,158489.31924611144,4.298649780127216e-06,5.921933155087653e-05,6.351798133100376e-05,0.02559046195061526,0.1297962959510487,0.15538675790166395,0.8445497241170044,6.351798133100376e-05,0.9999999999999992,7.771561172376096e-16,constant-generator matrix exponential Pade(13),2,dimensionless populations/per-encounter yields,dimensionless per encounter unless field name gives s^-1 or s,True,"Illustrative one-factor-at-a-time grid; bounds are not measured ranges or probability priors. Results are populations and per-encounter yields, not concentrations or biological fluxes. No encounter yield is converted to molarity, and no continuous biological ROS source is modeled.",4e863b04abf00d77462be6bdf33a6b2ad343ab81,485e6c100ae04a17802c8cfb09694c7b6fe9783be2b477e00a0a465bb075e0f8,configs/doxorubicin_parameters.json,0b7d200aedee3aed703b810ad54927a2126d9ee0952f6ef87cf5ebb57992d345,configs/parameter_provenance.csv,86c4261fcb9616a643db79340fe0b7398ba10a5c46464e67e8b697bcfc3a4ec9
selectivity_quartet-manifold_mixture,quartet,quartet-manifold mixture PQ/4,,-1.008102552748629e-17,1000000.0,8.0,8e-06,0.0,0.0,0.1,100000.0,0.1,100000.0,1.0,1000000.0,1.0,1000000.0,0.25118864315095807,251188.64315095806,2.287329968131614e-06,2.838366169331007e-05,3.067099166144168e-05,0.023786229855585532,0.1912032039689094,0.21498943382449495,0.7849798951838429,3.067099166144168e-05,0.9999999999999993,6.661338147750939e-16,constant-generator matrix exponential Pade(13),2,dimensionless populations/per-encounter yields,dimensionless per encounter unless field name gives s^-1 or s,True,"Illustrative one-factor-at-a-time grid; bounds are not measured ranges or probability priors. Results are populations and per-encounter yields, not concentrations or biological fluxes. No encounter yield is converted to molarity, and no continuous biological ROS source is modeled.",4e863b04abf00d77462be6bdf33a6b2ad343ab81,485e6c100ae04a17802c8cfb09694c7b6fe9783be2b477e00a0a465bb075e0f8,configs/doxorubicin_parameters.json,0b7d200aedee3aed703b810ad54927a2126d9ee0952f6ef87cf5ebb57992d345,configs/parameter_provenance.csv,86c4261fcb9616a643db79340fe0b7398ba10a5c46464e67e8b697bcfc3a4ec9
selectivity_quartet-manifold_mixture,quartet,quartet-manifold mixture PQ/4,,-1.008102552748629e-17,1000000.0,8.0,8e-06,0.0,0.0,0.1,100000.0,0.1,100000.0,1.0,1000000.0,1.0,1000000.0,0.3981071705534973,398107.17055349733,8.642361552748389e-07,8.87085185559362e-06,9.735088010868461e-06,0.02139461589695359,0.27256036087323854,0.2939549767701921,0.7060352881417962,9.735088010868461e-06,0.9999999999999991,8.881784197001252e-16,constant-generator matrix exponential Pade(13),2,dimensionless populations/per-encounter yields,dimensionless per encounter unless field name gives s^-1 or s,True,"Illustrative one-factor-at-a-time grid; bounds are not measured ranges or probability priors. Results are populations and per-encounter yields, not concentrations or biological fluxes. No encounter yield is converted to molarity, and no continuous biological ROS source is modeled.",4e863b04abf00d77462be6bdf33a6b2ad343ab81,485e6c100ae04a17802c8cfb09694c7b6fe9783be2b477e00a0a465bb075e0f8,configs/doxorubicin_parameters.json,0b7d200aedee3aed703b810ad54927a2126d9ee0952f6ef87cf5ebb57992d345,configs/parameter_provenance.csv,86c4261fcb9616a643db79340fe0b7398ba10a5c46464e67e8b697bcfc3a4ec9
selectivity_quartet-manifold_mixture,quartet,quartet-manifold mixture PQ/4,,-1.008102552748629e-17,1000000.0,8.0,8e-06,0.0,0.0,0.1,100000.0,0.1,100000.0,1.0,1000000.0,1.0,1000000.0,0.6309573444801934,630957.3444801933,2.028984857673308e-07,1.4186265606106596e-06,1.6215250463779902e-06,0.01845325145686404,0.3725847854642889,0.39103803692115296,0.6089603415538001,1.6215250463779902e-06,0.9999999999999994,5.551115123125783e-16,constant-generator matrix exponential Pade(13),2,dimensionless populations/per-encounter yields,dimensionless per encounter unless field name gives s^-1 or s,True,"Illustrative one-factor-at-a-time grid; bounds are not measured ranges or probability priors. Results are populations and per-encounter yields, not concentrations or biological fluxes. No encounter yield is converted to molarity, and no continuous biological ROS source is modeled.",4e863b04abf00d77462be6bdf33a6b2ad343ab81,485e6c100ae04a17802c8cfb09694c7b6fe9783be2b477e00a0a465bb075e0f8,configs/doxorubicin_parameters.json,0b7d200aedee3aed703b810ad54927a2126d9ee0952f6ef87cf5ebb57992d345,configs/parameter_provenance.csv,86c4261fcb9616a643db79340fe0b7398ba10a5c46464e67e8b697bcfc3a4ec9
selectivity_quartet-manifold_mixture,quartet,quartet-manifold mixture PQ/4,,-1.008102552748629e-17,1000000.0,8.0,8e-06,0.0,0.0,0.1,100000.0,0.1,100000.0,1.0,1000000.0,1.0,1000000.0,1.0,1000000.0,2.993823826384035e-08,8.259693645541923e-08,1.1253517471925959e-07,0.015151499838146627,0.4848484438942657,0.4999999437324123,0.4999999437324123,1.1253517471925959e-07,0.9999999999999993,6.661338147750939e-16,constant-generator matrix exponential Pade(13),2,dimensionless populations/per-encounter yields,dimensionless per encounter unless field name gives s^-1 or s,True,"Illustrative one-factor-at-a-time grid; bounds are not measured ranges or probability priors. Results are populations and per-encounter yields, not concentrations or biological fluxes. No encounter yield is converted to molarity, and no continuous biological ROS source is modeled.",4e863b04abf00d77462be6bdf33a6b2ad343ab81,485e6c100ae04a17802c8cfb09694c7b6fe9783be2b477e00a0a465bb075e0f8,configs/doxorubicin_parameters.json,0b7d200aedee3aed703b810ad54927a2126d9ee0952f6ef87cf5ebb57992d345,configs/parameter_provenance.csv,86c4261fcb9616a643db79340fe0b7398ba10a5c46464e67e8b697bcfc3a4ec9
selectivity_quartet-manifold_mixture,quartet,quartet-manifold mixture PQ/4,,-1.008102552748629e-17,1000000.0,8.0,8e-06,0.0,0.0,0.1,100000.0,0.1,100000.0,1.0,1000000.0,1.0,1000000.0,1.584893192461114,1584893.1924611141,5.282886264562729e-09,1.8537648933300925e-09,7.136651157892822e-09,0.01180406199761384,0.5986618057011834,0.6104658676987973,0.3895341251645499,7.136651157892822e-09,0.9999999999999983,1.6653345369377348e-15,constant-generator matrix exponential Pade(13),2,dimensionless populations/per-encounter yields,dimensionless per encounter unless field name gives s^-1 or s,True,"Illustrative one-factor-at-a-time grid; bounds are not measured ranges or probability priors. Results are populations and per-encounter yields, not concentrations or biological fluxes. No encounter yield is converted to molarity, and no continuous biological ROS source is modeled.",4e863b04abf00d77462be6bdf33a6b2ad343ab81,485e6c100ae04a17802c8cfb09694c7b6fe9783be2b477e00a0a465bb075e0f8,configs/doxorubicin_parameters.json,0b7d200aedee3aed703b810ad54927a2126d9ee0952f6ef87cf5ebb57992d345,configs/parameter_provenance.csv,86c4261fcb9616a643db79340fe0b7398ba10a5c46464e67e8b697bcfc3a4ec9
selectivity_quartet-manifold_mixture,quartet,quartet-manifold mixture PQ/4,,-1.008102552748629e-17,1000000.0,8.0,8e-06,0.0,0.0,0.1,100000.0,0.1,100000.0,1.0,1000000.0,1.0,1000000.0,2.5118864315095824,2511886.4315095823,1.8604822378135811e-09,1.7127155882444846e-10,2.03175379663803e-09,0.008742758364990194,0.7027461856513448,0.711488944016335,0.28851105395190946,2.03175379663803e-09,0.9999999999999982,1.7763568394002505e-15,constant-generator matrix exponential Pade(13),2,dimensionless populations/per-encounter yields,dimensionless per encounter unless field name gives s^-1 or s,True,"Illustrative one-factor-at-a-time grid; bounds are not measured ranges or probability priors. Results are populations and per-encounter yields, not concentrations or biological fluxes. No encounter yield is converted to molarity, and no continuous biological ROS source is modeled.",4e863b04abf00d77462be6bdf33a6b2ad343ab81,485e6c100ae04a17802c8cfb09694c7b6fe9783be2b477e00a0a465bb075e0f8,configs/doxorubicin_parameters.json,0b7d200aedee3aed703b810ad54927a2126d9ee0952f6ef87cf5ebb57992d345,configs/parameter_provenance.csv,86c4261fcb9616a643db79340fe0b7398ba10a5c46464e67e8b697bcfc3a4ec9
selectivity_quartet-manifold_mixture,quartet,quartet-manifold mixture PQ/4,,-1.008102552748629e-17,1000000.0,8.0,8e-06,0.0,0.0,0.1,100000.0,0.1,100000.0,1.0,1000000.0,1.0,1000000.0,3.981071705534973,3981071.705534973,9.058957844273909e-10,4.1401236272393325e-11,9.472970206997844e-10,0.006196005465917451,0.7893357996230708,0.7955318050889882,0.20446819396371307,9.472970206997844e-10,0.9999999999999983,1.6653345369377348e-15,constant-generator matrix exponential Pade(13),2,dimensionless populations/per-encounter yields,dimensionless per encounter unless field name gives s^-1 or s,True,"Illustrative one-factor-at-a-time grid; bounds are not measured ranges or probability priors. Results are populations and per-encounter yields, not concentrations or biological fluxes. No encounter yield is converted to molarity, and no continuous biological ROS source is modeled.",4e863b04abf00d77462be6bdf33a6b2ad343ab81,485e6c100ae04a17802c8cfb09694c7b6fe9783be2b477e00a0a465bb075e0f8,configs/doxorubicin_parameters.json,0b7d200aedee3aed703b810ad54927a2126d9ee0952f6ef87cf5ebb57992d345,configs/parameter_provenance.csv,86c4261fcb9616a643db79340fe0b7398ba10a5c46464e67e8b697bcfc3a4ec9
selectivity_quartet-manifold_mixture,quartet,quartet-manifold mixture PQ/4,,-1.008102552748629e-17,1000000.0,8.0,8e-06,0.0,0.0,0.1,100000.0,0.1,100000.0,1.0,1000000.0,1.0,1000000.0,6.309573444801936,6309573.444801936,4.988676166870135e-10,1.268269484660452e-11,5.115503115336181e-10,0.004238970014161625,0.8558750115239366,0.8601139815380983,0.13988601795034797,5.115503115336181e-10,0.9999999999999966,3.4416913763379853e-15,constant-generator matrix exponential Pade(13),2,dimensionless populations/per-encounter yields,dimensionless per encounter unless field name gives s^-1 or s,True,"Illustrative one-factor-at-a-time grid; bounds are not measured ranges or probability priors. Results are populations and per-encounter yields, not concentrations or biological fluxes. No encounter yield is converted to molarity, and no continuous biological ROS source is modeled.",4e863b04abf00d77462be6bdf33a6b2ad343ab81,485e6c100ae04a17802c8cfb09694c7b6fe9783be2b477e00a0a465bb075e0f8,configs/doxorubicin_parameters.json,0b7d200aedee3aed703b810ad54927a2126d9ee0952f6ef87cf5ebb57992d345,configs/parameter_provenance.csv,86c4261fcb9616a643db79340fe0b7398ba10a5c46464e67e8b697bcfc3a4ec9
selectivity_quartet-manifold_mixture,quartet,quartet-manifold mixture PQ/4,,-1.008102552748629e-17,1000000.0,8.0,8e-06,0.0,0.0,0.1,100000.0,0.1,100000.0,1.0,1000000.0,1.0,1000000.0,10.0,10000000.0,2.9127016680351795e-10,4.346831811530187e-12,2.956169986150482e-10,0.002824858620465505,0.9039548022394953,0.9067796608599609,0.09322033884441504,2.956169986150482e-10,0.9999999999999929,7.105427357601002e-15,constant-generator matrix exponential Pade(13),2,dimensionless populations/per-encounter yields,dimensionless per encounter unless field name gives s^-1 or s,True,"Illustrative one-factor-at-a-time grid; bounds are not measured ranges or probability priors. Results are populations and per-encounter yields, not concentrations or biological fluxes. No encounter yield is converted to molarity, and no continuous biological ROS source is modeled.",4e863b04abf00d77462be6bdf33a6b2ad343ab81,485e6c100ae04a17802c8cfb09694c7b6fe9783be2b477e00a0a465bb075e0f8,configs/doxorubicin_parameters.json,0b7d200aedee3aed703b810ad54927a2126d9ee0952f6ef87cf5ebb57992d345,configs/parameter_provenance.csv,86c4261fcb9616a643db79340fe0b7398ba10a5c46464e67e8b697bcfc3a4ec9
selectivity_quartet-manifold_mixture,quartet,quartet-manifold mixture PQ/4,,-1.008102552748629e-17,1000000.0,8.0,8e-06,0.0,0.0,0.1,100000.0,0.1,100000.0,10.0,10000000.0,1.0,1000000.0,0.0,0.0,6.960991685945638e-37,1.1225880056986619e-35,1.1921979225581182e-35,0.0005948839976204568,0.0,0.0005948839976204568,0.9994051160023725,1.1921979225581182e-35,0.9999999999999929,7.105427357601002e-15,constant-generator matrix exponential Pade(13),2,dimensionless populations/per-encounter yields,dimensionless per encounter unless field name gives s^-1 or s,True,"Illustrative one-factor-at-a-time grid; bounds are not measured ranges or probability priors. Results are populations and per-encounter yields, not concentrations or biological fluxes. No encounter yield is converted to molarity, and no continuous biological ROS source is modeled.",4e863b04abf00d77462be6bdf33a6b2ad343ab81,485e6c100ae04a17802c8cfb09694c7b6fe9783be2b477e00a0a465bb075e0f8,configs/doxorubicin_parameters.json,0b7d200aedee3aed703b810ad54927a2126d9ee0952f6ef87cf5ebb57992d345,configs/parameter_provenance.csv,86c4261fcb9616a643db79340fe0b7398ba10a5c46464e67e8b697bcfc3a4ec9
selectivity_quartet-manifold_mixture,quartet,quartet-manifold mixture PQ/4,,-1.008102552748629e-17,1000000.0,8.0,8e-06,0.0,0.0,0.1,100000.0,0.1,100000.0,10.0,10000000.0,1.0,1000000.0,0.01,10000.0,6.48865556010841e-37,1.0367702327536377e-35,1.1016567883547219e-35,0.0005942935929207638,0.0009924703001776868,0.0015867638930984506,0.9984132361068945,1.1016567883547219e-35,0.9999999999999929,7.105427357601002e-15,constant-generator matrix exponential Pade(13),2,dimensionless populations/per-encounter yields,dimensionless per encounter unless field name gives s^-1 or s,True,"Illustrative one-factor-at-a-time grid; bounds are not measured ranges or probability priors. Results are populations and per-encounter yields, not concentrations or biological fluxes. No encounter yield is converted to molarity, and no continuous biological ROS source is modeled.",4e863b04abf00d77462be6bdf33a6b2ad343ab81,485e6c100ae04a17802c8cfb09694c7b6fe9783be2b477e00a0a465bb075e0f8,configs/doxorubicin_parameters.json,0b7d200aedee3aed703b810ad54927a2126d9ee0952f6ef87cf5ebb57992d345,configs/parameter_provenance.csv,86c4261fcb9616a643db79340fe0b7398ba10a5c46464e67e8b697bcfc3a4ec9
selectivity_quartet-manifold_mixture,quartet,quartet-manifold mixture PQ/4,,-1.008102552748629e-17,1000000.0,8.0,8e-06,0.0,0.0,0.1,100000.0,0.1,100000.0,10.0,10000000.0,1.0,1000000.0,0.015848931924611134,15848.931924611134,6.2276517885195465e-37,9.896532519910209e-36,1.0519297698762164e-35,0.000593948812096152,0.0015720468663657922,0.002165995678461944,0.9978340043215311,1.0519297698762164e-35,0.9999999999999931,6.8833827526759706e-15,constant-generator matrix exponential Pade(13),2,dimensionless populations/per-encounter yields,dimensionless per encounter unless field name gives s^-1 or s,True,"Illustrative one-factor-at-a-time grid; bounds are not measured ranges or probability priors. Results are populations and per-encounter yields, not concentrations or biological fluxes. No encounter yield is converted to molarity, and no continuous biological ROS source is modeled.",4e863b04abf00d77462be6bdf33a6b2ad343ab81,485e6c100ae04a17802c8cfb09694c7b6fe9783be2b477e00a0a465bb075e0f8,configs/doxorubicin_parameters.json,0b7d200aedee3aed703b810ad54927a2126d9ee0952f6ef87cf5ebb57992d345,configs/parameter_provenance.csv,86c4261fcb9616a643db79340fe0b7398ba10a5c46464e67e8b697bcfc3a4ec9
selectivity_quartet-manifold_mixture,quartet,quartet-manifold mixture PQ/4,,-1.008102552748629e-17,1000000.0,8.0,8e-06,0.0,0.0,0.1,100000.0,0.1,100000.0,10.0,10000000.0,1.0,1000000.0,0.025118864315095794,25118.864315095794,5.8357049446170285e-37,9.193299010378566e-36,9.776869504840267e-36,0.0005934031900215377,0.002489237573787436,0.0030826407638089737,0.996917359236184,9.776869504840267e-36,0.9999999999999929,7.105427357601002e-15,constant-generator matrix exponential Pade(13),2,dimensionless populations/per-encounter yields,dimensionless per encounter unless field name gives s^-1 or s,True,"Illustrative one-factor-at-a-time grid; bounds are not measured ranges or probability priors. Results are populations and per-encounter yields, not concentrations or biological fluxes. No encounter yield is converted to molarity, and no continuous biological ROS source is modeled.",4e863b04abf00d77462be6bdf33a6b2ad343ab81,485e6c100ae04a17802c8cfb09694c7b6fe9783be2b477e00a0a465bb075e0f8,configs/doxorubicin_parameters.json,0b7d200aedee3aed703b810ad54927a2126d9ee0952f6ef87cf5ebb57992d345,configs/parameter_provenance.csv,86c4261fcb9616a643db79340fe0b7398ba10a5c46464e67e8b697bcfc3a4ec9
selectivity_quartet-manifold_mixture,quartet,quartet-manifold mixture PQ/4,,-1.008102552748629e-17,1000000.0,8.0,8e-06,0.0,0.0,0.1,100000.0,0.1,100000.0,10.0,10000000.0,1.0,1000000.0,0.039810717055349734,39810.717055349734,5.265292788753022e-37,8.179792250158477e-36,8.706321529033779e-36,0.0005925404877429354,0.003939440104129237,0.0045319805918721725,0.9954680194081208,8.706321529033779e-36,0.999999999999993,6.994405055138486e-15,constant-generator matrix exponential Pade(13),2,dimensionless populations/per-encounter yields,dimensionless per encounter unless field name gives s^-1 or s,True,"Illustrative one-factor-at-a-time grid; bounds are not measured ranges or probability priors. Results are populations and per-encounter yields, not concentrations or biological fluxes. No encounter yield is converted to molarity, and no continuous biological ROS source is modeled.",4e863b04abf00d77462be6bdf33a6b2ad343ab81,485e6c100ae04a17802c8cfb09694c7b6fe9783be2b477e00a0a465bb075e0f8,configs/doxorubicin_parameters.json,0b7d200aedee3aed703b810ad54927a2126d9ee0952f6ef87cf5ebb57992d345,configs/parameter_provenance.csv,86c4261fcb9616a643db79340fe0b7398ba10a5c46464e67e8b697bcfc3a4ec9
selectivity_quartet-manifold_mixture,quartet,quartet-manifold mixture PQ/4,,-1.008102552748629e-17,1000000.0,8.0,8e-06,0.0,0.0,0.1,100000.0,0.1,100000.0,10.0,10000000.0,1.0,1000000.0,0.06309573444801933,63095.73444801933,4.475184516024498e-37,6.797631137291984e-36,7.245149588894432e-36,0.0005911783232050924,0.006229238692226472,0.0068204170154315645,0.9931795829845613,7.245149588894432e-36,0.9999999999999929,7.105427357601002e-15,constant-generator matrix exponential Pade(13),2,dimensionless populations/per-encounter yields,dimensionless per encounter unless field name gives s^-1 or s,True,"Illustrative one-factor-at-a-time grid; bounds are not measured ranges or probability priors. Results are populations and per-encounter yields, not concentrations or biological fluxes. No encounter yield is converted to molarity, and no continuous biological ROS source is modeled.",4e863b04abf00d77462be6bdf33a6b2ad343ab81,485e6c100ae04a17802c8cfb09694c7b6fe9783be2b477e00a0a465bb075e0f8,configs/doxorubicin_parameters.json,0b7d200aedee3aed703b810ad54927a2126d9ee0952f6ef87cf5ebb57992d345,configs/parameter_provenance.csv,86c4261fcb9616a643db79340fe0b7398ba10a5c46464e67e8b697bcfc3a4ec9
selectivity_quartet-manifold_mixture,quartet,quartet-manifold mixture PQ/4,,-1.008102552748629e-17,1000000.0,8.0,8e-06,0.0,0.0,0.1,100000.0,0.1,100000.0,10.0,10000000.0,1.0,1000000.0,0.1,100000.0,3.462504993334864e-37,5.069882330718402e-36,5.416132830051888e-36,0.0005890322200624402,0.009836838075042634,0.010425870295105074,0.989574129704888,5.416132830051888e-36,0.9999999999999931,6.8833827526759706e-15,constant-generator matrix exponential Pade(13),2,dimensionless populations/per-encounter yields,dimensionless per encounter unless field name gives s^-1 or s,True,"Illustrative one-factor-at-a-time grid; bounds are not measured ranges or probability priors. Results are populations and per-encounter yields, not concentrations or biological fluxes. No encounter yield is converted to molarity, and no continuous biological ROS source is modeled.",4e863b04abf00d77462be6bdf33a6b2ad343ab81,485e6c100ae04a17802c8cfb09694c7b6fe9783be2b477e00a0a465bb075e0f8,configs/doxorubicin_parameters.json,0b7d200aedee3aed703b810ad54927a2126d9ee0952f6ef87cf5ebb57992d345,configs/parameter_provenance.csv,86c4261fcb9616a643db79340fe0b7398ba10a5c46464e67e8b697bcfc3a4ec9
selectivity_quartet-manifold_mixture,quartet,quartet-manifold mixture PQ/4,,-1.008102552748629e-17,1000000.0,8.0,8e-06,0.0,0.0,0.1,100000.0,0.1,100000.0,10.0,10000000.0,1.0,1000000.0,0.15848931924611143,158489.31924611144,2.312753605381894e-37,3.1861102801573355e-36,3.417385640695525e-36,0.0005856626104525763,0.015501151829234061,0.01608681443968664,0.9839131855603066,3.417385640695525e-36,0.9999999999999932,6.772360450213455e-15,constant-generator matrix exponential Pade(13),2,dimensionless populations/per-encounter yields,dimensionless per encounter unless field name gives s^-1 or s,True,"Illustrative one-factor-at-a-time grid; bounds are not measured ranges or probability priors. Results are populations and per-encounter yields, not concentrations or biological fluxes. No encounter yield is converted to molarity, and no continuous biological ROS source is modeled.",4e863b04abf00d77462be6bdf33a6b2ad343ab81,485e6c100ae04a17802c8cfb09694c7b6fe9783be2b477e00a0a465bb075e0f8,configs/doxorubicin_parameters.json,0b7d200aedee3aed703b810ad54927a2126d9ee0952f6ef87cf5ebb57992d345,configs/parameter_provenance.csv,86c4261fcb9616a643db79340fe0b7398ba10a5c46464e67e8b697bcfc3a4ec9
selectivity_quartet-manifold_mixture,quartet,quartet-manifold mixture PQ/4,,-1.008102552748629e-17,1000000.0,8.0,8e-06,0.0,0.0,0.1,100000.0,0.1,100000.0,10.0,10000000.0,1.0,1000000.0,0.25118864315095807,251188.64315095806,1.2306261037943182e-37,1.527093838130693e-36,1.650156448510125e-36,0.0005804003996770779,0.024346928142819677,0.024927328542496754,0.975072671457496,1.650156448510125e-36,0.9999999999999928,7.216449660063518e-15,constant-generator matrix exponential Pade(13),2,dimensionless populations/per-encounter yields,dimensionless per encounter unless field name gives s^-1 or s,True,"Illustrative one-factor-at-a-time grid; bounds are not measured ranges or probability priors. Results are populations and per-encounter yields, not concentrations or biological fluxes. No encounter yield is converted to molarity, and no continuous biological ROS source is modeled.",4e863b04abf00d77462be6bdf33a6b2ad343ab81,485e6c100ae04a17802c8cfb09694c7b6fe9783be2b477e00a0a465bb075e0f8,configs/doxorubicin_parameters.json,0b7d200aedee3aed703b810ad54927a2126d9ee0952f6ef87cf5ebb57992d345,configs/parameter_provenance.csv,86c4261fcb9616a643db79340fe0b7398ba10a5c46464e67e8b697bcfc3a4ec9
selectivity_quartet-manifold_mixture,quartet,quartet-manifold mixture PQ/4,,-1.008102552748629e-17,1000000.0,8.0,8e-06,0.0,0.0,0.1,100000.0,0.1,100000.0,10.0,10000000.0,1.0,1000000.0,0.3981071705534973,398107.17055349733,4.649751401599626e-38,4.772683438106299e-37,5.2376585782662615e-37,0.0005722513388768131,0.03804549934807161,0.03861775068694842,0.9613822493130447,5.2376585782662615e-37,0.9999999999999931,6.8833827526759706e-15,constant-generator matrix exponential Pade(13),2,dimensionless populations/per-encounter yields,dimensionless per encounter unless field name gives s^-1 or s,True,"Illustrative one-factor-at-a-time grid; bounds are not measured ranges or probability priors. Results are populations and per-encounter yields, not concentrations or biological fluxes. No encounter yield is converted to molarity, and no continuous biological ROS source is modeled.",4e863b04abf00d77462be6bdf33a6b2ad343ab81,485e6c100ae04a17802c8cfb09694c7b6fe9783be2b477e00a0a465bb075e0f8,configs/doxorubicin_parameters.json,0b7d200aedee3aed703b810ad54927a2126d9ee0952f6ef87cf5ebb57992d345,configs/parameter_provenance.csv,86c4261fcb9616a643db79340fe0b7398ba10a5c46464e67e8b697bcfc3a4ec9
selectivity_quartet-manifold_mixture,quartet,quartet-manifold mixture PQ/4,,-1.008102552748629e-17,1000000.0,8.0,8e-06,0.0,0.0,0.1,100000.0,0.1,100000.0,10.0,10000000.0,1.0,1000000.0,0.6309573444801934,630957.3444801933,1.0916316250146291e-38,7.632474987635843e-38,8.724106612650473e-38,0.0005597944821726895,0.05898547546769976,0.059545269949872456,0.9404547300501205,8.724106612650473e-38,0.9999999999999929,7.105427357601002e-15,constant-generator matrix exponential Pade(13),2,dimensionless populations/per-encounter yields,dimensionless per encounter unless field name gives s^-1 or s,True,"Illustrative one-factor-at-a-time grid; bounds are not measured ranges or probability priors. Results are populations and per-encounter yields, not concentrations or biological fluxes. No encounter yield is converted to molarity, and no continuous biological ROS source is modeled.",4e863b04abf00d77462be6bdf33a6b2ad343ab81,485e6c100ae04a17802c8cfb09694c7b6fe9783be2b477e00a0a465bb075e0f8,configs/doxorubicin_parameters.json,0b7d200aedee3aed703b810ad54927a2126d9ee0952f6ef87cf5ebb57992d345,configs/parameter_provenance.csv,86c4261fcb9616a643db79340fe0b7398ba10a5c46464e67e8b697bcfc3a4ec9
selectivity_quartet-manifold_mixture,quartet,quartet-manifold mixture PQ/4,,-1.008102552748629e-17,1000000.0,8.0,8e-06,0.0,0.0,0.1,100000.0,0.1,100000.0,10.0,10000000.0,1.0,1000000.0,1.0,1000000.0,1.6107329516252663e-39,4.443868943775879e-39,6.054601895401147e-39,0.0005411255411255393,0.09036796536796474,0.09090909090909027,0.9090909090909027,6.054601895401147e-39,0.999999999999993,6.994405055138486e-15,constant-generator matrix exponential Pade(13),2,dimensionless populations/per-encounter yields,dimensionless per encounter unless field name gives s^-1 or s,True,"Illustrative one-factor-at-a-time grid; bounds are not measured ranges or probability priors. Results are populations and per-encounter yields, not concentrations or biological fluxes. No encounter yield is converted to molarity, and no continuous biological ROS source is modeled.",4e863b04abf00d77462be6bdf33a6b2ad343ab81,485e6c100ae04a17802c8cfb09694c7b6fe9783be2b477e00a0a465bb075e0f8,configs/doxorubicin_parameters.json,0b7d200aedee3aed703b810ad54927a2126d9ee0952f6ef87cf5ebb57992d345,configs/parameter_provenance.csv,86c4261fcb9616a643db79340fe0b7398ba10a5c46464e67e8b697bcfc3a4ec9
selectivity_quartet-manifold_mixture,quartet,quartet-manifold mixture PQ/4,,-1.008102552748629e-17,1000000.0,8.0,8e-06,0.0,0.0,0.1,100000.0,0.1,100000.0,10.0,10000000.0,1.0,1000000.0,1.584893192461114,1584893.1924611141,2.842291156556608e-40,9.97360022302757e-41,3.839651178859365e-40,0.0005139598793386865,0.13603344283165786,0.13654740271099655,0.8634525972889964,3.839651178859365e-40,0.9999999999999929,7.105427357601002e-15,constant-generator matrix exponential Pade(13),2,dimensionless populations/per-encounter yields,dimensionless per encounter unless field name gives s^-1 or s,True,"Illustrative one-factor-at-a-time grid; bounds are not measured ranges or probability priors. Results are populations and per-encounter yields, not concentrations or biological fluxes. No encounter yield is converted to molarity, and no continuous biological ROS source is modeled.",4e863b04abf00d77462be6bdf33a6b2ad343ab81,485e6c100ae04a17802c8cfb09694c7b6fe9783be2b477e00a0a465bb075e0f8,configs/doxorubicin_parameters.json,0b7d200aedee3aed703b810ad54927a2126d9ee0952f6ef87cf5ebb57992d345,configs/parameter_provenance.csv,86c4261fcb9616a643db79340fe0b7398ba10a5c46464e67e8b697bcfc3a4ec9
selectivity_quartet-manifold_mixture,quartet,quartet-manifold mixture PQ/4,,-1.008102552748629e-17,1000000.0,8.0,8e-06,0.0,0.0,0.1,100000.0,0.1,100000.0,10.0,10000000.0,1.0,1000000.0,2.5118864315095824,2511886.4315095823,1.0009740786849595e-40,9.214728703925272e-42,1.0931213657242124e-40,0.0004760805165396082,0.1997086516969182,0.2001847322134578,0.799815267786535,1.0931213657242124e-40,0.9999999999999928,7.216449660063518e-15,constant-generator matrix exponential Pade(13),2,dimensionless populations/per-encounter yields,dimensionless per encounter unless field name gives s^-1 or s,True,"Illustrative one-factor-at-a-time grid; bounds are not measured ranges or probability priors. Results are populations and per-encounter yields, not concentrations or biological fluxes. No encounter yield is converted to molarity, and no continuous biological ROS source is modeled.",4e863b04abf00d77462be6bdf33a6b2ad343ab81,485e6c100ae04a17802c8cfb09694c7b6fe9783be2b477e00a0a465bb075e0f8,configs/doxorubicin_parameters.json,0b7d200aedee3aed703b810ad54927a2126d9ee0952f6ef87cf5ebb57992d345,configs/parameter_provenance.csv,86c4261fcb9616a643db79340fe0b7398ba10a5c46464e67e8b697bcfc3a4ec9
selectivity_quartet-manifold_mixture,quartet,quartet-manifold mixture PQ/4,,-1.008102552748629e-17,1000000.0,8.0,8e-06,0.0,0.0,0.1,100000.0,0.1,100000.0,10.0,10000000.0,1.0,1000000.0,3.981071705534973,3981071.705534973,4.873887961797757e-41,2.2274635840049823e-42,5.096634320198255e-41,0.00042628671905107704,0.2834120252751448,0.2838383119941959,0.7161616880057972,5.096634320198255e-41,0.9999999999999931,6.8833827526759706e-15,constant-generator matrix exponential Pade(13),2,dimensionless populations/per-encounter yields,dimensionless per encounter unless field name gives s^-1 or s,True,"Illustrative one-factor-at-a-time grid; bounds are not measured ranges or probability priors. Results are populations and per-encounter yields, not concentrations or biological fluxes. No encounter yield is converted to molarity, and no continuous biological ROS source is modeled.",4e863b04abf00d77462be6bdf33a6b2ad343ab81,485e6c100ae04a17802c8cfb09694c7b6fe9783be2b477e00a0a465bb075e0f8,configs/doxorubicin_parameters.json,0b7d200aedee3aed703b810ad54927a2126d9ee0952f6ef87cf5ebb57992d345,configs/parameter_provenance.csv,86c4261fcb9616a643db79340fe0b7398ba10a5c46464e67e8b697bcfc3a4ec9
selectivity_quartet-manifold_mixture,quartet,quartet-manifold mixture PQ/4,,-1.008102552748629e-17,1000000.0,8.0,8e-06,0.0,0.0,0.1,100000.0,0.1,100000.0,10.0,10000000.0,1.0,1000000.0,6.309573444801936,6309573.444801936,2.684000646982178e-41,6.823525928547374e-43,2.7522359062676523e-41,0.00036567098822560574,0.3853070687927446,0.3856727397809702,0.6143272602190227,2.7522359062676523e-41,0.9999999999999929,7.105427357601002e-15,constant-generator matrix exponential Pade(13),2,dimensionless populations/per-encounter yields,dimensionless per encounter unless field name gives s^-1 or s,True,"Illustrative one-factor-at-a-time grid; bounds are not measured ranges or probability priors. Results are populations and per-encounter yields, not concentrations or biological fluxes. No encounter yield is converted to molarity, and no continuous biological ROS source is modeled.",4e863b04abf00d77462be6bdf33a6b2ad343ab81,485e6c100ae04a17802c8cfb09694c7b6fe9783be2b477e00a0a465bb075e0f8,configs/doxorubicin_parameters.json,0b7d200aedee3aed703b810ad54927a2126d9ee0952f6ef87cf5ebb57992d345,configs/parameter_provenance.csv,86c4261fcb9616a643db79340fe0b7398ba10a5c46464e67e8b697bcfc3a4ec9
selectivity_quartet-manifold_mixture,quartet,quartet-manifold mixture PQ/4,,-1.008102552748629e-17,1000000.0,8.0,8e-06,0.0,0.0,0.1,100000.0,0.1,100000.0,10.0,10000000.0,1.0,1000000.0,10.0,10000000.0,1.5670877202633526e-41,2.3386764352335463e-43,1.5904744846156882e-41,0.00029841838257236956,0.4983586988958485,0.4986571172784209,0.5013428827215722,1.5904744846156882e-41,0.9999999999999931,6.8833827526759706e-15,constant-generator matrix exponential Pade(13),2,dimensionless populations/per-encounter yields,dimensionless per encounter unless field name gives s^-1 or s,True,"Illustrative one-factor-at-a-time grid; bounds are not measured ranges or probability priors. Results are populations and per-encounter yields, not concentrations or biological fluxes. No encounter yield is converted to molarity, and no continuous biological ROS source is modeled.",4e863b04abf00d77462be6bdf33a6b2ad343ab81,485e6c100ae04a17802c8cfb09694c7b6fe9783be2b477e00a0a465bb075e0f8,configs/doxorubicin_parameters.json,0b7d200aedee3aed703b810ad54927a2126d9ee0952f6ef87cf5ebb57992d345,configs/parameter_provenance.csv,86c4261fcb9616a643db79340fe0b7398ba10a5c46464e67e8b697bcfc3a4ec9
selectivity_quartet-manifold_mixture,quartet,quartet-manifold mixture PQ/4,,-1.008102552748629e-17,1000000.0,8.0,8e-06,1.0,1000000.0,0.1,100000.0,0.1,100000.0,0.1,100000.0,1.0,1000000.0,0.0,0.0,0.018491711955810536,0.1449922135724138,0.16348392552822433,0.45522830181907353,0.0,0.45522830181907353,0.3812877726527013,0.16348392552822433,0.9999999999999991,8.881784197001252e-16,constant-generator matrix exponential Pade(13),2,dimensionless populations/per-encounter yields,dimensionless per encounter unless field name gives s^-1 or s,True,"Illustrative one-factor-at-a-time grid; bounds are not measured ranges or probability priors. Results are populations and per-encounter yields, not concentrations or biological fluxes. No encounter yield is converted to molarity, and no continuous biological ROS source is modeled.",4e863b04abf00d77462be6bdf33a6b2ad343ab81,485e6c100ae04a17802c8cfb09694c7b6fe9783be2b477e00a0a465bb075e0f8,configs/doxorubicin_parameters.json,0b7d200aedee3aed703b810ad54927a2126d9ee0952f6ef87cf5ebb57992d345,configs/parameter_provenance.csv,86c4261fcb9616a643db79340fe0b7398ba10a5c46464e67e8b697bcfc3a4ec9
selectivity_quartet-manifold_mixture,quartet,quartet-manifold mixture PQ/4,,-1.008102552748629e-17,1000000.0,8.0,8e-06,1.0,1000000.0,0.1,100000.0,0.1,100000.0,0.1,100000.0,1.0,1000000.0,0.01,10000.0,0.017261643039997623,0.13414488649407671,0.15140652953407435,0.44458715247470937,0.032686145703976904,0.47727329817868624,0.3713201722872399,0.15140652953407435,1.0000000000000004,4.440892098500626e-16,constant-generator matrix exponential Pade(13),2,dimensionless populations/per-encounter yields,dimensionless per encounter unless field name gives s^-1 or s,True,"Illustrative one-factor-at-a-time grid; bounds are not measured ranges or probability priors. Results are populations and per-encounter yields, not concentrations or biological fluxes. No encounter yield is converted to molarity, and no continuous biological ROS source is modeled.",4e863b04abf00d77462be6bdf33a6b2ad343ab81,485e6c100ae04a17802c8cfb09694c7b6fe9783be2b477e00a0a465bb075e0f8,configs/doxorubicin_parameters.json,0b7d200aedee3aed703b810ad54927a2126d9ee0952f6ef87cf5ebb57992d345,configs/parameter_provenance.csv,86c4261fcb9616a643db79340fe0b7398ba10a5c46464e67e8b697bcfc3a4ec9
selectivity_quartet-manifold_mixture,quartet,quartet-manifold mixture PQ/4,,-1.008102552748629e-17,1000000.0,8.0,8e-06,1.0,1000000.0,0.1,100000.0,0.1,100000.0,0.1,100000.0,1.0,1000000.0,0.015848931924611134,15848.931924611134,0.016581442890174183,0.12818382318392632,0.1447652660741005,0.4385446426948543,0.051006482085038024,0.4895511247798924,0.36568360914600684,0.1447652660741005,0.9999999999999998,2.220446049250313e-16,constant-generator matrix exponential Pade(13),2,dimensionless populations/per-encounter yields,dimensionless per encounter unless field name gives s^-1 or s,True,"Illustrative one-factor-at-a-time grid; bounds are not measured ranges or probability priors. Results are populations and per-encounter yields, not concentrations or biological fluxes. No encounter yield is converted to molarity, and no continuous biological ROS source is modeled.",4e863b04abf00d77462be6bdf33a6b2ad343ab81,485e6c100ae04a17802c8cfb09694c7b6fe9783be2b477e00a0a465bb075e0f8,configs/doxorubicin_parameters.json,0b7d200aedee3aed703b810ad54927a2126d9ee0952f6ef87cf5ebb57992d345,configs/parameter_provenance.csv,86c4261fcb9616a643db79340fe0b7398ba10a5c46464e67e8b697bcfc3a4ec9
selectivity_quartet-manifold_mixture,quartet,quartet-manifold mixture PQ/4,,-1.008102552748629e-17,1000000.0,8.0,8e-06,1.0,1000000.0,0.1,100000.0,0.1,100000.0,0.1,100000.0,1.0,1000000.0,0.025118864315095794,25118.864315095794,0.015559280037720405,0.11927880713420776,0.13483808717192816,0.42923163508978845,0.07890011175558734,0.5081317468453758,0.3570301659826949,0.13483808717192816,0.9999999999999988,1.2212453270876722e-15,constant-generator matrix exponential Pade(13),2,dimensionless populations/per-encounter yields,dimensionless per encounter unless field name gives s^-1 or s,True,"Illustrative one-factor-at-a-time grid; bounds are not measured ranges or probability priors. Results are populations and per-encounter yields, not concentrations or biological fluxes. No encounter yield is converted to molarity, and no continuous biological ROS source is modeled.",4e863b04abf00d77462be6bdf33a6b2ad343ab81,485e6c100ae04a17802c8cfb09694c7b6fe9783be2b477e00a0a465bb075e0f8,configs/doxorubicin_parameters.json,0b7d200aedee3aed703b810ad54927a2126d9ee0952f6ef87cf5ebb57992d345,configs/parameter_provenance.csv,86c4261fcb9616a643db79340fe0b7398ba10a5c46464e67e8b697bcfc3a4ec9
selectivity_quartet-manifold_mixture,quartet,quartet-manifold mixture PQ/4,,-1.008102552748629e-17,1000000.0,8.0,8e-06,1.0,1000000.0,0.1,100000.0,0.1,100000.0,0.1,100000.0,1.0,1000000.0,0.039810717055349734,39810.717055349734,0.014069999453501045,0.10642605650556843,0.12049605595906945,0.4151040749940287,0.12041661078593585,0.5355206857799646,0.3439832582609652,0.12049605595906945,0.9999999999999992,7.771561172376096e-16,constant-generator matrix exponential Pade(13),2,dimensionless populations/per-encounter yields,dimensionless per encounter unless field name gives s^-1 or s,True,"Illustrative one-factor-at-a-time grid; bounds are not measured ranges or probability priors. Results are populations and per-encounter yields, not concentrations or biological fluxes. No encounter yield is converted to molarity, and no continuous biological ROS source is modeled.",4e863b04abf00d77462be6bdf33a6b2ad343ab81,485e6c100ae04a17802c8cfb09694c7b6fe9783be2b477e00a0a465bb075e0f8,configs/doxorubicin_parameters.json,0b7d200aedee3aed703b810ad54927a2126d9ee0952f6ef87cf5ebb57992d345,configs/parameter_provenance.csv,86c4261fcb9616a643db79340fe0b7398ba10a5c46464e67e8b697bcfc3a4ec9
selectivity_quartet-manifold_mixture,quartet,quartet-manifold mixture PQ/4,,-1.008102552748629e-17,1000000.0,8.0,8e-06,1.0,1000000.0,0.1,100000.0,0.1,100000.0,0.1,100000.0,1.0,1000000.0,0.06309573444801933,63095.73444801933,0.012003212071921088,0.0888557595658788,0.10085897163779987,0.3941913844247288,0.1800966116715098,0.5742879960962386,0.32485303226596146,0.10085897163779987,1.0,0.0,constant-generator matrix exponential Pade(13),2,dimensionless populations/per-encounter yields,dimensionless per encounter unless field name gives s^-1 or s,True,"Illustrative one-factor-at-a-time grid; bounds are not measured ranges or probability priors. Results are populations and per-encounter yields, not concentrations or biological fluxes. No encounter yield is converted to molarity, and no continuous biological ROS source is modeled.",4e863b04abf00d77462be6bdf33a6b2ad343ab81,485e6c100ae04a17802c8cfb09694c7b6fe9783be2b477e00a0a465bb075e0f8,configs/doxorubicin_parameters.json,0b7d200aedee3aed703b810ad54927a2126d9ee0952f6ef87cf5ebb57992d345,configs/parameter_provenance.csv,86c4261fcb9616a643db79340fe0b7398ba10a5c46464e67e8b697bcfc3a4ec9
selectivity_quartet-manifold_mixture,quartet,quartet-manifold mixture PQ/4,,-1.008102552748629e-17,1000000.0,8.0,8e-06,1.0,1000000.0,0.1,100000.0,0.1,100000.0,0.1,100000.0,1.0,1000000.0,0.1,100000.0,0.009345682999144731,0.06680192913451138,0.07614761213365613,0.36436363830852264,0.2615261928634841,0.6258898311720067,0.29796255669433636,0.07614761213365613,0.9999999999999992,7.771561172376096e-16,constant-generator matrix exponential Pade(13),2,dimensionless populations/per-encounter yields,dimensionless per encounter unless field name gives s^-1 or s,True,"Illustrative one-factor-at-a-time grid; bounds are not measured ranges or probability priors. Results are populations and per-encounter yields, not concentrations or biological fluxes. No encounter yield is converted to molarity, and no continuous biological ROS source is modeled.",4e863b04abf00d77462be6bdf33a6b2ad343ab81,485e6c100ae04a17802c8cfb09694c7b6fe9783be2b477e00a0a465bb075e0f8,configs/doxorubicin_parameters.json,0b7d200aedee3aed703b810ad54927a2126d9ee0952f6ef87cf5ebb57992d345,configs/parameter_provenance.csv,86c4261fcb9616a643db79340fe0b7398ba10a5c46464e67e8b697bcfc3a4ec9
selectivity_quartet-manifold_mixture,quartet,quartet-manifold mixture PQ/4,,-1.008102552748629e-17,1000000.0,8.0,8e-06,1.0,1000000.0,0.1,100000.0,0.1,100000.0,0.1,100000.0,1.0,1000000.0,0.15848931924611143,158489.31924611144,0.0063113195284297315,0.0425826102860924,0.04889392981452214,0.324091160068507,0.36457470584531326,0.6886658659138203,0.262440204271657,0.04889392981452214,0.9999999999999993,6.661338147750939e-16,constant-generator matrix exponential Pade(13),2,dimensionless populations/per-encounter yields,dimensionless per encounter unless field name gives s^-1 or s,True,"Illustrative one-factor-at-a-time grid; bounds are not measured ranges or probability priors. Results are populations and per-encounter yields, not concentrations or biological fluxes. No encounter yield is converted to molarity, and no continuous biological ROS source is modeled.",4e863b04abf00d77462be6bdf33a6b2ad343ab81,485e6c100ae04a17802c8cfb09694c7b6fe9783be2b477e00a0a465bb075e0f8,configs/doxorubicin_parameters.json,0b7d200aedee3aed703b810ad54927a2126d9ee0952f6ef87cf5ebb57992d345,configs/parameter_provenance.csv,86c4261fcb9616a643db79340fe0b7398ba10a5c46464e67e8b697bcfc3a4ec9
selectivity_quartet-manifold_mixture,quartet,quartet-manifold mixture PQ/4,,-1.008102552748629e-17,1000000.0,8.0,8e-06,1.0,1000000.0,0.1,100000.0,0.1,100000.0,0.1,100000.0,1.0,1000000.0,0.25118864315095807,251188.64315095806,0.0034255143144652023,0.020967919596197496,0.0243934339106627,0.273772567311643,0.48240704021245967,0.7561796075241027,0.21942695856523378,0.0243934339106627,0.9999999999999992,7.771561172376096e-16,constant-generator matrix exponential Pade(13),2,dimensionless populations/per-encounter yields,dimensionless per encounter unless field name gives s^-1 or s,True,"Illustrative one-factor-at-a-time grid; bounds are not measured ranges or probability priors. Results are populations and per-encounter yields, not concentrations or biological fluxes. No encounter yield is converted to molarity, and no continuous biological ROS source is modeled.",4e863b04abf00d77462be6bdf33a6b2ad343ab81,485e6c100ae04a17802c8cfb09694c7b6fe9783be2b477e00a0a465bb075e0f8,configs/doxorubicin_parameters.json,0b7d200aedee3aed703b810ad54927a2126d9ee0952f6ef87cf5ebb57992d345,configs/parameter_provenance.csv,86c4261fcb9616a643db79340fe0b7398ba10a5c46464e67e8b697bcfc3a4ec9
selectivity_quartet-manifold_mixture,quartet,quartet-manifold mixture PQ/4,,-1.008102552748629e-17,1000000.0,8.0,8e-06,1.0,1000000.0,0.1,100000.0,0.1,100000.0,0.1,100000.0,1.0,1000000.0,0.3981071705534973,398107.17055349733,0.0013419600898513964,0.006928972793629484,0.00827093288348088,0.21700285178912496,0.601848437700075,0.8188512894891999,0.17287777762731815,0.00827093288348088,0.999999999999999,9.992007221626409e-16,constant-generator matrix exponential Pade(13),2,dimensionless populations/per-encounter yields,dimensionless per encounter unless field name gives s^-1 or s,True,"Illustrative one-factor-at-a-time grid; bounds are not measured ranges or probability priors. Results are populations and per-encounter yields, not concentrations or biological fluxes. No encounter yield is converted to molarity, and no continuous biological ROS source is modeled.",4e863b04abf00d77462be6bdf33a6b2ad343ab81,485e6c100ae04a17802c8cfb09694c7b6fe9783be2b477e00a0a465bb075e0f8,configs/doxorubicin_parameters.json,0b7d200aedee3aed703b810ad54927a2126d9ee0952f6ef87cf5ebb57992d345,configs/parameter_provenance.csv,86c4261fcb9616a643db79340fe0b7398ba10a5c46464e67e8b697bcfc3a4ec9
selectivity_quartet-manifold_mixture,quartet,quartet-manifold mixture PQ/4,,-1.008102552748629e-17,1000000.0,8.0,8e-06,1.0,1000000.0,0.1,100000.0,0.1,100000.0,0.1,100000.0,1.0,1000000.0,0.6309573444801934,630957.3444801933,0.0003332183354697194,0.001261093707283542,0.0015943120427532615,0.16023798152178004,0.7096689582069684,0.8699069397287484,0.12849874822849744,0.0015943120427532615,0.9999999999999991,8.881784197001252e-16,constant-generator matrix exponential Pade(13),2,dimensionless populations/per-encounter yields,dimensionless per encounter unless field name gives s^-1 or s,True,"Illustrative one-factor-at-a-time grid; bounds are not measured ranges or probability priors. Results are populations and per-encounter yields, not concentrations or biological fluxes. No encounter yield is converted to molarity, and no continuous biological ROS source is modeled.",4e863b04abf00d77462be6bdf33a6b2ad343ab81,485e6c100ae04a17802c8cfb09694c7b6fe9783be2b477e00a0a465bb075e0f8,configs/doxorubicin_parameters.json,0b7d200aedee3aed703b810ad54927a2126d9ee0952f6ef87cf5ebb57992d345,configs/parameter_provenance.csv,86c4261fcb9616a643db79340fe0b7398ba10a5c46464e67e8b697bcfc3a4ec9
selectivity_quartet-manifold_mixture,quartet,quartet-manifold mixture PQ/4,,-1.008102552748629e-17,1000000.0,8.0,8e-06,1.0,1000000.0,0.1,100000.0,0.1,100000.0,0.1,100000.0,1.0,1000000.0,1.0,1000000.0,4.784695521013682e-05,0.00010288611988533967,0.0001507330750954765,0.11012054012577885,0.7988333388968609,0.9089538790226398,0.09089538790226395,0.0001507330750954765,0.9999999999999992,7.771561172376096e-16,constant-generator matrix exponential Pade(13),2,dimensionless populations/per-encounter yields,dimensionless per encounter unless field name gives s^-1 or s,True,"Illustrative one-factor-at-a-time grid; bounds are not measured ranges or probability priors. Results are populations and per-encounter yields, not concentrations or biological fluxes. No encounter yield is converted to molarity, and no continuous biological ROS source is modeled.",4e863b04abf00d77462be6bdf33a6b2ad343ab81,485e6c100ae04a17802c8cfb09694c7b6fe9783be2b477e00a0a465bb075e0f8,configs/doxorubicin_parameters.json,0b7d200aedee3aed703b810ad54927a2126d9ee0952f6ef87cf5ebb57992d345,configs/parameter_provenance.csv,86c4261fcb9616a643db79340fe0b7398ba10a5c46464e67e8b697bcfc3a4ec9
selectivity_quartet-manifold_mixture,quartet,quartet-manifold mixture PQ/4,,-1.008102552748629e-17,1000000.0,8.0,8e-06,1.0,1000000.0,0.1,100000.0,0.1,100000.0,0.1,100000.0,1.0,1000000.0,1.584893192461114,1584893.1924611141,4.4196286975789074e-06,4.436145915680772e-06,8.85577461325968e-06,0.07067961035018773,0.8675075470216486,0.9381871573718363,0.06180398685354935,8.85577461325968e-06,0.999999999999999,9.992007221626409e-16,constant-generator matrix exponential Pade(13),2,dimensionless populations/per-encounter yields,dimensionless per encounter unless field name gives s^-1 or s,True,"Illustrative one-factor-at-a-time grid; bounds are not measured ranges or probability priors. Results are populations and per-encounter yields, not concentrations or biological fluxes. No encounter yield is converted to molarity, and no continuous biological ROS source is modeled.",4e863b04abf00d77462be6bdf33a6b2ad343ab81,485e6c100ae04a17802c8cfb09694c7b6fe9783be2b477e00a0a465bb075e0f8,configs/doxorubicin_parameters.json,0b7d200aedee3aed703b810ad54927a2126d9ee0952f6ef87cf5ebb57992d345,configs/parameter_provenance.csv,86c4261fcb9616a643db79340fe0b7398ba10a5c46464e67e8b697bcfc3a4ec9
selectivity_quartet-manifold_mixture,quartet,quartet-manifold mixture PQ/4,,-1.008102552748629e-17,1000000.0,8.0,8e-06,1.0,1000000.0,0.1,100000.0,0.1,100000.0,0.1,100000.0,1.0,1000000.0,2.5118864315095824,2511886.4315095823,7.266257419849717e-07,3.6747156101024957e-07,1.0940973029952214e-06,0.04272331561088188,0.9165160957655303,0.9592394113764121,0.04075949452628348,1.0940973029952214e-06,0.9999999999999986,1.4432899320127035e-15,constant-generator matrix exponential Pade(13),2,dimensionless populations/per-encounter yields,dimensionless per encounter unless field name gives s^-1 or s,True,"Illustrative one-factor-at-a-time grid; bounds are not measured ranges or probability priors. Results are populations and per-encounter yields, not concentrations or biological fluxes. No encounter yield is converted to molarity, and no continuous biological ROS source is modeled.",4e863b04abf00d77462be6bdf33a6b2ad343ab81,485e6c100ae04a17802c8cfb09694c7b6fe9783be2b477e00a0a465bb075e0f8,configs/doxorubicin_parameters.json,0b7d200aedee3aed703b810ad54927a2126d9ee0952f6ef87cf5ebb57992d345,configs/parameter_provenance.csv,86c4261fcb9616a643db79340fe0b7398ba10a5c46464e67e8b697bcfc3a4ec9
selectivity_quartet-manifold_mixture,quartet,quartet-manifold mixture PQ/4,,-1.008102552748629e-17,1000000.0,8.0,8e-06,1.0,1000000.0,0.1,100000.0,0.1,100000.0,0.1,100000.0,1.0,1000000.0,3.981071705534973,3981071.705534973,5.457157822244327e-07,8.584777016497664e-08,6.315635523894094e-07,0.024698952869506387,0.9489928964773837,0.9736918493468901,0.026307519089555795,6.315635523894094e-07,0.9999999999999982,1.7763568394002505e-15,constant-generator matrix exponential Pade(13),2,dimensionless populations/per-encounter yields,dimensionless per encounter unless field name gives s^-1 or s,True,"Illustrative one-factor-at-a-time grid; bounds are not measured ranges or probability priors. Results are populations and per-encounter yields, not concentrations or biological fluxes. No encounter yield is converted to molarity, and no continuous biological ROS source is modeled.",4e863b04abf00d77462be6bdf33a6b2ad343ab81,485e6c100ae04a17802c8cfb09694c7b6fe9783be2b477e00a0a465bb075e0f8,configs/doxorubicin_parameters.json,0b7d200aedee3aed703b810ad54927a2126d9ee0952f6ef87cf5ebb57992d345,configs/parameter_provenance.csv,86c4261fcb9616a643db79340fe0b7398ba10a5c46464e67e8b697bcfc3a4ec9
selectivity_quartet-manifold_mixture,quartet,quartet-manifold mixture PQ/4,,-1.008102552748629e-17,1000000.0,8.0,8e-06,1.0,1000000.0,0.1,100000.0,0.1,100000.0,0.1,100000.0,1.0,1000000.0,6.309573444801936,6309573.444801936,4.4884095247453216e-07,2.615788228753386e-08,4.7499883476206597e-07,0.013944197334480449,0.9692985610249256,0.9832427583594061,0.016756766641755613,4.7499883476206597e-07,0.9999999999999964,3.552713678800501e-15,constant-generator matrix exponential Pade(13),2,dimensionless populations/per-encounter yields,dimensionless per encounter unless field name gives s^-1 or s,True,"Illustrative one-factor-at-a-time grid; bounds are not measured ranges or probability priors. Results are populations and per-encounter yields, not concentrations or biological fluxes. No encounter yield is converted to molarity, and no continuous biological ROS source is modeled.",4e863b04abf00d77462be6bdf33a6b2ad343ab81,485e6c100ae04a17802c8cfb09694c7b6fe9783be2b477e00a0a465bb075e0f8,configs/doxorubicin_parameters.json,0b7d200aedee3aed703b810ad54927a2126d9ee0952f6ef87cf5ebb57992d345,configs/parameter_provenance.csv,86c4261fcb9616a643db79340fe0b7398ba10a5c46464e67e8b697bcfc3a4ec9
selectivity_quartet-manifold_mixture,quartet,quartet-manifold mixture PQ/4,,-1.008102552748629e-17,1000000.0,8.0,8e-06,1.0,1000000.0,0.1,100000.0,0.1,100000.0,0.1,100000.0,1.0,1000000.0,10.0,10000000.0,3.220939784934108e-07,8.395280248281043e-09,3.3048925874169185e-07,0.007849137425266169,0.9815501171712291,0.9893992545964952,0.01060041491423891,3.3048925874169185e-07,0.9999999999999929,7.105427357601002e-15,constant-generator matrix exponential Pade(13),2,dimensionless populations/per-encounter yields,dimensionless per encounter unless field name gives s^-1 or s,True,"Illustrative one-factor-at-a-time grid; bounds are not measured ranges or probability priors. Results are populations and per-encounter yields, not concentrations or biological fluxes. No encounter yield is converted to molarity, and no continuous biological ROS source is modeled.",4e863b04abf00d77462be6bdf33a6b2ad343ab81,485e6c100ae04a17802c8cfb09694c7b6fe9783be2b477e00a0a465bb075e0f8,configs/doxorubicin_parameters.json,0b7d200aedee3aed703b810ad54927a2126d9ee0952f6ef87cf5ebb57992d345,configs/parameter_provenance.csv,86c4261fcb9616a643db79340fe0b7398ba10a5c46464e67e8b697bcfc3a4ec9
selectivity_quartet-manifold_mixture,quartet,quartet-manifold mixture PQ/4,,-1.008102552748629e-17,1000000.0,8.0,8e-06,1.0,1000000.0,0.1,100000.0,0.1,100000.0,1.0,1000000.0,1.0,1000000.0,0.0,0.0,1.3805649718797539e-05,0.00010824912897828474,0.00012205477869708229,0.06633134738615346,0.0,0.06633134738615346,0.9335465978351487,0.00012205477869708229,0.9999999999999992,7.771561172376096e-16,constant-generator matrix exponential Pade(13),2,dimensionless populations/per-encounter yields,dimensionless per encounter unless field name gives s^-1 or s,True,"Illustrative one-factor-at-a-time grid; bounds are not measured ranges or probability priors. Results are populations and per-encounter yields, not concentrations or biological fluxes. No encounter yield is converted to molarity, and no continuous biological ROS source is modeled.",4e863b04abf00d77462be6bdf33a6b2ad343ab81,485e6c100ae04a17802c8cfb09694c7b6fe9783be2b477e00a0a465bb075e0f8,configs/doxorubicin_parameters.json,0b7d200aedee3aed703b810ad54927a2126d9ee0952f6ef87cf5ebb57992d345,configs/parameter_provenance.csv,86c4261fcb9616a643db79340fe0b7398ba10a5c46464e67e8b697bcfc3a4ec9
selectivity_quartet-manifold_mixture,quartet,quartet-manifold mixture PQ/4,,-1.008102552748629e-17,1000000.0,8.0,8e-06,1.0,1000000.0,0.1,100000.0,0.1,100000.0,1.0,1000000.0,1.0,1000000.0,0.01,10000.0,1.2887297722926282e-05,0.00010015066852277804,0.00011303796624570429,0.06571030433071863,0.008598676766062536,0.07430898109678116,0.9255779809369724,0.00011303796624570429,0.9999999999999993,6.661338147750939e-16,constant-generator matrix exponential Pade(13),2,dimensionless populations/per-encounter yields,dimensionless per encounter unless field name gives s^-1 or s,True,"Illustrative one-factor-at-a-time grid; bounds are not measured ranges or probability priors. Results are populations and per-encounter yields, not concentrations or biological fluxes. No encounter yield is converted to molarity, and no continuous biological ROS source is modeled.",4e863b04abf00d77462be6bdf33a6b2ad343ab81,485e6c100ae04a17802c8cfb09694c7b6fe9783be2b477e00a0a465bb075e0f8,configs/doxorubicin_parameters.json,0b7d200aedee3aed703b810ad54927a2126d9ee0952f6ef87cf5ebb57992d345,configs/parameter_provenance.csv,86c4261fcb9616a643db79340fe0b7398ba10a5c46464e67e8b697bcfc3a4ec9
selectivity_quartet-manifold_mixture,quartet,quartet-manifold mixture PQ/4,,-1.008102552748629e-17,1000000.0,8.0,8e-06,1.0,1000000.0,0.1,100000.0,0.1,100000.0,1.0,1000000.0,1.0,1000000.0,0.015848931924611134,15848.931924611134,1.2379469944212425e-05,9.570022325258499e-05,0.00010807969319679743,0.06535178125153888,0.013560783182984244,0.07891256443452313,0.9209793558722793,0.00010807969319679743,0.9999999999999992,7.771561172376096e-16,constant-generator matrix exponential Pade(13),2,dimensionless populations/per-encounter yields,dimensionless per encounter unless field name gives s^-1 or s,True,"Illustrative one-factor-at-a-time grid; bounds are not measured ranges or probability priors. Results are populations and per-encounter yields, not concentrations or biological fluxes. No encounter yield is converted to molarity, and no continuous biological ROS source is modeled.",4e863b04abf00d77462be6bdf33a6b2ad343ab81,485e6c100ae04a17802c8cfb09694c7b6fe9783be2b477e00a0a465bb075e0f8,configs/doxorubicin_parameters.json,0b7d200aedee3aed703b810ad54927a2126d9ee0952f6ef87cf5ebb57992d345,configs/parameter_provenance.csv,86c4261fcb9616a643db79340fe0b7398ba10a5c46464e67e8b697bcfc3a4ec9
selectivity_quartet-manifold_mixture,quartet,quartet-manifold mixture PQ/4,,-1.008102552748629e-17,1000000.0,8.0,8e-06,1.0,1000000.0,0.1,100000.0,0.1,100000.0,1.0,1000000.0,1.0,1000000.0,0.025118864315095794,25118.864315095794,1.1616337664720651e-05,8.905186464649873e-05,0.00010066820231121939,0.06479055640577036,0.021325727205571368,0.08611628361134173,0.9137830481863465,0.00010066820231121939,0.9999999999999994,5.551115123125783e-16,constant-generator matrix exponential Pade(13),2,dimensionless populations/per-encounter yields,dimensionless per encounter unless field name gives s^-1 or s,True,"Illustrative one-factor-at-a-time grid; bounds are not measured ranges or probability priors. Results are populations and per-encounter yields, not concentrations or biological fluxes. No encounter yield is converted to molarity, and no continuous biological ROS source is modeled.",4e863b04abf00d77462be6bdf33a6b2ad343ab81,485e6c100ae04a17802c8cfb09694c7b6fe9783be2b477e00a0a465bb075e0f8,configs/doxorubicin_parameters.json,0b7d200aedee3aed703b810ad54927a2126d9ee0952f6ef87cf5ebb57992d345,configs/parameter_provenance.csv,86c4261fcb9616a643db79340fe0b7398ba10a5c46464e67e8b697bcfc3a4ec9
selectivity_quartet-manifold_mixture,quartet,quartet-manifold mixture PQ/4,,-1.008102552748629e-17,1000000.0,8.0,8e-06,1.0,1000000.0,0.1,100000.0,0.1,100000.0,1.0,1000000.0,1.0,1000000.0,0.039810717055349734,39810.717055349734,1.0504461915851536e-05,7.945618342855204e-05,8.99606453444036e-05,0.0639182395313933,0.03338864775172633,0.09730688728311963,0.9026031520715353,8.99606453444036e-05,0.9999999999999993,6.661338147750939e-16,constant-generator matrix exponential Pade(13),2,dimensionless populations/per-encounter yields,dimensionless per encounter unless field name gives s^-1 or s,True,"Illustrative one-factor-at-a-time grid; bounds are not measured ranges or probability priors. Results are populations and per-encounter yields, not concentrations or biological fluxes. No encounter yield is converted to molarity, and no continuous biological ROS source is modeled.",4e863b04abf00d77462be6bdf33a6b2ad343ab81,485e6c100ae04a17802c8cfb09694c7b6fe9783be2b477e00a0a465bb075e0f8,configs/doxorubicin_parameters.json,0b7d200aedee3aed703b810ad54927a2126d9ee0952f6ef87cf5ebb57992d345,configs/parameter_provenance.csv,86c4261fcb9616a643db79340fe0b7398ba10a5c46464e67e8b697bcfc3a4ec9
selectivity_quartet-manifold_mixture,quartet,quartet-manifold mixture PQ/4,,-1.008102552748629e-17,1000000.0,8.0,8e-06,1.0,1000000.0,0.1,100000.0,0.1,100000.0,1.0,1000000.0,1.0,1000000.0,0.06309573444801933,63095.73444801933,8.961427787831913e-06,6.633844908441535e-05,7.529987687224727e-05,0.06257726503842205,0.05191843459041527,0.11449569962883732,0.8854290004942894,7.529987687224727e-05,0.999999999999999,9.992007221626409e-16,constant-generator matrix exponential Pade(13),2,dimensionless populations/per-encounter yields,dimensionless per encounter unless field name gives s^-1 or s,True,"Illustrative one-factor-at-a-time grid; bounds are not measured ranges or probability priors. Results are populations and per-encounter yields, not concentrations or biological fluxes. No encounter yield is converted to molarity, and no continuous biological ROS source is modeled.",4e863b04abf00d77462be6bdf33a6b2ad343ab81,485e6c100ae04a17802c8cfb09694c7b6fe9783be2b477e00a0a465bb075e0f8,configs/doxorubicin_parameters.json,0b7d200aedee3aed703b810ad54927a2126d9ee0952f6ef87cf5ebb57992d345,configs/parameter_provenance.csv,86c4261fcb9616a643db79340fe0b7398ba10a5c46464e67e8b697bcfc3a4ec9
selectivity_quartet-manifold_mixture,quartet,quartet-manifold mixture PQ/4,,-1.008102552748629e-17,1000000.0,8.0,8e-06,1.0,1000000.0,0.1,100000.0,0.1,100000.0,1.0,1000000.0,1.0,1000000.0,0.1,100000.0,6.977354296748665e-06,4.987337226401088e-05,5.685072656075954e-05,0.060550514932096816,0.07989473812811315,0.14044525306020997,0.8594978962132286,5.685072656075954e-05,0.9999999999999993,6.661338147750939e-16,constant-generator matrix exponential Pade(13),2,dimensionless populations/per-encounter yields,dimensionless per encounter unless field name gives s^-1 or s,True,"Illustrative one-factor-at-a-time grid; bounds are not measured ranges or probability priors. Results are populations and per-encounter yields, not concentrations or biological fluxes. No encounter yield is converted to molarity, and no continuous biological ROS source is modeled.",4e863b04abf00d77462be6bdf33a6b2ad343ab81,485e6c100ae04a17802c8cfb09694c7b6fe9783be2b477e00a0a465bb075e0f8,configs/doxorubicin_parameters.json,0b7d200aedee3aed703b810ad54927a2126d9ee0952f6ef87cf5ebb57992d345,configs/parameter_provenance.csv,86c4261fcb9616a643db79340fe0b7398ba10a5c46464e67e8b697bcfc3a4ec9
selectivity_quartet-manifold_mixture,quartet,quartet-manifold mixture PQ/4,,-1.008102552748629e-17,1000000.0,8.0,8e-06,1.0,1000000.0,0.1,100000.0,0.1,100000.0,1.0,1000000.0,1.0,1000000.0,0.15848931924611143,158489.31924611144,4.71194159205624e-06,3.179157252323144e-05,3.650351411528768e-05,0.05756486240726119,0.12105135523340217,0.17861621764066338,0.8213472788452207,3.650351411528768e-05,0.9999999999999994,5.551115123125783e-16,constant-generator matrix exponential Pade(13),2,dimensionless populations/per-encounter yields,dimensionless per encounter unless field name gives s^-1 or s,True,"Illustrative one-factor-at-a-time grid; bounds are not measured ranges or probability priors. Results are populations and per-encounter yields, not concentrations or biological fluxes. No encounter yield is converted to molarity, and no continuous biological ROS source is modeled.",4e863b04abf00d77462be6bdf33a6b2ad343ab81,485e6c100ae04a17802c8cfb09694c7b6fe9783be2b477e00a0a465bb075e0f8,configs/doxorubicin_parameters.json,0b7d200aedee3aed703b810ad54927a2126d9ee0952f6ef87cf5ebb57992d345,configs/parameter_provenance.csv,86c4261fcb9616a643db79340fe0b7398ba10a5c46464e67e8b697bcfc3a4ec9
selectivity_quartet-manifold_mixture,quartet,quartet-manifold mixture PQ/4,,-1.008102552748629e-17,1000000.0,8.0,8e-06,1.0,1000000.0,0.1,100000.0,0.1,100000.0,1.0,1000000.0,1.0,1000000.0,0.25118864315095807,251188.64315095806,2.557440373570895e-06,1.565435120170435e-05,1.8211791575275243e-05,0.053330011980144615,0.17934328535272334,0.23267329733286796,0.7673084908755561,1.8211791575275243e-05,0.9999999999999993,6.661338147750939e-16,constant-generator matrix exponential Pade(13),2,dimensionless populations/per-encounter yields,dimensionless per encounter unless field name gives s^-1 or s,True,"Illustrative one-factor-at-a-time grid; bounds are not measured ranges or probability priors. Results are populations and per-encounter yields, not concentrations or biological fluxes. No encounter yield is converted to molarity, and no continuous biological ROS source is modeled.",4e863b04abf00d77462be6bdf33a6b2ad343ab81,485e6c100ae04a17802c8cfb09694c7b6fe9783be2b477e00a0a465bb075e0f8,configs/doxorubicin_parameters.json,0b7d200aedee3aed703b810ad54927a2126d9ee0952f6ef87cf5ebb57992d345,configs/parameter_provenance.csv,86c4261fcb9616a643db79340fe0b7398ba10a5c46464e67e8b697bcfc3a4ec9
selectivity_quartet-manifold_mixture,quartet,quartet-manifold mixture PQ/4,,-1.008102552748629e-17,1000000.0,8.0,8e-06,1.0,1000000.0,0.1,100000.0,0.1,100000.0,1.0,1000000.0,1.0,1000000.0,0.3981071705534973,398107.17055349733,1.0018883584909503e-06,5.173072754351903e-06,6.174961112842853e-06,0.0476387158392908,0.25761550409003797,0.3052542199293288,0.6947396051095578,6.174961112842853e-06,0.9999999999999994,5.551115123125783e-16,constant-generator matrix exponential Pade(13),2,dimensionless populations/per-encounter yields,dimensionless per encounter unless field name gives s^-1 or s,True,"Illustrative one-factor-at-a-time grid; bounds are not measured ranges or probability priors. Results are populations and per-encounter yields, not concentrations or biological fluxes. No encounter yield is converted to molarity, and no continuous biological ROS source is modeled.",4e863b04abf00d77462be6bdf33a6b2ad343ab81,485e6c100ae04a17802c8cfb09694c7b6fe9783be2b477e00a0a465bb075e0f8,configs/doxorubicin_parameters.json,0b7d200aedee3aed703b810ad54927a2126d9ee0952f6ef87cf5ebb57992d345,configs/parameter_provenance.csv,86c4261fcb9616a643db79340fe0b7398ba10a5c46464e67e8b697bcfc3a4ec9
selectivity_quartet-manifold_mixture,quartet,quartet-manifold mixture PQ/4,,-1.008102552748629e-17,1000000.0,8.0,8e-06,1.0,1000000.0,0.1,100000.0,0.1,100000.0,1.0,1000000.0,1.0,1000000.0,0.6309573444801934,630957.3444801933,2.4877608035259287e-07,9.415146648910294e-07,1.1902907452436226e-06,0.040530627071329636,0.3555031048271908,0.3960337318985204,0.6039650778107339,1.1902907452436226e-06,0.9999999999999996,4.440892098500626e-16,constant-generator matrix exponential Pade(13),2,dimensionless populations/per-encounter yields,dimensionless per encounter unless field name gives s^-1 or s,True,"Illustrative one-factor-at-a-time grid; bounds are not measured ranges or probability priors. Results are populations and per-encounter yields, not concentrations or biological fluxes. No encounter yield is converted to molarity, and no continuous biological ROS source is modeled.",4e863b04abf00d77462be6bdf33a6b2ad343ab81,485e6c100ae04a17802c8cfb09694c7b6fe9783be2b477e00a0a465bb075e0f8,configs/doxorubicin_parameters.json,0b7d200aedee3aed703b810ad54927a2126d9ee0952f6ef87cf5ebb57992d345,configs/parameter_provenance.csv,86c4261fcb9616a643db79340fe0b7398ba10a5c46464e67e8b697bcfc3a4ec9
selectivity_quartet-manifold_mixture,quartet,quartet-manifold mixture PQ/4,,-1.008102552748629e-17,1000000.0,8.0,8e-06,1.0,1000000.0,0.1,100000.0,0.1,100000.0,1.0,1000000.0,1.0,1000000.0,1.0,1000000.0,3.5721857733922845e-08,7.681331698533644e-08,1.1253517471925929e-07,0.03244774658401668,0.46755219714839513,0.4999999437324118,0.49999994373241186,1.1253517471925929e-07,0.9999999999999984,1.5543122344752192e-15,constant-generator matrix exponential Pade(13),2,dimensionless populations/per-encounter yields,dimensionless per encounter unless field name gives s^-1 or s,True,"Illustrative one-factor-at-a-time grid; bounds are not measured ranges or probability priors. Results are populations and per-encounter yields, not concentrations or biological fluxes. No encounter yield is converted to molarity, and no continuous biological ROS source is modeled.",4e863b04abf00d77462be6bdf33a6b2ad343ab81,485e6c100ae04a17802c8cfb09694c7b6fe9783be2b477e00a0a465bb075e0f8,configs/doxorubicin_parameters.json,0b7d200aedee3aed703b810ad54927a2126d9ee0952f6ef87cf5ebb57992d345,configs/parameter_provenance.csv,86c4261fcb9616a643db79340fe0b7398ba10a5c46464e67e8b697bcfc3a4ec9
selectivity_quartet-manifold_mixture,quartet,quartet-manifold mixture PQ/4,,-1.008102552748629e-17,1000000.0,8.0,8e-06,1.0,1000000.0,0.1,100000.0,0.1,100000.0,1.0,1000000.0,1.0,1000000.0,1.584893192461114,1584893.1924611141,3.2996320639067316e-09,3.3119635845354483e-09,6.61159564844218e-09,0.02422830516064628,0.5834262841315321,0.6076545892921783,0.3923454040962243,6.61159564844218e-09,0.9999999999999982,1.7763568394002505e-15,constant-generator matrix exponential Pade(13),2,dimensionless populations/per-encounter yields,dimensionless per encounter unless field name gives s^-1 or s,True,"Illustrative one-factor-at-a-time grid; bounds are not measured ranges or probability priors. Results are populations and per-encounter yields, not concentrations or biological fluxes. No encounter yield is converted to molarity, and no continuous biological ROS source is modeled.",4e863b04abf00d77462be6bdf33a6b2ad343ab81,485e6c100ae04a17802c8cfb09694c7b6fe9783be2b477e00a0a465bb075e0f8,configs/doxorubicin_parameters.json,0b7d200aedee3aed703b810ad54927a2126d9ee0952f6ef87cf5ebb57992d345,configs/parameter_provenance.csv,86c4261fcb9616a643db79340fe0b7398ba10a5c46464e67e8b697bcfc3a4ec9
selectivity_quartet-manifold_mixture,quartet,quartet-manifold mixture PQ/4,,-1.008102552748629e-17,1000000.0,8.0,8e-06,1.0,1000000.0,0.1,100000.0,0.1,100000.0,1.0,1000000.0,1.0,1000000.0,2.5118864315095824,2511886.4315095823,5.42488466967155e-10,2.7434905243227744e-10,8.168375193994325e-10,0.016837039622652098,0.6911672726456997,0.7080043122683518,0.29199568691480904,8.168375193994325e-10,0.9999999999999983,1.6653345369377348e-15,constant-generator matrix exponential Pade(13),2,dimensionless populations/per-encounter yields,dimensionless per encounter unless field name gives s^-1 or s,True,"Illustrative one-factor-at-a-time grid; bounds are not measured ranges or probability priors. Results are populations and per-encounter yields, not concentrations or biological fluxes. No encounter yield is converted to molarity, and no continuous biological ROS source is modeled.",4e863b04abf00d77462be6bdf33a6b2ad343ab81,485e6c100ae04a17802c8cfb09694c7b6fe9783be2b477e00a0a465bb075e0f8,configs/doxorubicin_parameters.json,0b7d200aedee3aed703b810ad54927a2126d9ee0952f6ef87cf5ebb57992d345,configs/parameter_provenance.csv,86c4261fcb9616a643db79340fe0b7398ba10a5c46464e67e8b697bcfc3a4ec9
selectivity_quartet-manifold_mixture,quartet,quartet-manifold mixture PQ/4,,-1.008102552748629e-17,1000000.0,8.0,8e-06,1.0,1000000.0,0.1,100000.0,0.1,100000.0,1.0,1000000.0,1.0,1000000.0,3.981071705534973,3981071.705534973,4.074236584159397e-10,6.40927268859544e-11,4.715163853018941e-10,0.010964076192160575,0.7817141343938439,0.7926782105860044,0.20732178894247583,4.715163853018941e-10,0.9999999999999967,3.3306690738754696e-15,constant-generator matrix exponential Pade(13),2,dimensionless populations/per-encounter yields,dimensionless per encounter unless field name gives s^-1 or s,True,"Illustrative one-factor-at-a-time grid; bounds are not measured ranges or probability priors. Results are populations and per-encounter yields, not concentrations or biological fluxes. No encounter yield is converted to molarity, and no continuous biological ROS source is modeled.",4e863b04abf00d77462be6bdf33a6b2ad343ab81,485e6c100ae04a17802c8cfb09694c7b6fe9783be2b477e00a0a465bb075e0f8,configs/doxorubicin_parameters.json,0b7d200aedee3aed703b810ad54927a2126d9ee0952f6ef87cf5ebb57992d345,configs/parameter_provenance.csv,86c4261fcb9616a643db79340fe0b7398ba10a5c46464e67e8b697bcfc3a4ec9
selectivity_quartet-manifold_mixture,quartet,quartet-manifold mixture PQ/4,,-1.008102552748629e-17,1000000.0,8.0,8e-06,1.0,1000000.0,0.1,100000.0,0.1,100000.0,1.0,1000000.0,1.0,1000000.0,6.309573444801936,6309573.444801936,3.3509828533575527e-10,1.9529103693060765e-11,3.5462738902881613e-10,0.006793295097444054,0.8514652600270765,0.8582585551245205,0.14174144452084853,3.5462738902881613e-10,0.9999999999999964,3.552713678800501e-15,constant-generator matrix exponential Pade(13),2,dimensionless populations/per-encounter yields,dimensionless per encounter unless field name gives s^-1 or s,True,"Illustrative one-factor-at-a-time grid; bounds are not measured ranges or probability priors. Results are populations and per-encounter yields, not concentrations or biological fluxes. No encounter yield is converted to molarity, and no continuous biological ROS source is modeled.",4e863b04abf00d77462be6bdf33a6b2ad343ab81,485e6c100ae04a17802c8cfb09694c7b6fe9783be2b477e00a0a465bb075e0f8,configs/doxorubicin_parameters.json,0b7d200aedee3aed703b810ad54927a2126d9ee0952f6ef87cf5ebb57992d345,configs/parameter_provenance.csv,86c4261fcb9616a643db79340fe0b7398ba10a5c46464e67e8b697bcfc3a4ec9
selectivity_quartet-manifold_mixture,quartet,quartet-manifold mixture PQ/4,,-1.008102552748629e-17,1000000.0,8.0,8e-06,1.0,1000000.0,0.1,100000.0,0.1,100000.0,1.0,1000000.0,1.0,1000000.0,10.0,10000000.0,2.404707933067574e-10,6.267797090711282e-12,2.467385903974687e-10,0.004085605741721635,0.9016625347907372,0.9057481405324589,0.09425185922079539,2.467385903974687e-10,0.9999999999999929,7.105427357601002e-15,constant-generator matrix exponential Pade(13),2,dimensionless populations/per-encounter yields,dimensionless per encounter unless field name gives s^-1 or s,True,"Illustrative one-factor-at-a-time grid; bounds are not measured ranges or probability priors. Results are populations and per-encounter yields, not concentrations or biological fluxes. No encounter yield is converted to molarity, and no continuous biological ROS source is modeled.",4e863b04abf00d77462be6bdf33a6b2ad343ab81,485e6c100ae04a17802c8cfb09694c7b6fe9783be2b477e00a0a465bb075e0f8,configs/doxorubicin_parameters.json,0b7d200aedee3aed703b810ad54927a2126d9ee0952f6ef87cf5ebb57992d345,configs/parameter_provenance.csv,86c4261fcb9616a643db79340fe0b7398ba10a5c46464e67e8b697bcfc3a4ec9
selectivity_quartet-manifold_mixture,quartet,quartet-manifold mixture PQ/4,,-1.008102552748629e-17,1000000.0,8.0,8e-06,1.0,1000000.0,0.1,100000.0,0.1,100000.0,10.0,10000000.0,1.0,1000000.0,0.0,0.0,7.4276965547175355e-37,5.8240046556331655e-36,6.566774311104919e-36,0.0007752103746050268,0.0,0.0007752103746050268,0.9992247896253879,6.566774311104919e-36,0.9999999999999929,7.105427357601002e-15,constant-generator matrix exponential Pade(13),2,dimensionless populations/per-encounter yields,dimensionless per encounter unless field name gives s^-1 or s,True,"Illustrative one-factor-at-a-time grid; bounds are not measured ranges or probability priors. Results are populations and per-encounter yields, not concentrations or biological fluxes. No encounter yield is converted to molarity, and no continuous biological ROS source is modeled.",4e863b04abf00d77462be6bdf33a6b2ad343ab81,485e6c100ae04a17802c8cfb09694c7b6fe9783be2b477e00a0a465bb075e0f8,configs/doxorubicin_parameters.json,0b7d200aedee3aed703b810ad54927a2126d9ee0952f6ef87cf5ebb57992d345,configs/parameter_provenance.csv,86c4261fcb9616a643db79340fe0b7398ba10a5c46464e67e8b697bcfc3a4ec9
selectivity_quartet-manifold_mixture,quartet,quartet-manifold mixture PQ/4,,-1.008102552748629e-17,1000000.0,8.0,8e-06,1.0,1000000.0,0.1,100000.0,0.1,100000.0,10.0,10000000.0,1.0,1000000.0,0.01,10000.0,6.933606084895826e-37,5.388292407031064e-36,6.081653015520648e-36,0.0007743595596743126,0.0009904915532902851,0.0017648511129645978,0.9982351488870282,6.081653015520648e-36,0.9999999999999929,7.105427357601002e-15,constant-generator matrix exponential Pade(13),2,dimensionless populations/per-encounter yields,dimensionless per encounter unless field name gives s^-1 or s,True,"Illustrative one-factor-at-a-time grid; bounds are not measured ranges or probability priors. Results are populations and per-encounter yields, not concentrations or biological fluxes. No encounter yield is converted to molarity, and no continuous biological ROS source is modeled.",4e863b04abf00d77462be6bdf33a6b2ad343ab81,485e6c100ae04a17802c8cfb09694c7b6fe9783be2b477e00a0a465bb075e0f8,configs/doxorubicin_parameters.json,0b7d200aedee3aed703b810ad54927a2126d9ee0952f6ef87cf5ebb57992d345,configs/parameter_provenance.csv,86c4261fcb9616a643db79340fe0b7398ba10a5c46464e67e8b697bcfc3a4ec9
selectivity_quartet-manifold_mixture,quartet,quartet-manifold mixture PQ/4,,-1.008102552748629e-17,1000000.0,8.0,8e-06,1.0,1000000.0,0.1,100000.0,0.1,100000.0,10.0,10000000.0,1.0,1000000.0,0.015848931924611134,15848.931924611134,6.660385286225048e-37,5.1488501665449466e-36,5.8148886951674525e-36,0.0007738627389484824,0.0015689152417195065,0.002342777980667989,0.9976572220193252,5.8148886951674525e-36,0.9999999999999931,6.8833827526759706e-15,constant-generator matrix exponential Pade(13),2,dimensionless populations/per-encounter yields,dimensionless per encounter unless field name gives s^-1 or s,True,"Illustrative one-factor-at-a-time grid; bounds are not measured ranges or probability priors. Results are populations and per-encounter yields, not concentrations or biological fluxes. No encounter yield is converted to molarity, and no continuous biological ROS source is modeled.",4e863b04abf00d77462be6bdf33a6b2ad343ab81,485e6c100ae04a17802c8cfb09694c7b6fe9783be2b477e00a0a465bb075e0f8,configs/doxorubicin_parameters.json,0b7d200aedee3aed703b810ad54927a2126d9ee0952f6ef87cf5ebb57992d345,configs/parameter_provenance.csv,86c4261fcb9616a643db79340fe0b7398ba10a5c46464e67e8b697bcfc3a4ec9
selectivity_quartet-manifold_mixture,quartet,quartet-manifold mixture PQ/4,,-1.008102552748629e-17,1000000.0,8.0,8e-06,1.0,1000000.0,0.1,100000.0,0.1,100000.0,10.0,10000000.0,1.0,1000000.0,0.025118864315095794,25118.864315095794,6.249805913386286e-37,4.7911560969516906e-36,5.416136688290319e-36,0.0007730765604369487,0.002484285502713823,0.0032573620631507717,0.9967426379368424,5.416136688290319e-36,0.9999999999999931,6.8833827526759706e-15,constant-generator matrix exponential Pade(13),2,dimensionless populations/per-encounter yields,dimensionless per encounter unless field name gives s^-1 or s,True,"Illustrative one-factor-at-a-time grid; bounds are not measured ranges or probability priors. Results are populations and per-encounter yields, not concentrations or biological fluxes. No encounter yield is converted to molarity, and no continuous biological ROS source is modeled.",4e863b04abf00d77462be6bdf33a6b2ad343ab81,485e6c100ae04a17802c8cfb09694c7b6fe9783be2b477e00a0a465bb075e0f8,configs/doxorubicin_parameters.json,0b7d200aedee3aed703b810ad54927a2126d9ee0952f6ef87cf5ebb57992d345,configs/parameter_provenance.csv,86c4261fcb9616a643db79340fe0b7398ba10a5c46464e67e8b697bcfc3a4ec9
selectivity_quartet-manifold_mixture,quartet,quartet-manifold mixture PQ/4,,-1.008102552748629e-17,1000000.0,8.0,8e-06,1.0,1000000.0,0.1,100000.0,0.1,100000.0,10.0,10000000.0,1.0,1000000.0,0.039810717055349734,39810.717055349734,5.651596061813503e-37,4.274890584104048e-36,4.840050190285399e-36,0.0007718336300090367,0.003931619670424194,0.004703453300433231,0.9952965466995598,4.840050190285399e-36,0.999999999999993,6.994405055138486e-15,constant-generator matrix exponential Pade(13),2,dimensionless populations/per-encounter yields,dimensionless per encounter unless field name gives s^-1 or s,True,"Illustrative one-factor-at-a-time grid; bounds are not measured ranges or probability priors. Results are populations and per-encounter yields, not concentrations or biological fluxes. No encounter yield is converted to molarity, and no continuous biological ROS source is modeled.",4e863b04abf00d77462be6bdf33a6b2ad343ab81,485e6c100ae04a17802c8cfb09694c7b6fe9783be2b477e00a0a465bb075e0f8,configs/doxorubicin_parameters.json,0b7d200aedee3aed703b810ad54927a2126d9ee0952f6ef87cf5ebb57992d345,configs/parameter_provenance.csv,86c4261fcb9616a643db79340fe0b7398ba10a5c46464e67e8b697bcfc3a4ec9
selectivity_quartet-manifold_mixture,quartet,quartet-manifold mixture PQ/4,,-1.008102552748629e-17,1000000.0,8.0,8e-06,1.0,1000000.0,0.1,100000.0,0.1,100000.0,10.0,10000000.0,1.0,1000000.0,0.06309573444801933,63095.73444801933,4.8214149758122175e-37,3.5691320564123996e-36,4.051273553993621e-36,0.0007698714143330506,0.006216914205472759,0.00698678561980581,0.993013214380187,4.051273553993621e-36,0.9999999999999928,7.216449660063518e-15,constant-generator matrix exponential Pade(13),2,dimensionless populations/per-encounter yields,dimensionless per encounter unless field name gives s^-1 or s,True,"Illustrative one-factor-at-a-time grid; bounds are not measured ranges or probability priors. Results are populations and per-encounter yields, not concentrations or biological fluxes. No encounter yield is converted to molarity, and no continuous biological ROS source is modeled.",4e863b04abf00d77462be6bdf33a6b2ad343ab81,485e6c100ae04a17802c8cfb09694c7b6fe9783be2b477e00a0a465bb075e0f8,configs/doxorubicin_parameters.json,0b7d200aedee3aed703b810ad54927a2126d9ee0952f6ef87cf5ebb57992d345,configs/parameter_provenance.csv,86c4261fcb9616a643db79340fe0b7398ba10a5c46464e67e8b697bcfc3a4ec9
selectivity_quartet-manifold_mixture,quartet,quartet-manifold mixture PQ/4,,-1.008102552748629e-17,1000000.0,8.0,8e-06,1.0,1000000.0,0.1,100000.0,0.1,100000.0,10.0,10000000.0,1.0,1000000.0,0.1,100000.0,3.753946502093077e-37,2.683280272084133e-36,3.058674922293441e-36,0.0007667806995896144,0.009817479329747594,0.010584260029337208,0.9894157399706557,3.058674922293441e-36,0.9999999999999929,7.105427357601002e-15,constant-generator matrix exponential Pade(13),2,dimensionless populations/per-encounter yields,dimensionless per encounter unless field name gives s^-1 or s,True,"Illustrative one-factor-at-a-time grid; bounds are not measured ranges or probability priors. Results are populations and per-encounter yields, not concentrations or biological fluxes. No encounter yield is converted to molarity, and no continuous biological ROS source is modeled.",4e863b04abf00d77462be6bdf33a6b2ad343ab81,485e6c100ae04a17802c8cfb09694c7b6fe9783be2b477e00a0a465bb075e0f8,configs/doxorubicin_parameters.json,0b7d200aedee3aed703b810ad54927a2126d9ee0952f6ef87cf5ebb57992d345,configs/parameter_provenance.csv,86c4261fcb9616a643db79340fe0b7398ba10a5c46464e67e8b697bcfc3a4ec9
selectivity_quartet-manifold_mixture,quartet,quartet-manifold mixture PQ/4,,-1.008102552748629e-17,1000000.0,8.0,8e-06,1.0,1000000.0,0.1,100000.0,0.1,100000.0,10.0,10000000.0,1.0,1000000.0,0.15848931924611143,158489.31924611144,2.5351122940409466e-37,1.710445784947999e-36,1.963957014352094e-36,0.0007619298751910713,0.015470901143617911,0.016232831018808982,0.9837671689811842,1.963957014352094e-36,0.9999999999999932,6.772360450213455e-15,constant-generator matrix exponential Pade(13),2,dimensionless populations/per-encounter yields,dimensionless per encounter unless field name gives s^-1 or s,True,"Illustrative one-factor-at-a-time grid; bounds are not measured ranges or probability priors. Results are populations and per-encounter yields, not concentrations or biological fluxes. No encounter yield is converted to molarity, and no continuous biological ROS source is modeled.",4e863b04abf00d77462be6bdf33a6b2ad343ab81,485e6c100ae04a17802c8cfb09694c7b6fe9783be2b477e00a0a465bb075e0f8,configs/doxorubicin_parameters.json,0b7d200aedee3aed703b810ad54927a2126d9ee0952f6ef87cf5ebb57992d345,configs/parameter_provenance.csv,86c4261fcb9616a643db79340fe0b7398ba10a5c46464e67e8b697bcfc3a4ec9
selectivity_quartet-manifold_mixture,quartet,quartet-manifold mixture PQ/4,,-1.008102552748629e-17,1000000.0,8.0,8e-06,1.0,1000000.0,0.1,100000.0,0.1,100000.0,10.0,10000000.0,1.0,1000000.0,0.25118864315095807,251188.64315095806,1.3759505302965371e-37,8.422332367951984e-37,9.79828289824852e-37,0.0007543592569218167,0.024300039786824934,0.02505439904374675,0.9749456009562463,9.79828289824852e-37,0.999999999999993,6.994405055138486e-15,constant-generator matrix exponential Pade(13),2,dimensionless populations/per-encounter yields,dimensionless per encounter unless field name gives s^-1 or s,True,"Illustrative one-factor-at-a-time grid; bounds are not measured ranges or probability priors. Results are populations and per-encounter yields, not concentrations or biological fluxes. No encounter yield is converted to molarity, and no continuous biological ROS source is modeled.",4e863b04abf00d77462be6bdf33a6b2ad343ab81,485e6c100ae04a17802c8cfb09694c7b6fe9783be2b477e00a0a465bb075e0f8,configs/doxorubicin_parameters.json,0b7d200aedee3aed703b810ad54927a2126d9ee0952f6ef87cf5ebb57992d345,configs/parameter_provenance.csv,86c4261fcb9616a643db79340fe0b7398ba10a5c46464e67e8b697bcfc3a4ec9
selectivity_quartet-manifold_mixture,quartet,quartet-manifold mixture PQ/4,,-1.008102552748629e-17,1000000.0,8.0,8e-06,1.0,1000000.0,0.1,100000.0,0.1,100000.0,10.0,10000000.0,1.0,1000000.0,0.3981071705534973,398107.17055349733,5.390345880239288e-38,2.783209443774659e-37,3.322244031798588e-37,0.0007426470410081707,0.03797373693524871,0.03871638397625688,0.961283616023736,3.322244031798588e-37,0.9999999999999929,7.105427357601002e-15,constant-generator matrix exponential Pade(13),2,dimensionless populations/per-encounter yields,dimensionless per encounter unless field name gives s^-1 or s,True,"Illustrative one-factor-at-a-time grid; bounds are not measured ranges or probability priors. Results are populations and per-encounter yields, not concentrations or biological fluxes. No encounter yield is converted to molarity, and no continuous biological ROS source is modeled.",4e863b04abf00d77462be6bdf33a6b2ad343ab81,485e6c100ae04a17802c8cfb09694c7b6fe9783be2b477e00a0a465bb075e0f8,configs/doxorubicin_parameters.json,0b7d200aedee3aed703b810ad54927a2126d9ee0952f6ef87cf5ebb57992d345,configs/parameter_provenance.csv,86c4261fcb9616a643db79340fe0b7398ba10a5c46464e67e8b697bcfc3a4ec9
selectivity_quartet-manifold_mixture,quartet,quartet-manifold mixture PQ/4,,-1.008102552748629e-17,1000000.0,8.0,8e-06,1.0,1000000.0,0.1,100000.0,0.1,100000.0,10.0,10000000.0,1.0,1000000.0,0.6309573444801934,630957.3444801933,1.3384616244573273e-38,5.065524169503676e-38,6.403985793961003e-38,0.000724771541802856,0.05887776848282667,0.05960254002462953,0.9403974599753633,6.403985793961003e-38,0.9999999999999928,7.216449660063518e-15,constant-generator matrix exponential Pade(13),2,dimensionless populations/per-encounter yields,dimensionless per encounter unless field name gives s^-1 or s,True,"Illustrative one-factor-at-a-time grid; bounds are not measured ranges or probability priors. Results are populations and per-encounter yields, not concentrations or biological fluxes. No encounter yield is converted to molarity, and no continuous biological ROS source is modeled.",4e863b04abf00d77462be6bdf33a6b2ad343ab81,485e6c100ae04a17802c8cfb09694c7b6fe9783be2b477e00a0a465bb075e0f8,configs/doxorubicin_parameters.json,0b7d200aedee3aed703b810ad54927a2126d9ee0952f6ef87cf5ebb57992d345,configs/parameter_provenance.csv,86c4261fcb9616a643db79340fe0b7398ba10a5c46464e67e8b697bcfc3a4ec9
selectivity_quartet-manifold_mixture,quartet,quartet-manifold mixture PQ/4,,-1.008102552748629e-17,1000000.0,8.0,8e-06,1.0,1000000.0,0.1,100000.0,0.1,100000.0,10.0,10000000.0,1.0,1000000.0,1.0,1000000.0,1.9219024459029395e-39,4.132699449498211e-39,6.05460189540115e-39,0.0006980479536632563,0.090211042955427,0.09090909090909026,0.9090909090909027,6.05460189540115e-39,0.999999999999993,6.994405055138486e-15,constant-generator matrix exponential Pade(13),2,dimensionless populations/per-encounter yields,dimensionless per encounter unless field name gives s^-1 or s,True,"Illustrative one-factor-at-a-time grid; bounds are not measured ranges or probability priors. Results are populations and per-encounter yields, not concentrations or biological fluxes. No encounter yield is converted to molarity, and no continuous biological ROS source is modeled.",4e863b04abf00d77462be6bdf33a6b2ad343ab81,485e6c100ae04a17802c8cfb09694c7b6fe9783be2b477e00a0a465bb075e0f8,configs/doxorubicin_parameters.json,0b7d200aedee3aed703b810ad54927a2126d9ee0952f6ef87cf5ebb57992d345,configs/parameter_provenance.csv,86c4261fcb9616a643db79340fe0b7398ba10a5c46464e67e8b697bcfc3a4ec9
selectivity_quartet-manifold_mixture,quartet,quartet-manifold mixture PQ/4,,-1.008102552748629e-17,1000000.0,8.0,8e-06,1.0,1000000.0,0.1,100000.0,0.1,100000.0,10.0,10000000.0,1.0,1000000.0,1.584893192461114,1584893.1924611141,1.7752634763392923e-40,1.7818980640011569e-40,3.5571615403404496e-40,0.0006593125256654101,0.1358147051554216,0.13647401768108702,0.8635259823189061,3.5571615403404496e-40,0.9999999999999931,6.8833827526759706e-15,constant-generator matrix exponential Pade(13),2,dimensionless populations/per-encounter yields,dimensionless per encounter unless field name gives s^-1 or s,True,"Illustrative one-factor-at-a-time grid; bounds are not measured ranges or probability priors. Results are populations and per-encounter yields, not concentrations or biological fluxes. No encounter yield is converted to molarity, and no continuous biological ROS source is modeled.",4e863b04abf00d77462be6bdf33a6b2ad343ab81,485e6c100ae04a17802c8cfb09694c7b6fe9783be2b477e00a0a465bb075e0f8,configs/doxorubicin_parameters.json,0b7d200aedee3aed703b810ad54927a2126d9ee0952f6ef87cf5ebb57992d345,configs/parameter_provenance.csv,86c4261fcb9616a643db79340fe0b7398ba10a5c46464e67e8b697bcfc3a4ec9
selectivity_quartet-manifold_mixture,quartet,quartet-manifold mixture PQ/4,,-1.008102552748629e-17,1000000.0,8.0,8e-06,1.0,1000000.0,0.1,100000.0,0.1,100000.0,10.0,10000000.0,1.0,1000000.0,2.5118864315095824,2511886.4315095823,2.9186889419477705e-41,1.4760489749110528e-41,4.3947379168588233e-41,0.0006056264999834146,0.19942256751621895,0.20002819401620237,0.7999718059837904,4.3947379168588233e-41,0.9999999999999927,7.327471962526033e-15,constant-generator matrix exponential Pade(13),2,dimensionless populations/per-encounter yields,dimensionless per encounter unless field name gives s^-1 or s,True,"Illustrative one-factor-at-a-time grid; bounds are not measured ranges or probability priors. Results are populations and per-encounter yields, not concentrations or biological fluxes. No encounter yield is converted to molarity, and no continuous biological ROS source is modeled.",4e863b04abf00d77462be6bdf33a6b2ad343ab81,485e6c100ae04a17802c8cfb09694c7b6fe9783be2b477e00a0a465bb075e0f8,configs/doxorubicin_parameters.json,0b7d200aedee3aed703b810ad54927a2126d9ee0952f6ef87cf5ebb57992d345,configs/parameter_provenance.csv,86c4261fcb9616a643db79340fe0b7398ba10a5c46464e67e8b697bcfc3a4ec9
selectivity_quartet-manifold_mixture,quartet,quartet-manifold mixture PQ/4,,-1.008102552748629e-17,1000000.0,8.0,8e-06,1.0,1000000.0,0.1,100000.0,0.1,100000.0,10.0,10000000.0,1.0,1000000.0,3.981071705534973,3981071.705534973,2.1920151282746035e-41,3.448308021498249e-42,2.536845930424429e-41,0.0005357087625146107,0.2830692913907858,0.2836050001533004,0.7163949998466924,2.536845930424429e-41,0.9999999999999929,7.105427357601002e-15,constant-generator matrix exponential Pade(13),2,dimensionless populations/per-encounter yields,dimensionless per encounter unless field name gives s^-1 or s,True,"Illustrative one-factor-at-a-time grid; bounds are not measured ranges or probability priors. Results are populations and per-encounter yields, not concentrations or biological fluxes. No encounter yield is converted to molarity, and no continuous biological ROS source is modeled.",4e863b04abf00d77462be6bdf33a6b2ad343ab81,485e6c100ae04a17802c8cfb09694c7b6fe9783be2b477e00a0a465bb075e0f8,configs/doxorubicin_parameters.json,0b7d200aedee3aed703b810ad54927a2126d9ee0952f6ef87cf5ebb57992d345,configs/parameter_provenance.csv,86c4261fcb9616a643db79340fe0b7398ba10a5c46464e67e8b697bcfc3a4ec9
selectivity_quartet-manifold_mixture,quartet,quartet-manifold mixture PQ/4,,-1.008102552748629e-17,1000000.0,8.0,8e-06,1.0,1000000.0,0.1,100000.0,0.1,100000.0,10.0,10000000.0,1.0,1000000.0,6.309573444801936,6309573.444801936,1.8028911570102416e-41,1.0507021340702238e-42,1.9079613704172644e-41,0.00045178084360040366,0.38494062873561363,0.38539240957921406,0.6146075904207787,1.9079613704172644e-41,0.9999999999999928,7.216449660063518e-15,constant-generator matrix exponential Pade(13),2,dimensionless populations/per-encounter yields,dimensionless per encounter unless field name gives s^-1 or s,True,"Illustrative one-factor-at-a-time grid; bounds are not measured ranges or probability priors. Results are populations and per-encounter yields, not concentrations or biological fluxes. No encounter yield is converted to molarity, and no continuous biological ROS source is modeled.",4e863b04abf00d77462be6bdf33a6b2ad343ab81,485e6c100ae04a17802c8cfb09694c7b6fe9783be2b477e00a0a465bb075e0f8,configs/doxorubicin_parameters.json,0b7d200aedee3aed703b810ad54927a2126d9ee0952f6ef87cf5ebb57992d345,configs/parameter_provenance.csv,86c4261fcb9616a643db79340fe0b7398ba10a5c46464e67e8b697bcfc3a4ec9
selectivity_quartet-manifold_mixture,quartet,quartet-manifold mixture PQ/4,,-1.008102552748629e-17,1000000.0,8.0,8e-06,1.0,1000000.0,0.1,100000.0,0.1,100000.0,10.0,10000000.0,1.0,1000000.0,10.0,10000000.0,1.2937776340383443e-41,3.372191516126881e-43,1.3274995491996131e-41,0.0003605403165115187,0.498017028259183,0.4983775685756945,0.5016224314242981,1.3274995491996131e-41,0.9999999999999926,7.438494264988549e-15,constant-generator matrix exponential Pade(13),2,dimensionless populations/per-encounter yields,dimensionless per encounter unless field name gives s^-1 or s,True,"Illustrative one-factor-at-a-time grid; bounds are not measured ranges or probability priors. Results are populations and per-encounter yields, not concentrations or biological fluxes. No encounter yield is converted to molarity, and no continuous biological ROS source is modeled.",4e863b04abf00d77462be6bdf33a6b2ad343ab81,485e6c100ae04a17802c8cfb09694c7b6fe9783be2b477e00a0a465bb075e0f8,configs/doxorubicin_parameters.json,0b7d200aedee3aed703b810ad54927a2126d9ee0952f6ef87cf5ebb57992d345,configs/parameter_provenance.csv,86c4261fcb9616a643db79340fe0b7398ba10a5c46464e67e8b697bcfc3a4ec9
selectivity_quartet-manifold_mixture,quartet,quartet-manifold mixture PQ/4,,-1.008102552748629e-17,1000000.0,8.0,8e-06,10.0,10000000.0,0.1,100000.0,0.1,100000.0,0.1,100000.0,1.0,1000000.0,0.0,0.0,0.016695193205217094,0.11995592470380907,0.13665111790902618,0.5360176038159294,0.0,0.5360176038159294,0.32733127827504294,0.13665111790902618,0.9999999999999986,1.4432899320127035e-15,constant-generator matrix exponential Pade(13),2,dimensionless populations/per-encounter yields,dimensionless per encounter unless field name gives s^-1 or s,True,"Illustrative one-factor-at-a-time grid; bounds are not measured ranges or probability priors. Results are populations and per-encounter yields, not concentrations or biological fluxes. No encounter yield is converted to molarity, and no continuous biological ROS source is modeled.",4e863b04abf00d77462be6bdf33a6b2ad343ab81,485e6c100ae04a17802c8cfb09694c7b6fe9783be2b477e00a0a465bb075e0f8,configs/doxorubicin_parameters.json,0b7d200aedee3aed703b810ad54927a2126d9ee0952f6ef87cf5ebb57992d345,configs/parameter_provenance.csv,86c4261fcb9616a643db79340fe0b7398ba10a5c46464e67e8b697bcfc3a4ec9
selectivity_quartet-manifold_mixture,quartet,quartet-manifold mixture PQ/4,,-1.008102552748629e-17,1000000.0,8.0,8e-06,10.0,10000000.0,0.1,100000.0,0.1,100000.0,0.1,100000.0,1.0,1000000.0,0.01,10000.0,0.01561697712465268,0.11120076304189787,0.12681774016655056,0.5270501733531534,0.02667518810408893,0.5537253614572424,0.3194568983762046,0.12681774016655056,0.9999999999999976,2.4424906541753444e-15,constant-generator matrix exponential Pade(13),2,dimensionless populations/per-encounter yields,dimensionless per encounter unless field name gives s^-1 or s,True,"Illustrative one-factor-at-a-time grid; bounds are not measured ranges or probability priors. Results are populations and per-encounter yields, not concentrations or biological fluxes. No encounter yield is converted to molarity, and no continuous biological ROS source is modeled.",4e863b04abf00d77462be6bdf33a6b2ad343ab81,485e6c100ae04a17802c8cfb09694c7b6fe9783be2b477e00a0a465bb075e0f8,configs/doxorubicin_parameters.json,0b7d200aedee3aed703b810ad54927a2126d9ee0952f6ef87cf5ebb57992d345,configs/parameter_provenance.csv,86c4261fcb9616a643db79340fe0b7398ba10a5c46464e67e8b697bcfc3a4ec9
selectivity_quartet-manifold_mixture,quartet,quartet-manifold mixture PQ/4,,-1.008102552748629e-17,1000000.0,8.0,8e-06,10.0,10000000.0,0.1,100000.0,0.1,100000.0,0.1,100000.0,1.0,1000000.0,0.015848931924611134,15848.931924611134,0.015019731520891396,0.1063819496493009,0.12140168117019229,0.5219468348286826,0.04165178759299065,0.5635986224216734,0.3149996964081327,0.12140168117019229,0.9999999999999984,1.5543122344752192e-15,constant-generator matrix exponential Pade(13),2,dimensionless populations/per-encounter yields,dimensionless per encounter unless field name gives s^-1 or s,True,"Illustrative one-factor-at-a-time grid; bounds are not measured ranges or probability priors. Results are populations and per-encounter yields, not concentrations or biological fluxes. No encounter yield is converted to molarity, and no continuous biological ROS source is modeled.",4e863b04abf00d77462be6bdf33a6b2ad343ab81,485e6c100ae04a17802c8cfb09694c7b6fe9783be2b477e00a0a465bb075e0f8,configs/doxorubicin_parameters.json,0b7d200aedee3aed703b810ad54927a2126d9ee0952f6ef87cf5ebb57992d345,configs/parameter_provenance.csv,86c4261fcb9616a643db79340fe0b7398ba10a5c46464e67e8b697bcfc3a4ec9
selectivity_quartet-manifold_mixture,quartet,quartet-manifold mixture PQ/4,,-1.008102552748629e-17,1000000.0,8.0,8e-06,10.0,10000000.0,0.1,100000.0,0.1,100000.0,0.1,100000.0,1.0,1000000.0,0.025118864315095794,25118.864315095794,0.014120781772082959,0.0991727218180649,0.11329350359014785,0.5140647147921058,0.06449120372661492,0.5785559185187207,0.3081505778911289,0.11329350359014785,0.9999999999999974,2.55351295663786e-15,constant-generator matrix exponential Pade(13),2,dimensionless populations/per-encounter yields,dimensionless per encounter unless field name gives s^-1 or s,True,"Illustrative one-factor-at-a-time grid; bounds are not measured ranges or probability priors. Results are populations and per-encounter yields, not concentrations or biological fluxes. No encounter yield is converted to molarity, and no continuous biological ROS source is modeled.",4e863b04abf00d77462be6bdf33a6b2ad343ab81,485e6c100ae04a17802c8cfb09694c7b6fe9783be2b477e00a0a465bb075e0f8,configs/doxorubicin_parameters.json,0b7d200aedee3aed703b810ad54927a2126d9ee0952f6ef87cf5ebb57992d345,configs/parameter_provenance.csv,86c4261fcb9616a643db79340fe0b7398ba10a5c46464e67e8b697bcfc3a4ec9
selectivity_quartet-manifold_mixture,quartet,quartet-manifold mixture PQ/4,,-1.008102552748629e-17,1000000.0,8.0,8e-06,10.0,10000000.0,0.1,100000.0,0.1,100000.0,0.1,100000.0,1.0,1000000.0,0.039810717055349734,39810.717055349734,0.012807687058509255,0.08874334700607625,0.10155103406458552,0.5020674292455587,0.09857232018077977,0.6006397494263385,0.2978092165090745,0.10155103406458552,0.9999999999999984,1.5543122344752192e-15,constant-generator matrix exponential Pade(13),2,dimensionless populations/per-encounter yields,dimensionless per encounter unless field name gives s^-1 or s,True,"Illustrative one-factor-at-a-time grid; bounds are not measured ranges or probability priors. Results are populations and per-encounter yields, not concentrations or biological fluxes. No encounter yield is converted to molarity, and no continuous biological ROS source is modeled.",4e863b04abf00d77462be6bdf33a6b2ad343ab81,485e6c100ae04a17802c8cfb09694c7b6fe9783be2b477e00a0a465bb075e0f8,configs/doxorubicin_parameters.json,0b7d200aedee3aed703b810ad54927a2126d9ee0952f6ef87cf5ebb57992d345,configs/parameter_provenance.csv,86c4261fcb9616a643db79340fe0b7398ba10a5c46464e67e8b697bcfc3a4ec9
selectivity_quartet-manifold_mixture,quartet,quartet-manifold mixture PQ/4,,-1.008102552748629e-17,1000000.0,8.0,8e-06,10.0,10000000.0,0.1,100000.0,0.1,100000.0,0.1,100000.0,1.0,1000000.0,0.06309573444801933,63095.73444801933,0.010978090453272714,0.07443357251735952,0.08541166297063224,0.4842119773704251,0.1477643885000256,0.6319763658704507,0.28261197115891235,0.08541166297063224,0.9999999999999953,4.6629367034256575e-15,constant-generator matrix exponential Pade(13),2,dimensionless populations/per-encounter yields,dimensionless per encounter unless field name gives s^-1 or s,True,"Illustrative one-factor-at-a-time grid; bounds are not measured ranges or probability priors. Results are populations and per-encounter yields, not concentrations or biological fluxes. No encounter yield is converted to molarity, and no continuous biological ROS source is modeled.",4e863b04abf00d77462be6bdf33a6b2ad343ab81,485e6c100ae04a17802c8cfb09694c7b6fe9783be2b477e00a0a465bb075e0f8,configs/doxorubicin_parameters.json,0b7d200aedee3aed703b810ad54927a2126d9ee0952f6ef87cf5ebb57992d345,configs/parameter_provenance.csv,86c4261fcb9616a643db79340fe0b7398ba10a5c46464e67e8b697bcfc3a4ec9
selectivity_quartet-manifold_mixture,quartet,quartet-manifold mixture PQ/4,,-1.008102552748629e-17,1000000.0,8.0,8e-06,10.0,10000000.0,0.1,100000.0,0.1,100000.0,0.1,100000.0,1.0,1000000.0,0.1,100000.0,0.008610710888204599,0.05636832256147477,0.06497903344967937,0.45852202669626485,0.21532336859221385,0.6738453952884786,0.26117557126184027,0.06497903344967937,0.9999999999999982,1.7763568394002505e-15,constant-generator matrix exponential Pade(13),2,dimensionless populations/per-encounter yields,dimensionless per encounter unless field name gives s^-1 or s,True,"Illustrative one-factor-at-a-time grid; bounds are not measured ranges or probability priors. Results are populations and per-encounter yields, not concentrations or biological fluxes. No encounter yield is converted to molarity, and no continuous biological ROS source is modeled.",4e863b04abf00d77462be6bdf33a6b2ad343ab81,485e6c100ae04a17802c8cfb09694c7b6fe9783be2b477e00a0a465bb075e0f8,configs/doxorubicin_parameters.json,0b7d200aedee3aed703b810ad54927a2126d9ee0952f6ef87cf5ebb57992d345,configs/parameter_provenance.csv,86c4261fcb9616a643db79340fe0b7398ba10a5c46464e67e8b697bcfc3a4ec9
selectivity_quartet-manifold_mixture,quartet,quartet-manifold mixture PQ/4,,-1.008102552748629e-17,1000000.0,8.0,8e-06,10.0,10000000.0,0.1,100000.0,0.1,100000.0,0.1,100000.0,1.0,1000000.0,0.15848931924611143,158489.31924611144,0.005881061054166716,0.03634883884536211,0.04222989989952883,0.42334176333660206,0.3017210487421076,0.7250628120787097,0.23270728802175927,0.04222989989952883,0.9999999999999979,2.1094237467877974e-15,constant-generator matrix exponential Pade(13),2,dimensionless populations/per-encounter yields,dimensionless per encounter unless field name gives s^-1 or s,True,"Illustrative one-factor-at-a-time grid; bounds are not measured ranges or probability priors. Results are populations and per-encounter yields, not concentrations or biological fluxes. No encounter yield is converted to molarity, and no continuous biological ROS source is modeled.",4e863b04abf00d77462be6bdf33a6b2ad343ab81,485e6c100ae04a17802c8cfb09694c7b6fe9783be2b477e00a0a465bb075e0f8,configs/doxorubicin_parameters.json,0b7d200aedee3aed703b810ad54927a2126d9ee0952f6ef87cf5ebb57992d345,configs/parameter_provenance.csv,86c4261fcb9616a643db79340fe0b7398ba10a5c46464e67e8b697bcfc3a4ec9
selectivity_quartet-manifold_mixture,quartet,quartet-manifold mixture PQ/4,,-1.008102552748629e-17,1000000.0,8.0,8e-06,10.0,10000000.0,0.1,100000.0,0.1,100000.0,0.1,100000.0,1.0,1000000.0,0.25118864315095807,251188.64315095806,0.0032458806738026444,0.018228545669227825,0.02147442634303047,0.3783527918180509,0.402213445793633,0.780566237611684,0.1979593360452807,0.02147442634303047,0.9999999999999951,4.884981308350689e-15,constant-generator matrix exponential Pade(13),2,dimensionless populations/per-encounter yields,dimensionless per encounter unless field name gives s^-1 or s,True,"Illustrative one-factor-at-a-time grid; bounds are not measured ranges or probability priors. Results are populations and per-encounter yields, not concentrations or biological fluxes. No encounter yield is converted to molarity, and no continuous biological ROS source is modeled.",4e863b04abf00d77462be6bdf33a6b2ad343ab81,485e6c100ae04a17802c8cfb09694c7b6fe9783be2b477e00a0a465bb075e0f8,configs/doxorubicin_parameters.json,0b7d200aedee3aed703b810ad54927a2126d9ee0952f6ef87cf5ebb57992d345,configs/parameter_provenance.csv,86c4261fcb9616a643db79340fe0b7398ba10a5c46464e67e8b697bcfc3a4ec9
selectivity_quartet-manifold_mixture,quartet,quartet-manifold mixture PQ/4,,-1.008102552748629e-17,1000000.0,8.0,8e-06,10.0,10000000.0,0.1,100000.0,0.1,100000.0,0.1,100000.0,1.0,1000000.0,0.3981071705534973,398107.17055349733,0.0013007965911009647,0.006200470970093873,0.007501267561194838,0.3256115675942462,0.5069787130481485,0.8325902806423946,0.15990845179640795,0.007501267561194838,0.9999999999999974,2.55351295663786e-15,constant-generator matrix exponential Pade(13),2,dimensionless populations/per-encounter yields,dimensionless per encounter unless field name gives s^-1 or s,True,"Illustrative one-factor-at-a-time grid; bounds are not measured ranges or probability priors. Results are populations and per-encounter yields, not concentrations or biological fluxes. No encounter yield is converted to molarity, and no continuous biological ROS source is modeled.",4e863b04abf00d77462be6bdf33a6b2ad343ab81,485e6c100ae04a17802c8cfb09694c7b6fe9783be2b477e00a0a465bb075e0f8,configs/doxorubicin_parameters.json,0b7d200aedee3aed703b810ad54927a2126d9ee0952f6ef87cf5ebb57992d345,configs/parameter_provenance.csv,86c4261fcb9616a643db79340fe0b7398ba10a5c46464e67e8b697bcfc3a4ec9
selectivity_quartet-manifold_mixture,quartet,quartet-manifold mixture PQ/4,,-1.008102552748629e-17,1000000.0,8.0,8e-06,10.0,10000000.0,0.1,100000.0,0.1,100000.0,0.1,100000.0,1.0,1000000.0,0.6309573444801934,630957.3444801933,0.00033069137513638895,0.0011811754653069514,0.0015118668404433405,0.2694512306752357,0.6060407875608922,0.8754920182361279,0.12299611492342652,0.0015118668404433405,0.9999999999999978,2.220446049250313e-15,constant-generator matrix exponential Pade(13),2,dimensionless populations/per-encounter yields,dimensionless per encounter unless field name gives s^-1 or s,True,"Illustrative one-factor-at-a-time grid; bounds are not measured ranges or probability priors. Results are populations and per-encounter yields, not concentrations or biological fluxes. No encounter yield is converted to molarity, and no continuous biological ROS source is modeled.",4e863b04abf00d77462be6bdf33a6b2ad343ab81,485e6c100ae04a17802c8cfb09694c7b6fe9783be2b477e00a0a465bb075e0f8,configs/doxorubicin_parameters.json,0b7d200aedee3aed703b810ad54927a2126d9ee0952f6ef87cf5ebb57992d345,configs/parameter_provenance.csv,86c4261fcb9616a643db79340fe0b7398ba10a5c46464e67e8b697bcfc3a4ec9
selectivity_quartet-manifold_mixture,quartet,quartet-manifold mixture PQ/4,,-1.008102552748629e-17,1000000.0,8.0,8e-06,10.0,10000000.0,0.1,100000.0,0.1,100000.0,0.1,100000.0,1.0,1000000.0,1.0,1000000.0,4.7609495346997494e-05,0.00010312357974847858,0.0001507330750954761,0.21467691531831984,0.6942769637043176,0.9089538790226375,0.0908953879022637,0.0001507330750954761,0.9999999999999967,3.3306690738754696e-15,constant-generator matrix exponential Pade(13),2,dimensionless populations/per-encounter yields,dimensionless per encounter unless field name gives s^-1 or s,True,"Illustrative one-factor-at-a-time grid; bounds are not measured ranges or probability priors. Results are populations and per-encounter yields, not concentrations or biological fluxes. No encounter yield is converted to molarity, and no continuous biological ROS source is modeled.",4e863b04abf00d77462be6bdf33a6b2ad343ab81,485e6c100ae04a17802c8cfb09694c7b6fe9783be2b477e00a0a465bb075e0f8,configs/doxorubicin_parameters.json,0b7d200aedee3aed703b810ad54927a2126d9ee0952f6ef87cf5ebb57992d345,configs/parameter_provenance.csv,86c4261fcb9616a643db79340fe0b7398ba10a5c46464e67e8b697bcfc3a4ec9
selectivity_quartet-manifold_mixture,quartet,quartet-manifold mixture PQ/4,,-1.008102552748629e-17,1000000.0,8.0,8e-06,10.0,10000000.0,0.1,100000.0,0.1,100000.0,0.1,100000.0,1.0,1000000.0,1.584893192461114,1584893.1924611141,3.946056367682984e-06,4.349662788184722e-06,8.295719155867706e-06,0.1647534108606706,0.7701685989354675,0.9349220097961382,0.06506969448470241,8.295719155867706e-06,0.9999999999999964,3.552713678800501e-15,constant-generator matrix exponential Pade(13),2,dimensionless populations/per-encounter yields,dimensionless per encounter unless field name gives s^-1 or s,True,"Illustrative one-factor-at-a-time grid; bounds are not measured ranges or probability priors. Results are populations and per-encounter yields, not concentrations or biological fluxes. No encounter yield is converted to molarity, and no continuous biological ROS source is modeled.",4e863b04abf00d77462be6bdf33a6b2ad343ab81,485e6c100ae04a17802c8cfb09694c7b6fe9783be2b477e00a0a465bb075e0f8,configs/doxorubicin_parameters.json,0b7d200aedee3aed703b810ad54927a2126d9ee0952f6ef87cf5ebb57992d345,configs/parameter_provenance.csv,86c4261fcb9616a643db79340fe0b7398ba10a5c46464e67e8b697bcfc3a4ec9
selectivity_quartet-manifold_mixture,quartet,quartet-manifold mixture PQ/4,,-1.008102552748629e-17,1000000.0,8.0,8e-06,10.0,10000000.0,0.1,100000.0,0.1,100000.0,0.1,100000.0,1.0,1000000.0,2.5118864315095824,2511886.4315095823,1.8413274648483216e-07,1.281533498867731e-07,3.122860963716053e-07,0.12163782642647764,0.8330343825439397,0.9546722089704174,0.04532747874348248,3.122860963716053e-07,0.9999999999999963,3.6637359812630166e-15,constant-generator matrix exponential Pade(13),2,dimensionless populations/per-encounter yields,dimensionless per encounter unless field name gives s^-1 or s,True,"Illustrative one-factor-at-a-time grid; bounds are not measured ranges or probability priors. Results are populations and per-encounter yields, not concentrations or biological fluxes. No encounter yield is converted to molarity, and no continuous biological ROS source is modeled.",4e863b04abf00d77462be6bdf33a6b2ad343ab81,485e6c100ae04a17802c8cfb09694c7b6fe9783be2b477e00a0a465bb075e0f8,configs/doxorubicin_parameters.json,0b7d200aedee3aed703b810ad54927a2126d9ee0952f6ef87cf5ebb57992d345,configs/parameter_provenance.csv,86c4261fcb9616a643db79340fe0b7398ba10a5c46464e67e8b697bcfc3a4ec9
selectivity_quartet-manifold_mixture,quartet,quartet-manifold mixture PQ/4,,-1.008102552748629e-17,1000000.0,8.0,8e-06,10.0,10000000.0,0.1,100000.0,0.1,100000.0,0.1,100000.0,1.0,1000000.0,3.981071705534973,3981071.705534973,2.8251225268954763e-09,1.6676420586028691e-09,4.4927645854983455e-09,0.0862589146235537,0.8829368192595404,0.9691957338830941,0.030804261624138022,4.4927645854983455e-09,0.9999999999999968,3.219646771412954e-15,constant-generator matrix exponential Pade(13),2,dimensionless populations/per-encounter yields,dimensionless per encounter unless field name gives s^-1 or s,True,"Illustrative one-factor-at-a-time grid; bounds are not measured ranges or probability priors. Results are populations and per-encounter yields, not concentrations or biological fluxes. No encounter yield is converted to molarity, and no continuous biological ROS source is modeled.",4e863b04abf00d77462be6bdf33a6b2ad343ab81,485e6c100ae04a17802c8cfb09694c7b6fe9783be2b477e00a0a465bb075e0f8,configs/doxorubicin_parameters.json,0b7d200aedee3aed703b810ad54927a2126d9ee0952f6ef87cf5ebb57992d345,configs/parameter_provenance.csv,86c4261fcb9616a643db79340fe0b7398ba10a5c46464e67e8b697bcfc3a4ec9
selectivity_quartet-manifold_mixture,quartet,quartet-manifold mixture PQ/4,,-1.008102552748629e-17,1000000.0,8.0,8e-06,10.0,10000000.0,0.1,100000.0,0.1,100000.0,0.1,100000.0,1.0,1000000.0,6.309573444801936,6309573.444801936,6.210282122726959e-12,3.3979375058950825e-12,9.608219628622042e-12,0.05870252213044363,0.9208330060205422,0.9795355281509858,0.020464471839398958,9.608219628622042e-12,0.9999999999999929,7.105427357601002e-15,constant-generator matrix exponential Pade(13),2,dimensionless populations/per-encounter yields,dimensionless per encounter unless field name gives s^-1 or s,True,"Illustrative one-factor-at-a-time grid; bounds are not measured ranges or probability priors. Results are populations and per-encounter yields, not concentrations or biological fluxes. No encounter yield is converted to molarity, and no continuous biological ROS source is modeled.",4e863b04abf00d77462be6bdf33a6b2ad343ab81,485e6c100ae04a17802c8cfb09694c7b6fe9783be2b477e00a0a465bb075e0f8,configs/doxorubicin_parameters.json,0b7d200aedee3aed703b810ad54927a2126d9ee0952f6ef87cf5ebb57992d345,configs/parameter_provenance.csv,86c4261fcb9616a643db79340fe0b7398ba10a5c46464e67e8b697bcfc3a4ec9
selectivity_quartet-manifold_mixture,quartet,quartet-manifold mixture PQ/4,,-1.008102552748629e-17,1000000.0,8.0,8e-06,10.0,10000000.0,0.1,100000.0,0.1,100000.0,0.1,100000.0,1.0,1000000.0,10.0,10000000.0,9.784029010507629e-16,4.839726976128447e-16,1.4623755986636078e-15,0.038325694054920104,0.9483581549896825,0.9866838490446026,0.013316150955388835,1.4623755986636078e-15,0.9999999999999929,7.105427357601002e-15,constant-generator matrix exponential Pade(13),2,dimensionless populations/per-encounter yields,dimensionless per encounter unless field name gives s^-1 or s,True,"Illustrative one-factor-at-a-time grid; bounds are not measured ranges or probability priors. Results are populations and per-encounter yields, not concentrations or biological fluxes. No encounter yield is converted to molarity, and no continuous biological ROS source is modeled.",4e863b04abf00d77462be6bdf33a6b2ad343ab81,485e6c100ae04a17802c8cfb09694c7b6fe9783be2b477e00a0a465bb075e0f8,configs/doxorubicin_parameters.json,0b7d200aedee3aed703b810ad54927a2126d9ee0952f6ef87cf5ebb57992d345,configs/parameter_provenance.csv,86c4261fcb9616a643db79340fe0b7398ba10a5c46464e67e8b697bcfc3a4ec9
selectivity_quartet-manifold_mixture,quartet,quartet-manifold mixture PQ/4,,-1.008102552748629e-17,1000000.0,8.0,8e-06,10.0,10000000.0,0.1,100000.0,0.1,100000.0,1.0,1000000.0,1.0,1000000.0,0.0,0.0,1.2464394315121832e-05,8.955739101456533e-05,0.00010202178532968718,0.16061153030219127,0.0,0.16061153030219127,0.839286447912476,0.00010202178532968718,0.999999999999997,2.9976021664879227e-15,constant-generator matrix exponential Pade(13),2,dimensionless populations/per-encounter yields,dimensionless per encounter unless field name gives s^-1 or s,True,"Illustrative one-factor-at-a-time grid; bounds are not measured ranges or probability priors. Results are populations and per-encounter yields, not concentrations or biological fluxes. No encounter yield is converted to molarity, and no continuous biological ROS source is modeled.",4e863b04abf00d77462be6bdf33a6b2ad343ab81,485e6c100ae04a17802c8cfb09694c7b6fe9783be2b477e00a0a465bb075e0f8,configs/doxorubicin_parameters.json,0b7d200aedee3aed703b810ad54927a2126d9ee0952f6ef87cf5ebb57992d345,configs/parameter_provenance.csv,86c4261fcb9616a643db79340fe0b7398ba10a5c46464e67e8b697bcfc3a4ec9
selectivity_quartet-manifold_mixture,quartet,quartet-manifold mixture PQ/4,,-1.008102552748629e-17,1000000.0,8.0,8e-06,10.0,10000000.0,0.1,100000.0,0.1,100000.0,1.0,1000000.0,1.0,1000000.0,0.01,10000.0,1.1659413491008917e-05,8.302091156773892e-05,9.468032505874786e-05,0.15985844834752777,0.006734538841384972,0.16659298718891274,0.8333123324860252,9.468032505874786e-05,0.9999999999999967,3.3306690738754696e-15,constant-generator matrix exponential Pade(13),2,dimensionless populations/per-encounter yields,dimensionless per encounter unless field name gives s^-1 or s,True,"Illustrative one-factor-at-a-time grid; bounds are not measured ranges or probability priors. Results are populations and per-encounter yields, not concentrations or biological fluxes. No encounter yield is converted to molarity, and no continuous biological ROS source is modeled.",4e863b04abf00d77462be6bdf33a6b2ad343ab81,485e6c100ae04a17802c8cfb09694c7b6fe9783be2b477e00a0a465bb075e0f8,configs/doxorubicin_parameters.json,0b7d200aedee3aed703b810ad54927a2126d9ee0952f6ef87cf5ebb57992d345,configs/parameter_provenance.csv,86c4261fcb9616a643db79340fe0b7398ba10a5c46464e67e8b697bcfc3a4ec9
selectivity_quartet-manifold_mixture,quartet,quartet-manifold mixture PQ/4,,-1.008102552748629e-17,1000000.0,8.0,8e-06,10.0,10000000.0,0.1,100000.0,0.1,100000.0,1.0,1000000.0,1.0,1000000.0,0.015848931924611134,15848.931924611134,1.1213518399125445e-05,7.942325387561111e-05,9.063677227473657e-05,0.15942200184698266,0.01062575170405592,0.17004775355103857,0.829861609676684,9.063677227473657e-05,0.9999999999999972,2.7755575615628914e-15,constant-generator matrix exponential Pade(13),2,dimensionless populations/per-encounter yields,dimensionless per encounter unless field name gives s^-1 or s,True,"Illustrative one-factor-at-a-time grid; bounds are not measured ranges or probability priors. Results are populations and per-encounter yields, not concentrations or biological fluxes. No encounter yield is converted to molarity, and no continuous biological ROS source is modeled.",4e863b04abf00d77462be6bdf33a6b2ad343ab81,485e6c100ae04a17802c8cfb09694c7b6fe9783be2b477e00a0a465bb075e0f8,configs/doxorubicin_parameters.json,0b7d200aedee3aed703b810ad54927a2126d9ee0952f6ef87cf5ebb57992d345,configs/parameter_provenance.csv,86c4261fcb9616a643db79340fe0b7398ba10a5c46464e67e8b697bcfc3a4ec9
selectivity_quartet-manifold_mixture,quartet,quartet-manifold mixture PQ/4,,-1.008102552748629e-17,1000000.0,8.0,8e-06,10.0,10000000.0,0.1,100000.0,0.1,100000.0,1.0,1000000.0,1.0,1000000.0,0.025118864315095794,25118.864315095794,1.0542375274221188e-05,7.404094668745547e-05,8.458332196167668e-05,0.15873626436584132,0.01672214891546222,0.17545841328130354,0.824457003396731,8.458332196167668e-05,0.9999999999999962,3.774758283725532e-15,constant-generator matrix exponential Pade(13),2,dimensionless populations/per-encounter yields,dimensionless per encounter unless field name gives s^-1 or s,True,"Illustrative one-factor-at-a-time grid; bounds are not measured ranges or probability priors. Results are populations and per-encounter yields, not concentrations or biological fluxes. No encounter yield is converted to molarity, and no continuous biological ROS source is modeled.",4e863b04abf00d77462be6bdf33a6b2ad343ab81,485e6c100ae04a17802c8cfb09694c7b6fe9783be2b477e00a0a465bb075e0f8,configs/doxorubicin_parameters.json,0b7d200aedee3aed703b810ad54927a2126d9ee0952f6ef87cf5ebb57992d345,configs/parameter_provenance.csv,86c4261fcb9616a643db79340fe0b7398ba10a5c46464e67e8b697bcfc3a4ec9
selectivity_quartet-manifold_mixture,quartet,quartet-manifold mixture PQ/4,,-1.008102552748629e-17,1000000.0,8.0,8e-06,10.0,10000000.0,0.1,100000.0,0.1,100000.0,1.0,1000000.0,1.0,1000000.0,0.039810717055349734,39810.717055349734,9.562037396012615e-06,6.625452346258322e-05,7.581656085859585e-05,0.1576641748672245,0.026210781044910002,0.1838749559121345,0.8160492275270036,7.581656085859585e-05,0.9999999999999968,3.219646771412954e-15,constant-generator matrix exponential Pade(13),2,dimensionless populations/per-encounter yields,dimensionless per encounter unless field name gives s^-1 or s,True,"Illustrative one-factor-at-a-time grid; bounds are not measured ranges or probability priors. Results are populations and per-encounter yields, not concentrations or biological fluxes. No encounter yield is converted to molarity, and no continuous biological ROS source is modeled.",4e863b04abf00d77462be6bdf33a6b2ad343ab81,485e6c100ae04a17802c8cfb09694c7b6fe9783be2b477e00a0a465bb075e0f8,configs/doxorubicin_parameters.json,0b7d200aedee3aed703b810ad54927a2126d9ee0952f6ef87cf5ebb57992d345,configs/parameter_provenance.csv,86c4261fcb9616a643db79340fe0b7398ba10a5c46464e67e8b697bcfc3a4ec9
selectivity_quartet-manifold_mixture,quartet,quartet-manifold mixture PQ/4,,-1.008102552748629e-17,1000000.0,8.0,8e-06,10.0,10000000.0,0.1,100000.0,0.1,100000.0,1.0,1000000.0,1.0,1000000.0,0.06309573444801933,63095.73444801933,8.196086535489008e-06,5.5571048908237513e-05,6.376713544372652e-05,0.15600088516864502,0.040829559143888625,0.19683044431253366,0.8031057885520196,6.376713544372652e-05,0.9999999999999971,2.886579864025407e-15,constant-generator matrix exponential Pade(13),2,dimensionless populations/per-encounter yields,dimensionless per encounter unless field name gives s^-1 or s,True,"Illustrative one-factor-at-a-time grid; bounds are not measured ranges or probability priors. Results are populations and per-encounter yields, not concentrations or biological fluxes. No encounter yield is converted to molarity, and no continuous biological ROS source is modeled.",4e863b04abf00d77462be6bdf33a6b2ad343ab81,485e6c100ae04a17802c8cfb09694c7b6fe9783be2b477e00a0a465bb075e0f8,configs/doxorubicin_parameters.json,0b7d200aedee3aed703b810ad54927a2126d9ee0952f6ef87cf5ebb57992d345,configs/parameter_provenance.csv,86c4261fcb9616a643db79340fe0b7398ba10a5c46464e67e8b697bcfc3a4ec9
selectivity_quartet-manifold_mixture,quartet,quartet-manifold mixture PQ/4,,-1.008102552748629e-17,1000000.0,8.0,8e-06,10.0,10000000.0,0.1,100000.0,0.1,100000.0,1.0,1000000.0,1.0,1000000.0,0.1,100000.0,6.428634549168095e-06,4.208378966639599e-05,4.851242421556409e-05,0.15345052425711364,0.06300458536923217,0.21645510962634582,0.7834963779494353,4.851242421556409e-05,0.9999999999999967,3.3306690738754696e-15,constant-generator matrix exponential Pade(13),2,dimensionless populations/per-encounter yields,dimensionless per encounter unless field name gives s^-1 or s,True,"Illustrative one-factor-at-a-time grid; bounds are not measured ranges or probability priors. Results are populations and per-encounter yields, not concentrations or biological fluxes. No encounter yield is converted to molarity, and no continuous biological ROS source is modeled.",4e863b04abf00d77462be6bdf33a6b2ad343ab81,485e6c100ae04a17802c8cfb09694c7b6fe9783be2b477e00a0a465bb075e0f8,configs/doxorubicin_parameters.json,0b7d200aedee3aed703b810ad54927a2126d9ee0952f6ef87cf5ebb57992d345,configs/parameter_provenance.csv,86c4261fcb9616a643db79340fe0b7398ba10a5c46464e67e8b697bcfc3a4ec9
selectivity_quartet-manifold_mixture,quartet,quartet-manifold mixture PQ/4,,-1.008102552748629e-17,1000000.0,8.0,8e-06,10.0,10000000.0,0.1,100000.0,0.1,100000.0,1.0,1000000.0,1.0,1000000.0,0.15848931924611143,158489.31924611144,4.390716721237683e-06,2.7137527232918488e-05,3.152824395415617e-05,0.14960834590360955,0.09586767069795996,0.2454760166015695,0.7544924551544737,3.152824395415617e-05,0.9999999999999973,2.6645352591003757e-15,constant-generator matrix exponential Pade(13),2,dimensionless populations/per-encounter yields,dimensionless per encounter unless field name gives s^-1 or s,True,"Illustrative one-factor-at-a-time grid; bounds are not measured ranges or probability priors. Results are populations and per-encounter yields, not concentrations or biological fluxes. No encounter yield is converted to molarity, and no continuous biological ROS source is modeled.",4e863b04abf00d77462be6bdf33a6b2ad343ab81,485e6c100ae04a17802c8cfb09694c7b6fe9783be2b477e00a0a465bb075e0f8,configs/doxorubicin_parameters.json,0b7d200aedee3aed703b810ad54927a2126d9ee0952f6ef87cf5ebb57992d345,configs/parameter_provenance.csv,86c4261fcb9616a643db79340fe0b7398ba10a5c46464e67e8b697bcfc3a4ec9
selectivity_quartet-manifold_mixture,quartet,quartet-manifold mixture PQ/4,,-1.008102552748629e-17,1000000.0,8.0,8e-06,10.0,10000000.0,0.1,100000.0,0.1,100000.0,1.0,1000000.0,1.0,1000000.0,0.25118864315095807,251188.64315095806,2.4233284467452266e-06,1.3609173503991835e-05,1.603250195073706e-05,0.14396705458009446,0.14295113590648112,0.2869181904865756,0.7130657770114708,1.603250195073706e-05,0.9999999999999971,2.886579864025407e-15,constant-generator matrix exponential Pade(13),2,dimensionless populations/per-encounter yields,dimensionless per encounter unless field name gives s^-1 or s,True,"Illustrative one-factor-at-a-time grid; bounds are not measured ranges or probability priors. Results are populations and per-encounter yields, not concentrations or biological fluxes. No encounter yield is converted to molarity, and no continuous biological ROS source is modeled.",4e863b04abf00d77462be6bdf33a6b2ad343ab81,485e6c100ae04a17802c8cfb09694c7b6fe9783be2b477e00a0a465bb075e0f8,configs/doxorubicin_parameters.json,0b7d200aedee3aed703b810ad54927a2126d9ee0952f6ef87cf5ebb57992d345,configs/parameter_provenance.csv,86c4261fcb9616a643db79340fe0b7398ba10a5c46464e67e8b697bcfc3a4ec9
selectivity_quartet-manifold_mixture,quartet,quartet-manifold mixture PQ/4,,-1.008102552748629e-17,1000000.0,8.0,8e-06,10.0,10000000.0,0.1,100000.0,0.1,100000.0,1.0,1000000.0,1.0,1000000.0,0.3981071705534973,398107.17055349733,9.711562745007393e-07,4.629183631523652e-06,5.60033990602439e-06,0.1359779711914155,0.20730694784008533,0.3432849190315008,0.65670948062859,5.60033990602439e-06,0.9999999999999969,3.1086244689504383e-15,constant-generator matrix exponential Pade(13),2,dimensionless populations/per-encounter yields,dimensionless per encounter unless field name gives s^-1 or s,True,"Illustrative one-factor-at-a-time grid; bounds are not measured ranges or probability priors. Results are populations and per-encounter yields, not concentrations or biological fluxes. No encounter yield is converted to molarity, and no continuous biological ROS source is modeled.",4e863b04abf00d77462be6bdf33a6b2ad343ab81,485e6c100ae04a17802c8cfb09694c7b6fe9783be2b477e00a0a465bb075e0f8,configs/doxorubicin_parameters.json,0b7d200aedee3aed703b810ad54927a2126d9ee0952f6ef87cf5ebb57992d345,configs/parameter_provenance.csv,86c4261fcb9616a643db79340fe0b7398ba10a5c46464e67e8b697bcfc3a4ec9
selectivity_quartet-manifold_mixture,quartet,quartet-manifold mixture PQ/4,,-1.008102552748629e-17,1000000.0,8.0,8e-06,10.0,10000000.0,0.1,100000.0,0.1,100000.0,1.0,1000000.0,1.0,1000000.0,0.6309573444801934,630957.3444801933,2.4688948762939524e-07,8.818488396008867e-07,1.1287383272302821e-06,0.12519596051085263,0.28999532840513714,0.4151912889159898,0.5848075823456795,1.1287383272302821e-06,0.9999999999999966,3.4416913763379853e-15,constant-generator matrix exponential Pade(13),2,dimensionless populations/per-encounter yields,dimensionless per encounter unless field name gives s^-1 or s,True,"Illustrative one-factor-at-a-time grid; bounds are not measured ranges or probability priors. Results are populations and per-encounter yields, not concentrations or biological fluxes. No encounter yield is converted to molarity, and no continuous biological ROS source is modeled.",4e863b04abf00d77462be6bdf33a6b2ad343ab81,485e6c100ae04a17802c8cfb09694c7b6fe9783be2b477e00a0a465bb075e0f8,configs/doxorubicin_parameters.json,0b7d200aedee3aed703b810ad54927a2126d9ee0952f6ef87cf5ebb57992d345,configs/parameter_provenance.csv,86c4261fcb9616a643db79340fe0b7398ba10a5c46464e67e8b697bcfc3a4ec9
selectivity_quartet-manifold_mixture,quartet,quartet-manifold mixture PQ/4,,-1.008102552748629e-17,1000000.0,8.0,8e-06,10.0,10000000.0,0.1,100000.0,0.1,100000.0,1.0,1000000.0,1.0,1000000.0,1.0,1000000.0,3.55445735700442e-08,7.699060114921553e-08,1.1253517471925974e-07,0.11149840855006846,0.3885015351823427,0.4999999437324112,0.49999994373241125,1.1253517471925974e-07,0.9999999999999971,2.886579864025407e-15,constant-generator matrix exponential Pade(13),2,dimensionless populations/per-encounter yields,dimensionless per encounter unless field name gives s^-1 or s,True,"Illustrative one-factor-at-a-time grid; bounds are not measured ranges or probability priors. Results are populations and per-encounter yields, not concentrations or biological fluxes. No encounter yield is converted to molarity, and no continuous biological ROS source is modeled.",4e863b04abf00d77462be6bdf33a6b2ad343ab81,485e6c100ae04a17802c8cfb09694c7b6fe9783be2b477e00a0a465bb075e0f8,configs/doxorubicin_parameters.json,0b7d200aedee3aed703b810ad54927a2126d9ee0952f6ef87cf5ebb57992d345,configs/parameter_provenance.csv,86c4261fcb9616a643db79340fe0b7398ba10a5c46464e67e8b697bcfc3a4ec9
selectivity_quartet-manifold_mixture,quartet,quartet-manifold mixture PQ/4,,-1.008102552748629e-17,1000000.0,8.0,8e-06,10.0,10000000.0,0.1,100000.0,0.1,100000.0,1.0,1000000.0,1.0,1000000.0,1.584893192461114,1584893.1924611141,2.946069683166542e-09,3.2473965088828514e-09,6.193466192049392e-09,0.09529327570005162,0.49628118426628587,0.5915744599663375,0.4084255338401928,6.193466192049392e-09,0.9999999999999964,3.552713678800501e-15,constant-generator matrix exponential Pade(13),2,dimensionless populations/per-encounter yields,dimensionless per encounter unless field name gives s^-1 or s,True,"Illustrative one-factor-at-a-time grid; bounds are not measured ranges or probability priors. Results are populations and per-encounter yields, not concentrations or biological fluxes. No encounter yield is converted to molarity, and no continuous biological ROS source is modeled.",4e863b04abf00d77462be6bdf33a6b2ad343ab81,485e6c100ae04a17802c8cfb09694c7b6fe9783be2b477e00a0a465bb075e0f8,configs/doxorubicin_parameters.json,0b7d200aedee3aed703b810ad54927a2126d9ee0952f6ef87cf5ebb57992d345,configs/parameter_provenance.csv,86c4261fcb9616a643db79340fe0b7398ba10a5c46464e67e8b697bcfc3a4ec9
selectivity_quartet-manifold_mixture,quartet,quartet-manifold mixture PQ/4,,-1.008102552748629e-17,1000000.0,8.0,8e-06,10.0,10000000.0,0.1,100000.0,0.1,100000.0,1.0,1000000.0,1.0,1000000.0,2.5118864315095824,2511886.4315095823,1.3747089538299775e-10,9.56774723213969e-11,2.331483677043947e-10,0.07757945060997917,0.6042749199350903,0.6818543705450695,0.31814562922177886,2.331483677043947e-10,0.9999999999999967,3.3306690738754696e-15,constant-generator matrix exponential Pade(13),2,dimensionless populations/per-encounter yields,dimensionless per encounter unless field name gives s^-1 or s,True,"Illustrative one-factor-at-a-time grid; bounds are not measured ranges or probability priors. Results are populations and per-encounter yields, not concentrations or biological fluxes. No encounter yield is converted to molarity, and no continuous biological ROS source is modeled.",4e863b04abf00d77462be6bdf33a6b2ad343ab81,485e6c100ae04a17802c8cfb09694c7b6fe9783be2b477e00a0a465bb075e0f8,configs/doxorubicin_parameters.json,0b7d200aedee3aed703b810ad54927a2126d9ee0952f6ef87cf5ebb57992d345,configs/parameter_provenance.csv,86c4261fcb9616a643db79340fe0b7398ba10a5c46464e67e8b697bcfc3a4ec9
selectivity_quartet-manifold_mixture,quartet,quartet-manifold mixture PQ/4,,-1.008102552748629e-17,1000000.0,8.0,8e-06,10.0,10000000.0,0.1,100000.0,0.1,100000.0,1.0,1000000.0,1.0,1000000.0,3.981071705534973,3981071.705534973,2.1091963855054146e-12,1.2450378944049654e-12,3.3542342799103804e-12,0.059772955671769115,0.7036941179675301,0.7634670736392992,0.23653292635734313,3.3542342799103804e-12,0.9999999999999966,3.4416913763379853e-15,constant-generator matrix exponential Pade(13),2,dimensionless populations/per-encounter yields,dimensionless per encounter unless field name gives s^-1 or s,True,"Illustrative one-factor-at-a-time grid; bounds are not measured ranges or probability priors. Results are populations and per-encounter yields, not concentrations or biological fluxes. No encounter yield is converted to molarity, and no continuous biological ROS source is modeled.",4e863b04abf00d77462be6bdf33a6b2ad343ab81,485e6c100ae04a17802c8cfb09694c7b6fe9783be2b477e00a0a465bb075e0f8,configs/doxorubicin_parameters.json,0b7d200aedee3aed703b810ad54927a2126d9ee0952f6ef87cf5ebb57992d345,configs/parameter_provenance.csv,86c4261fcb9616a643db79340fe0b7398ba10a5c46464e67e8b697bcfc3a4ec9
selectivity_quartet-manifold_mixture,quartet,quartet-manifold mixture PQ/4,,-1.008102552748629e-17,1000000.0,8.0,8e-06,10.0,10000000.0,0.1,100000.0,0.1,100000.0,1.0,1000000.0,1.0,1000000.0,6.309573444801936,6309573.444801936,4.6365084988433465e-15,2.5368519196521224e-15,7.173360418495469e-15,0.04335121371534272,0.7883521732972303,0.831703387012573,0.1682966129874131,7.173360418495469e-15,0.9999999999999932,6.772360450213455e-15,constant-generator matrix exponential Pade(13),2,dimensionless populations/per-encounter yields,dimensionless per encounter unless field name gives s^-1 or s,True,"Illustrative one-factor-at-a-time grid; bounds are not measured ranges or probability priors. Results are populations and per-encounter yields, not concentrations or biological fluxes. No encounter yield is converted to molarity, and no continuous biological ROS source is modeled.",4e863b04abf00d77462be6bdf33a6b2ad343ab81,485e6c100ae04a17802c8cfb09694c7b6fe9783be2b477e00a0a465bb075e0f8,configs/doxorubicin_parameters.json,0b7d200aedee3aed703b810ad54927a2126d9ee0952f6ef87cf5ebb57992d345,configs/parameter_provenance.csv,86c4261fcb9616a643db79340fe0b7398ba10a5c46464e67e8b697bcfc3a4ec9
selectivity_quartet-manifold_mixture,quartet,quartet-manifold mixture PQ/4,,-1.008102552748629e-17,1000000.0,8.0,8e-06,10.0,10000000.0,0.1,100000.0,0.1,100000.0,1.0,1000000.0,1.0,1000000.0,10.0,10000000.0,7.304617207990694e-19,3.6132714767952666e-19,1.091788868478596e-18,0.02947375049749565,0.8555022718227288,0.8849760223202244,0.11502397767976855,1.091788868478596e-18,0.999999999999993,6.994405055138486e-15,constant-generator matrix exponential Pade(13),2,dimensionless populations/per-encounter yields,dimensionless per encounter unless field name gives s^-1 or s,True,"Illustrative one-factor-at-a-time grid; bounds are not measured ranges or probability priors. Results are populations and per-encounter yields, not concentrations or biological fluxes. No encounter yield is converted to molarity, and no continuous biological ROS source is modeled.",4e863b04abf00d77462be6bdf33a6b2ad343ab81,485e6c100ae04a17802c8cfb09694c7b6fe9783be2b477e00a0a465bb075e0f8,configs/doxorubicin_parameters.json,0b7d200aedee3aed703b810ad54927a2126d9ee0952f6ef87cf5ebb57992d345,configs/parameter_provenance.csv,86c4261fcb9616a643db79340fe0b7398ba10a5c46464e67e8b697bcfc3a4ec9
selectivity_quartet-manifold_mixture,quartet,quartet-manifold mixture PQ/4,,-1.008102552748629e-17,1000000.0,8.0,8e-06,10.0,10000000.0,0.1,100000.0,0.1,100000.0,10.0,10000000.0,1.0,1000000.0,0.0,0.0,6.706076178726552e-37,4.81835435664168e-36,5.488961974514336e-36,0.010295641071998162,0.0,0.010295641071998162,0.9897043589279949,5.488961974514336e-36,0.9999999999999931,6.8833827526759706e-15,constant-generator matrix exponential Pade(13),2,dimensionless populations/per-encounter yields,dimensionless per encounter unless field name gives s^-1 or s,True,"Illustrative one-factor-at-a-time grid; bounds are not measured ranges or probability priors. Results are populations and per-encounter yields, not concentrations or biological fluxes. No encounter yield is converted to molarity, and no continuous biological ROS source is modeled.",4e863b04abf00d77462be6bdf33a6b2ad343ab81,485e6c100ae04a17802c8cfb09694c7b6fe9783be2b477e00a0a465bb075e0f8,configs/doxorubicin_parameters.json,0b7d200aedee3aed703b810ad54927a2126d9ee0952f6ef87cf5ebb57992d345,configs/parameter_provenance.csv,86c4261fcb9616a643db79340fe0b7398ba10a5c46464e67e8b697bcfc3a4ec9
selectivity_quartet-manifold_mixture,quartet,quartet-manifold mixture PQ/4,,-1.008102552748629e-17,1000000.0,8.0,8e-06,10.0,10000000.0,0.1,100000.0,0.1,100000.0,10.0,10000000.0,1.0,1000000.0,0.01,10000.0,6.272981509828771e-37,4.466679594090797e-36,5.093977745073675e-36,0.010285369129033193,0.0008859749646160114,0.011171344093649204,0.9888286559063434,5.093977745073675e-36,0.9999999999999926,7.438494264988549e-15,constant-generator matrix exponential Pade(13),2,dimensionless populations/per-encounter yields,dimensionless per encounter unless field name gives s^-1 or s,True,"Illustrative one-factor-at-a-time grid; bounds are not measured ranges or probability priors. Results are populations and per-encounter yields, not concentrations or biological fluxes. No encounter yield is converted to molarity, and no continuous biological ROS source is modeled.",4e863b04abf00d77462be6bdf33a6b2ad343ab81,485e6c100ae04a17802c8cfb09694c7b6fe9783be2b477e00a0a465bb075e0f8,configs/doxorubicin_parameters.json,0b7d200aedee3aed703b810ad54927a2126d9ee0952f6ef87cf5ebb57992d345,configs/parameter_provenance.csv,86c4261fcb9616a643db79340fe0b7398ba10a5c46464e67e8b697bcfc3a4ec9
selectivity_quartet-manifold_mixture,quartet,quartet-manifold mixture PQ/4,,-1.008102552748629e-17,1000000.0,8.0,8e-06,10.0,10000000.0,0.1,100000.0,0.1,100000.0,10.0,10000000.0,1.0,1000000.0,0.015848931924611134,15848.931924611134,6.033081649611674e-37,4.273118912854035e-36,4.876427077815203e-36,0.010279368542531052,0.0014034601445476976,0.011682828687078749,0.9883171713129141,4.876427077815203e-36,0.9999999999999928,7.216449660063518e-15,constant-generator matrix exponential Pade(13),2,dimensionless populations/per-encounter yields,dimensionless per encounter unless field name gives s^-1 or s,True,"Illustrative one-factor-at-a-time grid; bounds are not measured ranges or probability priors. Results are populations and per-encounter yields, not concentrations or biological fluxes. No encounter yield is converted to molarity, and no continuous biological ROS source is modeled.",4e863b04abf00d77462be6bdf33a6b2ad343ab81,485e6c100ae04a17802c8cfb09694c7b6fe9783be2b477e00a0a465bb075e0f8,configs/doxorubicin_parameters.json,0b7d200aedee3aed703b810ad54927a2126d9ee0952f6ef87cf5ebb57992d345,configs/parameter_provenance.csv,86c4261fcb9616a643db79340fe0b7398ba10a5c46464e67e8b697bcfc3a4ec9
selectivity_quartet-manifold_mixture,quartet,quartet-manifold mixture PQ/4,,-1.008102552748629e-17,1000000.0,8.0,8e-06,10.0,10000000.0,0.1,100000.0,0.1,100000.0,10.0,10000000.0,1.0,1000000.0,0.025118864315095794,25118.864315095794,5.671994154411404e-37,3.9835407664271e-36,4.550740181868241e-36,0.010269869426050933,0.0022225394624788702,0.012492408888529804,0.987507591111463,4.550740181868241e-36,0.9999999999999928,7.216449660063518e-15,constant-generator matrix exponential Pade(13),2,dimensionless populations/per-encounter yields,dimensionless per encounter unless field name gives s^-1 or s,True,"Illustrative one-factor-at-a-time grid; bounds are not measured ranges or probability priors. Results are populations and per-encounter yields, not concentrations or biological fluxes. No encounter yield is converted to molarity, and no continuous biological ROS source is modeled.",4e863b04abf00d77462be6bdf33a6b2ad343ab81,485e6c100ae04a17802c8cfb09694c7b6fe9783be2b477e00a0a465bb075e0f8,configs/doxorubicin_parameters.json,0b7d200aedee3aed703b810ad54927a2126d9ee0952f6ef87cf5ebb57992d345,configs/parameter_provenance.csv,86c4261fcb9616a643db79340fe0b7398ba10a5c46464e67e8b697bcfc3a4ec9
selectivity_quartet-manifold_mixture,quartet,quartet-manifold mixture PQ/4,,-1.008102552748629e-17,1000000.0,8.0,8e-06,10.0,10000000.0,0.1,100000.0,0.1,100000.0,10.0,10000000.0,1.0,1000000.0,0.039810717055349734,39810.717055349734,5.144554125963298e-37,3.5646167017219394e-36,4.079072114318269e-36,0.010254842344021638,0.0035179884515445323,0.01377283079556617,0.9862271692044269,4.079072114318269e-36,0.999999999999993,6.994405055138486e-15,constant-generator matrix exponential Pade(13),2,dimensionless populations/per-encounter yields,dimensionless per encounter unless field name gives s^-1 or s,True,"Illustrative one-factor-at-a-time grid; bounds are not measured ranges or probability priors. Results are populations and per-encounter yields, not concentrations or biological fluxes. No encounter yield is converted to molarity, and no continuous biological ROS source is modeled.",4e863b04abf00d77462be6bdf33a6b2ad343ab81,485e6c100ae04a17802c8cfb09694c7b6fe9783be2b477e00a0a465bb075e0f8,configs/doxorubicin_parameters.json,0b7d200aedee3aed703b810ad54927a2126d9ee0952f6ef87cf5ebb57992d345,configs/parameter_provenance.csv,86c4261fcb9616a643db79340fe0b7398ba10a5c46464e67e8b697bcfc3a4ec9
selectivity_quartet-manifold_mixture,quartet,quartet-manifold mixture PQ/4,,-1.008102552748629e-17,1000000.0,8.0,8e-06,10.0,10000000.0,0.1,100000.0,0.1,100000.0,10.0,10000000.0,1.0,1000000.0,0.06309573444801933,63095.73444801933,4.409647134457325e-37,2.989825882339571e-36,3.430790595785304e-36,0.010231096125138811,0.005564372252752617,0.015795468377891426,0.9842045316221013,3.430790595785304e-36,0.9999999999999928,7.216449660063518e-15,constant-generator matrix exponential Pade(13),2,dimensionless populations/per-encounter yields,dimensionless per encounter unless field name gives s^-1 or s,True,"Illustrative one-factor-at-a-time grid; bounds are not measured ranges or probability priors. Results are populations and per-encounter yields, not concentrations or biological fluxes. No encounter yield is converted to molarity, and no continuous biological ROS source is modeled.",4e863b04abf00d77462be6bdf33a6b2ad343ab81,485e6c100ae04a17802c8cfb09694c7b6fe9783be2b477e00a0a465bb075e0f8,configs/doxorubicin_parameters.json,0b7d200aedee3aed703b810ad54927a2126d9ee0952f6ef87cf5ebb57992d345,configs/parameter_provenance.csv,86c4261fcb9616a643db79340fe0b7398ba10a5c46464e67e8b697bcfc3a4ec9
selectivity_quartet-manifold_mixture,quartet,quartet-manifold mixture PQ/4,,-1.008102552748629e-17,1000000.0,8.0,8e-06,10.0,10000000.0,0.1,100000.0,0.1,100000.0,10.0,10000000.0,1.0,1000000.0,0.1,100000.0,3.4587250629268136e-37,2.2641862272438608e-36,2.6100587335365417e-36,0.010193636043712316,0.008790792114051066,0.018984428157763383,0.9810155718422298,2.6100587335365417e-36,0.9999999999999931,6.8833827526759706e-15,constant-generator matrix exponential Pade(13),2,dimensionless populations/per-encounter yields,dimensionless per encounter unless field name gives s^-1 or s,True,"Illustrative one-factor-at-a-time grid; bounds are not measured ranges or probability priors. Results are populations and per-encounter yields, not concentrations or biological fluxes. No encounter yield is converted to molarity, and no continuous biological ROS source is modeled.",4e863b04abf00d77462be6bdf33a6b2ad343ab81,485e6c100ae04a17802c8cfb09694c7b6fe9783be2b477e00a0a465bb075e0f8,configs/doxorubicin_parameters.json,0b7d200aedee3aed703b810ad54927a2126d9ee0952f6ef87cf5ebb57992d345,configs/parameter_provenance.csv,86c4261fcb9616a643db79340fe0b7398ba10a5c46464e67e8b697bcfc3a4ec9
selectivity_quartet-manifold_mixture,quartet,quartet-manifold mixture PQ/4,,-1.008102552748629e-17,1000000.0,8.0,8e-06,10.0,10000000.0,0.1,100000.0,0.1,100000.0,10.0,10000000.0,1.0,1000000.0,0.15848931924611143,158489.31924611144,2.36228733361764e-37,1.4600494843574473e-36,1.6962782177192112e-36,0.010134702011552872,0.013862362067065273,0.023997064078618145,0.9760029359213747,1.6962782177192112e-36,0.9999999999999928,7.216449660063518e-15,constant-generator matrix exponential Pade(13),2,dimensionless populations/per-encounter yields,dimensionless per encounter unless field name gives s^-1 or s,True,"Illustrative one-factor-at-a-time grid; bounds are not measured ranges or probability priors. Results are populations and per-encounter yields, not concentrations or biological fluxes. No encounter yield is converted to molarity, and no continuous biological ROS source is modeled.",4e863b04abf00d77462be6bdf33a6b2ad343ab81,485e6c100ae04a17802c8cfb09694c7b6fe9783be2b477e00a0a465bb075e0f8,configs/doxorubicin_parameters.json,0b7d200aedee3aed703b810ad54927a2126d9ee0952f6ef87cf5ebb57992d345,configs/parameter_provenance.csv,86c4261fcb9616a643db79340fe0b7398ba10a5c46464e67e8b697bcfc3a4ec9
selectivity_quartet-manifold_mixture,quartet,quartet-manifold mixture PQ/4,,-1.008102552748629e-17,1000000.0,8.0,8e-06,10.0,10000000.0,0.1,100000.0,0.1,100000.0,10.0,10000000.0,1.0,1000000.0,0.25118864315095807,251188.64315095806,1.303795817036388e-37,7.321988693550261e-37,8.625784510586648e-37,0.010042378894828773,0.021796574437798828,0.0318389533326276,0.9681610466673649,8.625784510586648e-37,0.9999999999999926,7.438494264988549e-15,constant-generator matrix exponential Pade(13),2,dimensionless populations/per-encounter yields,dimensionless per encounter unless field name gives s^-1 or s,True,"Illustrative one-factor-at-a-time grid; bounds are not measured ranges or probability priors. Results are populations and per-encounter yields, not concentrations or biological fluxes. No encounter yield is converted to molarity, and no continuous biological ROS source is modeled.",4e863b04abf00d77462be6bdf33a6b2ad343ab81,485e6c100ae04a17802c8cfb09694c7b6fe9783be2b477e00a0a465bb075e0f8,configs/doxorubicin_parameters.json,0b7d200aedee3aed703b810ad54927a2126d9ee0952f6ef87cf5ebb57992d345,configs/parameter_provenance.csv,86c4261fcb9616a643db79340fe0b7398ba10a5c46464e67e8b697bcfc3a4ec9
selectivity_quartet-manifold_mixture,quartet,quartet-manifold mixture PQ/4,,-1.008102552748629e-17,1000000.0,8.0,8e-06,10.0,10000000.0,0.1,100000.0,0.1,100000.0,10.0,10000000.0,1.0,1000000.0,0.3981071705534973,398107.17055349733,5.225001547286561e-38,2.4905869706519883e-37,3.0130871253806442e-37,0.00989871509215098,0.034117644750399766,0.04401635984255074,0.9559836401574421,3.0130871253806442e-37,0.9999999999999928,7.216449660063518e-15,constant-generator matrix exponential Pade(13),2,dimensionless populations/per-encounter yields,dimensionless per encounter unless field name gives s^-1 or s,True,"Illustrative one-factor-at-a-time grid; bounds are not measured ranges or probability priors. Results are populations and per-encounter yields, not concentrations or biological fluxes. No encounter yield is converted to molarity, and no continuous biological ROS source is modeled.",4e863b04abf00d77462be6bdf33a6b2ad343ab81,485e6c100ae04a17802c8cfb09694c7b6fe9783be2b477e00a0a465bb075e0f8,configs/doxorubicin_parameters.json,0b7d200aedee3aed703b810ad54927a2126d9ee0952f6ef87cf5ebb57992d345,configs/parameter_provenance.csv,86c4261fcb9616a643db79340fe0b7398ba10a5c46464e67e8b697bcfc3a4ec9
selectivity_quartet-manifold_mixture,quartet,quartet-manifold mixture PQ/4,,-1.008102552748629e-17,1000000.0,8.0,8e-06,10.0,10000000.0,0.1,100000.0,0.1,100000.0,10.0,10000000.0,1.0,1000000.0,0.6309573444801934,630957.3444801933,1.328311404398377e-38,4.744510922051388e-38,6.072822326449766e-38,0.009677482603881495,0.05303289818935625,0.06271038079323774,0.9372896192067548,6.072822326449766e-38,0.9999999999999926,7.438494264988549e-15,constant-generator matrix exponential Pade(13),2,dimensionless populations/per-encounter yields,dimensionless per encounter unless field name gives s^-1 or s,True,"Illustrative one-factor-at-a-time grid; bounds are not measured ranges or probability priors. Results are populations and per-encounter yields, not concentrations or biological fluxes. No encounter yield is converted to molarity, and no continuous biological ROS source is modeled.",4e863b04abf00d77462be6bdf33a6b2ad343ab81,485e6c100ae04a17802c8cfb09694c7b6fe9783be2b477e00a0a465bb075e0f8,configs/doxorubicin_parameters.json,0b7d200aedee3aed703b810ad54927a2126d9ee0952f6ef87cf5ebb57992d345,configs/parameter_provenance.csv,86c4261fcb9616a643db79340fe0b7398ba10a5c46464e67e8b697bcfc3a4ec9
selectivity_quartet-manifold_mixture,quartet,quartet-manifold mixture PQ/4,,-1.008102552748629e-17,1000000.0,8.0,8e-06,10.0,10000000.0,0.1,100000.0,0.1,100000.0,10.0,10000000.0,1.0,1000000.0,1.0,1000000.0,1.9123642278539966e-39,4.142237667547067e-39,6.054601895401063e-39,0.0093422565920791,0.08156683431701117,0.09090909090909027,0.9090909090909025,6.054601895401063e-39,0.9999999999999928,7.216449660063518e-15,constant-generator matrix exponential Pade(13),2,dimensionless populations/per-encounter yields,dimensionless per encounter unless field name gives s^-1 or s,True,"Illustrative one-factor-at-a-time grid; bounds are not measured ranges or probability priors. Results are populations and per-encounter yields, not concentrations or biological fluxes. No encounter yield is converted to molarity, and no continuous biological ROS source is modeled.",4e863b04abf00d77462be6bdf33a6b2ad343ab81,485e6c100ae04a17802c8cfb09694c7b6fe9783be2b477e00a0a465bb075e0f8,configs/doxorubicin_parameters.json,0b7d200aedee3aed703b810ad54927a2126d9ee0952f6ef87cf5ebb57992d345,configs/parameter_provenance.csv,86c4261fcb9616a643db79340fe0b7398ba10a5c46464e67e8b697bcfc3a4ec9
selectivity_quartet-manifold_mixture,quartet,quartet-manifold mixture PQ/4,,-1.008102552748629e-17,1000000.0,8.0,8e-06,10.0,10000000.0,0.1,100000.0,0.1,100000.0,10.0,10000000.0,1.0,1000000.0,1.584893192461114,1584893.1924611141,1.5850403335830679e-40,1.7471597753192687e-40,3.3322001089023365e-40,0.008846661681047682,0.12349376175300597,0.13234042343405367,0.8676595765659394,3.3322001089023365e-40,0.9999999999999931,6.8833827526759706e-15,constant-generator matrix exponential Pade(13),2,dimensionless populations/per-encounter yields,dimensionless per encounter unless field name gives s^-1 or s,True,"Illustrative one-factor-at-a-time grid; bounds are not measured ranges or probability priors. Results are populations and per-encounter yields, not concentrations or biological fluxes. No encounter yield is converted to molarity, and no continuous biological ROS source is modeled.",4e863b04abf00d77462be6bdf33a6b2ad343ab81,485e6c100ae04a17802c8cfb09694c7b6fe9783be2b477e00a0a465bb075e0f8,configs/doxorubicin_parameters.json,0b7d200aedee3aed703b810ad54927a2126d9ee0952f6ef87cf5ebb57992d345,configs/parameter_provenance.csv,86c4261fcb9616a643db79340fe0b7398ba10a5c46464e67e8b697bcfc3a4ec9
selectivity_quartet-manifold_mixture,quartet,quartet-manifold mixture PQ/4,,-1.008102552748629e-17,1000000.0,8.0,8e-06,10.0,10000000.0,0.1,100000.0,0.1,100000.0,10.0,10000000.0,1.0,1000000.0,2.5118864315095824,2511886.4315095823,7.396190087453196e-42,5.147626124093874e-42,1.254381621154707e-41,0.008140490935261618,0.18278287355317885,0.19092336448844047,0.8090766355115524,1.254381621154707e-41,0.9999999999999929,7.105427357601002e-15,constant-generator matrix exponential Pade(13),2,dimensionless populations/per-encounter yields,dimensionless per encounter unless field name gives s^-1 or s,True,"Illustrative one-factor-at-a-time grid; bounds are not measured ranges or probability priors. Results are populations and per-encounter yields, not concentrations or biological fluxes. No encounter yield is converted to molarity, and no continuous biological ROS source is modeled.",4e863b04abf00d77462be6bdf33a6b2ad343ab81,485e6c100ae04a17802c8cfb09694c7b6fe9783be2b477e00a0a465bb075e0f8,configs/doxorubicin_parameters.json,0b7d200aedee3aed703b810ad54927a2126d9ee0952f6ef87cf5ebb57992d345,configs/parameter_provenance.csv,86c4261fcb9616a643db79340fe0b7398ba10a5c46464e67e8b697bcfc3a4ec9
selectivity_quartet-manifold_mixture,quartet,quartet-manifold mixture PQ/4,,-1.008102552748629e-17,1000000.0,8.0,8e-06,10.0,10000000.0,0.1,100000.0,0.1,100000.0,10.0,10000000.0,1.0,1000000.0,3.981071705534973,3981071.705534973,1.1347869202063022e-43,6.69853564817955e-44,1.804640485024257e-43,0.00718678432580812,0.2622366612294569,0.269423445555265,0.7305765544447279,1.804640485024257e-43,0.9999999999999929,7.105427357601002e-15,constant-generator matrix exponential Pade(13),2,dimensionless populations/per-encounter yields,dimensionless per encounter unless field name gives s^-1 or s,True,"Illustrative one-factor-at-a-time grid; bounds are not measured ranges or probability priors. Results are populations and per-encounter yields, not concentrations or biological fluxes. No encounter yield is converted to molarity, and no continuous biological ROS source is modeled.",4e863b04abf00d77462be6bdf33a6b2ad343ab81,485e6c100ae04a17802c8cfb09694c7b6fe9783be2b477e00a0a465bb075e0f8,configs/doxorubicin_parameters.json,0b7d200aedee3aed703b810ad54927a2126d9ee0952f6ef87cf5ebb57992d345,configs/parameter_provenance.csv,86c4261fcb9616a643db79340fe0b7398ba10a5c46464e67e8b697bcfc3a4ec9
selectivity_quartet-manifold_mixture,quartet,quartet-manifold mixture PQ/4,,-1.008102552748629e-17,1000000.0,8.0,8e-06,10.0,10000000.0,0.1,100000.0,0.1,100000.0,10.0,10000000.0,1.0,1000000.0,6.309573444801936,6309573.444801936,2.4945278856297526e-46,1.3648735588135483e-46,3.859401444443301e-46,0.005991813495725224,0.3613650476047931,0.36735686110051835,0.6326431388994747,3.859401444443301e-46,0.999999999999993,6.994405055138486e-15,constant-generator matrix exponential Pade(13),2,dimensionless populations/per-encounter yields,dimensionless per encounter unless field name gives s^-1 or s,True,"Illustrative one-factor-at-a-time grid; bounds are not measured ranges or probability priors. Results are populations and per-encounter yields, not concentrations or biological fluxes. No encounter yield is converted to molarity, and no continuous biological ROS source is modeled.",4e863b04abf00d77462be6bdf33a6b2ad343ab81,485e6c100ae04a17802c8cfb09694c7b6fe9783be2b477e00a0a465bb075e0f8,configs/doxorubicin_parameters.json,0b7d200aedee3aed703b810ad54927a2126d9ee0952f6ef87cf5ebb57992d345,configs/parameter_provenance.csv,86c4261fcb9616a643db79340fe0b7398ba10a5c46464e67e8b697bcfc3a4ec9
selectivity_quartet-manifold_mixture,quartet,quartet-manifold mixture PQ/4,,-1.008102552748629e-17,1000000.0,8.0,8e-06,10.0,10000000.0,0.1,100000.0,0.1,100000.0,10.0,10000000.0,1.0,1000000.0,10.0,10000000.0,3.9300200406683846e-50,1.9440073191853099e-50,5.8740273598536945e-50,0.004636570032247421,0.47449886482263204,0.47913543485487947,0.5208645651451063,5.8740273598536945e-50,0.9999999999999858,1.4210854715202004e-14,constant-generator matrix exponential Pade(13),2,dimensionless populations/per-encounter yields,dimensionless per encounter unless field name gives s^-1 or s,True,"Illustrative one-factor-at-a-time grid; bounds are not measured ranges or probability priors. Results are populations and per-encounter yields, not concentrations or biological fluxes. No encounter yield is converted to molarity, and no continuous biological ROS source is modeled.",4e863b04abf00d77462be6bdf33a6b2ad343ab81,485e6c100ae04a17802c8cfb09694c7b6fe9783be2b477e00a0a465bb075e0f8,configs/doxorubicin_parameters.json,0b7d200aedee3aed703b810ad54927a2126d9ee0952f6ef87cf5ebb57992d345,configs/parameter_provenance.csv,86c4261fcb9616a643db79340fe0b7398ba10a5c46464e67e8b697bcfc3a4ec9
selectivity_pD=0.25_manifold_mixture,mixture,manifold mixture pD=0.25,0.25,0.24999999999999994,1000000.0,8.0,8e-06,0.0,0.0,0.1,100000.0,0.1,100000.0,0.1,100000.0,1.0,1000000.0,0.0,0.0,0.013546895403401508,0.2182713534580294,0.2318182488614309,0.38063098577405624,0.0,0.38063098577405624,0.38755076536451244,0.2318182488614309,0.9999999999999996,4.440892098500626e-16,constant-generator matrix exponential Pade(13),2,dimensionless populations/per-encounter yields,dimensionless per encounter unless field name gives s^-1 or s,True,"Illustrative one-factor-at-a-time grid; bounds are not measured ranges or probability priors. Results are populations and per-encounter yields, not concentrations or biological fluxes. No encounter yield is converted to molarity, and no continuous biological ROS source is modeled.",4e863b04abf00d77462be6bdf33a6b2ad343ab81,485e6c100ae04a17802c8cfb09694c7b6fe9783be2b477e00a0a465bb075e0f8,configs/doxorubicin_parameters.json,0b7d200aedee3aed703b810ad54927a2126d9ee0952f6ef87cf5ebb57992d345,configs/parameter_provenance.csv,86c4261fcb9616a643db79340fe0b7398ba10a5c46464e67e8b697bcfc3a4ec9
selectivity_pD=0.25_manifold_mixture,mixture,manifold mixture pD=0.25,0.25,0.24999999999999994,1000000.0,8.0,8e-06,0.0,0.0,0.1,100000.0,0.1,100000.0,0.1,100000.0,1.0,1000000.0,0.01,10000.0,0.012633158064032726,0.20165974766168754,0.2142929057257203,0.3755541893041868,0.03387249873087946,0.40942668803506627,0.37628040623921327,0.2142929057257203,0.9999999999999998,2.220446049250313e-16,constant-generator matrix exponential Pade(13),2,dimensionless populations/per-encounter yields,dimensionless per encounter unless field name gives s^-1 or s,True,"Illustrative one-factor-at-a-time grid; bounds are not measured ranges or probability priors. Results are populations and per-encounter yields, not concentrations or biological fluxes. No encounter yield is converted to molarity, and no continuous biological ROS source is modeled.",4e863b04abf00d77462be6bdf33a6b2ad343ab81,485e6c100ae04a17802c8cfb09694c7b6fe9783be2b477e00a0a465bb075e0f8,configs/doxorubicin_parameters.json,0b7d200aedee3aed703b810ad54927a2126d9ee0952f6ef87cf5ebb57992d345,configs/parameter_provenance.csv,86c4261fcb9616a643db79340fe0b7398ba10a5c46464e67e8b697bcfc3a4ec9
selectivity_pD=0.25_manifold_mixture,mixture,manifold mixture pD=0.25,0.25,0.24999999999999994,1000000.0,8.0,8e-06,0.0,0.0,0.1,100000.0,0.1,100000.0,0.1,100000.0,1.0,1000000.0,0.015848931924611134,15848.931924611134,0.012128136110476697,0.19253730633423796,0.20466544244471468,0.37268457849046377,0.05272284684270216,0.42540742533316594,0.36992713222211926,0.20466544244471468,1.0,0.0,constant-generator matrix exponential Pade(13),2,dimensionless populations/per-encounter yields,dimensionless per encounter unless field name gives s^-1 or s,True,"Illustrative one-factor-at-a-time grid; bounds are not measured ranges or probability priors. Results are populations and per-encounter yields, not concentrations or biological fluxes. No encounter yield is converted to molarity, and no continuous biological ROS source is modeled.",4e863b04abf00d77462be6bdf33a6b2ad343ab81,485e6c100ae04a17802c8cfb09694c7b6fe9783be2b477e00a0a465bb075e0f8,configs/doxorubicin_parameters.json,0b7d200aedee3aed703b810ad54927a2126d9ee0952f6ef87cf5ebb57992d345,configs/parameter_provenance.csv,86c4261fcb9616a643db79340fe0b7398ba10a5c46464e67e8b697bcfc3a4ec9
selectivity_pD=0.25_manifold_mixture,mixture,manifold mixture pD=0.25,0.25,0.24999999999999994,1000000.0,8.0,8e-06,0.0,0.0,0.1,100000.0,0.1,100000.0,0.1,100000.0,1.0,1000000.0,0.025118864315095794,25118.864315095794,0.01136959369905833,0.17891884204398925,0.19028843574304757,0.3682810840469378,0.08122797576989829,0.4495090598168361,0.36020250444011626,0.19028843574304757,0.9999999999999999,1.1102230246251565e-16,constant-generator matrix exponential Pade(13),2,dimensionless populations/per-encounter yields,dimensionless per encounter unless field name gives s^-1 or s,True,"Illustrative one-factor-at-a-time grid; bounds are not measured ranges or probability priors. Results are populations and per-encounter yields, not concentrations or biological fluxes. No encounter yield is converted to molarity, and no continuous biological ROS source is modeled.",4e863b04abf00d77462be6bdf33a6b2ad343ab81,485e6c100ae04a17802c8cfb09694c7b6fe9783be2b477e00a0a465bb075e0f8,configs/doxorubicin_parameters.json,0b7d200aedee3aed703b810ad54927a2126d9ee0952f6ef87cf5ebb57992d345,configs/parameter_provenance.csv,86c4261fcb9616a643db79340fe0b7398ba10a5c46464e67e8b697bcfc3a4ec9
selectivity_pD=0.25_manifold_mixture,mixture,manifold mixture pD=0.25,0.25,0.24999999999999994,1000000.0,8.0,8e-06,0.0,0.0,0.1,100000.0,0.1,100000.0,0.1,100000.0,1.0,1000000.0,0.039810717055349734,39810.717055349734,0.010265300146624523,0.15928489353367092,0.16955019368029542,0.36164726378175965,0.12319242794357677,0.4848396917253364,0.345610114594368,0.16955019368029542,0.9999999999999999,1.1102230246251565e-16,constant-generator matrix exponential Pade(13),2,dimensionless populations/per-encounter yields,dimensionless per encounter unless field name gives s^-1 or s,True,"Illustrative one-factor-at-a-time grid; bounds are not measured ranges or probability priors. Results are populations and per-encounter yields, not concentrations or biological fluxes. No encounter yield is converted to molarity, and no continuous biological ROS source is modeled.",4e863b04abf00d77462be6bdf33a6b2ad343ab81,485e6c100ae04a17802c8cfb09694c7b6fe9783be2b477e00a0a465bb075e0f8,configs/doxorubicin_parameters.json,0b7d200aedee3aed703b810ad54927a2126d9ee0952f6ef87cf5ebb57992d345,configs/parameter_provenance.csv,86c4261fcb9616a643db79340fe0b7398ba10a5c46464e67e8b697bcfc3a4ec9
selectivity_pD=0.25_manifold_mixture,mixture,manifold mixture pD=0.25,0.25,0.24999999999999994,1000000.0,8.0,8e-06,0.0,0.0,0.1,100000.0,0.1,100000.0,0.1,100000.0,1.0,1000000.0,0.06309573444801933,63095.73444801933,0.008734870467211029,0.13249406213014678,0.1412289325973578,0.3519347497773493,0.18246124985864498,0.5343959996359943,0.3243750677666476,0.1412289325973578,0.9999999999999997,3.3306690738754696e-16,constant-generator matrix exponential Pade(13),2,dimensionless populations/per-encounter yields,dimensionless per encounter unless field name gives s^-1 or s,True,"Illustrative one-factor-at-a-time grid; bounds are not measured ranges or probability priors. Results are populations and per-encounter yields, not concentrations or biological fluxes. No encounter yield is converted to molarity, and no continuous biological ROS source is modeled.",4e863b04abf00d77462be6bdf33a6b2ad343ab81,485e6c100ae04a17802c8cfb09694c7b6fe9783be2b477e00a0a465bb075e0f8,configs/doxorubicin_parameters.json,0b7d200aedee3aed703b810ad54927a2126d9ee0952f6ef87cf5ebb57992d345,configs/parameter_provenance.csv,86c4261fcb9616a643db79340fe0b7398ba10a5c46464e67e8b697bcfc3a4ec9
selectivity_pD=0.25_manifold_mixture,mixture,manifold mixture pD=0.25,0.25,0.24999999999999994,1000000.0,8.0,8e-06,0.0,0.0,0.1,100000.0,0.1,100000.0,0.1,100000.0,1.0,1000000.0,0.1,100000.0,0.006771618842947265,0.09897346302407622,0.10574508186702347,0.3383208461675279,0.26105099367434775,0.5993718398418757,0.2948830782911005,0.10574508186702347,0.9999999999999997,3.3306690738754696e-16,constant-generator matrix exponential Pade(13),2,dimensionless populations/per-encounter yields,dimensionless per encounter unless field name gives s^-1 or s,True,"Illustrative one-factor-at-a-time grid; bounds are not measured ranges or probability priors. Results are populations and per-encounter yields, not concentrations or biological fluxes. No encounter yield is converted to molarity, and no continuous biological ROS source is modeled.",4e863b04abf00d77462be6bdf33a6b2ad343ab81,485e6c100ae04a17802c8cfb09694c7b6fe9783be2b477e00a0a465bb075e0f8,configs/doxorubicin_parameters.json,0b7d200aedee3aed703b810ad54927a2126d9ee0952f6ef87cf5ebb57992d345,configs/parameter_provenance.csv,86c4261fcb9616a643db79340fe0b7398ba10a5c46464e67e8b697bcfc3a4ec9
selectivity_pD=0.25_manifold_mixture,mixture,manifold mixture pD=0.25,0.25,0.24999999999999994,1000000.0,8.0,8e-06,0.0,0.0,0.1,100000.0,0.1,100000.0,0.1,100000.0,1.0,1000000.0,0.15848931924611143,158489.31924611144,0.004539409742681008,0.06236901777501758,0.06690842751769858,0.320436737983348,0.3559940808174027,0.6764308188007506,0.2566607536815504,0.06690842751769858,0.9999999999999996,4.440892098500626e-16,constant-generator matrix exponential Pade(13),2,dimensionless populations/per-encounter yields,dimensionless per encounter unless field name gives s^-1 or s,True,"Illustrative one-factor-at-a-time grid; bounds are not measured ranges or probability priors. Results are populations and per-encounter yields, not concentrations or biological fluxes. No encounter yield is converted to molarity, and no continuous biological ROS source is modeled.",4e863b04abf00d77462be6bdf33a6b2ad343ab81,485e6c100ae04a17802c8cfb09694c7b6fe9783be2b477e00a0a465bb075e0f8,configs/doxorubicin_parameters.json,0b7d200aedee3aed703b810ad54927a2126d9ee0952f6ef87cf5ebb57992d345,configs/parameter_provenance.csv,86c4261fcb9616a643db79340fe0b7398ba10a5c46464e67e8b697bcfc3a4ec9
selectivity_pD=0.25_manifold_mixture,mixture,manifold mixture pD=0.25,0.25,0.24999999999999994,1000000.0,8.0,8e-06,0.0,0.0,0.1,100000.0,0.1,100000.0,0.1,100000.0,1.0,1000000.0,0.25118864315095807,251188.64315095806,0.00243329088668377,0.030045322322455534,0.032478613209139306,0.2990211474737085,0.4567590654133948,0.7557802128871033,0.21174117390375718,0.032478613209139306,0.9999999999999998,2.220446049250313e-16,constant-generator matrix exponential Pade(13),2,dimensionless populations/per-encounter yields,dimensionless per encounter unless field name gives s^-1 or s,True,"Illustrative one-factor-at-a-time grid; bounds are not measured ranges or probability priors. Results are populations and per-encounter yields, not concentrations or biological fluxes. No encounter yield is converted to molarity, and no continuous biological ROS source is modeled.",4e863b04abf00d77462be6bdf33a6b2ad343ab81,485e6c100ae04a17802c8cfb09694c7b6fe9783be2b477e00a0a465bb075e0f8,configs/doxorubicin_parameters.json,0b7d200aedee3aed703b810ad54927a2126d9ee0952f6ef87cf5ebb57992d345,configs/parameter_provenance.csv,86c4261fcb9616a643db79340fe0b7398ba10a5c46464e67e8b697bcfc3a4ec9
selectivity_pD=0.25_manifold_mixture,mixture,manifold mixture pD=0.25,0.25,0.24999999999999994,1000000.0,8.0,8e-06,0.0,0.0,0.1,100000.0,0.1,100000.0,0.1,100000.0,1.0,1000000.0,0.3981071705534973,398107.17055349733,0.0009364834432424626,0.00949021115836408,0.010426694601606543,0.27634347564833706,0.5479553270709348,0.8242988027192718,0.1652745026791212,0.010426694601606543,0.9999999999999996,4.440892098500626e-16,constant-generator matrix exponential Pade(13),2,dimensionless populations/per-encounter yields,dimensionless per encounter unless field name gives s^-1 or s,True,"Illustrative one-factor-at-a-time grid; bounds are not measured ranges or probability priors. Results are populations and per-encounter yields, not concentrations or biological fluxes. No encounter yield is converted to molarity, and no continuous biological ROS source is modeled.",4e863b04abf00d77462be6bdf33a6b2ad343ab81,485e6c100ae04a17802c8cfb09694c7b6fe9783be2b477e00a0a465bb075e0f8,configs/doxorubicin_parameters.json,0b7d200aedee3aed703b810ad54927a2126d9ee0952f6ef87cf5ebb57992d345,configs/parameter_provenance.csv,86c4261fcb9616a643db79340fe0b7398ba10a5c46464e67e8b697bcfc3a4ec9
selectivity_pD=0.25_manifold_mixture,mixture,manifold mixture pD=0.25,0.25,0.24999999999999994,1000000.0,8.0,8e-06,0.0,0.0,0.1,100000.0,0.1,100000.0,0.1,100000.0,1.0,1000000.0,0.6309573444801934,630957.3444801933,0.00023481915422495685,0.0015609982807946207,0.0017958174350195776,0.255542191531258,0.6190024888164314,0.8745446803476894,0.12365950221729065,0.0017958174350195776,0.9999999999999996,4.440892098500626e-16,constant-generator matrix exponential Pade(13),2,dimensionless populations/per-encounter yields,dimensionless per encounter unless field name gives s^-1 or s,True,"Illustrative one-factor-at-a-time grid; bounds are not measured ranges or probability priors. Results are populations and per-encounter yields, not concentrations or biological fluxes. No encounter yield is converted to molarity, and no continuous biological ROS source is modeled.",4e863b04abf00d77462be6bdf33a6b2ad343ab81,485e6c100ae04a17802c8cfb09694c7b6fe9783be2b477e00a0a465bb075e0f8,configs/doxorubicin_parameters.json,0b7d200aedee3aed703b810ad54927a2126d9ee0952f6ef87cf5ebb57992d345,configs/parameter_provenance.csv,86c4261fcb9616a643db79340fe0b7398ba10a5c46464e67e8b697bcfc3a4ec9
selectivity_pD=0.25_manifold_mixture,mixture,manifold mixture pD=0.25,0.25,0.24999999999999994,1000000.0,8.0,8e-06,0.0,0.0,0.1,100000.0,0.1,100000.0,0.1,100000.0,1.0,1000000.0,1.0,1000000.0,4.7708318114458655e-05,0.00010302475698101825,0.0001507330750954769,0.23888401303850873,0.6700698659841313,0.90895387902264,0.09089538790226398,0.0001507330750954769,0.9999999999999994,5.551115123125783e-16,constant-generator matrix exponential Pade(13),2,dimensionless populations/per-encounter yields,dimensionless per encounter unless field name gives s^-1 or s,True,"Illustrative one-factor-at-a-time grid; bounds are not measured ranges or probability priors. Results are populations and per-encounter yields, not concentrations or biological fluxes. No encounter yield is converted to molarity, and no continuous biological ROS source is modeled.",4e863b04abf00d77462be6bdf33a6b2ad343ab81,485e6c100ae04a17802c8cfb09694c7b6fe9783be2b477e00a0a465bb075e0f8,configs/doxorubicin_parameters.json,0b7d200aedee3aed703b810ad54927a2126d9ee0952f6ef87cf5ebb57992d345,configs/parameter_provenance.csv,86c4261fcb9616a643db79340fe0b7398ba10a5c46464e67e8b697bcfc3a4ec9
selectivity_pD=0.25_manifold_mixture,mixture,manifold mixture pD=0.25,0.25,0.24999999999999994,1000000.0,8.0,8e-06,0.0,0.0,0.1,100000.0,0.1,100000.0,0.1,100000.0,1.0,1000000.0,1.584893192461114,1584893.1924611141,1.967905093875713e-05,5.400272489836492e-06,2.5079323428593618e-05,0.22676505104767136,0.7059885015095314,0.9327535525572028,0.0672213681193676,2.5079323428593618e-05,0.999999999999999,9.992007221626409e-16,constant-generator matrix exponential Pade(13),2,dimensionless populations/per-encounter yields,dimensionless per encounter unless field name gives s^-1 or s,True,"Illustrative one-factor-at-a-time grid; bounds are not measured ranges or probability priors. Results are populations and per-encounter yields, not concentrations or biological fluxes. No encounter yield is converted to molarity, and no continuous biological ROS source is modeled.",4e863b04abf00d77462be6bdf33a6b2ad343ab81,485e6c100ae04a17802c8cfb09694c7b6fe9783be2b477e00a0a465bb075e0f8,configs/doxorubicin_parameters.json,0b7d200aedee3aed703b810ad54927a2126d9ee0952f6ef87cf5ebb57992d345,configs/parameter_provenance.csv,86c4261fcb9616a643db79340fe0b7398ba10a5c46464e67e8b697bcfc3a4ec9
selectivity_pD=0.25_manifold_mixture,mixture,manifold mixture pD=0.25,0.25,0.24999999999999994,1000000.0,8.0,8e-06,0.0,0.0,0.1,100000.0,0.1,100000.0,0.1,100000.0,1.0,1000000.0,2.5118864315095824,2511886.4315095823,1.543185099710069e-05,1.418048369184877e-06,1.684989936628557e-05,0.21841308656573674,0.7306413969552121,0.9490544835209489,0.05092866657968305,1.684989936628557e-05,0.9999999999999982,1.7763568394002505e-15,constant-generator matrix exponential Pade(13),2,dimensionless populations/per-encounter yields,dimensionless per encounter unless field name gives s^-1 or s,True,"Illustrative one-factor-at-a-time grid; bounds are not measured ranges or probability priors. Results are populations and per-encounter yields, not concentrations or biological fluxes. No encounter yield is converted to molarity, and no continuous biological ROS source is modeled.",4e863b04abf00d77462be6bdf33a6b2ad343ab81,485e6c100ae04a17802c8cfb09694c7b6fe9783be2b477e00a0a465bb075e0f8,configs/doxorubicin_parameters.json,0b7d200aedee3aed703b810ad54927a2126d9ee0952f6ef87cf5ebb57992d345,configs/parameter_provenance.csv,86c4261fcb9616a643db79340fe0b7398ba10a5c46464e67e8b697bcfc3a4ec9
selectivity_pD=0.25_manifold_mixture,mixture,manifold mixture pD=0.25,0.25,0.24999999999999994,1000000.0,8.0,8e-06,0.0,0.0,0.1,100000.0,0.1,100000.0,0.1,100000.0,1.0,1000000.0,3.981071705534973,3981071.705534973,1.4185006162932952e-05,6.482829086590383e-07,1.4833289071591991e-05,0.21283515179901497,0.7471001913945874,0.9599353431936024,0.04004982351732425,1.4833289071591991e-05,0.9999999999999982,1.7763568394002505e-15,constant-generator matrix exponential Pade(13),2,dimensionless populations/per-encounter yields,dimensionless per encounter unless field name gives s^-1 or s,True,"Illustrative one-factor-at-a-time grid; bounds are not measured ranges or probability priors. Results are populations and per-encounter yields, not concentrations or biological fluxes. No encounter yield is converted to molarity, and no continuous biological ROS source is modeled.",4e863b04abf00d77462be6bdf33a6b2ad343ab81,485e6c100ae04a17802c8cfb09694c7b6fe9783be2b477e00a0a465bb075e0f8,configs/doxorubicin_parameters.json,0b7d200aedee3aed703b810ad54927a2126d9ee0952f6ef87cf5ebb57992d345,configs/parameter_provenance.csv,86c4261fcb9616a643db79340fe0b7398ba10a5c46464e67e8b697bcfc3a4ec9
selectivity_pD=0.25_manifold_mixture,mixture,manifold mixture pD=0.25,0.25,0.24999999999999994,1000000.0,8.0,8e-06,0.0,0.0,0.1,100000.0,0.1,100000.0,0.1,100000.0,1.0,1000000.0,6.309573444801936,6309573.444801936,1.3642782658600953e-05,3.4684001031508084e-07,1.3989622668916036e-05,0.20918432127940342,0.7578717984290988,0.9670561197085022,0.032929890668825734,1.3989622668916036e-05,0.9999999999999969,3.1086244689504383e-15,constant-generator matrix exponential Pade(13),2,dimensionless populations/per-encounter yields,dimensionless per encounter unless field name gives s^-1 or s,True,"Illustrative one-factor-at-a-time grid; bounds are not measured ranges or probability priors. Results are populations and per-encounter yields, not concentrations or biological fluxes. No encounter yield is converted to molarity, and no continuous biological ROS source is modeled.",4e863b04abf00d77462be6bdf33a6b2ad343ab81,485e6c100ae04a17802c8cfb09694c7b6fe9783be2b477e00a0a465bb075e0f8,configs/doxorubicin_parameters.json,0b7d200aedee3aed703b810ad54927a2126d9ee0952f6ef87cf5ebb57992d345,configs/parameter_provenance.csv,86c4261fcb9616a643db79340fe0b7398ba10a5c46464e67e8b697bcfc3a4ec9
selectivity_pD=0.25_manifold_mixture,mixture,manifold mixture pD=0.25,0.25,0.24999999999999994,1000000.0,8.0,8e-06,0.0,0.0,0.1,100000.0,0.1,100000.0,0.1,100000.0,1.0,1000000.0,10.0,10000000.0,1.336362117928134e-05,1.994348212754744e-07,1.3563056000556814e-05,0.2068260805976868,0.7648294537490502,0.971655534346737,0.028330902597259195,1.3563056000556814e-05,0.9999999999999968,3.219646771412954e-15,constant-generator matrix exponential Pade(13),2,dimensionless populations/per-encounter yields,dimensionless per encounter unless field name gives s^-1 or s,True,"Illustrative one-factor-at-a-time grid; bounds are not measured ranges or probability priors. Results are populations and per-encounter yields, not concentrations or biological fluxes. No encounter yield is converted to molarity, and no continuous biological ROS source is modeled.",4e863b04abf00d77462be6bdf33a6b2ad343ab81,485e6c100ae04a17802c8cfb09694c7b6fe9783be2b477e00a0a465bb075e0f8,configs/doxorubicin_parameters.json,0b7d200aedee3aed703b810ad54927a2126d9ee0952f6ef87cf5ebb57992d345,configs/parameter_provenance.csv,86c4261fcb9616a643db79340fe0b7398ba10a5c46464e67e8b697bcfc3a4ec9
selectivity_pD=0.25_manifold_mixture,mixture,manifold mixture pD=0.25,0.25,0.24999999999999994,1000000.0,8.0,8e-06,0.0,0.0,0.1,100000.0,0.1,100000.0,1.0,1000000.0,1.0,1000000.0,0.0,0.0,1.0113919855742869e-05,0.00016295829486693498,0.0001730722147226779,0.13969632997021875,0.0,0.13969632997021875,0.860130597815058,0.0001730722147226779,0.9999999999999993,6.661338147750939e-16,constant-generator matrix exponential Pade(13),2,dimensionless populations/per-encounter yields,dimensionless per encounter unless field name gives s^-1 or s,True,"Illustrative one-factor-at-a-time grid; bounds are not measured ranges or probability priors. Results are populations and per-encounter yields, not concentrations or biological fluxes. No encounter yield is converted to molarity, and no continuous biological ROS source is modeled.",4e863b04abf00d77462be6bdf33a6b2ad343ab81,485e6c100ae04a17802c8cfb09694c7b6fe9783be2b477e00a0a465bb075e0f8,configs/doxorubicin_parameters.json,0b7d200aedee3aed703b810ad54927a2126d9ee0952f6ef87cf5ebb57992d345,configs/parameter_provenance.csv,86c4261fcb9616a643db79340fe0b7398ba10a5c46464e67e8b697bcfc3a4ec9
selectivity_pD=0.25_manifold_mixture,mixture,manifold mixture pD=0.25,0.25,0.24999999999999994,1000000.0,8.0,8e-06,0.0,0.0,0.1,100000.0,0.1,100000.0,1.0,1000000.0,1.0,1000000.0,0.01,10000.0,9.431736525586246e-06,0.00015055630572503842,0.0001599880422506247,0.13948709560458583,0.007137285353946307,0.14662438095853214,0.8532156309992166,0.0001599880422506247,0.9999999999999993,6.661338147750939e-16,constant-generator matrix exponential Pade(13),2,dimensionless populations/per-encounter yields,dimensionless per encounter unless field name gives s^-1 or s,True,"Illustrative one-factor-at-a-time grid; bounds are not measured ranges or probability priors. Results are populations and per-encounter yields, not concentrations or biological fluxes. No encounter yield is converted to molarity, and no continuous biological ROS source is modeled.",4e863b04abf00d77462be6bdf33a6b2ad343ab81,485e6c100ae04a17802c8cfb09694c7b6fe9783be2b477e00a0a465bb075e0f8,configs/doxorubicin_parameters.json,0b7d200aedee3aed703b810ad54927a2126d9ee0952f6ef87cf5ebb57992d345,configs/parameter_provenance.csv,86c4261fcb9616a643db79340fe0b7398ba10a5c46464e67e8b697bcfc3a4ec9
selectivity_pD=0.25_manifold_mixture,mixture,manifold mixture pD=0.25,0.25,0.24999999999999994,1000000.0,8.0,8e-06,0.0,0.0,0.1,100000.0,0.1,100000.0,1.0,1000000.0,1.0,1000000.0,0.015848931924611134,15848.931924611134,9.05469430214266e-06,0.00014374562049221552,0.0001528003147943582,0.1393664940854365,0.011250580365829876,0.15061707445126638,0.8492301252339386,0.0001528003147943582,0.9999999999999993,6.661338147750939e-16,constant-generator matrix exponential Pade(13),2,dimensionless populations/per-encounter yields,dimensionless per encounter unless field name gives s^-1 or s,True,"Illustrative one-factor-at-a-time grid; bounds are not measured ranges or probability priors. Results are populations and per-encounter yields, not concentrations or biological fluxes. No encounter yield is converted to molarity, and no continuous biological ROS source is modeled.",4e863b04abf00d77462be6bdf33a6b2ad343ab81,485e6c100ae04a17802c8cfb09694c7b6fe9783be2b477e00a0a465bb075e0f8,configs/doxorubicin_parameters.json,0b7d200aedee3aed703b810ad54927a2126d9ee0952f6ef87cf5ebb57992d345,configs/parameter_provenance.csv,86c4261fcb9616a643db79340fe0b7398ba10a5c46464e67e8b697bcfc3a4ec9
selectivity_pD=0.25_manifold_mixture,mixture,manifold mixture pD=0.25,0.25,0.24999999999999994,1000000.0,8.0,8e-06,0.0,0.0,0.1,100000.0,0.1,100000.0,1.0,1000000.0,1.0,1000000.0,0.025118864315095794,25118.864315095794,8.48837730272585e-06,0.00013357826832123117,0.000142066645623957,0.13917798175704538,0.017679227955287917,0.1568572097123333,0.8430007236420419,0.000142066645623957,0.9999999999999992,7.771561172376096e-16,constant-generator matrix exponential Pade(13),2,dimensionless populations/per-encounter yields,dimensionless per encounter unless field name gives s^-1 or s,True,"Illustrative one-factor-at-a-time grid; bounds are not measured ranges or probability priors. Results are populations and per-encounter yields, not concentrations or biological fluxes. No encounter yield is converted to molarity, and no continuous biological ROS source is modeled.",4e863b04abf00d77462be6bdf33a6b2ad343ab81,485e6c100ae04a17802c8cfb09694c7b6fe9783be2b477e00a0a465bb075e0f8,configs/doxorubicin_parameters.json,0b7d200aedee3aed703b810ad54927a2126d9ee0952f6ef87cf5ebb57992d345,configs/parameter_provenance.csv,86c4261fcb9616a643db79340fe0b7398ba10a5c46464e67e8b697bcfc3a4ec9
selectivity_pD=0.25_manifold_mixture,mixture,manifold mixture pD=0.25,0.25,0.24999999999999994,1000000.0,8.0,8e-06,0.0,0.0,0.1,100000.0,0.1,100000.0,1.0,1000000.0,1.0,1000000.0,0.039810717055349734,39810.717055349734,7.663927408196895e-06,0.00011891984100102895,0.00012658376840922586,0.138885637968314,0.02764676639778751,0.1665324043661015,0.8333410118654885,0.00012658376840922586,0.9999999999999992,7.771561172376096e-16,constant-generator matrix exponential Pade(13),2,dimensionless populations/per-encounter yields,dimensionless per encounter unless field name gives s^-1 or s,True,"Illustrative one-factor-at-a-time grid; bounds are not measured ranges or probability priors. Results are populations and per-encounter yields, not concentrations or biological fluxes. No encounter yield is converted to molarity, and no continuous biological ROS source is modeled.",4e863b04abf00d77462be6bdf33a6b2ad343ab81,485e6c100ae04a17802c8cfb09694c7b6fe9783be2b477e00a0a465bb075e0f8,configs/doxorubicin_parameters.json,0b7d200aedee3aed703b810ad54927a2126d9ee0952f6ef87cf5ebb57992d345,configs/parameter_provenance.csv,86c4261fcb9616a643db79340fe0b7398ba10a5c46464e67e8b697bcfc3a4ec9
selectivity_pD=0.25_manifold_mixture,mixture,manifold mixture pD=0.25,0.25,0.24999999999999994,1000000.0,8.0,8e-06,0.0,0.0,0.1,100000.0,0.1,100000.0,1.0,1000000.0,1.0,1000000.0,0.06309573444801933,63095.73444801933,6.521330328828338e-06,9.891818648054577e-05,0.00010543951680937411,0.1384377906539117,0.042911858295258294,0.18134964894917,0.8185449115340201,0.00010543951680937411,0.9999999999999996,4.440892098500626e-16,constant-generator matrix exponential Pade(13),2,dimensionless populations/per-encounter yields,dimensionless per encounter unless field name gives s^-1 or s,True,"Illustrative one-factor-at-a-time grid; bounds are not measured ranges or probability priors. Results are populations and per-encounter yields, not concentrations or biological fluxes. No encounter yield is converted to molarity, and no continuous biological ROS source is modeled.",4e863b04abf00d77462be6bdf33a6b2ad343ab81,485e6c100ae04a17802c8cfb09694c7b6fe9783be2b477e00a0a465bb075e0f8,configs/doxorubicin_parameters.json,0b7d200aedee3aed703b810ad54927a2126d9ee0952f6ef87cf5ebb57992d345,configs/parameter_provenance.csv,86c4261fcb9616a643db79340fe0b7398ba10a5c46464e67e8b697bcfc3a4ec9
selectivity_pD=0.25_manifold_mixture,mixture,manifold mixture pD=0.25,0.25,0.24999999999999994,1000000.0,8.0,8e-06,0.0,0.0,0.1,100000.0,0.1,100000.0,1.0,1000000.0,1.0,1000000.0,0.1,100000.0,5.0555945278805345e-06,7.389218289966928e-05,7.89477774275498e-05,0.1377644525514209,0.06585383155633906,0.20361828410775995,0.7963027681148116,7.89477774275498e-05,0.9999999999999991,8.881784197001252e-16,constant-generator matrix exponential Pade(13),2,dimensionless populations/per-encounter yields,dimensionless per encounter unless field name gives s^-1 or s,True,"Illustrative one-factor-at-a-time grid; bounds are not measured ranges or probability priors. Results are populations and per-encounter yields, not concentrations or biological fluxes. No encounter yield is converted to molarity, and no continuous biological ROS source is modeled.",4e863b04abf00d77462be6bdf33a6b2ad343ab81,485e6c100ae04a17802c8cfb09694c7b6fe9783be2b477e00a0a465bb075e0f8,configs/doxorubicin_parameters.json,0b7d200aedee3aed703b810ad54927a2126d9ee0952f6ef87cf5ebb57992d345,configs/parameter_provenance.csv,86c4261fcb9616a643db79340fe0b7398ba10a5c46464e67e8b697bcfc3a4ec9
selectivity_pD=0.25_manifold_mixture,mixture,manifold mixture pD=0.25,0.25,0.24999999999999994,1000000.0,8.0,8e-06,0.0,0.0,0.1,100000.0,0.1,100000.0,1.0,1000000.0,1.0,1000000.0,0.15848931924611143,158489.31924611144,3.3890588922924824e-06,4.6563823553221015e-05,4.99528824455135e-05,0.13678012005364726,0.0993751294101598,0.23615524946380706,0.7637947976537468,4.99528824455135e-05,0.9999999999999993,6.661338147750939e-16,constant-generator matrix exponential Pade(13),2,dimensionless populations/per-encounter yields,dimensionless per encounter unless field name gives s^-1 or s,True,"Illustrative one-factor-at-a-time grid; bounds are not measured ranges or probability priors. Results are populations and per-encounter yields, not concentrations or biological fluxes. No encounter yield is converted to molarity, and no continuous biological ROS source is modeled.",4e863b04abf00d77462be6bdf33a6b2ad343ab81,485e6c100ae04a17802c8cfb09694c7b6fe9783be2b477e00a0a465bb075e0f8,configs/doxorubicin_parameters.json,0b7d200aedee3aed703b810ad54927a2126d9ee0952f6ef87cf5ebb57992d345,configs/parameter_provenance.csv,86c4261fcb9616a643db79340fe0b7398ba10a5c46464e67e8b697bcfc3a4ec9
selectivity_pD=0.25_manifold_mixture,mixture,manifold mixture pD=0.25,0.25,0.24999999999999994,1000000.0,8.0,8e-06,0.0,0.0,0.1,100000.0,0.1,100000.0,1.0,1000000.0,1.0,1000000.0,0.25118864315095807,251188.64315095806,1.8166604436504062e-06,2.2431411254048356e-05,2.4248071697698765e-05,0.13539878481304152,0.14638981837823273,0.28178860319127425,0.7181871487370273,2.4248071697698765e-05,0.9999999999999991,8.881784197001252e-16,constant-generator matrix exponential Pade(13),2,dimensionless populations/per-encounter yields,dimensionless per encounter unless field name gives s^-1 or s,True,"Illustrative one-factor-at-a-time grid; bounds are not measured ranges or probability priors. Results are populations and per-encounter yields, not concentrations or biological fluxes. No encounter yield is converted to molarity, and no continuous biological ROS source is modeled.",4e863b04abf00d77462be6bdf33a6b2ad343ab81,485e6c100ae04a17802c8cfb09694c7b6fe9783be2b477e00a0a465bb075e0f8,configs/doxorubicin_parameters.json,0b7d200aedee3aed703b810ad54927a2126d9ee0952f6ef87cf5ebb57992d345,configs/parameter_provenance.csv,86c4261fcb9616a643db79340fe0b7398ba10a5c46464e67e8b697bcfc3a4ec9
selectivity_pD=0.25_manifold_mixture,mixture,manifold mixture pD=0.25,0.25,0.24999999999999994,1000000.0,8.0,8e-06,0.0,0.0,0.1,100000.0,0.1,100000.0,1.0,1000000.0,1.0,1000000.0,0.3981071705534973,398107.17055349733,6.991652485045512e-07,7.085256969332635e-06,7.784422217837185e-06,0.13356772889541807,0.20867894565483647,0.34224667455025454,0.6577455410275268,7.784422217837185e-06,0.9999999999999992,7.771561172376096e-16,constant-generator matrix exponential Pade(13),2,dimensionless populations/per-encounter yields,dimensionless per encounter unless field name gives s^-1 or s,True,"Illustrative one-factor-at-a-time grid; bounds are not measured ranges or probability priors. Results are populations and per-encounter yields, not concentrations or biological fluxes. No encounter yield is converted to molarity, and no continuous biological ROS source is modeled.",4e863b04abf00d77462be6bdf33a6b2ad343ab81,485e6c100ae04a17802c8cfb09694c7b6fe9783be2b477e00a0a465bb075e0f8,configs/doxorubicin_parameters.json,0b7d200aedee3aed703b810ad54927a2126d9ee0952f6ef87cf5ebb57992d345,configs/parameter_provenance.csv,86c4261fcb9616a643db79340fe0b7398ba10a5c46464e67e8b697bcfc3a4ec9
selectivity_pD=0.25_manifold_mixture,mixture,manifold mixture pD=0.25,0.25,0.24999999999999994,1000000.0,8.0,8e-06,0.0,0.0,0.1,100000.0,0.1,100000.0,1.0,1000000.0,1.0,1000000.0,0.6309573444801934,630957.3444801933,1.7531264807936788e-07,1.16541916334166e-06,1.3407318114210277e-06,0.13131575980035654,0.28526019636634076,0.4165759561666973,0.5834227031014905,1.3407318114210277e-06,0.9999999999999992,7.771561172376096e-16,constant-generator matrix exponential Pade(13),2,dimensionless populations/per-encounter yields,dimensionless per encounter unless field name gives s^-1 or s,True,"Illustrative one-factor-at-a-time grid; bounds are not measured ranges or probability priors. Results are populations and per-encounter yields, not concentrations or biological fluxes. No encounter yield is converted to molarity, and no continuous biological ROS source is modeled.",4e863b04abf00d77462be6bdf33a6b2ad343ab81,485e6c100ae04a17802c8cfb09694c7b6fe9783be2b477e00a0a465bb075e0f8,configs/doxorubicin_parameters.json,0b7d200aedee3aed703b810ad54927a2126d9ee0952f6ef87cf5ebb57992d345,configs/parameter_provenance.csv,86c4261fcb9616a643db79340fe0b7398ba10a5c46464e67e8b697bcfc3a4ec9
selectivity_pD=0.25_manifold_mixture,mixture,manifold mixture pD=0.25,0.25,0.24999999999999994,1000000.0,8.0,8e-06,0.0,0.0,0.1,100000.0,0.1,100000.0,1.0,1000000.0,1.0,1000000.0,1.0,1000000.0,3.561835324577498e-08,7.691682147348459e-08,1.1253517471925958e-07,0.1287878608926397,0.3712120828397726,0.4999999437324123,0.4999999437324123,1.1253517471925958e-07,0.9999999999999993,6.661338147750939e-16,constant-generator matrix exponential Pade(13),2,dimensionless populations/per-encounter yields,dimensionless per encounter unless field name gives s^-1 or s,True,"Illustrative one-factor-at-a-time grid; bounds are not measured ranges or probability priors. Results are populations and per-encounter yields, not concentrations or biological fluxes. No encounter yield is converted to molarity, and no continuous biological ROS source is modeled.",4e863b04abf00d77462be6bdf33a6b2ad343ab81,485e6c100ae04a17802c8cfb09694c7b6fe9783be2b477e00a0a465bb075e0f8,configs/doxorubicin_parameters.json,0b7d200aedee3aed703b810ad54927a2126d9ee0952f6ef87cf5ebb57992d345,configs/parameter_provenance.csv,86c4261fcb9616a643db79340fe0b7398ba10a5c46464e67e8b697bcfc3a4ec9
selectivity_pD=0.25_manifold_mixture,mixture,manifold mixture pD=0.25,0.25,0.24999999999999994,1000000.0,8.0,8e-06,0.0,0.0,0.1,100000.0,0.1,100000.0,1.0,1000000.0,1.0,1000000.0,1.584893192461114,1584893.1924611141,1.469210015319788e-08,4.031766802278935e-09,1.8723866955476815e-08,0.12622497993726567,0.45835044302759104,0.5845754229648568,0.41542455831127456,1.8723866955476815e-08,0.9999999999999982,1.7763568394002505e-15,constant-generator matrix exponential Pade(13),2,dimensionless populations/per-encounter yields,dimensionless per encounter unless field name gives s^-1 or s,True,"Illustrative one-factor-at-a-time grid; bounds are not measured ranges or probability priors. Results are populations and per-encounter yields, not concentrations or biological fluxes. No encounter yield is converted to molarity, and no continuous biological ROS source is modeled.",4e863b04abf00d77462be6bdf33a6b2ad343ab81,485e6c100ae04a17802c8cfb09694c7b6fe9783be2b477e00a0a465bb075e0f8,configs/doxorubicin_parameters.json,0b7d200aedee3aed703b810ad54927a2126d9ee0952f6ef87cf5ebb57992d345,configs/parameter_provenance.csv,86c4261fcb9616a643db79340fe0b7398ba10a5c46464e67e8b697bcfc3a4ec9
selectivity_pD=0.25_manifold_mixture,mixture,manifold mixture pD=0.25,0.25,0.24999999999999994,1000000.0,8.0,8e-06,0.0,0.0,0.1,100000.0,0.1,100000.0,1.0,1000000.0,1.0,1000000.0,2.5118864315095824,2511886.4315095823,1.1521200951418914e-08,1.0586947880251272e-09,1.2579895739444042e-08,0.12388116962670825,0.5380400472940017,0.6619212169207099,0.33807877049939283,1.2579895739444042e-08,0.9999999999999986,1.4432899320127035e-15,constant-generator matrix exponential Pade(13),2,dimensionless populations/per-encounter yields,dimensionless per encounter unless field name gives s^-1 or s,True,"Illustrative one-factor-at-a-time grid; bounds are not measured ranges or probability priors. Results are populations and per-encounter yields, not concentrations or biological fluxes. No encounter yield is converted to molarity, and no continuous biological ROS source is modeled.",4e863b04abf00d77462be6bdf33a6b2ad343ab81,485e6c100ae04a17802c8cfb09694c7b6fe9783be2b477e00a0a465bb075e0f8,configs/doxorubicin_parameters.json,0b7d200aedee3aed703b810ad54927a2126d9ee0952f6ef87cf5ebb57992d345,configs/parameter_provenance.csv,86c4261fcb9616a643db79340fe0b7398ba10a5c46464e67e8b697bcfc3a4ec9
selectivity_pD=0.25_manifold_mixture,mixture,manifold mixture pD=0.25,0.25,0.24999999999999994,1000000.0,8.0,8e-06,0.0,0.0,0.1,100000.0,0.1,100000.0,1.0,1000000.0,1.0,1000000.0,3.981071705534973,3981071.705534973,1.059032429298149e-08,4.839988194179918e-10,1.1074323112399481e-08,0.12193131203910733,0.6043352207411551,0.7262665327802624,0.2737334561454128,1.1074323112399481e-08,0.9999999999999983,1.6653345369377348e-15,constant-generator matrix exponential Pade(13),2,dimensionless populations/per-encounter yields,dimensionless per encounter unless field name gives s^-1 or s,True,"Illustrative one-factor-at-a-time grid; bounds are not measured ranges or probability priors. Results are populations and per-encounter yields, not concentrations or biological fluxes. No encounter yield is converted to molarity, and no continuous biological ROS source is modeled.",4e863b04abf00d77462be6bdf33a6b2ad343ab81,485e6c100ae04a17802c8cfb09694c7b6fe9783be2b477e00a0a465bb075e0f8,configs/doxorubicin_parameters.json,0b7d200aedee3aed703b810ad54927a2126d9ee0952f6ef87cf5ebb57992d345,configs/parameter_provenance.csv,86c4261fcb9616a643db79340fe0b7398ba10a5c46464e67e8b697bcfc3a4ec9
selectivity_pD=0.25_manifold_mixture,mixture,manifold mixture pD=0.25,0.25,0.24999999999999994,1000000.0,8.0,8e-06,0.0,0.0,0.1,100000.0,0.1,100000.0,1.0,1000000.0,1.0,1000000.0,6.309573444801936,6309573.444801936,1.0185507919678903e-08,2.589458294784613e-10,1.0444453749157367e-08,0.12043295681801838,0.6552793049602854,0.7757122617783038,0.224287727777239,1.0444453749157367e-08,0.9999999999999964,3.552713678800501e-15,constant-generator matrix exponential Pade(13),2,dimensionless populations/per-encounter yields,dimensionless per encounter unless field name gives s^-1 or s,True,"Illustrative one-factor-at-a-time grid; bounds are not measured ranges or probability priors. Results are populations and per-encounter yields, not concentrations or biological fluxes. No encounter yield is converted to molarity, and no continuous biological ROS source is modeled.",4e863b04abf00d77462be6bdf33a6b2ad343ab81,485e6c100ae04a17802c8cfb09694c7b6fe9783be2b477e00a0a465bb075e0f8,configs/doxorubicin_parameters.json,0b7d200aedee3aed703b810ad54927a2126d9ee0952f6ef87cf5ebb57992d345,configs/parameter_provenance.csv,86c4261fcb9616a643db79340fe0b7398ba10a5c46464e67e8b697bcfc3a4ec9
selectivity_pD=0.25_manifold_mixture,mixture,manifold mixture pD=0.25,0.25,0.24999999999999994,1000000.0,8.0,8e-06,0.0,0.0,0.1,100000.0,0.1,100000.0,1.0,1000000.0,1.0,1000000.0,10.0,10000000.0,9.97708992097342e-09,1.4889520726040623e-10,1.0125985128233826e-08,0.1193502778069319,0.6920903947819489,0.8114406725888808,0.18855931728512682,1.0125985128233826e-08,0.9999999999999927,7.327471962526033e-15,constant-generator matrix exponential Pade(13),2,dimensionless populations/per-encounter yields,dimensionless per encounter unless field name gives s^-1 or s,True,"Illustrative one-factor-at-a-time grid; bounds are not measured ranges or probability priors. Results are populations and per-encounter yields, not concentrations or biological fluxes. No encounter yield is converted to molarity, and no continuous biological ROS source is modeled.",4e863b04abf00d77462be6bdf33a6b2ad343ab81,485e6c100ae04a17802c8cfb09694c7b6fe9783be2b477e00a0a465bb075e0f8,configs/doxorubicin_parameters.json,0b7d200aedee3aed703b810ad54927a2126d9ee0952f6ef87cf5ebb57992d345,configs/parameter_provenance.csv,86c4261fcb9616a643db79340fe0b7398ba10a5c46464e67e8b697bcfc3a4ec9
selectivity_pD=0.25_manifold_mixture,mixture,manifold mixture pD=0.25,0.25,0.24999999999999994,1000000.0,8.0,8e-06,0.0,0.0,0.1,100000.0,0.1,100000.0,10.0,10000000.0,1.0,1000000.0,0.0,0.0,5.441477163143017e-37,8.767459627037247e-36,9.311607343351548e-36,0.022903033908387695,0.0,0.022903033908387695,0.9770969660916052,9.311607343351548e-36,0.9999999999999929,7.105427357601002e-15,constant-generator matrix exponential Pade(13),2,dimensionless populations/per-encounter yields,dimensionless per encounter unless field name gives s^-1 or s,True,"Illustrative one-factor-at-a-time grid; bounds are not measured ranges or probability priors. Results are populations and per-encounter yields, not concentrations or biological fluxes. No encounter yield is converted to molarity, and no continuous biological ROS source is modeled.",4e863b04abf00d77462be6bdf33a6b2ad343ab81,485e6c100ae04a17802c8cfb09694c7b6fe9783be2b477e00a0a465bb075e0f8,configs/doxorubicin_parameters.json,0b7d200aedee3aed703b810ad54927a2126d9ee0952f6ef87cf5ebb57992d345,configs/parameter_provenance.csv,86c4261fcb9616a643db79340fe0b7398ba10a5c46464e67e8b697bcfc3a4ec9
selectivity_pD=0.25_manifold_mixture,mixture,manifold mixture pD=0.25,0.25,0.24999999999999994,1000000.0,8.0,8e-06,0.0,0.0,0.1,100000.0,0.1,100000.0,10.0,10000000.0,1.0,1000000.0,0.01,10000.0,5.074449831992513e-37,8.100209523657704e-36,8.607654506856955e-36,0.022902589337184184,0.0007473241930978689,0.023649913530282052,0.9763500864697108,8.607654506856955e-36,0.9999999999999928,7.216449660063518e-15,constant-generator matrix exponential Pade(13),2,dimensionless populations/per-encounter yields,dimensionless per encounter unless field name gives s^-1 or s,True,"Illustrative one-factor-at-a-time grid; bounds are not measured ranges or probability priors. Results are populations and per-encounter yields, not concentrations or biological fluxes. No encounter yield is converted to molarity, and no continuous biological ROS source is modeled.",4e863b04abf00d77462be6bdf33a6b2ad343ab81,485e6c100ae04a17802c8cfb09694c7b6fe9783be2b477e00a0a465bb075e0f8,configs/doxorubicin_parameters.json,0b7d200aedee3aed703b810ad54927a2126d9ee0952f6ef87cf5ebb57992d345,configs/parameter_provenance.csv,86c4261fcb9616a643db79340fe0b7398ba10a5c46464e67e8b697bcfc3a4ec9
selectivity_pD=0.25_manifold_mixture,mixture,manifold mixture pD=0.25,0.25,0.24999999999999994,1000000.0,8.0,8e-06,0.0,0.0,0.1,100000.0,0.1,100000.0,10.0,10000000.0,1.0,1000000.0,0.015848931924611134,15848.931924611134,4.871594096760951e-37,7.733781979358634e-36,8.22094138903473e-36,0.02290232971928781,0.001183741876919152,0.02408607159620696,0.975913928403786,8.22094138903473e-36,0.9999999999999929,7.105427357601002e-15,constant-generator matrix exponential Pade(13),2,dimensionless populations/per-encounter yields,dimensionless per encounter unless field name gives s^-1 or s,True,"Illustrative one-factor-at-a-time grid; bounds are not measured ranges or probability priors. Results are populations and per-encounter yields, not concentrations or biological fluxes. No encounter yield is converted to molarity, and no continuous biological ROS source is modeled.",4e863b04abf00d77462be6bdf33a6b2ad343ab81,485e6c100ae04a17802c8cfb09694c7b6fe9783be2b477e00a0a465bb075e0f8,configs/doxorubicin_parameters.json,0b7d200aedee3aed703b810ad54927a2126d9ee0952f6ef87cf5ebb57992d345,configs/parameter_provenance.csv,86c4261fcb9616a643db79340fe0b7398ba10a5c46464e67e8b697bcfc3a4ec9
selectivity_pD=0.25_manifold_mixture,mixture,manifold mixture pD=0.25,0.25,0.24999999999999994,1000000.0,8.0,8e-06,0.0,0.0,0.1,100000.0,0.1,100000.0,10.0,10000000.0,1.0,1000000.0,0.025118864315095794,25118.864315095794,4.5669050085162905e-37,7.186759505014775e-36,7.643450005866404e-36,0.02290191886913282,0.0018743809874477249,0.024776299856580548,0.9752237001434123,7.643450005866404e-36,0.9999999999999929,7.105427357601002e-15,constant-generator matrix exponential Pade(13),2,dimensionless populations/per-encounter yields,dimensionless per encounter unless field name gives s^-1 or s,True,"Illustrative one-factor-at-a-time grid; bounds are not measured ranges or probability priors. Results are populations and per-encounter yields, not concentrations or biological fluxes. No encounter yield is converted to molarity, and no continuous biological ROS source is modeled.",4e863b04abf00d77462be6bdf33a6b2ad343ab81,485e6c100ae04a17802c8cfb09694c7b6fe9783be2b477e00a0a465bb075e0f8,configs/doxorubicin_parameters.json,0b7d200aedee3aed703b810ad54927a2126d9ee0952f6ef87cf5ebb57992d345,configs/parameter_provenance.csv,86c4261fcb9616a643db79340fe0b7398ba10a5c46464e67e8b697bcfc3a4ec9
selectivity_pD=0.25_manifold_mixture,mixture,manifold mixture pD=0.25,0.25,0.24999999999999994,1000000.0,8.0,8e-06,0.0,0.0,0.1,100000.0,0.1,100000.0,10.0,10000000.0,1.0,1000000.0,0.039810717055349734,39810.717055349734,4.12333561729879e-37,6.398108827056508e-36,6.810442388786387e-36,0.022901269259482923,0.0029663748089476137,0.025867644068430538,0.9741323559315626,6.810442388786387e-36,0.9999999999999931,6.8833827526759706e-15,constant-generator matrix exponential Pade(13),2,dimensionless populations/per-encounter yields,dimensionless per encounter unless field name gives s^-1 or s,True,"Illustrative one-factor-at-a-time grid; bounds are not measured ranges or probability priors. Results are populations and per-encounter yields, not concentrations or biological fluxes. No encounter yield is converted to molarity, and no continuous biological ROS source is modeled.",4e863b04abf00d77462be6bdf33a6b2ad343ab81,485e6c100ae04a17802c8cfb09694c7b6fe9783be2b477e00a0a465bb075e0f8,configs/doxorubicin_parameters.json,0b7d200aedee3aed703b810ad54927a2126d9ee0952f6ef87cf5ebb57992d345,configs/parameter_provenance.csv,86c4261fcb9616a643db79340fe0b7398ba10a5c46464e67e8b697bcfc3a4ec9
selectivity_pD=0.25_manifold_mixture,mixture,manifold mixture pD=0.25,0.25,0.24999999999999994,1000000.0,8.0,8e-06,0.0,0.0,0.1,100000.0,0.1,100000.0,10.0,10000000.0,1.0,1000000.0,0.06309573444801933,63095.73444801933,3.5085971180087885e-37,5.321982578770212e-36,5.672842290571091e-36,0.022900243557742596,0.004690579434416041,0.027590822992158637,0.9724091770078342,5.672842290571091e-36,0.9999999999999929,7.105427357601002e-15,constant-generator matrix exponential Pade(13),2,dimensionless populations/per-encounter yields,dimensionless per encounter unless field name gives s^-1 or s,True,"Illustrative one-factor-at-a-time grid; bounds are not measured ranges or probability priors. Results are populations and per-encounter yields, not concentrations or biological fluxes. No encounter yield is converted to molarity, and no continuous biological ROS source is modeled.",4e863b04abf00d77462be6bdf33a6b2ad343ab81,485e6c100ae04a17802c8cfb09694c7b6fe9783be2b477e00a0a465bb075e0f8,configs/doxorubicin_parameters.json,0b7d200aedee3aed703b810ad54927a2126d9ee0952f6ef87cf5ebb57992d345,configs/parameter_provenance.csv,86c4261fcb9616a643db79340fe0b7398ba10a5c46464e67e8b697bcfc3a4ec9
selectivity_pD=0.25_manifold_mixture,mixture,manifold mixture pD=0.25,0.25,0.24999999999999994,1000000.0,8.0,8e-06,0.0,0.0,0.1,100000.0,0.1,100000.0,10.0,10000000.0,1.0,1000000.0,0.1,100000.0,2.720003970958139e-37,3.975536997705544e-36,4.2475373948013576e-36,0.022898627554927102,0.007407080167285096,0.030305707722212197,0.9696942922777807,4.2475373948013576e-36,0.9999999999999929,7.105427357601002e-15,constant-generator matrix exponential Pade(13),2,dimensionless populations/per-encounter yields,dimensionless per encounter unless field name gives s^-1 or s,True,"Illustrative one-factor-at-a-time grid; bounds are not measured ranges or probability priors. Results are populations and per-encounter yields, not concentrations or biological fluxes. No encounter yield is converted to molarity, and no continuous biological ROS source is modeled.",4e863b04abf00d77462be6bdf33a6b2ad343ab81,485e6c100ae04a17802c8cfb09694c7b6fe9783be2b477e00a0a465bb075e0f8,configs/doxorubicin_parameters.json,0b7d200aedee3aed703b810ad54927a2126d9ee0952f6ef87cf5ebb57992d345,configs/parameter_provenance.csv,86c4261fcb9616a643db79340fe0b7398ba10a5c46464e67e8b697bcfc3a4ec9
selectivity_pD=0.25_manifold_mixture,mixture,manifold mixture pD=0.25,0.25,0.24999999999999994,1000000.0,8.0,8e-06,0.0,0.0,0.1,100000.0,0.1,100000.0,10.0,10000000.0,1.0,1000000.0,0.15848931924611143,158489.31924611144,1.8233767747809055e-37,2.5052203903870965e-36,2.6875580678651866e-36,0.02289609025906817,0.011672274506144812,0.03456836476521298,0.9654316352347803,2.6875580678651866e-36,0.9999999999999932,6.772360450213455e-15,constant-generator matrix exponential Pade(13),2,dimensionless populations/per-encounter yields,dimensionless per encounter unless field name gives s^-1 or s,True,"Illustrative one-factor-at-a-time grid; bounds are not measured ranges or probability priors. Results are populations and per-encounter yields, not concentrations or biological fluxes. No encounter yield is converted to molarity, and no continuous biological ROS source is modeled.",4e863b04abf00d77462be6bdf33a6b2ad343ab81,485e6c100ae04a17802c8cfb09694c7b6fe9783be2b477e00a0a465bb075e0f8,configs/doxorubicin_parameters.json,0b7d200aedee3aed703b810ad54927a2126d9ee0952f6ef87cf5ebb57992d345,configs/parameter_provenance.csv,86c4261fcb9616a643db79340fe0b7398ba10a5c46464e67e8b697bcfc3a4ec9
selectivity_pD=0.25_manifold_mixture,mixture,manifold mixture pD=0.25,0.25,0.24999999999999994,1000000.0,8.0,8e-06,0.0,0.0,0.1,100000.0,0.1,100000.0,10.0,10000000.0,1.0,1000000.0,0.25118864315095807,251188.64315095806,9.773971376385682e-38,1.2068516837877355e-36,1.3045913975515924e-36,0.022892127845864467,0.018333091101554337,0.041225218947418804,0.958774781052574,1.3045913975515924e-36,0.9999999999999928,7.216449660063518e-15,constant-generator matrix exponential Pade(13),2,dimensionless populations/per-encounter yields,dimensionless per encounter unless field name gives s^-1 or s,True,"Illustrative one-factor-at-a-time grid; bounds are not measured ranges or probability priors. Results are populations and per-encounter yields, not concentrations or biological fluxes. No encounter yield is converted to molarity, and no continuous biological ROS source is modeled.",4e863b04abf00d77462be6bdf33a6b2ad343ab81,485e6c100ae04a17802c8cfb09694c7b6fe9783be2b477e00a0a465bb075e0f8,configs/doxorubicin_parameters.json,0b7d200aedee3aed703b810ad54927a2126d9ee0952f6ef87cf5ebb57992d345,configs/parameter_provenance.csv,86c4261fcb9616a643db79340fe0b7398ba10a5c46464e67e8b697bcfc3a4ec9
selectivity_pD=0.25_manifold_mixture,mixture,manifold mixture pD=0.25,0.25,0.24999999999999994,1000000.0,8.0,8e-06,0.0,0.0,0.1,100000.0,0.1,100000.0,10.0,10000000.0,1.0,1000000.0,0.3981071705534973,398107.17055349733,3.7616391935719743e-38,3.812000148659705e-37,4.188164068016903e-37,0.022885991651878643,0.028648033191736557,0.0515340248436152,0.9484659751563779,4.188164068016903e-37,0.9999999999999931,6.8833827526759706e-15,constant-generator matrix exponential Pade(13),2,dimensionless populations/per-encounter yields,dimensionless per encounter unless field name gives s^-1 or s,True,"Illustrative one-factor-at-a-time grid; bounds are not measured ranges or probability priors. Results are populations and per-encounter yields, not concentrations or biological fluxes. No encounter yield is converted to molarity, and no continuous biological ROS source is modeled.",4e863b04abf00d77462be6bdf33a6b2ad343ab81,485e6c100ae04a17802c8cfb09694c7b6fe9783be2b477e00a0a465bb075e0f8,configs/doxorubicin_parameters.json,0b7d200aedee3aed703b810ad54927a2126d9ee0952f6ef87cf5ebb57992d345,configs/parameter_provenance.csv,86c4261fcb9616a643db79340fe0b7398ba10a5c46464e67e8b697bcfc3a4ec9
selectivity_pD=0.25_manifold_mixture,mixture,manifold mixture pD=0.25,0.25,0.24999999999999994,1000000.0,8.0,8e-06,0.0,0.0,0.1,100000.0,0.1,100000.0,10.0,10000000.0,1.0,1000000.0,0.6309573444801934,630957.3444801933,9.432146828732631e-39,6.270172053234197e-38,7.21338673610746e-38,0.022876611713372387,0.04441570982073799,0.06729232153411038,0.9327076784658827,7.21338673610746e-38,0.999999999999993,6.994405055138486e-15,constant-generator matrix exponential Pade(13),2,dimensionless populations/per-encounter yields,dimensionless per encounter unless field name gives s^-1 or s,True,"Illustrative one-factor-at-a-time grid; bounds are not measured ranges or probability priors. Results are populations and per-encounter yields, not concentrations or biological fluxes. No encounter yield is converted to molarity, and no continuous biological ROS source is modeled.",4e863b04abf00d77462be6bdf33a6b2ad343ab81,485e6c100ae04a17802c8cfb09694c7b6fe9783be2b477e00a0a465bb075e0f8,configs/doxorubicin_parameters.json,0b7d200aedee3aed703b810ad54927a2126d9ee0952f6ef87cf5ebb57992d345,configs/parameter_provenance.csv,86c4261fcb9616a643db79340fe0b7398ba10a5c46464e67e8b697bcfc3a4ec9
selectivity_pD=0.25_manifold_mixture,mixture,manifold mixture pD=0.25,0.25,0.24999999999999994,1000000.0,8.0,8e-06,0.0,0.0,0.1,100000.0,0.1,100000.0,10.0,10000000.0,1.0,1000000.0,1.0,1000000.0,1.9163337117566042e-39,4.138268183644543e-39,6.054601895401147e-39,0.022862554112553952,0.0680465367965363,0.09090909090909025,0.9090909090909027,6.054601895401147e-39,0.999999999999993,6.994405055138486e-15,constant-generator matrix exponential Pade(13),2,dimensionless populations/per-encounter yields,dimensionless per encounter unless field name gives s^-1 or s,True,"Illustrative one-factor-at-a-time grid; bounds are not measured ranges or probability priors. Results are populations and per-encounter yields, not concentrations or biological fluxes. No encounter yield is converted to molarity, and no continuous biological ROS source is modeled.",4e863b04abf00d77462be6bdf33a6b2ad343ab81,485e6c100ae04a17802c8cfb09694c7b6fe9783be2b477e00a0a465bb075e0f8,configs/doxorubicin_parameters.json,0b7d200aedee3aed703b810ad54927a2126d9ee0952f6ef87cf5ebb57992d345,configs/parameter_provenance.csv,86c4261fcb9616a643db79340fe0b7398ba10a5c46464e67e8b697bcfc3a4ec9
selectivity_pD=0.25_manifold_mixture,mixture,manifold mixture pD=0.25,0.25,0.24999999999999994,1000000.0,8.0,8e-06,0.0,0.0,0.1,100000.0,0.1,100000.0,10.0,10000000.0,1.0,1000000.0,1.584893192461114,1584893.1924611141,7.904623390587985e-40,2.1691655950053715e-40,1.0073788985593355e-39,0.022842098531897084,0.10243236788072438,0.12527446641262147,0.8747255335873714,1.0073788985593355e-39,0.9999999999999929,7.105427357601002e-15,constant-generator matrix exponential Pade(13),2,dimensionless populations/per-encounter yields,dimensionless per encounter unless field name gives s^-1 or s,True,"Illustrative one-factor-at-a-time grid; bounds are not measured ranges or probability priors. Results are populations and per-encounter yields, not concentrations or biological fluxes. No encounter yield is converted to molarity, and no continuous biological ROS source is modeled.",4e863b04abf00d77462be6bdf33a6b2ad343ab81,485e6c100ae04a17802c8cfb09694c7b6fe9783be2b477e00a0a465bb075e0f8,configs/doxorubicin_parameters.json,0b7d200aedee3aed703b810ad54927a2126d9ee0952f6ef87cf5ebb57992d345,configs/parameter_provenance.csv,86c4261fcb9616a643db79340fe0b7398ba10a5c46464e67e8b697bcfc3a4ec9
selectivity_pD=0.25_manifold_mixture,mixture,manifold mixture pD=0.25,0.25,0.24999999999999994,1000000.0,8.0,8e-06,0.0,0.0,0.1,100000.0,0.1,100000.0,10.0,10000000.0,1.0,1000000.0,2.5118864315095824,2511886.4315095823,6.198620590564511e-40,5.69597504621919e-41,6.768218095186431e-40,0.022813575598531907,0.1503794188675896,0.17319299446612152,0.8268070055338713,6.768218095186431e-40,0.9999999999999929,7.105427357601002e-15,constant-generator matrix exponential Pade(13),2,dimensionless populations/per-encounter yields,dimensionless per encounter unless field name gives s^-1 or s,True,"Illustrative one-factor-at-a-time grid; bounds are not measured ranges or probability priors. Results are populations and per-encounter yields, not concentrations or biological fluxes. No encounter yield is converted to molarity, and no continuous biological ROS source is modeled.",4e863b04abf00d77462be6bdf33a6b2ad343ab81,485e6c100ae04a17802c8cfb09694c7b6fe9783be2b477e00a0a465bb075e0f8,configs/doxorubicin_parameters.json,0b7d200aedee3aed703b810ad54927a2126d9ee0952f6ef87cf5ebb57992d345,configs/parameter_provenance.csv,86c4261fcb9616a643db79340fe0b7398ba10a5c46464e67e8b697bcfc3a4ec9
selectivity_pD=0.25_manifold_mixture,mixture,manifold mixture pD=0.25,0.25,0.24999999999999994,1000000.0,8.0,8e-06,0.0,0.0,0.1,100000.0,0.1,100000.0,10.0,10000000.0,1.0,1000000.0,3.981071705534973,3981071.705534973,5.6977916191234385e-40,2.6040037496992453e-41,5.958191994093364e-40,0.022776081167189495,0.21340755795418836,0.23618363912137785,0.7638163608786153,5.958191994093364e-40,0.9999999999999931,6.8833827526759706e-15,constant-generator matrix exponential Pade(13),2,dimensionless populations/per-encounter yields,dimensionless per encounter unless field name gives s^-1 or s,True,"Illustrative one-factor-at-a-time grid; bounds are not measured ranges or probability priors. Results are populations and per-encounter yields, not concentrations or biological fluxes. No encounter yield is converted to molarity, and no continuous biological ROS source is modeled.",4e863b04abf00d77462be6bdf33a6b2ad343ab81,485e6c100ae04a17802c8cfb09694c7b6fe9783be2b477e00a0a465bb075e0f8,configs/doxorubicin_parameters.json,0b7d200aedee3aed703b810ad54927a2126d9ee0952f6ef87cf5ebb57992d345,configs/parameter_provenance.csv,86c4261fcb9616a643db79340fe0b7398ba10a5c46464e67e8b697bcfc3a4ec9
selectivity_pD=0.25_manifold_mixture,mixture,manifold mixture pD=0.25,0.25,0.24999999999999994,1000000.0,8.0,8e-06,0.0,0.0,0.1,100000.0,0.1,100000.0,10.0,10000000.0,1.0,1000000.0,6.309573444801936,6309573.444801936,5.47999287422417e-40,1.3931767679551925e-41,5.61931055101969e-40,0.022730437884846362,0.29013391557297985,0.3128643534578262,0.6871356465421666,5.61931055101969e-40,0.9999999999999929,7.105427357601002e-15,constant-generator matrix exponential Pade(13),2,dimensionless populations/per-encounter yields,dimensionless per encounter unless field name gives s^-1 or s,True,"Illustrative one-factor-at-a-time grid; bounds are not measured ranges or probability priors. Results are populations and per-encounter yields, not concentrations or biological fluxes. No encounter yield is converted to molarity, and no continuous biological ROS source is modeled.",4e863b04abf00d77462be6bdf33a6b2ad343ab81,485e6c100ae04a17802c8cfb09694c7b6fe9783be2b477e00a0a465bb075e0f8,configs/doxorubicin_parameters.json,0b7d200aedee3aed703b810ad54927a2126d9ee0952f6ef87cf5ebb57992d345,configs/parameter_provenance.csv,86c4261fcb9616a643db79340fe0b7398ba10a5c46464e67e8b697bcfc3a4ec9
selectivity_pD=0.25_manifold_mixture,mixture,manifold mixture pD=0.25,0.25,0.24999999999999994,1000000.0,8.0,8e-06,0.0,0.0,0.1,100000.0,0.1,100000.0,10.0,10000000.0,1.0,1000000.0,10.0,10000000.0,5.3678601110107585e-40,8.010839333959228e-42,5.447968504350351e-40,0.022679797075499688,0.3752611160847481,0.39794091316024777,0.6020590868397451,5.447968504350351e-40,0.9999999999999929,7.105427357601002e-15,constant-generator matrix exponential Pade(13),2,dimensionless populations/per-encounter yields,dimensionless per encounter unless field name gives s^-1 or s,True,"Illustrative one-factor-at-a-time grid; bounds are not measured ranges or probability priors. Results are populations and per-encounter yields, not concentrations or biological fluxes. No encounter yield is converted to molarity, and no continuous biological ROS source is modeled.",4e863b04abf00d77462be6bdf33a6b2ad343ab81,485e6c100ae04a17802c8cfb09694c7b6fe9783be2b477e00a0a465bb075e0f8,configs/doxorubicin_parameters.json,0b7d200aedee3aed703b810ad54927a2126d9ee0952f6ef87cf5ebb57992d345,configs/parameter_provenance.csv,86c4261fcb9616a643db79340fe0b7398ba10a5c46464e67e8b697bcfc3a4ec9
selectivity_pD=0.25_manifold_mixture,mixture,manifold mixture pD=0.25,0.25,0.24999999999999994,1000000.0,8.0,8e-06,1.0,1000000.0,0.1,100000.0,0.1,100000.0,0.1,100000.0,1.0,1000000.0,0.0,0.0,0.015469630535585494,0.1179900161572156,0.1334596466928011,0.5381411194210444,0.0,0.5381411194210444,0.32839923388615355,0.1334596466928011,0.999999999999999,9.992007221626409e-16,constant-generator matrix exponential Pade(13),2,dimensionless populations/per-encounter yields,dimensionless per encounter unless field name gives s^-1 or s,True,"Illustrative one-factor-at-a-time grid; bounds are not measured ranges or probability priors. Results are populations and per-encounter yields, not concentrations or biological fluxes. No encounter yield is converted to molarity, and no continuous biological ROS source is modeled.",4e863b04abf00d77462be6bdf33a6b2ad343ab81,485e6c100ae04a17802c8cfb09694c7b6fe9783be2b477e00a0a465bb075e0f8,configs/doxorubicin_parameters.json,0b7d200aedee3aed703b810ad54927a2126d9ee0952f6ef87cf5ebb57992d345,configs/parameter_provenance.csv,86c4261fcb9616a643db79340fe0b7398ba10a5c46464e67e8b697bcfc3a4ec9
selectivity_pD=0.25_manifold_mixture,mixture,manifold mixture pD=0.25,0.25,0.24999999999999994,1000000.0,8.0,8e-06,1.0,1000000.0,0.1,100000.0,0.1,100000.0,0.1,100000.0,1.0,1000000.0,0.01,10000.0,0.01445383536502688,0.10923948639055633,0.12369332175558322,0.5292669843640896,0.02673754504035622,0.5560045294044458,0.32030214883997116,0.12369332175558322,1.0,0.0,constant-generator matrix exponential Pade(13),2,dimensionless populations/per-encounter yields,dimensionless per encounter unless field name gives s^-1 or s,True,"Illustrative one-factor-at-a-time grid; bounds are not measured ranges or probability priors. Results are populations and per-encounter yields, not concentrations or biological fluxes. No encounter yield is converted to molarity, and no continuous biological ROS source is modeled.",4e863b04abf00d77462be6bdf33a6b2ad343ab81,485e6c100ae04a17802c8cfb09694c7b6fe9783be2b477e00a0a465bb075e0f8,configs/doxorubicin_parameters.json,0b7d200aedee3aed703b810ad54927a2126d9ee0952f6ef87cf5ebb57992d345,configs/parameter_provenance.csv,86c4261fcb9616a643db79340fe0b7398ba10a5c46464e67e8b697bcfc3a4ec9
selectivity_pD=0.25_manifold_mixture,mixture,manifold mixture pD=0.25,0.25,0.24999999999999994,1000000.0,8.0,8e-06,1.0,1000000.0,0.1,100000.0,0.1,100000.0,0.1,100000.0,1.0,1000000.0,0.015848931924611134,15848.931924611134,0.013891807201909336,0.10442858883303184,0.11832039603494117,0.5242276541046903,0.041730093657765345,0.5659577477624557,0.3157218562026028,0.11832039603494117,0.9999999999999997,3.3306690738754696e-16,constant-generator matrix exponential Pade(13),2,dimensionless populations/per-encounter yields,dimensionless per encounter unless field name gives s^-1 or s,True,"Illustrative one-factor-at-a-time grid; bounds are not measured ranges or probability priors. Results are populations and per-encounter yields, not concentrations or biological fluxes. No encounter yield is converted to molarity, and no continuous biological ROS source is modeled.",4e863b04abf00d77462be6bdf33a6b2ad343ab81,485e6c100ae04a17802c8cfb09694c7b6fe9783be2b477e00a0a465bb075e0f8,configs/doxorubicin_parameters.json,0b7d200aedee3aed703b810ad54927a2126d9ee0952f6ef87cf5ebb57992d345,configs/parameter_provenance.csv,86c4261fcb9616a643db79340fe0b7398ba10a5c46464e67e8b697bcfc3a4ec9
selectivity_pD=0.25_manifold_mixture,mixture,manifold mixture pD=0.25,0.25,0.24999999999999994,1000000.0,8.0,8e-06,1.0,1000000.0,0.1,100000.0,0.1,100000.0,0.1,100000.0,1.0,1000000.0,0.025118864315095794,25118.864315095794,0.013046771723261512,0.09723874536951602,0.11028551709277754,0.5164605998908826,0.06456598941747405,0.5810265893083566,0.3086878935988647,0.11028551709277754,0.9999999999999989,1.1102230246251565e-15,constant-generator matrix exponential Pade(13),2,dimensionless populations/per-encounter yields,dimensionless per encounter unless field name gives s^-1 or s,True,"Illustrative one-factor-at-a-time grid; bounds are not measured ranges or probability priors. Results are populations and per-encounter yields, not concentrations or biological fluxes. No encounter yield is converted to molarity, and no continuous biological ROS source is modeled.",4e863b04abf00d77462be6bdf33a6b2ad343ab81,485e6c100ae04a17802c8cfb09694c7b6fe9783be2b477e00a0a465bb075e0f8,configs/doxorubicin_parameters.json,0b7d200aedee3aed703b810ad54927a2126d9ee0952f6ef87cf5ebb57992d345,configs/parameter_provenance.csv,86c4261fcb9616a643db79340fe0b7398ba10a5c46464e67e8b697bcfc3a4ec9
selectivity_pD=0.25_manifold_mixture,mixture,manifold mixture pD=0.25,0.25,0.24999999999999994,1000000.0,8.0,8e-06,1.0,1000000.0,0.1,100000.0,0.1,100000.0,0.1,100000.0,1.0,1000000.0,0.039810717055349734,39810.717055349734,0.011814505107971515,0.08685454210592683,0.09866904721389835,0.5046780522152008,0.09857525352850685,0.6032533057437076,0.2980776470423932,0.09866904721389835,0.9999999999999992,7.771561172376096e-16,constant-generator matrix exponential Pade(13),2,dimensionless populations/per-encounter yields,dimensionless per encounter unless field name gives s^-1 or s,True,"Illustrative one-factor-at-a-time grid; bounds are not measured ranges or probability priors. Results are populations and per-encounter yields, not concentrations or biological fluxes. No encounter yield is converted to molarity, and no continuous biological ROS source is modeled.",4e863b04abf00d77462be6bdf33a6b2ad343ab81,485e6c100ae04a17802c8cfb09694c7b6fe9783be2b477e00a0a465bb075e0f8,configs/doxorubicin_parameters.json,0b7d200aedee3aed703b810ad54927a2126d9ee0952f6ef87cf5ebb57992d345,configs/parameter_provenance.csv,86c4261fcb9616a643db79340fe0b7398ba10a5c46464e67e8b697bcfc3a4ec9
selectivity_pD=0.25_manifold_mixture,mixture,manifold mixture pD=0.25,0.25,0.24999999999999994,1000000.0,8.0,8e-06,1.0,1000000.0,0.1,100000.0,0.1,100000.0,0.1,100000.0,1.0,1000000.0,0.06309573444801933,63095.73444801933,0.010102031526800254,0.07264342571036964,0.08274545723716989,0.4872374517851498,0.14750835621031225,0.6347458079954621,0.2825087347673678,0.08274545723716989,0.9999999999999998,2.220446049250313e-16,constant-generator matrix exponential Pade(13),2,dimensionless populations/per-encounter yields,dimensionless per encounter unless field name gives s^-1 or s,True,"Illustrative one-factor-at-a-time grid; bounds are not measured ranges or probability priors. Results are populations and per-encounter yields, not concentrations or biological fluxes. No encounter yield is converted to molarity, and no continuous biological ROS source is modeled.",4e863b04abf00d77462be6bdf33a6b2ad343ab81,485e6c100ae04a17802c8cfb09694c7b6fe9783be2b477e00a0a465bb075e0f8,configs/doxorubicin_parameters.json,0b7d200aedee3aed703b810ad54927a2126d9ee0952f6ef87cf5ebb57992d345,configs/parameter_provenance.csv,86c4261fcb9616a643db79340fe0b7398ba10a5c46464e67e8b697bcfc3a4ec9
selectivity_pD=0.25_manifold_mixture,mixture,manifold mixture pD=0.25,0.25,0.24999999999999994,1000000.0,8.0,8e-06,1.0,1000000.0,0.1,100000.0,0.1,100000.0,0.1,100000.0,1.0,1000000.0,0.1,100000.0,0.00789515396238435,0.054774288350455905,0.06266944231284025,0.4623680950555278,0.21436282656303923,0.6767309216185671,0.26059963606859193,0.06266944231284025,0.9999999999999992,7.771561172376096e-16,constant-generator matrix exponential Pade(13),2,dimensionless populations/per-encounter yields,dimensionless per encounter unless field name gives s^-1 or s,True,"Illustrative one-factor-at-a-time grid; bounds are not measured ranges or probability priors. Results are populations and per-encounter yields, not concentrations or biological fluxes. No encounter yield is converted to molarity, and no continuous biological ROS source is modeled.",4e863b04abf00d77462be6bdf33a6b2ad343ab81,485e6c100ae04a17802c8cfb09694c7b6fe9783be2b477e00a0a465bb075e0f8,configs/doxorubicin_parameters.json,0b7d200aedee3aed703b810ad54927a2126d9ee0952f6ef87cf5ebb57992d345,configs/parameter_provenance.csv,86c4261fcb9616a643db79340fe0b7398ba10a5c46464e67e8b697bcfc3a4ec9
selectivity_pD=0.25_manifold_mixture,mixture,manifold mixture pD=0.25,0.25,0.24999999999999994,1000000.0,8.0,8e-06,1.0,1000000.0,0.1,100000.0,0.1,100000.0,0.1,100000.0,1.0,1000000.0,0.15848931924611143,158489.31924611144,0.00536606333488838,0.03509261747878417,0.04045868081367255,0.428818110848947,0.29911352305045513,0.7279316338994022,0.23160968528692474,0.04045868081367255,0.9999999999999994,5.551115123125783e-16,constant-generator matrix exponential Pade(13),2,dimensionless populations/per-encounter yields,dimensionless per encounter unless field name gives s^-1 or s,True,"Illustrative one-factor-at-a-time grid; bounds are not measured ranges or probability priors. Results are populations and per-encounter yields, not concentrations or biological fluxes. No encounter yield is converted to molarity, and no continuous biological ROS source is modeled.",4e863b04abf00d77462be6bdf33a6b2ad343ab81,485e6c100ae04a17802c8cfb09694c7b6fe9783be2b477e00a0a465bb075e0f8,configs/doxorubicin_parameters.json,0b7d200aedee3aed703b810ad54927a2126d9ee0952f6ef87cf5ebb57992d345,configs/parameter_provenance.csv,86c4261fcb9616a643db79340fe0b7398ba10a5c46464e67e8b697bcfc3a4ec9
selectivity_pD=0.25_manifold_mixture,mixture,manifold mixture pD=0.25,0.25,0.24999999999999994,1000000.0,8.0,8e-06,1.0,1000000.0,0.1,100000.0,0.1,100000.0,0.1,100000.0,1.0,1000000.0,0.25118864315095807,251188.64315095806,0.0029459004689231178,0.017438696854380726,0.020384597323303843,0.3869999435624848,0.39618956001682776,0.7831895035793126,0.19642589909738273,0.020384597323303843,0.9999999999999992,7.771561172376096e-16,constant-generator matrix exponential Pade(13),2,dimensionless populations/per-encounter yields,dimensionless per encounter unless field name gives s^-1 or s,True,"Illustrative one-factor-at-a-time grid; bounds are not measured ranges or probability priors. Results are populations and per-encounter yields, not concentrations or biological fluxes. No encounter yield is converted to molarity, and no continuous biological ROS source is modeled.",4e863b04abf00d77462be6bdf33a6b2ad343ab81,485e6c100ae04a17802c8cfb09694c7b6fe9783be2b477e00a0a465bb075e0f8,configs/doxorubicin_parameters.json,0b7d200aedee3aed703b810ad54927a2126d9ee0952f6ef87cf5ebb57992d345,configs/parameter_provenance.csv,86c4261fcb9616a643db79340fe0b7398ba10a5c46464e67e8b697bcfc3a4ec9
selectivity_pD=0.25_manifold_mixture,mixture,manifold mixture pD=0.25,0.25,0.24999999999999994,1000000.0,8.0,8e-06,1.0,1000000.0,0.1,100000.0,0.1,100000.0,0.1,100000.0,1.0,1000000.0,0.3981071705534973,398107.17055349733,0.0011796332707891717,0.005867709640147811,0.007047342910936983,0.34012533747667373,0.49458152393896043,0.8347068614156341,0.15824579567342786,0.007047342910936983,0.999999999999999,9.992007221626409e-16,constant-generator matrix exponential Pade(13),2,dimensionless populations/per-encounter yields,dimensionless per encounter unless field name gives s^-1 or s,True,"Illustrative one-factor-at-a-time grid; bounds are not measured ranges or probability priors. Results are populations and per-encounter yields, not concentrations or biological fluxes. No encounter yield is converted to molarity, and no continuous biological ROS source is modeled.",4e863b04abf00d77462be6bdf33a6b2ad343ab81,485e6c100ae04a17802c8cfb09694c7b6fe9783be2b477e00a0a465bb075e0f8,configs/doxorubicin_parameters.json,0b7d200aedee3aed703b810ad54927a2126d9ee0952f6ef87cf5ebb57992d345,configs/parameter_provenance.csv,86c4261fcb9616a643db79340fe0b7398ba10a5c46464e67e8b697bcfc3a4ec9
selectivity_pD=0.25_manifold_mixture,mixture,manifold mixture pD=0.25,0.25,0.24999999999999994,1000000.0,8.0,8e-06,1.0,1000000.0,0.1,100000.0,0.1,100000.0,0.1,100000.0,1.0,1000000.0,0.6309573444801934,630957.3444801933,0.0003071650723433826,0.0011124294481975163,0.001419594520540899,0.2940080995799809,0.5828033843081507,0.8768114838881316,0.12176892159132668,0.001419594520540899,0.9999999999999991,8.881784197001252e-16,constant-generator matrix exponential Pade(13),2,dimensionless populations/per-encounter yields,dimensionless per encounter unless field name gives s^-1 or s,True,"Illustrative one-factor-at-a-time grid; bounds are not measured ranges or probability priors. Results are populations and per-encounter yields, not concentrations or biological fluxes. No encounter yield is converted to molarity, and no continuous biological ROS source is modeled.",4e863b04abf00d77462be6bdf33a6b2ad343ab81,485e6c100ae04a17802c8cfb09694c7b6fe9783be2b477e00a0a465bb075e0f8,configs/doxorubicin_parameters.json,0b7d200aedee3aed703b810ad54927a2126d9ee0952f6ef87cf5ebb57992d345,configs/parameter_provenance.csv,86c4261fcb9616a643db79340fe0b7398ba10a5c46464e67e8b697bcfc3a4ec9
selectivity_pD=0.25_manifold_mixture,mixture,manifold mixture pD=0.25,0.25,0.24999999999999994,1000000.0,8.0,8e-06,1.0,1000000.0,0.1,100000.0,0.1,100000.0,0.1,100000.0,1.0,1000000.0,1.0,1000000.0,4.964500757640333e-05,0.00010108806751907314,0.00015073307509547648,0.2547686047871046,0.654185274235535,0.9089538790226396,0.09089538790226395,0.00015073307509547648,0.999999999999999,9.992007221626409e-16,constant-generator matrix exponential Pade(13),2,dimensionless populations/per-encounter yields,dimensionless per encounter unless field name gives s^-1 or s,True,"Illustrative one-factor-at-a-time grid; bounds are not measured ranges or probability priors. Results are populations and per-encounter yields, not concentrations or biological fluxes. No encounter yield is converted to molarity, and no continuous biological ROS source is modeled.",4e863b04abf00d77462be6bdf33a6b2ad343ab81,485e6c100ae04a17802c8cfb09694c7b6fe9783be2b477e00a0a465bb075e0f8,configs/doxorubicin_parameters.json,0b7d200aedee3aed703b810ad54927a2126d9ee0952f6ef87cf5ebb57992d345,configs/parameter_provenance.csv,86c4261fcb9616a643db79340fe0b7398ba10a5c46464e67e8b697bcfc3a4ec9
selectivity_pD=0.25_manifold_mixture,mixture,manifold mixture pD=0.25,0.25,0.24999999999999994,1000000.0,8.0,8e-06,1.0,1000000.0,0.1,100000.0,0.1,100000.0,0.1,100000.0,1.0,1000000.0,1.584893192461114,1584893.1924611141,5.985781505083242e-06,5.536923785550033e-06,1.1522705290633275e-05,0.22614727318377842,0.7066404769111447,0.9327877500949231,0.06720072719978515,1.1522705290633275e-05,0.9999999999999989,1.1102230246251565e-15,constant-generator matrix exponential Pade(13),2,dimensionless populations/per-encounter yields,dimensionless per encounter unless field name gives s^-1 or s,True,"Illustrative one-factor-at-a-time grid; bounds are not measured ranges or probability priors. Results are populations and per-encounter yields, not concentrations or biological fluxes. No encounter yield is converted to molarity, and no continuous biological ROS source is modeled.",4e863b04abf00d77462be6bdf33a6b2ad343ab81,485e6c100ae04a17802c8cfb09694c7b6fe9783be2b477e00a0a465bb075e0f8,configs/doxorubicin_parameters.json,0b7d200aedee3aed703b810ad54927a2126d9ee0952f6ef87cf5ebb57992d345,configs/parameter_provenance.csv,86c4261fcb9616a643db79340fe0b7398ba10a5c46464e67e8b697bcfc3a4ec9
selectivity_pD=0.25_manifold_mixture,mixture,manifold mixture pD=0.25,0.25,0.24999999999999994,1000000.0,8.0,8e-06,1.0,1000000.0,0.1,100000.0,0.1,100000.0,0.1,100000.0,1.0,1000000.0,2.5118864315095824,2511886.4315095823,1.3200950107216369e-06,6.389165417501728e-07,1.95901155247181e-06,0.20859215705801817,0.7410451302201855,0.9496372872782036,0.05036075371024237,1.95901155247181e-06,0.9999999999999984,1.5543122344752192e-15,constant-generator matrix exponential Pade(13),2,dimensionless populations/per-encounter yields,dimensionless per encounter unless field name gives s^-1 or s,True,"Illustrative one-factor-at-a-time grid; bounds are not measured ranges or probability priors. Results are populations and per-encounter yields, not concentrations or biological fluxes. No encounter yield is converted to molarity, and no continuous biological ROS source is modeled.",4e863b04abf00d77462be6bdf33a6b2ad343ab81,485e6c100ae04a17802c8cfb09694c7b6fe9783be2b477e00a0a465bb075e0f8,configs/doxorubicin_parameters.json,0b7d200aedee3aed703b810ad54927a2126d9ee0952f6ef87cf5ebb57992d345,configs/parameter_provenance.csv,86c4261fcb9616a643db79340fe0b7398ba10a5c46464e67e8b697bcfc3a4ec9
selectivity_pD=0.25_manifold_mixture,mixture,manifold mixture pD=0.25,0.25,0.24999999999999994,1000000.0,8.0,8e-06,1.0,1000000.0,0.1,100000.0,0.1,100000.0,0.1,100000.0,1.0,1000000.0,3.981071705534973,3981071.705534973,2.1441750375364507e-06,3.3724371873594887e-07,2.4814187562724e-06,0.19997775410473473,0.7609088235706047,0.9608865776753395,0.039110940905902655,2.4814187562724e-06,0.9999999999999983,1.6653345369377348e-15,constant-generator matrix exponential Pade(13),2,dimensionless populations/per-encounter yields,dimensionless per encounter unless field name gives s^-1 or s,True,"Illustrative one-factor-at-a-time grid; bounds are not measured ranges or probability priors. Results are populations and per-encounter yields, not concentrations or biological fluxes. No encounter yield is converted to molarity, and no continuous biological ROS source is modeled.",4e863b04abf00d77462be6bdf33a6b2ad343ab81,485e6c100ae04a17802c8cfb09694c7b6fe9783be2b477e00a0a465bb075e0f8,configs/doxorubicin_parameters.json,0b7d200aedee3aed703b810ad54927a2126d9ee0952f6ef87cf5ebb57992d345,configs/parameter_provenance.csv,86c4261fcb9616a643db79340fe0b7398ba10a5c46464e67e8b697bcfc3a4ec9
selectivity_pD=0.25_manifold_mixture,mixture,manifold mixture pD=0.25,0.25,0.24999999999999994,1000000.0,8.0,8e-06,1.0,1000000.0,0.1,100000.0,0.1,100000.0,0.1,100000.0,1.0,1000000.0,6.309573444801936,6309573.444801936,4.187443286528832e-06,2.4403888795291603e-07,4.43148217448175e-06,0.19710155372346855,0.7709648893740519,0.9680664430975205,0.03192912542030156,4.43148217448175e-06,0.9999999999999966,3.4416913763379853e-15,constant-generator matrix exponential Pade(13),2,dimensionless populations/per-encounter yields,dimensionless per encounter unless field name gives s^-1 or s,True,"Illustrative one-factor-at-a-time grid; bounds are not measured ranges or probability priors. Results are populations and per-encounter yields, not concentrations or biological fluxes. No encounter yield is converted to molarity, and no continuous biological ROS source is modeled.",4e863b04abf00d77462be6bdf33a6b2ad343ab81,485e6c100ae04a17802c8cfb09694c7b6fe9783be2b477e00a0a465bb075e0f8,configs/doxorubicin_parameters.json,0b7d200aedee3aed703b810ad54927a2126d9ee0952f6ef87cf5ebb57992d345,configs/parameter_provenance.csv,86c4261fcb9616a643db79340fe0b7398ba10a5c46464e67e8b697bcfc3a4ec9
selectivity_pD=0.25_manifold_mixture,mixture,manifold mixture pD=0.25,0.25,0.24999999999999994,1000000.0,8.0,8e-06,1.0,1000000.0,0.1,100000.0,0.1,100000.0,0.1,100000.0,1.0,1000000.0,10.0,10000000.0,6.4203118667414476e-06,1.6734344943291563e-07,6.587655316174364e-06,0.19711914053625187,0.7754082750047525,0.9725274155410044,0.02746599680367271,6.587655316174364e-06,0.9999999999999932,6.772360450213455e-15,constant-generator matrix exponential Pade(13),2,dimensionless populations/per-encounter yields,dimensionless per encounter unless field name gives s^-1 or s,True,"Illustrative one-factor-at-a-time grid; bounds are not measured ranges or probability priors. Results are populations and per-encounter yields, not concentrations or biological fluxes. No encounter yield is converted to molarity, and no continuous biological ROS source is modeled.",4e863b04abf00d77462be6bdf33a6b2ad343ab81,485e6c100ae04a17802c8cfb09694c7b6fe9783be2b477e00a0a465bb075e0f8,configs/doxorubicin_parameters.json,0b7d200aedee3aed703b810ad54927a2126d9ee0952f6ef87cf5ebb57992d345,configs/parameter_provenance.csv,86c4261fcb9616a643db79340fe0b7398ba10a5c46464e67e8b697bcfc3a4ec9
selectivity_pD=0.25_manifold_mixture,mixture,manifold mixture pD=0.25,0.25,0.24999999999999994,1000000.0,8.0,8e-06,1.0,1000000.0,0.1,100000.0,0.1,100000.0,1.0,1000000.0,1.0,1000000.0,0.0,0.0,1.154940661869868e-05,8.80896715931123e-05,9.963907821181097e-05,0.1581616246959821,0.0,0.1581616246959821,0.8417387362258053,9.963907821181097e-05,0.9999999999999992,7.771561172376096e-16,constant-generator matrix exponential Pade(13),2,dimensionless populations/per-encounter yields,dimensionless per encounter unless field name gives s^-1 or s,True,"Illustrative one-factor-at-a-time grid; bounds are not measured ranges or probability priors. Results are populations and per-encounter yields, not concentrations or biological fluxes. No encounter yield is converted to molarity, and no continuous biological ROS source is modeled.",4e863b04abf00d77462be6bdf33a6b2ad343ab81,485e6c100ae04a17802c8cfb09694c7b6fe9783be2b477e00a0a465bb075e0f8,configs/doxorubicin_parameters.json,0b7d200aedee3aed703b810ad54927a2126d9ee0952f6ef87cf5ebb57992d345,configs/parameter_provenance.csv,86c4261fcb9616a643db79340fe0b7398ba10a5c46464e67e8b697bcfc3a4ec9
selectivity_pD=0.25_manifold_mixture,mixture,manifold mixture pD=0.25,0.25,0.24999999999999994,1000000.0,8.0,8e-06,1.0,1000000.0,0.1,100000.0,0.1,100000.0,1.0,1000000.0,1.0,1000000.0,0.01,10000.0,1.079102836014201e-05,8.155665025354664e-05,9.234767861368866e-05,0.1576870918025677,0.006777559096200495,0.16446465089876822,0.8354430014226174,9.234767861368866e-05,0.9999999999999993,6.661338147750939e-16,constant-generator matrix exponential Pade(13),2,dimensionless populations/per-encounter yields,dimensionless per encounter unless field name gives s^-1 or s,True,"Illustrative one-factor-at-a-time grid; bounds are not measured ranges or probability priors. Results are populations and per-encounter yields, not concentrations or biological fluxes. No encounter yield is converted to molarity, and no continuous biological ROS source is modeled.",4e863b04abf00d77462be6bdf33a6b2ad343ab81,485e6c100ae04a17802c8cfb09694c7b6fe9783be2b477e00a0a465bb075e0f8,configs/doxorubicin_parameters.json,0b7d200aedee3aed703b810ad54927a2126d9ee0952f6ef87cf5ebb57992d345,configs/parameter_provenance.csv,86c4261fcb9616a643db79340fe0b7398ba10a5c46464e67e8b697bcfc3a4ec9
selectivity_pD=0.25_manifold_mixture,mixture,manifold mixture pD=0.25,0.25,0.24999999999999994,1000000.0,8.0,8e-06,1.0,1000000.0,0.1,100000.0,0.1,100000.0,1.0,1000000.0,1.0,1000000.0,0.015848931924611134,15848.931924611134,1.037142610965045e-05,7.796490241154497e-05,8.833632852119541e-05,0.15741331336340555,0.010688465353342043,0.16810177871674759,0.8318098849547304,8.833632852119541e-05,0.9999999999999992,7.771561172376096e-16,constant-generator matrix exponential Pade(13),2,dimensionless populations/per-encounter yields,dimensionless per encounter unless field name gives s^-1 or s,True,"Illustrative one-factor-at-a-time grid; bounds are not measured ranges or probability priors. Results are populations and per-encounter yields, not concentrations or biological fluxes. No encounter yield is converted to molarity, and no continuous biological ROS source is modeled.",4e863b04abf00d77462be6bdf33a6b2ad343ab81,485e6c100ae04a17802c8cfb09694c7b6fe9783be2b477e00a0a465bb075e0f8,configs/doxorubicin_parameters.json,0b7d200aedee3aed703b810ad54927a2126d9ee0952f6ef87cf5ebb57992d345,configs/parameter_provenance.csv,86c4261fcb9616a643db79340fe0b7398ba10a5c46464e67e8b697bcfc3a4ec9
selectivity_pD=0.25_manifold_mixture,mixture,manifold mixture pD=0.25,0.25,0.24999999999999994,1000000.0,8.0,8e-06,1.0,1000000.0,0.1,100000.0,0.1,100000.0,1.0,1000000.0,1.0,1000000.0,0.025118864315095794,25118.864315095794,9.740534613717223e-06,7.259706731723437e-05,8.23376019309516e-05,0.15698499367897228,0.01680802800180658,0.17379302168077887,0.8261246407172895,8.23376019309516e-05,0.9999999999999993,6.661338147750939e-16,constant-generator matrix exponential Pade(13),2,dimensionless populations/per-encounter yields,dimensionless per encounter unless field name gives s^-1 or s,True,"Illustrative one-factor-at-a-time grid; bounds are not measured ranges or probability priors. Results are populations and per-encounter yields, not concentrations or biological fluxes. No encounter yield is converted to molarity, and no continuous biological ROS source is modeled.",4e863b04abf00d77462be6bdf33a6b2ad343ab81,485e6c100ae04a17802c8cfb09694c7b6fe9783be2b477e00a0a465bb075e0f8,configs/doxorubicin_parameters.json,0b7d200aedee3aed703b810ad54927a2126d9ee0952f6ef87cf5ebb57992d345,configs/parameter_provenance.csv,86c4261fcb9616a643db79340fe0b7398ba10a5c46464e67e8b697bcfc3a4ec9
selectivity_pD=0.25_manifold_mixture,mixture,manifold mixture pD=0.25,0.25,0.24999999999999994,1000000.0,8.0,8e-06,1.0,1000000.0,0.1,100000.0,0.1,100000.0,1.0,1000000.0,1.0,1000000.0,0.039810717055349734,39810.717055349734,8.82054184660534e-06,6.484436852933981e-05,7.366491037594515e-05,0.15631986481534763,0.02631380128812493,0.18263366610347256,0.8172926689861507,7.366491037594515e-05,0.9999999999999992,7.771561172376096e-16,constant-generator matrix exponential Pade(13),2,dimensionless populations/per-encounter yields,dimensionless per encounter unless field name gives s^-1 or s,True,"Illustrative one-factor-at-a-time grid; bounds are not measured ranges or probability priors. Results are populations and per-encounter yields, not concentrations or biological fluxes. No encounter yield is converted to molarity, and no continuous biological ROS source is modeled.",4e863b04abf00d77462be6bdf33a6b2ad343ab81,485e6c100ae04a17802c8cfb09694c7b6fe9783be2b477e00a0a465bb075e0f8,configs/doxorubicin_parameters.json,0b7d200aedee3aed703b810ad54927a2126d9ee0952f6ef87cf5ebb57992d345,configs/parameter_provenance.csv,86c4261fcb9616a643db79340fe0b7398ba10a5c46464e67e8b697bcfc3a4ec9
selectivity_pD=0.25_manifold_mixture,mixture,manifold mixture pD=0.25,0.25,0.24999999999999994,1000000.0,8.0,8e-06,1.0,1000000.0,0.1,100000.0,0.1,100000.0,1.0,1000000.0,1.0,1000000.0,0.06309573444801933,63095.73444801933,7.542033373682858e-06,5.423455070722747e-05,6.177658408091033e-05,0.15529889205666064,0.04091300519148525,0.1962118972481459,0.8037263261677722,6.177658408091033e-05,0.999999999999999,9.992007221626409e-16,constant-generator matrix exponential Pade(13),2,dimensionless populations/per-encounter yields,dimensionless per encounter unless field name gives s^-1 or s,True,"Illustrative one-factor-at-a-time grid; bounds are not measured ranges or probability priors. Results are populations and per-encounter yields, not concentrations or biological fluxes. No encounter yield is converted to molarity, and no continuous biological ROS source is modeled.",4e863b04abf00d77462be6bdf33a6b2ad343ab81,485e6c100ae04a17802c8cfb09694c7b6fe9783be2b477e00a0a465bb075e0f8,configs/doxorubicin_parameters.json,0b7d200aedee3aed703b810ad54927a2126d9ee0952f6ef87cf5ebb57992d345,configs/parameter_provenance.csv,86c4261fcb9616a643db79340fe0b7398ba10a5c46464e67e8b697bcfc3a4ec9
selectivity_pD=0.25_manifold_mixture,mixture,manifold mixture pD=0.25,0.25,0.24999999999999994,1000000.0,8.0,8e-06,1.0,1000000.0,0.1,100000.0,0.1,100000.0,1.0,1000000.0,1.0,1000000.0,0.1,100000.0,5.894409903265068e-06,4.08937063463825e-05,4.678811624964756e-05,0.15375941955708133,0.06294857934268971,0.21670799889977105,0.7832452129839784,4.678811624964756e-05,0.9999999999999992,7.771561172376096e-16,constant-generator matrix exponential Pade(13),2,dimensionless populations/per-encounter yields,dimensionless per encounter unless field name gives s^-1 or s,True,"Illustrative one-factor-at-a-time grid; bounds are not measured ranges or probability priors. Results are populations and per-encounter yields, not concentrations or biological fluxes. No encounter yield is converted to molarity, and no continuous biological ROS source is modeled.",4e863b04abf00d77462be6bdf33a6b2ad343ab81,485e6c100ae04a17802c8cfb09694c7b6fe9783be2b477e00a0a465bb075e0f8,configs/doxorubicin_parameters.json,0b7d200aedee3aed703b810ad54927a2126d9ee0952f6ef87cf5ebb57992d345,configs/parameter_provenance.csv,86c4261fcb9616a643db79340fe0b7398ba10a5c46464e67e8b697bcfc3a4ec9
selectivity_pD=0.25_manifold_mixture,mixture,manifold mixture pD=0.25,0.25,0.24999999999999994,1000000.0,8.0,8e-06,1.0,1000000.0,0.1,100000.0,0.1,100000.0,1.0,1000000.0,1.0,1000000.0,0.15848931924611143,158489.31924611144,4.006226732678106e-06,2.6199650188451697e-05,3.0205876921129806e-05,0.15150016311910744,0.09535022435276308,0.24685038747187052,0.7531194066512077,3.0205876921129806e-05,0.9999999999999993,6.661338147750939e-16,constant-generator matrix exponential Pade(13),2,dimensionless populations/per-encounter yields,dimensionless per encounter unless field name gives s^-1 or s,True,"Illustrative one-factor-at-a-time grid; bounds are not measured ranges or probability priors. Results are populations and per-encounter yields, not concentrations or biological fluxes. No encounter yield is converted to molarity, and no continuous biological ROS source is modeled.",4e863b04abf00d77462be6bdf33a6b2ad343ab81,485e6c100ae04a17802c8cfb09694c7b6fe9783be2b477e00a0a465bb075e0f8,configs/doxorubicin_parameters.json,0b7d200aedee3aed703b810ad54927a2126d9ee0952f6ef87cf5ebb57992d345,configs/parameter_provenance.csv,86c4261fcb9616a643db79340fe0b7398ba10a5c46464e67e8b697bcfc3a4ec9
selectivity_pD=0.25_manifold_mixture,mixture,manifold mixture pD=0.25,0.25,0.24999999999999994,1000000.0,8.0,8e-06,1.0,1000000.0,0.1,100000.0,0.1,100000.0,1.0,1000000.0,1.0,1000000.0,0.25118864315095807,251188.64315095806,2.199367482988208e-06,1.3019483588063708e-05,1.5218851071051916e-05,0.14831525264924816,0.14120541068880094,0.2895206633380491,0.7104641178108791,1.5218851071051916e-05,0.9999999999999992,7.771561172376096e-16,constant-generator matrix exponential Pade(13),2,dimensionless populations/per-encounter yields,dimensionless per encounter unless field name gives s^-1 or s,True,"Illustrative one-factor-at-a-time grid; bounds are not measured ranges or probability priors. Results are populations and per-encounter yields, not concentrations or biological fluxes. No encounter yield is converted to molarity, and no continuous biological ROS source is modeled.",4e863b04abf00d77462be6bdf33a6b2ad343ab81,485e6c100ae04a17802c8cfb09694c7b6fe9783be2b477e00a0a465bb075e0f8,configs/doxorubicin_parameters.json,0b7d200aedee3aed703b810ad54927a2126d9ee0952f6ef87cf5ebb57992d345,configs/parameter_provenance.csv,86c4261fcb9616a643db79340fe0b7398ba10a5c46464e67e8b697bcfc3a4ec9
selectivity_pD=0.25_manifold_mixture,mixture,manifold mixture pD=0.25,0.25,0.24999999999999994,1000000.0,8.0,8e-06,1.0,1000000.0,0.1,100000.0,0.1,100000.0,1.0,1000000.0,1.0,1000000.0,0.3981071705534973,398107.17055349733,8.806974590601637e-07,4.3807487450094024e-06,5.261446204069566e-06,0.14407771421406504,0.2026942852533195,0.3467719994673846,0.6532227390864107,5.261446204069566e-06,0.9999999999999993,6.661338147750939e-16,constant-generator matrix exponential Pade(13),2,dimensionless populations/per-encounter yields,dimensionless per encounter unless field name gives s^-1 or s,True,"Illustrative one-factor-at-a-time grid; bounds are not measured ranges or probability priors. Results are populations and per-encounter yields, not concentrations or biological fluxes. No encounter yield is converted to molarity, and no continuous biological ROS source is modeled.",4e863b04abf00d77462be6bdf33a6b2ad343ab81,485e6c100ae04a17802c8cfb09694c7b6fe9783be2b477e00a0a465bb075e0f8,configs/doxorubicin_parameters.json,0b7d200aedee3aed703b810ad54927a2126d9ee0952f6ef87cf5ebb57992d345,configs/parameter_provenance.csv,86c4261fcb9616a643db79340fe0b7398ba10a5c46464e67e8b697bcfc3a4ec9
selectivity_pD=0.25_manifold_mixture,mixture,manifold mixture pD=0.25,0.25,0.24999999999999994,1000000.0,8.0,8e-06,1.0,1000000.0,0.1,100000.0,0.1,100000.0,1.0,1000000.0,1.0,1000000.0,0.6309573444801934,630957.3444801933,2.2932508384056633e-07,8.305240388445686e-07,1.059849122685135e-06,0.1388719557633721,0.2794138770339146,0.4182858327972867,0.58171310735359,1.059849122685135e-06,0.9999999999999994,5.551115123125783e-16,constant-generator matrix exponential Pade(13),2,dimensionless populations/per-encounter yields,dimensionless per encounter unless field name gives s^-1 or s,True,"Illustrative one-factor-at-a-time grid; bounds are not measured ranges or probability priors. Results are populations and per-encounter yields, not concentrations or biological fluxes. No encounter yield is converted to molarity, and no continuous biological ROS source is modeled.",4e863b04abf00d77462be6bdf33a6b2ad343ab81,485e6c100ae04a17802c8cfb09694c7b6fe9783be2b477e00a0a465bb075e0f8,configs/doxorubicin_parameters.json,0b7d200aedee3aed703b810ad54927a2126d9ee0952f6ef87cf5ebb57992d345,configs/parameter_provenance.csv,86c4261fcb9616a643db79340fe0b7398ba10a5c46464e67e8b697bcfc3a4ec9
selectivity_pD=0.25_manifold_mixture,mixture,manifold mixture pD=0.25,0.25,0.24999999999999994,1000000.0,8.0,8e-06,1.0,1000000.0,0.1,100000.0,0.1,100000.0,1.0,1000000.0,1.0,1000000.0,1.0,1000000.0,3.706425811329553e-08,7.547091660596375e-08,1.1253517471925928e-07,0.13311192257910712,0.36688802115330466,0.49999994373241174,0.49999994373241186,1.1253517471925928e-07,0.9999999999999983,1.6653345369377348e-15,constant-generator matrix exponential Pade(13),2,dimensionless populations/per-encounter yields,dimensionless per encounter unless field name gives s^-1 or s,True,"Illustrative one-factor-at-a-time grid; bounds are not measured ranges or probability priors. Results are populations and per-encounter yields, not concentrations or biological fluxes. No encounter yield is converted to molarity, and no continuous biological ROS source is modeled.",4e863b04abf00d77462be6bdf33a6b2ad343ab81,485e6c100ae04a17802c8cfb09694c7b6fe9783be2b477e00a0a465bb075e0f8,configs/doxorubicin_parameters.json,0b7d200aedee3aed703b810ad54927a2126d9ee0952f6ef87cf5ebb57992d345,configs/parameter_provenance.csv,86c4261fcb9616a643db79340fe0b7398ba10a5c46464e67e8b697bcfc3a4ec9
selectivity_pD=0.25_manifold_mixture,mixture,manifold mixture pD=0.25,0.25,0.24999999999999994,1000000.0,8.0,8e-06,1.0,1000000.0,0.1,100000.0,0.1,100000.0,1.0,1000000.0,1.0,1000000.0,1.584893192461114,1584893.1924611141,4.468899523738763e-09,4.1337887203549524e-09,8.602688244093715e-09,0.12751433177983248,0.45676935105563843,0.5842836828354709,0.41571630856183917,8.602688244093715e-09,0.9999999999999983,1.6653345369377348e-15,constant-generator matrix exponential Pade(13),2,dimensionless populations/per-encounter yields,dimensionless per encounter unless field name gives s^-1 or s,True,"Illustrative one-factor-at-a-time grid; bounds are not measured ranges or probability priors. Results are populations and per-encounter yields, not concentrations or biological fluxes. No encounter yield is converted to molarity, and no continuous biological ROS source is modeled.",4e863b04abf00d77462be6bdf33a6b2ad343ab81,485e6c100ae04a17802c8cfb09694c7b6fe9783be2b477e00a0a465bb075e0f8,configs/doxorubicin_parameters.json,0b7d200aedee3aed703b810ad54927a2126d9ee0952f6ef87cf5ebb57992d345,configs/parameter_provenance.csv,86c4261fcb9616a643db79340fe0b7398ba10a5c46464e67e8b697bcfc3a4ec9
selectivity_pD=0.25_manifold_mixture,mixture,manifold mixture pD=0.25,0.25,0.24999999999999994,1000000.0,8.0,8e-06,1.0,1000000.0,0.1,100000.0,0.1,100000.0,1.0,1000000.0,1.0,1000000.0,2.5118864315095824,2511886.4315095823,9.855642007136364e-10,4.770060228077856e-10,1.462570223521422e-09,0.1228453365426225,0.5395218201717392,0.6623671567143617,0.3376328418230663,1.462570223521422e-09,0.9999999999999982,1.7763568394002505e-15,constant-generator matrix exponential Pade(13),2,dimensionless populations/per-encounter yields,dimensionless per encounter unless field name gives s^-1 or s,True,"Illustrative one-factor-at-a-time grid; bounds are not measured ranges or probability priors. Results are populations and per-encounter yields, not concentrations or biological fluxes. No encounter yield is converted to molarity, and no continuous biological ROS source is modeled.",4e863b04abf00d77462be6bdf33a6b2ad343ab81,485e6c100ae04a17802c8cfb09694c7b6fe9783be2b477e00a0a465bb075e0f8,configs/doxorubicin_parameters.json,0b7d200aedee3aed703b810ad54927a2126d9ee0952f6ef87cf5ebb57992d345,configs/parameter_provenance.csv,86c4261fcb9616a643db79340fe0b7398ba10a5c46464e67e8b697bcfc3a4ec9
selectivity_pD=0.25_manifold_mixture,mixture,manifold mixture pD=0.25,0.25,0.24999999999999994,1000000.0,8.0,8e-06,1.0,1000000.0,0.1,100000.0,0.1,100000.0,1.0,1000000.0,1.0,1000000.0,3.981071705534973,3981071.705534973,1.600810653700248e-09,2.517813743724358e-10,1.8525920280726835e-09,0.1195698439701175,0.6081099875483529,0.7276798315184704,0.2723201666289342,1.8525920280726835e-09,0.9999999999999967,3.3306690738754696e-15,constant-generator matrix exponential Pade(13),2,dimensionless populations/per-encounter yields,dimensionless per encounter unless field name gives s^-1 or s,True,"Illustrative one-factor-at-a-time grid; bounds are not measured ranges or probability priors. Results are populations and per-encounter yields, not concentrations or biological fluxes. No encounter yield is converted to molarity, and no continuous biological ROS source is modeled.",4e863b04abf00d77462be6bdf33a6b2ad343ab81,485e6c100ae04a17802c8cfb09694c7b6fe9783be2b477e00a0a465bb075e0f8,configs/doxorubicin_parameters.json,0b7d200aedee3aed703b810ad54927a2126d9ee0952f6ef87cf5ebb57992d345,configs/parameter_provenance.csv,86c4261fcb9616a643db79340fe0b7398ba10a5c46464e67e8b697bcfc3a4ec9
selectivity_pD=0.25_manifold_mixture,mixture,manifold mixture pD=0.25,0.25,0.24999999999999994,1000000.0,8.0,8e-06,1.0,1000000.0,0.1,100000.0,0.1,100000.0,1.0,1000000.0,1.0,1000000.0,6.309573444801936,6309573.444801936,3.126285731104619e-09,1.821959704376736e-10,3.3084817015422926e-09,0.11768094744008198,0.6600303421950754,0.7777112896351573,0.2222887070563574,3.3084817015422926e-09,0.9999999999999964,3.552713678800501e-15,constant-generator matrix exponential Pade(13),2,dimensionless populations/per-encounter yields,dimensionless per encounter unless field name gives s^-1 or s,True,"Illustrative one-factor-at-a-time grid; bounds are not measured ranges or probability priors. Results are populations and per-encounter yields, not concentrations or biological fluxes. No encounter yield is converted to molarity, and no continuous biological ROS source is modeled.",4e863b04abf00d77462be6bdf33a6b2ad343ab81,485e6c100ae04a17802c8cfb09694c7b6fe9783be2b477e00a0a465bb075e0f8,configs/doxorubicin_parameters.json,0b7d200aedee3aed703b810ad54927a2126d9ee0952f6ef87cf5ebb57992d345,configs/parameter_provenance.csv,86c4261fcb9616a643db79340fe0b7398ba10a5c46464e67e8b697bcfc3a4ec9
selectivity_pD=0.25_manifold_mixture,mixture,manifold mixture pD=0.25,0.25,0.24999999999999994,1000000.0,8.0,8e-06,1.0,1000000.0,0.1,100000.0,0.1,100000.0,1.0,1000000.0,1.0,1000000.0,10.0,10000000.0,4.793313725061491e-09,1.2493624447141174e-10,4.918249969532902e-09,0.11682878614995768,0.6966749298016612,0.813503715951619,0.18649627913012384,4.918249969532902e-09,0.9999999999999928,7.216449660063518e-15,constant-generator matrix exponential Pade(13),2,dimensionless populations/per-encounter yields,dimensionless per encounter unless field name gives s^-1 or s,True,"Illustrative one-factor-at-a-time grid; bounds are not measured ranges or probability priors. Results are populations and per-encounter yields, not concentrations or biological fluxes. No encounter yield is converted to molarity, and no continuous biological ROS source is modeled.",4e863b04abf00d77462be6bdf33a6b2ad343ab81,485e6c100ae04a17802c8cfb09694c7b6fe9783be2b477e00a0a465bb075e0f8,configs/doxorubicin_parameters.json,0b7d200aedee3aed703b810ad54927a2126d9ee0952f6ef87cf5ebb57992d345,configs/parameter_provenance.csv,86c4261fcb9616a643db79340fe0b7398ba10a5c46464e67e8b697bcfc3a4ec9
selectivity_pD=0.25_manifold_mixture,mixture,manifold mixture pD=0.25,0.25,0.24999999999999994,1000000.0,8.0,8e-06,1.0,1000000.0,0.1,100000.0,0.1,100000.0,10.0,10000000.0,1.0,1000000.0,0.0,0.0,6.213795764638013e-37,4.739388319460751e-36,5.3607678959245525e-36,0.022956312156133148,0.0,0.022956312156133148,0.9770436878438596,5.3607678959245525e-36,0.9999999999999928,7.216449660063518e-15,constant-generator matrix exponential Pade(13),2,dimensionless populations/per-encounter yields,dimensionless per encounter unless field name gives s^-1 or s,True,"Illustrative one-factor-at-a-time grid; bounds are not measured ranges or probability priors. Results are populations and per-encounter yields, not concentrations or biological fluxes. No encounter yield is converted to molarity, and no continuous biological ROS source is modeled.",4e863b04abf00d77462be6bdf33a6b2ad343ab81,485e6c100ae04a17802c8cfb09694c7b6fe9783be2b477e00a0a465bb075e0f8,configs/doxorubicin_parameters.json,0b7d200aedee3aed703b810ad54927a2126d9ee0952f6ef87cf5ebb57992d345,configs/parameter_provenance.csv,86c4261fcb9616a643db79340fe0b7398ba10a5c46464e67e8b697bcfc3a4ec9
selectivity_pD=0.25_manifold_mixture,mixture,manifold mixture pD=0.25,0.25,0.24999999999999994,1000000.0,8.0,8e-06,1.0,1000000.0,0.1,100000.0,0.1,100000.0,10.0,10000000.0,1.0,1000000.0,0.01,10000.0,5.805774143563024e-37,4.387899609518089e-36,4.968477023874391e-36,0.022955708797376483,0.0007467404627660855,0.023702449260142568,0.9762975507398504,4.968477023874391e-36,0.9999999999999929,7.105427357601002e-15,constant-generator matrix exponential Pade(13),2,dimensionless populations/per-encounter yields,dimensionless per encounter unless field name gives s^-1 or s,True,"Illustrative one-factor-at-a-time grid; bounds are not measured ranges or probability priors. Results are populations and per-encounter yields, not concentrations or biological fluxes. No encounter yield is converted to molarity, and no continuous biological ROS source is modeled.",4e863b04abf00d77462be6bdf33a6b2ad343ab81,485e6c100ae04a17802c8cfb09694c7b6fe9783be2b477e00a0a465bb075e0f8,configs/doxorubicin_parameters.json,0b7d200aedee3aed703b810ad54927a2126d9ee0952f6ef87cf5ebb57992d345,configs/parameter_provenance.csv,86c4261fcb9616a643db79340fe0b7398ba10a5c46464e67e8b697bcfc3a4ec9
selectivity_pD=0.25_manifold_mixture,mixture,manifold mixture pD=0.25,0.25,0.24999999999999994,1000000.0,8.0,8e-06,1.0,1000000.0,0.1,100000.0,0.1,100000.0,10.0,10000000.0,1.0,1000000.0,0.015848931924611134,15848.931924611134,5.580020321482422e-37,4.1946568892199626e-36,4.752658921368205e-36,0.022955356495695134,0.0011828188802239237,0.024138175375919058,0.975861824624074,4.752658921368205e-36,0.9999999999999931,6.8833827526759706e-15,constant-generator matrix exponential Pade(13),2,dimensionless populations/per-encounter yields,dimensionless per encounter unless field name gives s^-1 or s,True,"Illustrative one-factor-at-a-time grid; bounds are not measured ranges or probability priors. Results are populations and per-encounter yields, not concentrations or biological fluxes. No encounter yield is converted to molarity, and no continuous biological ROS source is modeled.",4e863b04abf00d77462be6bdf33a6b2ad343ab81,485e6c100ae04a17802c8cfb09694c7b6fe9783be2b477e00a0a465bb075e0f8,configs/doxorubicin_parameters.json,0b7d200aedee3aed703b810ad54927a2126d9ee0952f6ef87cf5ebb57992d345,configs/parameter_provenance.csv,86c4261fcb9616a643db79340fe0b7398ba10a5c46464e67e8b697bcfc3a4ec9
selectivity_pD=0.25_manifold_mixture,mixture,manifold mixture pD=0.25,0.25,0.24999999999999994,1000000.0,8.0,8e-06,1.0,1000000.0,0.1,100000.0,0.1,100000.0,10.0,10000000.0,1.0,1000000.0,0.025118864315095794,25118.864315095794,5.240588951992872e-37,3.905857368383082e-36,4.429916263582369e-36,0.022954799038073168,0.0018729235296487655,0.024827722567721932,0.9751722774322712,4.429916263582369e-36,0.9999999999999931,6.8833827526759706e-15,constant-generator matrix exponential Pade(13),2,dimensionless populations/per-encounter yields,dimensionless per encounter unless field name gives s^-1 or s,True,"Illustrative one-factor-at-a-time grid; bounds are not measured ranges or probability priors. Results are populations and per-encounter yields, not concentrations or biological fluxes. No encounter yield is converted to molarity, and no continuous biological ROS source is modeled.",4e863b04abf00d77462be6bdf33a6b2ad343ab81,485e6c100ae04a17802c8cfb09694c7b6fe9783be2b477e00a0a465bb075e0f8,configs/doxorubicin_parameters.json,0b7d200aedee3aed703b810ad54927a2126d9ee0952f6ef87cf5ebb57992d345,configs/parameter_provenance.csv,86c4261fcb9616a643db79340fe0b7398ba10a5c46464e67e8b697bcfc3a4ec9
selectivity_pD=0.25_manifold_mixture,mixture,manifold mixture pD=0.25,0.25,0.24999999999999994,1000000.0,8.0,8e-06,1.0,1000000.0,0.1,100000.0,0.1,100000.0,10.0,10000000.0,1.0,1000000.0,0.039810717055349734,39810.717055349734,4.745615716699456e-37,3.488747741168711e-36,3.9633093128386575e-36,0.022953917788399877,0.002964078377947192,0.02591799616634707,0.9740820038336461,3.9633093128386575e-36,0.9999999999999931,6.8833827526759706e-15,constant-generator matrix exponential Pade(13),2,dimensionless populations/per-encounter yields,dimensionless per encounter unless field name gives s^-1 or s,True,"Illustrative one-factor-at-a-time grid; bounds are not measured ranges or probability priors. Results are populations and per-encounter yields, not concentrations or biological fluxes. No encounter yield is converted to molarity, and no continuous biological ROS source is modeled.",4e863b04abf00d77462be6bdf33a6b2ad343ab81,485e6c100ae04a17802c8cfb09694c7b6fe9783be2b477e00a0a465bb075e0f8,configs/doxorubicin_parameters.json,0b7d200aedee3aed703b810ad54927a2126d9ee0952f6ef87cf5ebb57992d345,configs/parameter_provenance.csv,86c4261fcb9616a643db79340fe0b7398ba10a5c46464e67e8b697bcfc3a4ec9
selectivity_pD=0.25_manifold_mixture,mixture,manifold mixture pD=0.25,0.25,0.24999999999999994,1000000.0,8.0,8e-06,1.0,1000000.0,0.1,100000.0,0.1,100000.0,10.0,10000000.0,1.0,1000000.0,0.06309573444801933,63095.73444801933,4.0577543575506125e-37,2.9179197910999107e-36,3.323695226854972e-36,0.02295252675412925,0.004686973455263508,0.027639500209392757,0.9723604997906,3.323695226854972e-36,0.9999999999999928,7.216449660063518e-15,constant-generator matrix exponential Pade(13),2,dimensionless populations/per-encounter yields,dimensionless per encounter unless field name gives s^-1 or s,True,"Illustrative one-factor-at-a-time grid; bounds are not measured ranges or probability priors. Results are populations and per-encounter yields, not concentrations or biological fluxes. No encounter yield is converted to molarity, and no continuous biological ROS source is modeled.",4e863b04abf00d77462be6bdf33a6b2ad343ab81,485e6c100ae04a17802c8cfb09694c7b6fe9783be2b477e00a0a465bb075e0f8,configs/doxorubicin_parameters.json,0b7d200aedee3aed703b810ad54927a2126d9ee0952f6ef87cf5ebb57992d345,configs/parameter_provenance.csv,86c4261fcb9616a643db79340fe0b7398ba10a5c46464e67e8b697bcfc3a4ec9
selectivity_pD=0.25_manifold_mixture,mixture,manifold mixture pD=0.25,0.25,0.24999999999999994,1000000.0,8.0,8e-06,1.0,1000000.0,0.1,100000.0,0.1,100000.0,10.0,10000000.0,1.0,1000000.0,0.1,100000.0,3.1713022583037895e-37,2.200157529167753e-36,2.517287754998132e-36,0.022950336203516816,0.007401448532290175,0.03035178473580699,0.969648215264186,2.517287754998132e-36,0.999999999999993,6.994405055138486e-15,constant-generator matrix exponential Pade(13),2,dimensionless populations/per-encounter yields,dimensionless per encounter unless field name gives s^-1 or s,True,"Illustrative one-factor-at-a-time grid; bounds are not measured ranges or probability priors. Results are populations and per-encounter yields, not concentrations or biological fluxes. No encounter yield is converted to molarity, and no continuous biological ROS source is modeled.",4e863b04abf00d77462be6bdf33a6b2ad343ab81,485e6c100ae04a17802c8cfb09694c7b6fe9783be2b477e00a0a465bb075e0f8,configs/doxorubicin_parameters.json,0b7d200aedee3aed703b810ad54927a2126d9ee0952f6ef87cf5ebb57992d345,configs/parameter_provenance.csv,86c4261fcb9616a643db79340fe0b7398ba10a5c46464e67e8b697bcfc3a4ec9
selectivity_pD=0.25_manifold_mixture,mixture,manifold mixture pD=0.25,0.25,0.24999999999999994,1000000.0,8.0,8e-06,1.0,1000000.0,0.1,100000.0,0.1,100000.0,10.0,10000000.0,1.0,1000000.0,0.15848931924611143,158489.31924611144,2.1554245621061904e-37,1.4095899534130468e-36,1.6251324096236656e-36,0.02294689938370483,0.011663554731329587,0.03461045411503442,0.9653895458849587,1.6251324096236656e-36,0.9999999999999931,6.8833827526759706e-15,constant-generator matrix exponential Pade(13),2,dimensionless populations/per-encounter yields,dimensionless per encounter unless field name gives s^-1 or s,True,"Illustrative one-factor-at-a-time grid; bounds are not measured ranges or probability priors. Results are populations and per-encounter yields, not concentrations or biological fluxes. No encounter yield is converted to molarity, and no continuous biological ROS source is modeled.",4e863b04abf00d77462be6bdf33a6b2ad343ab81,485e6c100ae04a17802c8cfb09694c7b6fe9783be2b477e00a0a465bb075e0f8,configs/doxorubicin_parameters.json,0b7d200aedee3aed703b810ad54927a2126d9ee0952f6ef87cf5ebb57992d345,configs/parameter_provenance.csv,86c4261fcb9616a643db79340fe0b7398ba10a5c46464e67e8b697bcfc3a4ec9
selectivity_pD=0.25_manifold_mixture,mixture,manifold mixture pD=0.25,0.25,0.24999999999999994,1000000.0,8.0,8e-06,1.0,1000000.0,0.1,100000.0,0.1,100000.0,10.0,10000000.0,1.0,1000000.0,0.25118864315095807,251188.64315095806,1.1833006492773648e-37,7.004724541112256e-37,8.18802519038962e-37,0.022941538576899716,0.018319773079215975,0.04126131165611569,0.9587386883438773,8.18802519038962e-37,0.999999999999993,6.994405055138486e-15,constant-generator matrix exponential Pade(13),2,dimensionless populations/per-encounter yields,dimensionless per encounter unless field name gives s^-1 or s,True,"Illustrative one-factor-at-a-time grid; bounds are not measured ranges or probability priors. Results are populations and per-encounter yields, not concentrations or biological fluxes. No encounter yield is converted to molarity, and no continuous biological ROS source is modeled.",4e863b04abf00d77462be6bdf33a6b2ad343ab81,485e6c100ae04a17802c8cfb09694c7b6fe9783be2b477e00a0a465bb075e0f8,configs/doxorubicin_parameters.json,0b7d200aedee3aed703b810ad54927a2126d9ee0952f6ef87cf5ebb57992d345,configs/parameter_provenance.csv,86c4261fcb9616a643db79340fe0b7398ba10a5c46464e67e8b697bcfc3a4ec9
selectivity_pD=0.25_manifold_mixture,mixture,manifold mixture pD=0.25,0.25,0.24999999999999994,1000000.0,8.0,8e-06,1.0,1000000.0,0.1,100000.0,0.1,100000.0,10.0,10000000.0,1.0,1000000.0,0.3981071705534973,398107.17055349733,4.738316280401257e-38,2.3569243768429588e-37,2.8307560048830843e-37,0.022933252393378817,0.028628129257544377,0.051561381650923194,0.9484386183490697,2.8307560048830843e-37,0.9999999999999929,7.105427357601002e-15,constant-generator matrix exponential Pade(13),2,dimensionless populations/per-encounter yields,dimensionless per encounter unless field name gives s^-1 or s,True,"Illustrative one-factor-at-a-time grid; bounds are not measured ranges or probability priors. Results are populations and per-encounter yields, not concentrations or biological fluxes. No encounter yield is converted to molarity, and no continuous biological ROS source is modeled.",4e863b04abf00d77462be6bdf33a6b2ad343ab81,485e6c100ae04a17802c8cfb09694c7b6fe9783be2b477e00a0a465bb075e0f8,configs/doxorubicin_parameters.json,0b7d200aedee3aed703b810ad54927a2126d9ee0952f6ef87cf5ebb57992d345,configs/parameter_provenance.csv,86c4261fcb9616a643db79340fe0b7398ba10a5c46464e67e8b697bcfc3a4ec9
selectivity_pD=0.25_manifold_mixture,mixture,manifold mixture pD=0.25,0.25,0.24999999999999994,1000000.0,8.0,8e-06,1.0,1000000.0,0.1,100000.0,0.1,100000.0,10.0,10000000.0,1.0,1000000.0,0.6309573444801934,630957.3444801933,1.2338116422247022e-38,4.46837393935642e-38,5.702185581581123e-38,0.02292062341337928,0.04438697632580538,0.06730759973918465,0.9326924002608081,5.702185581581123e-38,0.9999999999999928,7.216449660063518e-15,constant-generator matrix exponential Pade(13),2,dimensionless populations/per-encounter yields,dimensionless per encounter unless field name gives s^-1 or s,True,"Illustrative one-factor-at-a-time grid; bounds are not measured ranges or probability priors. Results are populations and per-encounter yields, not concentrations or biological fluxes. No encounter yield is converted to molarity, and no continuous biological ROS source is modeled.",4e863b04abf00d77462be6bdf33a6b2ad343ab81,485e6c100ae04a17802c8cfb09694c7b6fe9783be2b477e00a0a465bb075e0f8,configs/doxorubicin_parameters.json,0b7d200aedee3aed703b810ad54927a2126d9ee0952f6ef87cf5ebb57992d345,configs/parameter_provenance.csv,86c4261fcb9616a643db79340fe0b7398ba10a5c46464e67e8b697bcfc3a4ec9
selectivity_pD=0.25_manifold_mixture,mixture,manifold mixture pD=0.25,0.25,0.24999999999999994,1000000.0,8.0,8e-06,1.0,1000000.0,0.1,100000.0,0.1,100000.0,10.0,10000000.0,1.0,1000000.0,1.0,1000000.0,1.9941260853260225e-39,4.0604758100751283e-39,6.05460189540115e-39,0.022901784715688378,0.06800730619340188,0.09090909090909026,0.9090909090909027,6.05460189540115e-39,0.999999999999993,6.994405055138486e-15,constant-generator matrix exponential Pade(13),2,dimensionless populations/per-encounter yields,dimensionless per encounter unless field name gives s^-1 or s,True,"Illustrative one-factor-at-a-time grid; bounds are not measured ranges or probability priors. Results are populations and per-encounter yields, not concentrations or biological fluxes. No encounter yield is converted to molarity, and no continuous biological ROS source is modeled.",4e863b04abf00d77462be6bdf33a6b2ad343ab81,485e6c100ae04a17802c8cfb09694c7b6fe9783be2b477e00a0a465bb075e0f8,configs/doxorubicin_parameters.json,0b7d200aedee3aed703b810ad54927a2126d9ee0952f6ef87cf5ebb57992d345,configs/parameter_provenance.csv,86c4261fcb9616a643db79340fe0b7398ba10a5c46464e67e8b697bcfc3a4ec9
selectivity_pD=0.25_manifold_mixture,mixture,manifold mixture pD=0.25,0.25,0.24999999999999994,1000000.0,8.0,8e-06,1.0,1000000.0,0.1,100000.0,0.1,100000.0,10.0,10000000.0,1.0,1000000.0,1.584893192461114,1584893.1924611141,2.404351136814427e-40,2.224055286170514e-40,4.628406422984941e-40,0.022874572340145,0.10238349883338194,0.12525807117352694,0.8747419288264661,4.628406422984941e-40,0.999999999999993,6.994405055138486e-15,constant-generator matrix exponential Pade(13),2,dimensionless populations/per-encounter yields,dimensionless per encounter unless field name gives s^-1 or s,True,"Illustrative one-factor-at-a-time grid; bounds are not measured ranges or probability priors. Results are populations and per-encounter yields, not concentrations or biological fluxes. No encounter yield is converted to molarity, and no continuous biological ROS source is modeled.",4e863b04abf00d77462be6bdf33a6b2ad343ab81,485e6c100ae04a17802c8cfb09694c7b6fe9783be2b477e00a0a465bb075e0f8,configs/doxorubicin_parameters.json,0b7d200aedee3aed703b810ad54927a2126d9ee0952f6ef87cf5ebb57992d345,configs/parameter_provenance.csv,86c4261fcb9616a643db79340fe0b7398ba10a5c46464e67e8b697bcfc3a4ec9
selectivity_pD=0.25_manifold_mixture,mixture,manifold mixture pD=0.25,0.25,0.24999999999999994,1000000.0,8.0,8e-06,1.0,1000000.0,0.1,100000.0,0.1,100000.0,10.0,10000000.0,1.0,1000000.0,2.5118864315095824,2511886.4315095823,5.302518872491794e-41,2.5663812021571746e-41,7.868900074648968e-41,0.022837059421000793,0.15032755813109971,0.1731646175521005,0.8268353824478922,7.868900074648968e-41,0.9999999999999927,7.327471962526033e-15,constant-generator matrix exponential Pade(13),2,dimensionless populations/per-encounter yields,dimensionless per encounter unless field name gives s^-1 or s,True,"Illustrative one-factor-at-a-time grid; bounds are not measured ranges or probability priors. Results are populations and per-encounter yields, not concentrations or biological fluxes. No encounter yield is converted to molarity, and no continuous biological ROS source is modeled.",4e863b04abf00d77462be6bdf33a6b2ad343ab81,485e6c100ae04a17802c8cfb09694c7b6fe9783be2b477e00a0a465bb075e0f8,configs/doxorubicin_parameters.json,0b7d200aedee3aed703b810ad54927a2126d9ee0952f6ef87cf5ebb57992d345,configs/parameter_provenance.csv,86c4261fcb9616a643db79340fe0b7398ba10a5c46464e67e8b697bcfc3a4ec9
selectivity_pD=0.25_manifold_mixture,mixture,manifold mixture pD=0.25,0.25,0.24999999999999994,1000000.0,8.0,8e-06,1.0,1000000.0,0.1,100000.0,0.1,100000.0,10.0,10000000.0,1.0,1000000.0,3.981071705534973,3981071.705534973,8.612659323852396e-41,1.3546306657496706e-41,9.967289989602068e-41,0.02278860963452214,0.2133683160415164,0.23615692567603855,0.7638430743239544,9.967289989602068e-41,0.9999999999999929,7.105427357601002e-15,constant-generator matrix exponential Pade(13),2,dimensionless populations/per-encounter yields,dimensionless per encounter unless field name gives s^-1 or s,True,"Illustrative one-factor-at-a-time grid; bounds are not measured ranges or probability priors. Results are populations and per-encounter yields, not concentrations or biological fluxes. No encounter yield is converted to molarity, and no continuous biological ROS source is modeled.",4e863b04abf00d77462be6bdf33a6b2ad343ab81,485e6c100ae04a17802c8cfb09694c7b6fe9783be2b477e00a0a465bb075e0f8,configs/doxorubicin_parameters.json,0b7d200aedee3aed703b810ad54927a2126d9ee0952f6ef87cf5ebb57992d345,configs/parameter_provenance.csv,86c4261fcb9616a643db79340fe0b7398ba10a5c46464e67e8b697bcfc3a4ec9
selectivity_pD=0.25_manifold_mixture,mixture,manifold mixture pD=0.25,0.25,0.24999999999999994,1000000.0,8.0,8e-06,1.0,1000000.0,0.1,100000.0,0.1,100000.0,10.0,10000000.0,1.0,1000000.0,6.309573444801936,6309573.444801936,1.6819999222760577e-40,9.802482385603861e-42,1.7800247461320963e-40,0.022731183230443076,0.29013074375853587,0.31286192698897897,0.6871380730110139,1.7800247461320963e-40,0.9999999999999929,7.105427357601002e-15,constant-generator matrix exponential Pade(13),2,dimensionless populations/per-encounter yields,dimensionless per encounter unless field name gives s^-1 or s,True,"Illustrative one-factor-at-a-time grid; bounds are not measured ranges or probability priors. Results are populations and per-encounter yields, not concentrations or biological fluxes. No encounter yield is converted to molarity, and no continuous biological ROS source is modeled.",4e863b04abf00d77462be6bdf33a6b2ad343ab81,485e6c100ae04a17802c8cfb09694c7b6fe9783be2b477e00a0a465bb075e0f8,configs/doxorubicin_parameters.json,0b7d200aedee3aed703b810ad54927a2126d9ee0952f6ef87cf5ebb57992d345,configs/parameter_provenance.csv,86c4261fcb9616a643db79340fe0b7398ba10a5c46464e67e8b697bcfc3a4ec9
selectivity_pD=0.25_manifold_mixture,mixture,manifold mixture pD=0.25,0.25,0.24999999999999994,1000000.0,8.0,8e-06,1.0,1000000.0,0.1,100000.0,0.1,100000.0,10.0,10000000.0,1.0,1000000.0,10.0,10000000.0,2.5788920164215575e-40,6.721802533901279e-42,2.6461100417605707e-40,0.022669914040554823,0.37531547277694477,0.3979853868174996,0.602014613182493,2.6461100417605707e-40,0.9999999999999927,7.327471962526033e-15,constant-generator matrix exponential Pade(13),2,dimensionless populations/per-encounter yields,dimensionless per encounter unless field name gives s^-1 or s,True,"Illustrative one-factor-at-a-time grid; bounds are not measured ranges or probability priors. Results are populations and per-encounter yields, not concentrations or biological fluxes. No encounter yield is converted to molarity, and no continuous biological ROS source is modeled.",4e863b04abf00d77462be6bdf33a6b2ad343ab81,485e6c100ae04a17802c8cfb09694c7b6fe9783be2b477e00a0a465bb075e0f8,configs/doxorubicin_parameters.json,0b7d200aedee3aed703b810ad54927a2126d9ee0952f6ef87cf5ebb57992d345,configs/parameter_provenance.csv,86c4261fcb9616a643db79340fe0b7398ba10a5c46464e67e8b697bcfc3a4ec9
selectivity_pD=0.25_manifold_mixture,mixture,manifold mixture pD=0.25,0.25,0.24999999999999994,1000000.0,8.0,8e-06,10.0,10000000.0,0.1,100000.0,0.1,100000.0,0.1,100000.0,1.0,1000000.0,0.0,0.0,0.013984150986997183,0.09831454013046535,0.11229869111746255,0.5960029911560472,0.0,0.5960029911560472,0.2916983177264887,0.11229869111746255,0.9999999999999984,1.5543122344752192e-15,constant-generator matrix exponential Pade(13),2,dimensionless populations/per-encounter yields,dimensionless per encounter unless field name gives s^-1 or s,True,"Illustrative one-factor-at-a-time grid; bounds are not measured ranges or probability priors. Results are populations and per-encounter yields, not concentrations or biological fluxes. No encounter yield is converted to molarity, and no continuous biological ROS source is modeled.",4e863b04abf00d77462be6bdf33a6b2ad343ab81,485e6c100ae04a17802c8cfb09694c7b6fe9783be2b477e00a0a465bb075e0f8,configs/doxorubicin_parameters.json,0b7d200aedee3aed703b810ad54927a2126d9ee0952f6ef87cf5ebb57992d345,configs/parameter_provenance.csv,86c4261fcb9616a643db79340fe0b7398ba10a5c46464e67e8b697bcfc3a4ec9
selectivity_pD=0.25_manifold_mixture,mixture,manifold mixture pD=0.25,0.25,0.24999999999999994,1000000.0,8.0,8e-06,10.0,10000000.0,0.1,100000.0,0.1,100000.0,0.1,100000.0,1.0,1000000.0,0.01,10000.0,0.013096262277207987,0.09120906084374975,0.10430532312095775,0.5878514686235297,0.022641641944832466,0.6104931105683621,0.28520156631067756,0.10430532312095775,0.9999999999999974,2.55351295663786e-15,constant-generator matrix exponential Pade(13),2,dimensionless populations/per-encounter yields,dimensionless per encounter unless field name gives s^-1 or s,True,"Illustrative one-factor-at-a-time grid; bounds are not measured ranges or probability priors. Results are populations and per-encounter yields, not concentrations or biological fluxes. No encounter yield is converted to molarity, and no continuous biological ROS source is modeled.",4e863b04abf00d77462be6bdf33a6b2ad343ab81,485e6c100ae04a17802c8cfb09694c7b6fe9783be2b477e00a0a465bb075e0f8,configs/doxorubicin_parameters.json,0b7d200aedee3aed703b810ad54927a2126d9ee0952f6ef87cf5ebb57992d345,configs/parameter_provenance.csv,86c4261fcb9616a643db79340fe0b7398ba10a5c46464e67e8b697bcfc3a4ec9
selectivity_pD=0.25_manifold_mixture,mixture,manifold mixture pD=0.25,0.25,0.24999999999999994,1000000.0,8.0,8e-06,10.0,10000000.0,0.1,100000.0,0.1,100000.0,0.1,100000.0,1.0,1000000.0,0.015848931924611134,15848.931924611134,0.01260410009865046,0.08729632799742137,0.09990042809607184,0.5832031634973343,0.03537499062147601,0.6185781541188102,0.28152141778511586,0.09990042809607184,0.9999999999999979,2.1094237467877974e-15,constant-generator matrix exponential Pade(13),2,dimensionless populations/per-encounter yields,dimensionless per encounter unless field name gives s^-1 or s,True,"Illustrative one-factor-at-a-time grid; bounds are not measured ranges or probability priors. Results are populations and per-encounter yields, not concentrations or biological fluxes. No encounter yield is converted to molarity, and no continuous biological ROS source is modeled.",4e863b04abf00d77462be6bdf33a6b2ad343ab81,485e6c100ae04a17802c8cfb09694c7b6fe9783be2b477e00a0a465bb075e0f8,configs/doxorubicin_parameters.json,0b7d200aedee3aed703b810ad54927a2126d9ee0952f6ef87cf5ebb57992d345,configs/parameter_provenance.csv,86c4261fcb9616a643db79340fe0b7398ba10a5c46464e67e8b697bcfc3a4ec9
selectivity_pD=0.25_manifold_mixture,mixture,manifold mixture pD=0.25,0.25,0.24999999999999994,1000000.0,8.0,8e-06,10.0,10000000.0,0.1,100000.0,0.1,100000.0,0.1,100000.0,1.0,1000000.0,0.025118864315095794,25118.864315095794,0.011862823571585348,0.08143993224959015,0.0933027558211755,0.5760101499320873,0.05482476370498185,0.6308349136370692,0.2758623305417528,0.0933027558211755,0.9999999999999976,2.4424906541753444e-15,constant-generator matrix exponential Pade(13),2,dimensionless populations/per-encounter yields,dimensionless per encounter unless field name gives s^-1 or s,True,"Illustrative one-factor-at-a-time grid; bounds are not measured ranges or probability priors. Results are populations and per-encounter yields, not concentrations or biological fluxes. No encounter yield is converted to molarity, and no continuous biological ROS source is modeled.",4e863b04abf00d77462be6bdf33a6b2ad343ab81,485e6c100ae04a17802c8cfb09694c7b6fe9783be2b477e00a0a465bb075e0f8,configs/doxorubicin_parameters.json,0b7d200aedee3aed703b810ad54927a2126d9ee0952f6ef87cf5ebb57992d345,configs/parameter_provenance.csv,86c4261fcb9616a643db79340fe0b7398ba10a5c46464e67e8b697bcfc3a4ec9
selectivity_pD=0.25_manifold_mixture,mixture,manifold mixture pD=0.25,0.25,0.24999999999999994,1000000.0,8.0,8e-06,10.0,10000000.0,0.1,100000.0,0.1,100000.0,0.1,100000.0,1.0,1000000.0,0.039810717055349734,39810.717055349734,0.010778883601975521,0.07296135378381183,0.08374023738578734,0.5650286033125076,0.08392307231978573,0.6489516756322933,0.26730808698191766,0.08374023738578734,0.9999999999999982,1.7763568394002505e-15,constant-generator matrix exponential Pade(13),2,dimensionless populations/per-encounter yields,dimensionless per encounter unless field name gives s^-1 or s,True,"Illustrative one-factor-at-a-time grid; bounds are not measured ranges or probability priors. Results are populations and per-encounter yields, not concentrations or biological fluxes. No encounter yield is converted to molarity, and no continuous biological ROS source is modeled.",4e863b04abf00d77462be6bdf33a6b2ad343ab81,485e6c100ae04a17802c8cfb09694c7b6fe9783be2b477e00a0a465bb075e0f8,configs/doxorubicin_parameters.json,0b7d200aedee3aed703b810ad54927a2126d9ee0952f6ef87cf5ebb57992d345,configs/parameter_provenance.csv,86c4261fcb9616a643db79340fe0b7398ba10a5c46464e67e8b697bcfc3a4ec9
selectivity_pD=0.25_manifold_mixture,mixture,manifold mixture pD=0.25,0.25,0.24999999999999994,1000000.0,8.0,8e-06,10.0,10000000.0,0.1,100000.0,0.1,100000.0,0.1,100000.0,1.0,1000000.0,0.06309573444801933,63095.73444801933,0.009265969527059301,0.061314224614655986,0.07058019414171529,0.5486063457981636,0.12609914654537652,0.67470549234354,0.25471431351473994,0.07058019414171529,0.9999999999999953,4.6629367034256575e-15,constant-generator matrix exponential Pade(13),2,dimensionless populations/per-encounter yields,dimensionless per encounter unless field name gives s^-1 or s,True,"Illustrative one-factor-at-a-time grid; bounds are not measured ranges or probability priors. Results are populations and per-encounter yields, not concentrations or biological fluxes. No encounter yield is converted to molarity, and no continuous biological ROS source is modeled.",4e863b04abf00d77462be6bdf33a6b2ad343ab81,485e6c100ae04a17802c8cfb09694c7b6fe9783be2b477e00a0a465bb075e0f8,configs/doxorubicin_parameters.json,0b7d200aedee3aed703b810ad54927a2126d9ee0952f6ef87cf5ebb57992d345,configs/parameter_provenance.csv,86c4261fcb9616a643db79340fe0b7398ba10a5c46464e67e8b697bcfc3a4ec9
selectivity_pD=0.25_manifold_mixture,mixture,manifold mixture pD=0.25,0.25,0.24999999999999994,1000000.0,8.0,8e-06,10.0,10000000.0,0.1,100000.0,0.1,100000.0,0.1,100000.0,1.0,1000000.0,0.1,100000.0,0.007302833377682975,0.04658159736520837,0.05388443074289136,0.5247984669992358,0.1844186277789736,0.7092170947782095,0.23689847447889717,0.05388443074289136,0.999999999999998,1.9984014443252818e-15,constant-generator matrix exponential Pade(13),2,dimensionless populations/per-encounter yields,dimensionless per encounter unless field name gives s^-1 or s,True,"Illustrative one-factor-at-a-time grid; bounds are not measured ranges or probability priors. Results are populations and per-encounter yields, not concentrations or biological fluxes. No encounter yield is converted to molarity, and no continuous biological ROS source is modeled.",4e863b04abf00d77462be6bdf33a6b2ad343ab81,485e6c100ae04a17802c8cfb09694c7b6fe9783be2b477e00a0a465bb075e0f8,configs/doxorubicin_parameters.json,0b7d200aedee3aed703b810ad54927a2126d9ee0952f6ef87cf5ebb57992d345,configs/parameter_provenance.csv,86c4261fcb9616a643db79340fe0b7398ba10a5c46464e67e8b697bcfc3a4ec9
selectivity_pD=0.25_manifold_mixture,mixture,manifold mixture pD=0.25,0.25,0.24999999999999994,1000000.0,8.0,8e-06,10.0,10000000.0,0.1,100000.0,0.1,100000.0,0.1,100000.0,1.0,1000000.0,0.15848931924611143,158489.31924611144,0.005028677282261096,0.03020215966110494,0.03523083694336604,0.49180352784301207,0.25983836049641396,0.751641888339426,0.21312727471720563,0.03523083694336604,0.9999999999999977,2.3314683517128287e-15,constant-generator matrix exponential Pade(13),2,dimensionless populations/per-encounter yields,dimensionless per encounter unless field name gives s^-1 or s,True,"Illustrative one-factor-at-a-time grid; bounds are not measured ranges or probability priors. Results are populations and per-encounter yields, not concentrations or biological fluxes. No encounter yield is converted to molarity, and no continuous biological ROS source is modeled.",4e863b04abf00d77462be6bdf33a6b2ad343ab81,485e6c100ae04a17802c8cfb09694c7b6fe9783be2b477e00a0a465bb075e0f8,configs/doxorubicin_parameters.json,0b7d200aedee3aed703b810ad54927a2126d9ee0952f6ef87cf5ebb57992d345,configs/parameter_provenance.csv,86c4261fcb9616a643db79340fe0b7398ba10a5c46464e67e8b697bcfc3a4ec9
selectivity_pD=0.25_manifold_mixture,mixture,manifold mixture pD=0.25,0.25,0.24999999999999994,1000000.0,8.0,8e-06,10.0,10000000.0,0.1,100000.0,0.1,100000.0,0.1,100000.0,1.0,1000000.0,0.25118864315095807,251188.64315095806,0.0028156695142653692,0.015294349588822193,0.01811001910308756,0.44881841100781555,0.34917904654980125,0.7979974575576168,0.18389252333929082,0.01811001910308756,0.9999999999999951,4.884981308350689e-15,constant-generator matrix exponential Pade(13),2,dimensionless populations/per-encounter yields,dimensionless per encounter unless field name gives s^-1 or s,True,"Illustrative one-factor-at-a-time grid; bounds are not measured ranges or probability priors. Results are populations and per-encounter yields, not concentrations or biological fluxes. No encounter yield is converted to molarity, and no continuous biological ROS source is modeled.",4e863b04abf00d77462be6bdf33a6b2ad343ab81,485e6c100ae04a17802c8cfb09694c7b6fe9783be2b477e00a0a465bb075e0f8,configs/doxorubicin_parameters.json,0b7d200aedee3aed703b810ad54927a2126d9ee0952f6ef87cf5ebb57992d345,configs/parameter_provenance.csv,86c4261fcb9616a643db79340fe0b7398ba10a5c46464e67e8b697bcfc3a4ec9
selectivity_pD=0.25_manifold_mixture,mixture,manifold mixture pD=0.25,0.25,0.24999999999999994,1000000.0,8.0,8e-06,10.0,10000000.0,0.1,100000.0,0.1,100000.0,0.1,100000.0,1.0,1000000.0,0.3981071705534973,398107.17055349733,0.0011589859414394418,0.005300751523120887,0.006459737464560329,0.39700093468605335,0.44504818472332847,0.8420491194093818,0.15149114312605516,0.006459737464560329,0.9999999999999972,2.7755575615628914e-15,constant-generator matrix exponential Pade(13),2,dimensionless populations/per-encounter yields,dimensionless per encounter unless field name gives s^-1 or s,True,"Illustrative one-factor-at-a-time grid; bounds are not measured ranges or probability priors. Results are populations and per-encounter yields, not concentrations or biological fluxes. No encounter yield is converted to molarity, and no continuous biological ROS source is modeled.",4e863b04abf00d77462be6bdf33a6b2ad343ab81,485e6c100ae04a17802c8cfb09694c7b6fe9783be2b477e00a0a465bb075e0f8,configs/doxorubicin_parameters.json,0b7d200aedee3aed703b810ad54927a2126d9ee0952f6ef87cf5ebb57992d345,configs/parameter_provenance.csv,86c4261fcb9616a643db79340fe0b7398ba10a5c46464e67e8b697bcfc3a4ec9
selectivity_pD=0.25_manifold_mixture,mixture,manifold mixture pD=0.25,0.25,0.24999999999999994,1000000.0,8.0,8e-06,10.0,10000000.0,0.1,100000.0,0.1,100000.0,0.1,100000.0,1.0,1000000.0,0.6309573444801934,630957.3444801933,0.00031058353523331277,0.001051227286548408,0.0013618108217817208,0.3396278878136131,0.5395367071575524,0.8791645949711655,0.11947359420705031,0.0013618108217817208,0.9999999999999976,2.4424906541753444e-15,constant-generator matrix exponential Pade(13),2,dimensionless populations/per-encounter yields,dimensionless per encounter unless field name gives s^-1 or s,True,"Illustrative one-factor-at-a-time grid; bounds are not measured ranges or probability priors. Results are populations and per-encounter yields, not concentrations or biological fluxes. No encounter yield is converted to molarity, and no continuous biological ROS source is modeled.",4e863b04abf00d77462be6bdf33a6b2ad343ab81,485e6c100ae04a17802c8cfb09694c7b6fe9783be2b477e00a0a465bb075e0f8,configs/doxorubicin_parameters.json,0b7d200aedee3aed703b810ad54927a2126d9ee0952f6ef87cf5ebb57992d345,configs/parameter_provenance.csv,86c4261fcb9616a643db79340fe0b7398ba10a5c46464e67e8b697bcfc3a4ec9
selectivity_pD=0.25_manifold_mixture,mixture,manifold mixture pD=0.25,0.25,0.24999999999999994,1000000.0,8.0,8e-06,10.0,10000000.0,0.1,100000.0,0.1,100000.0,0.1,100000.0,1.0,1000000.0,1.0,1000000.0,4.958564261061839e-05,0.00010114743248485767,0.00015073307509547607,0.28090769858523923,0.628046180437398,0.9089538790226372,0.09089538790226372,0.00015073307509547607,0.9999999999999964,3.552713678800501e-15,constant-generator matrix exponential Pade(13),2,dimensionless populations/per-encounter yields,dimensionless per encounter unless field name gives s^-1 or s,True,"Illustrative one-factor-at-a-time grid; bounds are not measured ranges or probability priors. Results are populations and per-encounter yields, not concentrations or biological fluxes. No encounter yield is converted to molarity, and no continuous biological ROS source is modeled.",4e863b04abf00d77462be6bdf33a6b2ad343ab81,485e6c100ae04a17802c8cfb09694c7b6fe9783be2b477e00a0a465bb075e0f8,configs/doxorubicin_parameters.json,0b7d200aedee3aed703b810ad54927a2126d9ee0952f6ef87cf5ebb57992d345,configs/parameter_provenance.csv,86c4261fcb9616a643db79340fe0b7398ba10a5c46464e67e8b697bcfc3a4ec9
selectivity_pD=0.25_manifold_mixture,mixture,manifold mixture pD=0.25,0.25,0.24999999999999994,1000000.0,8.0,8e-06,10.0,10000000.0,0.1,100000.0,0.1,100000.0,0.1,100000.0,1.0,1000000.0,1.584893192461114,1584893.1924611141,4.813841399469071e-06,5.235275274980033e-06,1.0049116674449106e-05,0.22465616948708944,0.7081847288555134,0.9328408983426029,0.067149052540719,1.0049116674449106e-05,0.9999999999999963,3.6637359812630166e-15,constant-generator matrix exponential Pade(13),2,dimensionless populations/per-encounter yields,dimensionless per encounter unless field name gives s^-1 or s,True,"Illustrative one-factor-at-a-time grid; bounds are not measured ranges or probability priors. Results are populations and per-encounter yields, not concentrations or biological fluxes. No encounter yield is converted to molarity, and no continuous biological ROS source is modeled.",4e863b04abf00d77462be6bdf33a6b2ad343ab81,485e6c100ae04a17802c8cfb09694c7b6fe9783be2b477e00a0a465bb075e0f8,configs/doxorubicin_parameters.json,0b7d200aedee3aed703b810ad54927a2126d9ee0952f6ef87cf5ebb57992d345,configs/parameter_provenance.csv,86c4261fcb9616a643db79340fe0b7398ba10a5c46464e67e8b697bcfc3a4ec9
selectivity_pD=0.25_manifold_mixture,mixture,manifold mixture pD=0.25,0.25,0.24999999999999994,1000000.0,8.0,8e-06,10.0,10000000.0,0.1,100000.0,0.1,100000.0,0.1,100000.0,1.0,1000000.0,2.5118864315095824,2511886.4315095823,2.591823239875061e-07,1.8818138565749588e-07,4.4736370964500194e-07,0.1740899085926258,0.7775459897874483,0.9516358983800741,0.0483636542562125,4.4736370964500194e-07,0.9999999999999962,3.774758283725532e-15,constant-generator matrix exponential Pade(13),2,dimensionless populations/per-encounter yields,dimensionless per encounter unless field name gives s^-1 or s,True,"Illustrative one-factor-at-a-time grid; bounds are not measured ranges or probability priors. Results are populations and per-encounter yields, not concentrations or biological fluxes. No encounter yield is converted to molarity, and no continuous biological ROS source is modeled.",4e863b04abf00d77462be6bdf33a6b2ad343ab81,485e6c100ae04a17802c8cfb09694c7b6fe9783be2b477e00a0a465bb075e0f8,configs/doxorubicin_parameters.json,0b7d200aedee3aed703b810ad54927a2126d9ee0952f6ef87cf5ebb57992d345,configs/parameter_provenance.csv,86c4261fcb9616a643db79340fe0b7398ba10a5c46464e67e8b697bcfc3a4ec9
selectivity_pD=0.25_manifold_mixture,mixture,manifold mixture pD=0.25,0.25,0.24999999999999994,1000000.0,8.0,8e-06,10.0,10000000.0,0.1,100000.0,0.1,100000.0,0.1,100000.0,1.0,1000000.0,3.981071705534973,3981071.705534973,4.3963031454999265e-09,2.6632928073998894e-09,7.059595952899817e-09,0.13195381178567037,0.8339040766236487,0.9658578884093191,0.03414210453108171,7.059595952899817e-09,0.9999999999999967,3.3306690738754696e-15,constant-generator matrix exponential Pade(13),2,dimensionless populations/per-encounter yields,dimensionless per encounter unless field name gives s^-1 or s,True,"Illustrative one-factor-at-a-time grid; bounds are not measured ranges or probability priors. Results are populations and per-encounter yields, not concentrations or biological fluxes. No encounter yield is converted to molarity, and no continuous biological ROS source is modeled.",4e863b04abf00d77462be6bdf33a6b2ad343ab81,485e6c100ae04a17802c8cfb09694c7b6fe9783be2b477e00a0a465bb075e0f8,configs/doxorubicin_parameters.json,0b7d200aedee3aed703b810ad54927a2126d9ee0952f6ef87cf5ebb57992d345,configs/parameter_provenance.csv,86c4261fcb9616a643db79340fe0b7398ba10a5c46464e67e8b697bcfc3a4ec9
selectivity_pD=0.25_manifold_mixture,mixture,manifold mixture pD=0.25,0.25,0.24999999999999994,1000000.0,8.0,8e-06,10.0,10000000.0,0.1,100000.0,0.1,100000.0,0.1,100000.0,1.0,1000000.0,6.309573444801936,6309573.444801936,1.0323226518300076e-11,5.65359419078479e-12,1.597682070908487e-11,0.10027319750340802,0.8758186919039792,0.9760918894073872,0.02390811057662893,1.597682070908487e-11,0.9999999999999929,7.105427357601002e-15,constant-generator matrix exponential Pade(13),2,dimensionless populations/per-encounter yields,dimensionless per encounter unless field name gives s^-1 or s,True,"Illustrative one-factor-at-a-time grid; bounds are not measured ranges or probability priors. Results are populations and per-encounter yields, not concentrations or biological fluxes. No encounter yield is converted to molarity, and no continuous biological ROS source is modeled.",4e863b04abf00d77462be6bdf33a6b2ad343ab81,485e6c100ae04a17802c8cfb09694c7b6fe9783be2b477e00a0a465bb075e0f8,configs/doxorubicin_parameters.json,0b7d200aedee3aed703b810ad54927a2126d9ee0952f6ef87cf5ebb57992d345,configs/parameter_provenance.csv,86c4261fcb9616a643db79340fe0b7398ba10a5c46464e67e8b697bcfc3a4ec9
selectivity_pD=0.25_manifold_mixture,mixture,manifold mixture pD=0.25,0.25,0.24999999999999994,1000000.0,8.0,8e-06,10.0,10000000.0,0.1,100000.0,0.1,100000.0,0.1,100000.0,1.0,1000000.0,10.0,10000000.0,1.7227708885936085e-15,8.521809737350152e-16,2.5749518623286237e-15,0.08006722056178124,0.9028970865168622,0.9829643070786435,0.017035692921346744,2.5749518623286237e-15,0.9999999999999928,7.216449660063518e-15,constant-generator matrix exponential Pade(13),2,dimensionless populations/per-encounter yields,dimensionless per encounter unless field name gives s^-1 or s,True,"Illustrative one-factor-at-a-time grid; bounds are not measured ranges or probability priors. Results are populations and per-encounter yields, not concentrations or biological fluxes. No encounter yield is converted to molarity, and no continuous biological ROS source is modeled.",4e863b04abf00d77462be6bdf33a6b2ad343ab81,485e6c100ae04a17802c8cfb09694c7b6fe9783be2b477e00a0a465bb075e0f8,configs/doxorubicin_parameters.json,0b7d200aedee3aed703b810ad54927a2126d9ee0952f6ef87cf5ebb57992d345,configs/parameter_provenance.csv,86c4261fcb9616a643db79340fe0b7398ba10a5c46464e67e8b697bcfc3a4ec9
selectivity_pD=0.25_manifold_mixture,mixture,manifold mixture pD=0.25,0.25,0.24999999999999994,1000000.0,8.0,8e-06,10.0,10000000.0,0.1,100000.0,0.1,100000.0,1.0,1000000.0,1.0,1000000.0,0.0,0.0,1.0440368669088813e-05,7.340024041848492e-05,8.384060908757374e-05,0.20530210301605006,0.0,0.20530210301605006,0.7946140563748594,8.384060908757374e-05,0.999999999999997,2.9976021664879227e-15,constant-generator matrix exponential Pade(13),2,dimensionless populations/per-encounter yields,dimensionless per encounter unless field name gives s^-1 or s,True,"Illustrative one-factor-at-a-time grid; bounds are not measured ranges or probability priors. Results are populations and per-encounter yields, not concentrations or biological fluxes. No encounter yield is converted to molarity, and no continuous biological ROS source is modeled.",4e863b04abf00d77462be6bdf33a6b2ad343ab81,485e6c100ae04a17802c8cfb09694c7b6fe9783be2b477e00a0a465bb075e0f8,configs/doxorubicin_parameters.json,0b7d200aedee3aed703b810ad54927a2126d9ee0952f6ef87cf5ebb57992d345,configs/parameter_provenance.csv,86c4261fcb9616a643db79340fe0b7398ba10a5c46464e67e8b697bcfc3a4ec9
selectivity_pD=0.25_manifold_mixture,mixture,manifold mixture pD=0.25,0.25,0.24999999999999994,1000000.0,8.0,8e-06,10.0,10000000.0,0.1,100000.0,0.1,100000.0,1.0,1000000.0,1.0,1000000.0,0.01,10000.0,9.777483558942316e-06,6.809539042130865e-05,7.787287398025095e-05,0.20452614673780153,0.005850196372776367,0.2103763431105779,0.7895457840154385,7.787287398025095e-05,0.9999999999999966,3.4416913763379853e-15,constant-generator matrix exponential Pade(13),2,dimensionless populations/per-encounter yields,dimensionless per encounter unless field name gives s^-1 or s,True,"Illustrative one-factor-at-a-time grid; bounds are not measured ranges or probability priors. Results are populations and per-encounter yields, not concentrations or biological fluxes. No encounter yield is converted to molarity, and no continuous biological ROS source is modeled.",4e863b04abf00d77462be6bdf33a6b2ad343ab81,485e6c100ae04a17802c8cfb09694c7b6fe9783be2b477e00a0a465bb075e0f8,configs/doxorubicin_parameters.json,0b7d200aedee3aed703b810ad54927a2126d9ee0952f6ef87cf5ebb57992d345,configs/parameter_provenance.csv,86c4261fcb9616a643db79340fe0b7398ba10a5c46464e67e8b697bcfc3a4ec9
selectivity_pD=0.25_manifold_mixture,mixture,manifold mixture pD=0.25,0.25,0.24999999999999994,1000000.0,8.0,8e-06,10.0,10000000.0,0.1,100000.0,0.1,100000.0,1.0,1000000.0,1.0,1000000.0,0.015848931924611134,15848.931924611134,9.410042261011573e-06,6.517419960627107e-05,7.458424186728263e-05,0.2040760304785208,0.009232648005320969,0.21330867848384177,0.786616737274288,7.458424186728263e-05,0.9999999999999971,2.886579864025407e-15,constant-generator matrix exponential Pade(13),2,dimensionless populations/per-encounter yields,dimensionless per encounter unless field name gives s^-1 or s,True,"Illustrative one-factor-at-a-time grid; bounds are not measured ranges or probability priors. Results are populations and per-encounter yields, not concentrations or biological fluxes. No encounter yield is converted to molarity, and no continuous biological ROS source is modeled.",4e863b04abf00d77462be6bdf33a6b2ad343ab81,485e6c100ae04a17802c8cfb09694c7b6fe9783be2b477e00a0a465bb075e0f8,configs/doxorubicin_parameters.json,0b7d200aedee3aed703b810ad54927a2126d9ee0952f6ef87cf5ebb57992d345,configs/parameter_provenance.csv,86c4261fcb9616a643db79340fe0b7398ba10a5c46464e67e8b697bcfc3a4ec9
selectivity_pD=0.25_manifold_mixture,mixture,manifold mixture pD=0.25,0.25,0.24999999999999994,1000000.0,8.0,8e-06,10.0,10000000.0,0.1,100000.0,0.1,100000.0,1.0,1000000.0,1.0,1000000.0,0.025118864315095794,25118.864315095794,8.856615725821933e-06,6.080189765270221e-05,6.965851337852414e-05,0.20336820300034386,0.014535249029842035,0.2179034520301859,0.7820268894564317,6.965851337852414e-05,0.9999999999999961,3.885780586188048e-15,constant-generator matrix exponential Pade(13),2,dimensionless populations/per-encounter yields,dimensionless per encounter unless field name gives s^-1 or s,True,"Illustrative one-factor-at-a-time grid; bounds are not measured ranges or probability priors. Results are populations and per-encounter yields, not concentrations or biological fluxes. No encounter yield is converted to molarity, and no continuous biological ROS source is modeled.",4e863b04abf00d77462be6bdf33a6b2ad343ab81,485e6c100ae04a17802c8cfb09694c7b6fe9783be2b477e00a0a465bb075e0f8,configs/doxorubicin_parameters.json,0b7d200aedee3aed703b810ad54927a2126d9ee0952f6ef87cf5ebb57992d345,configs/parameter_provenance.csv,86c4261fcb9616a643db79340fe0b7398ba10a5c46464e67e8b697bcfc3a4ec9
selectivity_pD=0.25_manifold_mixture,mixture,manifold mixture pD=0.25,0.25,0.24999999999999994,1000000.0,8.0,8e-06,10.0,10000000.0,0.1,100000.0,0.1,100000.0,1.0,1000000.0,1.0,1000000.0,0.039810717055349734,39810.717055349734,8.047361527378986e-06,5.447191129494372e-05,6.25192728223227e-05,0.20226007804367155,0.02279644771138463,0.2250565257550562,0.7748809549721182,6.25192728223227e-05,0.9999999999999967,3.3306690738754696e-15,constant-generator matrix exponential Pade(13),2,dimensionless populations/per-encounter yields,dimensionless per encounter unless field name gives s^-1 or s,True,"Illustrative one-factor-at-a-time grid; bounds are not measured ranges or probability priors. Results are populations and per-encounter yields, not concentrations or biological fluxes. No encounter yield is converted to molarity, and no continuous biological ROS source is modeled.",4e863b04abf00d77462be6bdf33a6b2ad343ab81,485e6c100ae04a17802c8cfb09694c7b6fe9783be2b477e00a0a465bb075e0f8,configs/doxorubicin_parameters.json,0b7d200aedee3aed703b810ad54927a2126d9ee0952f6ef87cf5ebb57992d345,configs/parameter_provenance.csv,86c4261fcb9616a643db79340fe0b7398ba10a5c46464e67e8b697bcfc3a4ec9
selectivity_pD=0.25_manifold_mixture,mixture,manifold mixture pD=0.25,0.25,0.24999999999999994,1000000.0,8.0,8e-06,10.0,10000000.0,0.1,100000.0,0.1,100000.0,1.0,1000000.0,1.0,1000000.0,0.06309573444801933,63095.73444801933,6.917841349753328e-06,4.577632994892264e-05,5.2694171298675976e-05,0.20053726056839993,0.035543664570044854,0.23608092513844478,0.7638663806902535,5.2694171298675976e-05,0.999999999999997,2.9976021664879227e-15,constant-generator matrix exponential Pade(13),2,dimensionless populations/per-encounter yields,dimensionless per encounter unless field name gives s^-1 or s,True,"Illustrative one-factor-at-a-time grid; bounds are not measured ranges or probability priors. Results are populations and per-encounter yields, not concentrations or biological fluxes. No encounter yield is converted to molarity, and no continuous biological ROS source is modeled.",4e863b04abf00d77462be6bdf33a6b2ad343ab81,485e6c100ae04a17802c8cfb09694c7b6fe9783be2b477e00a0a465bb075e0f8,configs/doxorubicin_parameters.json,0b7d200aedee3aed703b810ad54927a2126d9ee0952f6ef87cf5ebb57992d345,configs/parameter_provenance.csv,86c4261fcb9616a643db79340fe0b7398ba10a5c46464e67e8b697bcfc3a4ec9
selectivity_pD=0.25_manifold_mixture,mixture,manifold mixture pD=0.25,0.25,0.24999999999999994,1000000.0,8.0,8e-06,10.0,10000000.0,0.1,100000.0,0.1,100000.0,1.0,1000000.0,1.0,1000000.0,0.1,100000.0,5.452191760717628e-06,3.477715952438104e-05,4.022935128509867e-05,0.19788707650556686,0.0549259652397798,0.2528130417453467,0.7471467289033649,4.022935128509867e-05,0.9999999999999967,3.3306690738754696e-15,constant-generator matrix exponential Pade(13),2,dimensionless populations/per-encounter yields,dimensionless per encounter unless field name gives s^-1 or s,True,"Illustrative one-factor-at-a-time grid; bounds are not measured ranges or probability priors. Results are populations and per-encounter yields, not concentrations or biological fluxes. No encounter yield is converted to molarity, and no continuous biological ROS source is modeled.",4e863b04abf00d77462be6bdf33a6b2ad343ab81,485e6c100ae04a17802c8cfb09694c7b6fe9783be2b477e00a0a465bb075e0f8,configs/doxorubicin_parameters.json,0b7d200aedee3aed703b810ad54927a2126d9ee0952f6ef87cf5ebb57992d345,configs/parameter_provenance.csv,86c4261fcb9616a643db79340fe0b7398ba10a5c46464e67e8b697bcfc3a4ec9
selectivity_pD=0.25_manifold_mixture,mixture,manifold mixture pD=0.25,0.25,0.24999999999999994,1000000.0,8.0,8e-06,10.0,10000000.0,0.1,100000.0,0.1,100000.0,1.0,1000000.0,1.0,1000000.0,0.15848931924611143,158489.31924611144,3.754339093842361e-06,2.2548503785307706e-05,2.6302842879150068e-05,0.1938750133978977,0.08375641547136989,0.2776314288692676,0.7223422682878506,2.6302842879150068e-05,0.9999999999999974,2.55351295663786e-15,constant-generator matrix exponential Pade(13),2,dimensionless populations/per-encounter yields,dimensionless per encounter unless field name gives s^-1 or s,True,"Illustrative one-factor-at-a-time grid; bounds are not measured ranges or probability priors. Results are populations and per-encounter yields, not concentrations or biological fluxes. No encounter yield is converted to molarity, and no continuous biological ROS source is modeled.",4e863b04abf00d77462be6bdf33a6b2ad343ab81,485e6c100ae04a17802c8cfb09694c7b6fe9783be2b477e00a0a465bb075e0f8,configs/doxorubicin_parameters.json,0b7d200aedee3aed703b810ad54927a2126d9ee0952f6ef87cf5ebb57992d345,configs/parameter_provenance.csv,86c4261fcb9616a643db79340fe0b7398ba10a5c46464e67e8b697bcfc3a4ec9
selectivity_pD=0.25_manifold_mixture,mixture,manifold mixture pD=0.25,0.25,0.24999999999999994,1000000.0,8.0,8e-06,10.0,10000000.0,0.1,100000.0,0.1,100000.0,1.0,1000000.0,1.0,1000000.0,0.25118864315095807,251188.64315095806,2.102138900429416e-06,1.1418544351366488e-05,1.3520683251795906e-05,0.187942056862049,0.12529479647906777,0.3132368533411168,0.6867496259756285,1.3520683251795906e-05,0.999999999999997,2.9976021664879227e-15,constant-generator matrix exponential Pade(13),2,dimensionless populations/per-encounter yields,dimensionless per encounter unless field name gives s^-1 or s,True,"Illustrative one-factor-at-a-time grid; bounds are not measured ranges or probability priors. Results are populations and per-encounter yields, not concentrations or biological fluxes. No encounter yield is converted to molarity, and no continuous biological ROS source is modeled.",4e863b04abf00d77462be6bdf33a6b2ad343ab81,485e6c100ae04a17802c8cfb09694c7b6fe9783be2b477e00a0a465bb075e0f8,configs/doxorubicin_parameters.json,0b7d200aedee3aed703b810ad54927a2126d9ee0952f6ef87cf5ebb57992d345,configs/parameter_provenance.csv,86c4261fcb9616a643db79340fe0b7398ba10a5c46464e67e8b697bcfc3a4ec9
selectivity_pD=0.25_manifold_mixture,mixture,manifold mixture pD=0.25,0.25,0.24999999999999994,1000000.0,8.0,8e-06,10.0,10000000.0,0.1,100000.0,0.1,100000.0,1.0,1000000.0,1.0,1000000.0,0.3981071705534973,398107.17055349733,8.652824559867699e-07,3.957465860893108e-06,4.822748316879878e-06,0.17945522300685884,0.18254711356437367,0.3620023365712325,0.6379928406804475,4.822748316879878e-06,0.9999999999999969,3.1086244689504383e-15,constant-generator matrix exponential Pade(13),2,dimensionless populations/per-encounter yields,dimensionless per encounter unless field name gives s^-1 or s,True,"Illustrative one-factor-at-a-time grid; bounds are not measured ranges or probability priors. Results are populations and per-encounter yields, not concentrations or biological fluxes. No encounter yield is converted to molarity, and no continuous biological ROS source is modeled.",4e863b04abf00d77462be6bdf33a6b2ad343ab81,485e6c100ae04a17802c8cfb09694c7b6fe9783be2b477e00a0a465bb075e0f8,configs/doxorubicin_parameters.json,0b7d200aedee3aed703b810ad54927a2126d9ee0952f6ef87cf5ebb57992d345,configs/parameter_provenance.csv,86c4261fcb9616a643db79340fe0b7398ba10a5c46464e67e8b697bcfc3a4ec9
selectivity_pD=0.25_manifold_mixture,mixture,manifold mixture pD=0.25,0.25,0.24999999999999994,1000000.0,8.0,8e-06,10.0,10000000.0,0.1,100000.0,0.1,100000.0,1.0,1000000.0,1.0,1000000.0,0.6309573444801934,630957.3444801933,2.3187725972064827e-07,7.848313735153627e-07,1.016708633236011e-06,0.16784956748208826,0.2569931516956402,0.4248427191777284,0.5751562641136347,1.016708633236011e-06,0.9999999999999964,3.552713678800501e-15,constant-generator matrix exponential Pade(13),2,dimensionless populations/per-encounter yields,dimensionless per encounter unless field name gives s^-1 or s,True,"Illustrative one-factor-at-a-time grid; bounds are not measured ranges or probability priors. Results are populations and per-encounter yields, not concentrations or biological fluxes. No encounter yield is converted to molarity, and no continuous biological ROS source is modeled.",4e863b04abf00d77462be6bdf33a6b2ad343ab81,485e6c100ae04a17802c8cfb09694c7b6fe9783be2b477e00a0a465bb075e0f8,configs/doxorubicin_parameters.json,0b7d200aedee3aed703b810ad54927a2126d9ee0952f6ef87cf5ebb57992d345,configs/parameter_provenance.csv,86c4261fcb9616a643db79340fe0b7398ba10a5c46464e67e8b697bcfc3a4ec9
selectivity_pD=0.25_manifold_mixture,mixture,manifold mixture pD=0.25,0.25,0.24999999999999994,1000000.0,8.0,8e-06,10.0,10000000.0,0.1,100000.0,0.1,100000.0,1.0,1000000.0,1.0,1000000.0,1.0,1000000.0,3.701993707232598e-08,7.551523764693375e-08,1.1253517471925974e-07,0.15287458807061988,0.3471253556617912,0.4999999437324111,0.4999999437324112,1.1253517471925974e-07,0.999999999999997,2.9976021664879227e-15,constant-generator matrix exponential Pade(13),2,dimensionless populations/per-encounter yields,dimensionless per encounter unless field name gives s^-1 or s,True,"Illustrative one-factor-at-a-time grid; bounds are not measured ranges or probability priors. Results are populations and per-encounter yields, not concentrations or biological fluxes. No encounter yield is converted to molarity, and no continuous biological ROS source is modeled.",4e863b04abf00d77462be6bdf33a6b2ad343ab81,485e6c100ae04a17802c8cfb09694c7b6fe9783be2b477e00a0a465bb075e0f8,configs/doxorubicin_parameters.json,0b7d200aedee3aed703b810ad54927a2126d9ee0952f6ef87cf5ebb57992d345,configs/parameter_provenance.csv,86c4261fcb9616a643db79340fe0b7398ba10a5c46464e67e8b697bcfc3a4ec9
selectivity_pD=0.25_manifold_mixture,mixture,manifold mixture pD=0.25,0.25,0.24999999999999994,1000000.0,8.0,8e-06,10.0,10000000.0,0.1,100000.0,0.1,100000.0,1.0,1000000.0,1.0,1000000.0,1.584893192461114,1584893.1924611141,3.593945672619741e-09,3.908582223245409e-09,7.50252789586515e-09,0.13488922043522827,0.4477257201718803,0.5826149406071086,0.41738505189036,7.50252789586515e-09,0.9999999999999966,3.4416913763379853e-15,constant-generator matrix exponential Pade(13),2,dimensionless populations/per-encounter yields,dimensionless per encounter unless field name gives s^-1 or s,True,"Illustrative one-factor-at-a-time grid; bounds are not measured ranges or probability priors. Results are populations and per-encounter yields, not concentrations or biological fluxes. No encounter yield is converted to molarity, and no continuous biological ROS source is modeled.",4e863b04abf00d77462be6bdf33a6b2ad343ab81,485e6c100ae04a17802c8cfb09694c7b6fe9783be2b477e00a0a465bb075e0f8,configs/doxorubicin_parameters.json,0b7d200aedee3aed703b810ad54927a2126d9ee0952f6ef87cf5ebb57992d345,configs/parameter_provenance.csv,86c4261fcb9616a643db79340fe0b7398ba10a5c46464e67e8b697bcfc3a4ec9
selectivity_pD=0.25_manifold_mixture,mixture,manifold mixture pD=0.25,0.25,0.24999999999999994,1000000.0,8.0,8e-06,10.0,10000000.0,0.1,100000.0,0.1,100000.0,1.0,1000000.0,1.0,1000000.0,2.5118864315095824,2511886.4315095823,1.9350184487116024e-10,1.4049355193254653e-10,3.3399539680370677e-10,0.11507203288762849,0.5506415746269049,0.6657136075145333,0.3342863921514678,3.3399539680370677e-10,0.9999999999999966,3.4416913763379853e-15,constant-generator matrix exponential Pade(13),2,dimensionless populations/per-encounter yields,dimensionless per encounter unless field name gives s^-1 or s,True,"Illustrative one-factor-at-a-time grid; bounds are not measured ranges or probability priors. Results are populations and per-encounter yields, not concentrations or biological fluxes. No encounter yield is converted to molarity, and no continuous biological ROS source is modeled.",4e863b04abf00d77462be6bdf33a6b2ad343ab81,485e6c100ae04a17802c8cfb09694c7b6fe9783be2b477e00a0a465bb075e0f8,configs/doxorubicin_parameters.json,0b7d200aedee3aed703b810ad54927a2126d9ee0952f6ef87cf5ebb57992d345,configs/parameter_provenance.csv,86c4261fcb9616a643db79340fe0b7398ba10a5c46464e67e8b697bcfc3a4ec9
selectivity_pD=0.25_manifold_mixture,mixture,manifold mixture pD=0.25,0.25,0.24999999999999994,1000000.0,8.0,8e-06,10.0,10000000.0,0.1,100000.0,0.1,100000.0,1.0,1000000.0,1.0,1000000.0,3.981071705534973,3981071.705534973,3.2822175377519834e-12,1.9883766135564313e-12,5.270594151308415e-12,0.0953963721892376,0.6467507997661857,0.7421471719554232,0.25785282803930265,5.270594151308415e-12,0.9999999999999964,3.552713678800501e-15,constant-generator matrix exponential Pade(13),2,dimensionless populations/per-encounter yields,dimensionless per encounter unless field name gives s^-1 or s,True,"Illustrative one-factor-at-a-time grid; bounds are not measured ranges or probability priors. Results are populations and per-encounter yields, not concentrations or biological fluxes. No encounter yield is converted to molarity, and no continuous biological ROS source is modeled.",4e863b04abf00d77462be6bdf33a6b2ad343ab81,485e6c100ae04a17802c8cfb09694c7b6fe9783be2b477e00a0a465bb075e0f8,configs/doxorubicin_parameters.json,0b7d200aedee3aed703b810ad54927a2126d9ee0952f6ef87cf5ebb57992d345,configs/parameter_provenance.csv,86c4261fcb9616a643db79340fe0b7398ba10a5c46464e67e8b697bcfc3a4ec9
selectivity_pD=0.25_manifold_mixture,mixture,manifold mixture pD=0.25,0.25,0.24999999999999994,1000000.0,8.0,8e-06,10.0,10000000.0,0.1,100000.0,0.1,100000.0,1.0,1000000.0,1.0,1000000.0,6.309573444801936,6309573.444801936,7.707174415220633e-15,4.220893189160766e-15,1.1928067604381398e-14,0.07829369014310222,0.7280279634020527,0.806321653545155,0.1936783464548264,1.1928067604381398e-14,0.9999999999999932,6.772360450213455e-15,constant-generator matrix exponential Pade(13),2,dimensionless populations/per-encounter yields,dimensionless per encounter unless field name gives s^-1 or s,True,"Illustrative one-factor-at-a-time grid; bounds are not measured ranges or probability priors. Results are populations and per-encounter yields, not concentrations or biological fluxes. No encounter yield is converted to molarity, and no continuous biological ROS source is modeled.",4e863b04abf00d77462be6bdf33a6b2ad343ab81,485e6c100ae04a17802c8cfb09694c7b6fe9783be2b477e00a0a465bb075e0f8,configs/doxorubicin_parameters.json,0b7d200aedee3aed703b810ad54927a2126d9ee0952f6ef87cf5ebb57992d345,configs/parameter_provenance.csv,86c4261fcb9616a643db79340fe0b7398ba10a5c46464e67e8b697bcfc3a4ec9
selectivity_pD=0.25_manifold_mixture,mixture,manifold mixture pD=0.25,0.25,0.24999999999999994,1000000.0,8.0,8e-06,10.0,10000000.0,0.1,100000.0,0.1,100000.0,1.0,1000000.0,1.0,1000000.0,10.0,10000000.0,1.2861962965084637e-18,6.3622622115917975e-19,1.9224225176676436e-18,0.06605249900500781,0.7889954563545247,0.8550479553595325,0.14495204464046033,1.9224225176676436e-18,0.9999999999999928,7.216449660063518e-15,constant-generator matrix exponential Pade(13),2,dimensionless populations/per-encounter yields,dimensionless per encounter unless field name gives s^-1 or s,True,"Illustrative one-factor-at-a-time grid; bounds are not measured ranges or probability priors. Results are populations and per-encounter yields, not concentrations or biological fluxes. No encounter yield is converted to molarity, and no continuous biological ROS source is modeled.",4e863b04abf00d77462be6bdf33a6b2ad343ab81,485e6c100ae04a17802c8cfb09694c7b6fe9783be2b477e00a0a465bb075e0f8,configs/doxorubicin_parameters.json,0b7d200aedee3aed703b810ad54927a2126d9ee0952f6ef87cf5ebb57992d345,configs/parameter_provenance.csv,86c4261fcb9616a643db79340fe0b7398ba10a5c46464e67e8b697bcfc3a4ec9
selectivity_pD=0.25_manifold_mixture,mixture,manifold mixture pD=0.25,0.25,0.24999999999999994,1000000.0,8.0,8e-06,10.0,10000000.0,0.1,100000.0,0.1,100000.0,10.0,10000000.0,1.0,1000000.0,0.0,0.0,5.617112701895071e-37,3.949069576417587e-36,4.5107808466070955e-36,0.02576916668036293,0.0,0.02576916668036293,0.9742308333196301,4.5107808466070955e-36,0.999999999999993,6.994405055138486e-15,constant-generator matrix exponential Pade(13),2,dimensionless populations/per-encounter yields,dimensionless per encounter unless field name gives s^-1 or s,True,"Illustrative one-factor-at-a-time grid; bounds are not measured ranges or probability priors. Results are populations and per-encounter yields, not concentrations or biological fluxes. No encounter yield is converted to molarity, and no continuous biological ROS source is modeled.",4e863b04abf00d77462be6bdf33a6b2ad343ab81,485e6c100ae04a17802c8cfb09694c7b6fe9783be2b477e00a0a465bb075e0f8,configs/doxorubicin_parameters.json,0b7d200aedee3aed703b810ad54927a2126d9ee0952f6ef87cf5ebb57992d345,configs/parameter_provenance.csv,86c4261fcb9616a643db79340fe0b7398ba10a5c46464e67e8b697bcfc3a4ec9
selectivity_pD=0.25_manifold_mixture,mixture,manifold mixture pD=0.25,0.25,0.24999999999999994,1000000.0,8.0,8e-06,10.0,10000000.0,0.1,100000.0,0.1,100000.0,10.0,10000000.0,1.0,1000000.0,0.01,10000.0,5.2604681723653774e-37,3.663658771059536e-36,4.189705588296074e-36,0.02576145662033735,0.0007159080691071745,0.026477364689444526,0.9735226353105482,4.189705588296074e-36,0.9999999999999927,7.327471962526033e-15,constant-generator matrix exponential Pade(13),2,dimensionless populations/per-encounter yields,dimensionless per encounter unless field name gives s^-1 or s,True,"Illustrative one-factor-at-a-time grid; bounds are not measured ranges or probability priors. Results are populations and per-encounter yields, not concentrations or biological fluxes. No encounter yield is converted to molarity, and no continuous biological ROS source is modeled.",4e863b04abf00d77462be6bdf33a6b2ad343ab81,485e6c100ae04a17802c8cfb09694c7b6fe9783be2b477e00a0a465bb075e0f8,configs/doxorubicin_parameters.json,0b7d200aedee3aed703b810ad54927a2126d9ee0952f6ef87cf5ebb57992d345,configs/parameter_provenance.csv,86c4261fcb9616a643db79340fe0b7398ba10a5c46464e67e8b697bcfc3a4ec9
selectivity_pD=0.25_manifold_mixture,mixture,manifold mixture pD=0.25,0.25,0.24999999999999994,1000000.0,8.0,8e-06,10.0,10000000.0,0.1,100000.0,0.1,100000.0,10.0,10000000.0,1.0,1000000.0,0.015848931924611134,15848.931924611134,5.062777913790819e-37,3.50649326712111e-36,4.0127710585001925e-36,0.02575695356882681,0.0011340536145400552,0.026891007183366865,0.973108992816626,4.0127710585001925e-36,0.9999999999999929,7.105427357601002e-15,constant-generator matrix exponential Pade(13),2,dimensionless populations/per-encounter yields,dimensionless per encounter unless field name gives s^-1 or s,True,"Illustrative one-factor-at-a-time grid; bounds are not measured ranges or probability priors. Results are populations and per-encounter yields, not concentrations or biological fluxes. No encounter yield is converted to molarity, and no continuous biological ROS source is modeled.",4e863b04abf00d77462be6bdf33a6b2ad343ab81,485e6c100ae04a17802c8cfb09694c7b6fe9783be2b477e00a0a465bb075e0f8,configs/doxorubicin_parameters.json,0b7d200aedee3aed703b810ad54927a2126d9ee0952f6ef87cf5ebb57992d345,configs/parameter_provenance.csv,86c4261fcb9616a643db79340fe0b7398ba10a5c46464e67e8b697bcfc3a4ec9
selectivity_pD=0.25_manifold_mixture,mixture,manifold mixture pD=0.25,0.25,0.24999999999999994,1000000.0,8.0,8e-06,10.0,10000000.0,0.1,100000.0,0.1,100000.0,10.0,10000000.0,1.0,1000000.0,0.025118864315095794,25118.864315095794,4.765024135269289e-37,3.271255282540895e-36,3.747757696067824e-36,0.025749826536940038,0.0017958883251825144,0.027545714862122553,0.9724542851378704,3.747757696067824e-36,0.9999999999999929,7.105427357601002e-15,constant-generator matrix exponential Pade(13),2,dimensionless populations/per-encounter yields,dimensionless per encounter unless field name gives s^-1 or s,True,"Illustrative one-factor-at-a-time grid; bounds are not measured ranges or probability priors. Results are populations and per-encounter yields, not concentrations or biological fluxes. No encounter yield is converted to molarity, and no continuous biological ROS source is modeled.",4e863b04abf00d77462be6bdf33a6b2ad343ab81,485e6c100ae04a17802c8cfb09694c7b6fe9783be2b477e00a0a465bb075e0f8,configs/doxorubicin_parameters.json,0b7d200aedee3aed703b810ad54927a2126d9ee0952f6ef87cf5ebb57992d345,configs/parameter_provenance.csv,86c4261fcb9616a643db79340fe0b7398ba10a5c46464e67e8b697bcfc3a4ec9
selectivity_pD=0.25_manifold_mixture,mixture,manifold mixture pD=0.25,0.25,0.24999999999999994,1000000.0,8.0,8e-06,10.0,10000000.0,0.1,100000.0,0.1,100000.0,10.0,10000000.0,1.0,1000000.0,0.039810717055349734,39810.717055349734,4.329630311429211e-37,2.930690232589619e-36,3.36365326373254e-36,0.025738555573142363,0.0028426176521609316,0.028581173225303295,0.9714188267746897,3.36365326373254e-36,0.999999999999993,6.994405055138486e-15,constant-generator matrix exponential Pade(13),2,dimensionless populations/per-encounter yields,dimensionless per encounter unless field name gives s^-1 or s,True,"Illustrative one-factor-at-a-time grid; bounds are not measured ranges or probability priors. Results are populations and per-encounter yields, not concentrations or biological fluxes. No encounter yield is converted to molarity, and no continuous biological ROS source is modeled.",4e863b04abf00d77462be6bdf33a6b2ad343ab81,485e6c100ae04a17802c8cfb09694c7b6fe9783be2b477e00a0a465bb075e0f8,configs/doxorubicin_parameters.json,0b7d200aedee3aed703b810ad54927a2126d9ee0952f6ef87cf5ebb57992d345,configs/parameter_provenance.csv,86c4261fcb9616a643db79340fe0b7398ba10a5c46464e67e8b697bcfc3a4ec9
selectivity_pD=0.25_manifold_mixture,mixture,manifold mixture pD=0.25,0.25,0.24999999999999994,1000000.0,8.0,8e-06,10.0,10000000.0,0.1,100000.0,0.1,100000.0,10.0,10000000.0,1.0,1000000.0,0.06309573444801933,63095.73444801933,3.7219274287164547e-37,2.4628517684775446e-36,2.8350445113491902e-36,0.02572075392223522,0.004496048451676422,0.030216802373911642,0.9697831976260811,2.8350445113491902e-36,0.9999999999999928,7.216449660063518e-15,constant-generator matrix exponential Pade(13),2,dimensionless populations/per-encounter yields,dimensionless per encounter unless field name gives s^-1 or s,True,"Illustrative one-factor-at-a-time grid; bounds are not measured ranges or probability priors. Results are populations and per-encounter yields, not concentrations or biological fluxes. No encounter yield is converted to molarity, and no continuous biological ROS source is modeled.",4e863b04abf00d77462be6bdf33a6b2ad343ab81,485e6c100ae04a17802c8cfb09694c7b6fe9783be2b477e00a0a465bb075e0f8,configs/doxorubicin_parameters.json,0b7d200aedee3aed703b810ad54927a2126d9ee0952f6ef87cf5ebb57992d345,configs/parameter_provenance.csv,86c4261fcb9616a643db79340fe0b7398ba10a5c46464e67e8b697bcfc3a4ec9
selectivity_pD=0.25_manifold_mixture,mixture,manifold mixture pD=0.25,0.25,0.24999999999999994,1000000.0,8.0,8e-06,10.0,10000000.0,0.1,100000.0,0.1,100000.0,10.0,10000000.0,1.0,1000000.0,0.1,100000.0,2.933380665279445e-37,1.871075923579236e-36,2.164413990107181e-36,0.02569269412180706,0.007102775887723915,0.03279547000953097,0.967204529990462,2.164413990107181e-36,0.999999999999993,6.994405055138486e-15,constant-generator matrix exponential Pade(13),2,dimensionless populations/per-encounter yields,dimensionless per encounter unless field name gives s^-1 or s,True,"Illustrative one-factor-at-a-time grid; bounds are not measured ranges or probability priors. Results are populations and per-encounter yields, not concentrations or biological fluxes. No encounter yield is converted to molarity, and no continuous biological ROS source is modeled.",4e863b04abf00d77462be6bdf33a6b2ad343ab81,485e6c100ae04a17802c8cfb09694c7b6fe9783be2b477e00a0a465bb075e0f8,configs/doxorubicin_parameters.json,0b7d200aedee3aed703b810ad54927a2126d9ee0952f6ef87cf5ebb57992d345,configs/parameter_provenance.csv,86c4261fcb9616a643db79340fe0b7398ba10a5c46464e67e8b697bcfc3a4ec9
selectivity_pD=0.25_manifold_mixture,mixture,manifold mixture pD=0.25,0.25,0.24999999999999994,1000000.0,8.0,8e-06,10.0,10000000.0,0.1,100000.0,0.1,100000.0,10.0,10000000.0,1.0,1000000.0,0.15848931924611143,158489.31924611144,2.0199043232717003e-37,1.2131514799489673e-36,1.4151419122761373e-36,0.02564860550238713,0.01119989256158556,0.03684849806397269,0.9631515019360201,1.4151419122761373e-36,0.9999999999999928,7.216449660063518e-15,constant-generator matrix exponential Pade(13),2,dimensionless populations/per-encounter yields,dimensionless per encounter unless field name gives s^-1 or s,True,"Illustrative one-factor-at-a-time grid; bounds are not measured ranges or probability priors. Results are populations and per-encounter yields, not concentrations or biological fluxes. No encounter yield is converted to molarity, and no continuous biological ROS source is modeled.",4e863b04abf00d77462be6bdf33a6b2ad343ab81,485e6c100ae04a17802c8cfb09694c7b6fe9783be2b477e00a0a465bb075e0f8,configs/doxorubicin_parameters.json,0b7d200aedee3aed703b810ad54927a2126d9ee0952f6ef87cf5ebb57992d345,configs/parameter_provenance.csv,86c4261fcb9616a643db79340fe0b7398ba10a5c46464e67e8b697bcfc3a4ec9
selectivity_pD=0.25_manifold_mixture,mixture,manifold mixture pD=0.25,0.25,0.24999999999999994,1000000.0,8.0,8e-06,10.0,10000000.0,0.1,100000.0,0.1,100000.0,10.0,10000000.0,1.0,1000000.0,0.25118864315095807,251188.64315095806,1.1309898618532124e-37,6.14338942868089e-37,7.2743792905341025e-37,0.02557967869489925,0.017608696592649048,0.0431883752875483,0.9568116247124443,7.2743792905341025e-37,0.9999999999999926,7.438494264988549e-15,constant-generator matrix exponential Pade(13),2,dimensionless populations/per-encounter yields,dimensionless per encounter unless field name gives s^-1 or s,True,"Illustrative one-factor-at-a-time grid; bounds are not measured ranges or probability priors. Results are populations and per-encounter yields, not concentrations or biological fluxes. No encounter yield is converted to molarity, and no continuous biological ROS source is modeled.",4e863b04abf00d77462be6bdf33a6b2ad343ab81,485e6c100ae04a17802c8cfb09694c7b6fe9783be2b477e00a0a465bb075e0f8,configs/doxorubicin_parameters.json,0b7d200aedee3aed703b810ad54927a2126d9ee0952f6ef87cf5ebb57992d345,configs/parameter_provenance.csv,86c4261fcb9616a643db79340fe0b7398ba10a5c46464e67e8b697bcfc3a4ec9
selectivity_pD=0.25_manifold_mixture,mixture,manifold mixture pD=0.25,0.25,0.24999999999999994,1000000.0,8.0,8e-06,10.0,10000000.0,0.1,100000.0,0.1,100000.0,10.0,10000000.0,1.0,1000000.0,0.3981071705534973,398107.17055349733,4.655380694209112e-38,2.129190305353319e-37,2.59472837477423e-37,0.025472768120069378,0.02755860829152554,0.053031376411594916,0.946968623588398,2.59472837477423e-37,0.9999999999999929,7.105427357601002e-15,constant-generator matrix exponential Pade(13),2,dimensionless populations/per-encounter yields,dimensionless per encounter unless field name gives s^-1 or s,True,"Illustrative one-factor-at-a-time grid; bounds are not measured ranges or probability priors. Results are populations and per-encounter yields, not concentrations or biological fluxes. No encounter yield is converted to molarity, and no continuous biological ROS source is modeled.",4e863b04abf00d77462be6bdf33a6b2ad343ab81,485e6c100ae04a17802c8cfb09694c7b6fe9783be2b477e00a0a465bb075e0f8,configs/doxorubicin_parameters.json,0b7d200aedee3aed703b810ad54927a2126d9ee0952f6ef87cf5ebb57992d345,configs/parameter_provenance.csv,86c4261fcb9616a643db79340fe0b7398ba10a5c46464e67e8b697bcfc3a4ec9
selectivity_pD=0.25_manifold_mixture,mixture,manifold mixture pD=0.25,0.25,0.24999999999999994,1000000.0,8.0,8e-06,10.0,10000000.0,0.1,100000.0,0.1,100000.0,10.0,10000000.0,1.0,1000000.0,0.6309573444801934,630957.3444801933,1.247542823572654e-38,4.22253889373773e-38,5.470081717310384e-38,0.025308979918192174,0.04282771300451635,0.06813669292270852,0.9318633070772842,5.470081717310384e-38,0.9999999999999927,7.327471962526033e-15,constant-generator matrix exponential Pade(13),2,dimensionless populations/per-encounter yields,dimensionless per encounter unless field name gives s^-1 or s,True,"Illustrative one-factor-at-a-time grid; bounds are not measured ranges or probability priors. Results are populations and per-encounter yields, not concentrations or biological fluxes. No encounter yield is converted to molarity, and no continuous biological ROS source is modeled.",4e863b04abf00d77462be6bdf33a6b2ad343ab81,485e6c100ae04a17802c8cfb09694c7b6fe9783be2b477e00a0a465bb075e0f8,configs/doxorubicin_parameters.json,0b7d200aedee3aed703b810ad54927a2126d9ee0952f6ef87cf5ebb57992d345,configs/parameter_provenance.csv,86c4261fcb9616a643db79340fe0b7398ba10a5c46464e67e8b697bcfc3a4ec9
selectivity_pD=0.25_manifold_mixture,mixture,manifold mixture pD=0.25,0.25,0.24999999999999994,1000000.0,8.0,8e-06,10.0,10000000.0,0.1,100000.0,0.1,100000.0,10.0,10000000.0,1.0,1000000.0,1.0,1000000.0,1.991741530813765e-39,4.062860364587298e-39,6.054601895401063e-39,0.025062836875292337,0.06584625403379793,0.09090909090909027,0.9090909090909025,6.054601895401063e-39,0.9999999999999928,7.216449660063518e-15,constant-generator matrix exponential Pade(13),2,dimensionless populations/per-encounter yields,dimensionless per encounter unless field name gives s^-1 or s,True,"Illustrative one-factor-at-a-time grid; bounds are not measured ranges or probability priors. Results are populations and per-encounter yields, not concentrations or biological fluxes. No encounter yield is converted to molarity, and no continuous biological ROS source is modeled.",4e863b04abf00d77462be6bdf33a6b2ad343ab81,485e6c100ae04a17802c8cfb09694c7b6fe9783be2b477e00a0a465bb075e0f8,configs/doxorubicin_parameters.json,0b7d200aedee3aed703b810ad54927a2126d9ee0952f6ef87cf5ebb57992d345,configs/parameter_provenance.csv,86c4261fcb9616a643db79340fe0b7398ba10a5c46464e67e8b697bcfc3a4ec9
selectivity_pD=0.25_manifold_mixture,mixture,manifold mixture pD=0.25,0.25,0.24999999999999994,1000000.0,8.0,8e-06,10.0,10000000.0,0.1,100000.0,0.1,100000.0,10.0,10000000.0,1.0,1000000.0,1.584893192461114,1584893.1924611141,1.933609676769683e-40,2.102889998280985e-40,4.036499675050668e-40,0.024703740320568525,0.099630828251904,0.12433456857247252,0.8756654314275205,4.036499675050668e-40,0.999999999999993,6.994405055138486e-15,constant-generator matrix exponential Pade(13),2,dimensionless populations/per-encounter yields,dimensionless per encounter unless field name gives s^-1 or s,True,"Illustrative one-factor-at-a-time grid; bounds are not measured ranges or probability priors. Results are populations and per-encounter yields, not concentrations or biological fluxes. No encounter yield is converted to molarity, and no continuous biological ROS source is modeled.",4e863b04abf00d77462be6bdf33a6b2ad343ab81,485e6c100ae04a17802c8cfb09694c7b6fe9783be2b477e00a0a465bb075e0f8,configs/doxorubicin_parameters.json,0b7d200aedee3aed703b810ad54927a2126d9ee0952f6ef87cf5ebb57992d345,configs/parameter_provenance.csv,86c4261fcb9616a643db79340fe0b7398ba10a5c46464e67e8b697bcfc3a4ec9
selectivity_pD=0.25_manifold_mixture,mixture,manifold mixture pD=0.25,0.25,0.24999999999999994,1000000.0,8.0,8e-06,10.0,10000000.0,0.1,100000.0,0.1,100000.0,10.0,10000000.0,1.0,1000000.0,2.5118864315095824,2511886.4315095823,1.041075947714376e-41,7.558814636797007e-42,1.7969574113940765e-41,0.02420296374332212,0.14731114952793933,0.17151411327126145,0.8284858867287314,1.7969574113940765e-41,0.9999999999999928,7.216449660063518e-15,constant-generator matrix exponential Pade(13),2,dimensionless populations/per-encounter yields,dimensionless per encounter unless field name gives s^-1 or s,True,"Illustrative one-factor-at-a-time grid; bounds are not measured ranges or probability priors. Results are populations and per-encounter yields, not concentrations or biological fluxes. No encounter yield is converted to molarity, and no continuous biological ROS source is modeled.",4e863b04abf00d77462be6bdf33a6b2ad343ab81,485e6c100ae04a17802c8cfb09694c7b6fe9783be2b477e00a0a465bb075e0f8,configs/doxorubicin_parameters.json,0b7d200aedee3aed703b810ad54927a2126d9ee0952f6ef87cf5ebb57992d345,configs/parameter_provenance.csv,86c4261fcb9616a643db79340fe0b7398ba10a5c46464e67e8b697bcfc3a4ec9
selectivity_pD=0.25_manifold_mixture,mixture,manifold mixture pD=0.25,0.25,0.24999999999999994,1000000.0,8.0,8e-06,10.0,10000000.0,0.1,100000.0,0.1,100000.0,10.0,10000000.0,1.0,1000000.0,3.981071705534973,3981071.705534973,1.7658941370792177e-43,1.069783633716617e-43,2.835677770795835e-43,0.023550136108386015,0.21098304778872107,0.2345331838971071,0.7654668161028857,2.835677770795835e-43,0.9999999999999928,7.216449660063518e-15,constant-generator matrix exponential Pade(13),2,dimensionless populations/per-encounter yields,dimensionless per encounter unless field name gives s^-1 or s,True,"Illustrative one-factor-at-a-time grid; bounds are not measured ranges or probability priors. Results are populations and per-encounter yields, not concentrations or biological fluxes. No encounter yield is converted to molarity, and no continuous biological ROS source is modeled.",4e863b04abf00d77462be6bdf33a6b2ad343ab81,485e6c100ae04a17802c8cfb09694c7b6fe9783be2b477e00a0a465bb075e0f8,configs/doxorubicin_parameters.json,0b7d200aedee3aed703b810ad54927a2126d9ee0952f6ef87cf5ebb57992d345,configs/parameter_provenance.csv,86c4261fcb9616a643db79340fe0b7398ba10a5c46464e67e8b697bcfc3a4ec9
selectivity_pD=0.25_manifold_mixture,mixture,manifold mixture pD=0.25,0.25,0.24999999999999994,1000000.0,8.0,8e-06,10.0,10000000.0,0.1,100000.0,0.1,100000.0,10.0,10000000.0,1.0,1000000.0,6.309573444801936,6309573.444801936,4.146603312163934e-46,2.270919111925038e-46,6.4175224240889715e-46,0.022779136381971675,0.28992667936301164,0.3127058157449833,0.6872941842550095,6.4175224240889715e-46,0.9999999999999929,7.105427357601002e-15,constant-generator matrix exponential Pade(13),2,dimensionless populations/per-encounter yields,dimensionless per encounter unless field name gives s^-1 or s,True,"Illustrative one-factor-at-a-time grid; bounds are not measured ranges or probability priors. Results are populations and per-encounter yields, not concentrations or biological fluxes. No encounter yield is converted to molarity, and no continuous biological ROS source is modeled.",4e863b04abf00d77462be6bdf33a6b2ad343ab81,485e6c100ae04a17802c8cfb09694c7b6fe9783be2b477e00a0a465bb075e0f8,configs/doxorubicin_parameters.json,0b7d200aedee3aed703b810ad54927a2126d9ee0952f6ef87cf5ebb57992d345,configs/parameter_provenance.csv,86c4261fcb9616a643db79340fe0b7398ba10a5c46464e67e8b697bcfc3a4ec9
selectivity_pD=0.25_manifold_mixture,mixture,manifold mixture pD=0.25,0.25,0.24999999999999994,1000000.0,8.0,8e-06,10.0,10000000.0,0.1,100000.0,0.1,100000.0,10.0,10000000.0,1.0,1000000.0,10.0,10000000.0,6.919975513545288e-50,3.423015509723174e-50,1.0342991023268462e-49,0.02198963658577851,0.3790569987782111,0.4010466353639896,0.5989533646359961,1.0342991023268462e-49,0.9999999999999858,1.4210854715202004e-14,constant-generator matrix exponential Pade(13),2,dimensionless populations/per-encounter yields,dimensionless per encounter unless field name gives s^-1 or s,True,"Illustrative one-factor-at-a-time grid; bounds are not measured ranges or probability priors. Results are populations and per-encounter yields, not concentrations or biological fluxes. No encounter yield is converted to molarity, and no continuous biological ROS source is modeled.",4e863b04abf00d77462be6bdf33a6b2ad343ab81,485e6c100ae04a17802c8cfb09694c7b6fe9783be2b477e00a0a465bb075e0f8,configs/doxorubicin_parameters.json,0b7d200aedee3aed703b810ad54927a2126d9ee0952f6ef87cf5ebb57992d345,configs/parameter_provenance.csv,86c4261fcb9616a643db79340fe0b7398ba10a5c46464e67e8b697bcfc3a4ec9
selectivity_pD=0.75_manifold_mixture,mixture,manifold mixture pD=0.75,0.75,0.7499999999999999,1000000.0,8.0,8e-06,0.0,0.0,0.1,100000.0,0.1,100000.0,0.1,100000.0,1.0,1000000.0,0.0,0.0,0.005981043820385073,0.09586354607922279,0.10184458989960787,0.6827741845321402,0.0,0.6827741845321402,0.21538122556825157,0.10184458989960787,0.9999999999999997,3.3306690738754696e-16,constant-generator matrix exponential Pade(13),2,dimensionless populations/per-encounter yields,dimensionless per encounter unless field name gives s^-1 or s,True,"Illustrative one-factor-at-a-time grid; bounds are not measured ranges or probability priors. Results are populations and per-encounter yields, not concentrations or biological fluxes. No encounter yield is converted to molarity, and no continuous biological ROS source is modeled.",4e863b04abf00d77462be6bdf33a6b2ad343ab81,485e6c100ae04a17802c8cfb09694c7b6fe9783be2b477e00a0a465bb075e0f8,configs/doxorubicin_parameters.json,0b7d200aedee3aed703b810ad54927a2126d9ee0952f6ef87cf5ebb57992d345,configs/parameter_provenance.csv,86c4261fcb9616a643db79340fe0b7398ba10a5c46464e67e8b697bcfc3a4ec9
selectivity_pD=0.75_manifold_mixture,mixture,manifold mixture pD=0.75,0.75,0.7499999999999999,1000000.0,8.0,8e-06,0.0,0.0,0.1,100000.0,0.1,100000.0,0.1,100000.0,1.0,1000000.0,0.01,10000.0,0.005591652052598402,0.08875846398022905,0.09435011603282745,0.6806774028964544,0.014264067343733863,0.6949414702401883,0.210708413726984,0.09435011603282745,0.9999999999999998,2.220446049250313e-16,constant-generator matrix exponential Pade(13),2,dimensionless populations/per-encounter yields,dimensionless per encounter unless field name gives s^-1 or s,True,"Illustrative one-factor-at-a-time grid; bounds are not measured ranges or probability priors. Results are populations and per-encounter yields, not concentrations or biological fluxes. No encounter yield is converted to molarity, and no continuous biological ROS source is modeled.",4e863b04abf00d77462be6bdf33a6b2ad343ab81,485e6c100ae04a17802c8cfb09694c7b6fe9783be2b477e00a0a465bb075e0f8,configs/doxorubicin_parameters.json,0b7d200aedee3aed703b810ad54927a2126d9ee0952f6ef87cf5ebb57992d345,configs/parameter_provenance.csv,86c4261fcb9616a643db79340fe0b7398ba10a5c46464e67e8b697bcfc3a4ec9
selectivity_pD=0.75_manifold_mixture,mixture,manifold mixture pD=0.75,0.75,0.7499999999999999,1000000.0,8.0,8e-06,0.0,0.0,0.1,100000.0,0.1,100000.0,0.1,100000.0,1.0,1000000.0,0.015848931924611134,15848.931924611134,0.005376156395975411,0.08485127006838247,0.09022742646435788,0.6794916030757322,0.022208109868268114,0.7016997129440004,0.20807286059164143,0.09022742646435788,0.9999999999999997,3.3306690738754696e-16,constant-generator matrix exponential Pade(13),2,dimensionless populations/per-encounter yields,dimensionless per encounter unless field name gives s^-1 or s,True,"Illustrative one-factor-at-a-time grid; bounds are not measured ranges or probability priors. Results are populations and per-encounter yields, not concentrations or biological fluxes. No encounter yield is converted to molarity, and no continuous biological ROS source is modeled.",4e863b04abf00d77462be6bdf33a6b2ad343ab81,485e6c100ae04a17802c8cfb09694c7b6fe9783be2b477e00a0a465bb075e0f8,configs/doxorubicin_parameters.json,0b7d200aedee3aed703b810ad54927a2126d9ee0952f6ef87cf5ebb57992d345,configs/parameter_provenance.csv,86c4261fcb9616a643db79340fe0b7398ba10a5c46464e67e8b697bcfc3a4ec9
selectivity_pD=0.75_manifold_mixture,mixture,manifold mixture pD=0.75,0.75,0.7499999999999999,1000000.0,8.0,8e-06,0.0,0.0,0.1,100000.0,0.1,100000.0,0.1,100000.0,1.0,1000000.0,0.025118864315095794,25118.864315095794,0.005052081190278022,0.07901074728592775,0.08406282847620578,0.6776710749751884,0.03422937856157104,0.7119004535367595,0.2040367179870347,0.08406282847620578,1.0,0.0,constant-generator matrix exponential Pade(13),2,dimensionless populations/per-encounter yields,dimensionless per encounter unless field name gives s^-1 or s,True,"Illustrative one-factor-at-a-time grid; bounds are not measured ranges or probability priors. Results are populations and per-encounter yields, not concentrations or biological fluxes. No encounter yield is converted to molarity, and no continuous biological ROS source is modeled.",4e863b04abf00d77462be6bdf33a6b2ad343ab81,485e6c100ae04a17802c8cfb09694c7b6fe9783be2b477e00a0a465bb075e0f8,configs/doxorubicin_parameters.json,0b7d200aedee3aed703b810ad54927a2126d9ee0952f6ef87cf5ebb57992d345,configs/parameter_provenance.csv,86c4261fcb9616a643db79340fe0b7398ba10a5c46464e67e8b697bcfc3a4ec9
selectivity_pD=0.75_manifold_mixture,mixture,manifold mixture pD=0.75,0.75,0.7499999999999999,1000000.0,8.0,8e-06,0.0,0.0,0.1,100000.0,0.1,100000.0,0.1,100000.0,1.0,1000000.0,0.039810717055349734,39810.717055349734,0.004579353521087633,0.07057266245708092,0.07515201597816856,0.6749263748939742,0.051946147802975094,0.7268725226969494,0.19797546132488175,0.07515201597816856,0.9999999999999997,3.3306690738754696e-16,constant-generator matrix exponential Pade(13),2,dimensionless populations/per-encounter yields,dimensionless per encounter unless field name gives s^-1 or s,True,"Illustrative one-factor-at-a-time grid; bounds are not measured ranges or probability priors. Results are populations and per-encounter yields, not concentrations or biological fluxes. No encounter yield is converted to molarity, and no continuous biological ROS source is modeled.",4e863b04abf00d77462be6bdf33a6b2ad343ab81,485e6c100ae04a17802c8cfb09694c7b6fe9783be2b477e00a0a465bb075e0f8,configs/doxorubicin_parameters.json,0b7d200aedee3aed703b810ad54927a2126d9ee0952f6ef87cf5ebb57992d345,configs/parameter_provenance.csv,86c4261fcb9616a643db79340fe0b7398ba10a5c46464e67e8b697bcfc3a4ec9
selectivity_pD=0.75_manifold_mixture,mixture,manifold mixture pD=0.75,0.75,0.7499999999999999,1000000.0,8.0,8e-06,0.0,0.0,0.1,100000.0,0.1,100000.0,0.1,100000.0,1.0,1000000.0,0.06309573444801933,63095.73444801933,0.0039221117303530565,0.05901968715756896,0.06294179888792202,0.6709031199771709,0.07701082958389369,0.7479139495610646,0.18914425155101308,0.06294179888792202,0.9999999999999998,2.220446049250313e-16,constant-generator matrix exponential Pade(13),2,dimensionless populations/per-encounter yields,dimensionless per encounter unless field name gives s^-1 or s,True,"Illustrative one-factor-at-a-time grid; bounds are not measured ranges or probability priors. Results are populations and per-encounter yields, not concentrations or biological fluxes. No encounter yield is converted to molarity, and no continuous biological ROS source is modeled.",4e863b04abf00d77462be6bdf33a6b2ad343ab81,485e6c100ae04a17802c8cfb09694c7b6fe9783be2b477e00a0a465bb075e0f8,configs/doxorubicin_parameters.json,0b7d200aedee3aed703b810ad54927a2126d9ee0952f6ef87cf5ebb57992d345,configs/parameter_provenance.csv,86c4261fcb9616a643db79340fe0b7398ba10a5c46464e67e8b697bcfc3a4ec9
selectivity_pD=0.75_manifold_mixture,mixture,manifold mixture pD=0.75,0.75,0.7499999999999999,1000000.0,8.0,8e-06,0.0,0.0,0.1,100000.0,0.1,100000.0,0.1,100000.0,1.0,1000000.0,0.1,100000.0,0.0030746140093383615,0.04448464935436103,0.04755926336369939,0.6652535197100593,0.11033093247761755,0.7755844521876769,0.17685628444862345,0.04755926336369939,0.9999999999999998,2.220446049250313e-16,constant-generator matrix exponential Pade(13),2,dimensionless populations/per-encounter yields,dimensionless per encounter unless field name gives s^-1 or s,True,"Illustrative one-factor-at-a-time grid; bounds are not measured ranges or probability priors. Results are populations and per-encounter yields, not concentrations or biological fluxes. No encounter yield is converted to molarity, and no continuous biological ROS source is modeled.",4e863b04abf00d77462be6bdf33a6b2ad343ab81,485e6c100ae04a17802c8cfb09694c7b6fe9783be2b477e00a0a465bb075e0f8,configs/doxorubicin_parameters.json,0b7d200aedee3aed703b810ad54927a2126d9ee0952f6ef87cf5ebb57992d345,configs/parameter_provenance.csv,86c4261fcb9616a643db79340fe0b7398ba10a5c46464e67e8b697bcfc3a4ec9
selectivity_pD=0.75_manifold_mixture,mixture,manifold mixture pD=0.75,0.75,0.7499999999999999,1000000.0,8.0,8e-06,0.0,0.0,0.1,100000.0,0.1,100000.0,0.1,100000.0,1.0,1000000.0,0.15848931924611143,158489.31924611144,0.0021027417063236653,0.028466664272818777,0.03056940597914244,0.6578116147816984,0.1507322178553606,0.808543832637059,0.16088676138379812,0.03056940597914244,0.9999999999999996,4.440892098500626e-16,constant-generator matrix exponential Pade(13),2,dimensionless populations/per-encounter yields,dimensionless per encounter unless field name gives s^-1 or s,True,"Illustrative one-factor-at-a-time grid; bounds are not measured ranges or probability priors. Results are populations and per-encounter yields, not concentrations or biological fluxes. No encounter yield is converted to molarity, and no continuous biological ROS source is modeled.",4e863b04abf00d77462be6bdf33a6b2ad343ab81,485e6c100ae04a17802c8cfb09694c7b6fe9783be2b477e00a0a465bb075e0f8,configs/doxorubicin_parameters.json,0b7d200aedee3aed703b810ad54927a2126d9ee0952f6ef87cf5ebb57992d345,configs/parameter_provenance.csv,86c4261fcb9616a643db79340fe0b7398ba10a5c46464e67e8b697bcfc3a4ec9
selectivity_pD=0.75_manifold_mixture,mixture,manifold mixture pD=0.75,0.75,0.7499999999999999,1000000.0,8.0,8e-06,0.0,0.0,0.1,100000.0,0.1,100000.0,0.1,100000.0,1.0,1000000.0,0.25118864315095807,251188.64315095806,0.0011724324047777273,0.014100067611000907,0.015272500015778637,0.6488653568381062,0.19381604870464098,0.8426814055427472,0.14204609444147404,0.015272500015778637,0.9999999999999999,1.1102230246251565e-16,constant-generator matrix exponential Pade(13),2,dimensionless populations/per-encounter yields,dimensionless per encounter unless field name gives s^-1 or s,True,"Illustrative one-factor-at-a-time grid; bounds are not measured ranges or probability priors. Results are populations and per-encounter yields, not concentrations or biological fluxes. No encounter yield is converted to molarity, and no continuous biological ROS source is modeled.",4e863b04abf00d77462be6bdf33a6b2ad343ab81,485e6c100ae04a17802c8cfb09694c7b6fe9783be2b477e00a0a465bb075e0f8,configs/doxorubicin_parameters.json,0b7d200aedee3aed703b810ad54927a2126d9ee0952f6ef87cf5ebb57992d345,configs/parameter_provenance.csv,86c4261fcb9616a643db79340fe0b7398ba10a5c46464e67e8b697bcfc3a4ec9
selectivity_pD=0.75_manifold_mixture,mixture,manifold mixture pD=0.75,0.75,0.7499999999999999,1000000.0,8.0,8e-06,0.0,0.0,0.1,100000.0,0.1,100000.0,0.1,100000.0,1.0,1000000.0,0.3981071705534973,398107.17055349733,0.0004942813415732506,0.004706849711557452,0.005201131053130702,0.6393429520810796,0.2329957382953232,0.8723386903764028,0.12246017857046591,0.005201131053130702,0.9999999999999993,6.661338147750939e-16,constant-generator matrix exponential Pade(13),2,dimensionless populations/per-encounter yields,dimensionless per encounter unless field name gives s^-1 or s,True,"Illustrative one-factor-at-a-time grid; bounds are not measured ranges or probability priors. Results are populations and per-encounter yields, not concentrations or biological fluxes. No encounter yield is converted to molarity, and no continuous biological ROS source is modeled.",4e863b04abf00d77462be6bdf33a6b2ad343ab81,485e6c100ae04a17802c8cfb09694c7b6fe9783be2b477e00a0a465bb075e0f8,configs/doxorubicin_parameters.json,0b7d200aedee3aed703b810ad54927a2126d9ee0952f6ef87cf5ebb57992d345,configs/parameter_provenance.csv,86c4261fcb9616a643db79340fe0b7398ba10a5c46464e67e8b697bcfc3a4ec9
selectivity_pD=0.75_manifold_mixture,mixture,manifold mixture pD=0.75,0.75,0.7499999999999999,1000000.0,8.0,8e-06,0.0,0.0,0.1,100000.0,0.1,100000.0,0.1,100000.0,1.0,1000000.0,0.6309573444801934,630957.3444801933,0.00016092051490326,0.0008826907254459476,0.0010436112403492074,0.6305576444636267,0.2635699568195963,0.894127601283223,0.10482878747642746,0.0010436112403492074,0.9999999999999997,3.3306690738754696e-16,constant-generator matrix exponential Pade(13),2,dimensionless populations/per-encounter yields,dimensionless per encounter unless field name gives s^-1 or s,True,"Illustrative one-factor-at-a-time grid; bounds are not measured ranges or probability priors. Results are populations and per-encounter yields, not concentrations or biological fluxes. No encounter yield is converted to molarity, and no continuous biological ROS source is modeled.",4e863b04abf00d77462be6bdf33a6b2ad343ab81,485e6c100ae04a17802c8cfb09694c7b6fe9783be2b477e00a0a465bb075e0f8,configs/doxorubicin_parameters.json,0b7d200aedee3aed703b810ad54927a2126d9ee0952f6ef87cf5ebb57992d345,configs/parameter_provenance.csv,86c4261fcb9616a643db79340fe0b7398ba10a5c46464e67e8b697bcfc3a4ec9
selectivity_pD=0.75_manifold_mixture,mixture,manifold mixture pD=0.75,0.75,0.7499999999999999,1000000.0,8.0,8e-06,0.0,0.0,0.1,100000.0,0.1,100000.0,0.1,100000.0,1.0,1000000.0,1.0,1000000.0,6.292455961866046e-05,8.780851547681642e-05,0.00015073307509547688,0.6234876928527358,0.285466186169904,0.9089538790226397,0.09089538790226398,0.00015073307509547688,0.9999999999999992,7.771561172376096e-16,constant-generator matrix exponential Pade(13),2,dimensionless populations/per-encounter yields,dimensionless per encounter unless field name gives s^-1 or s,True,"Illustrative one-factor-at-a-time grid; bounds are not measured ranges or probability priors. Results are populations and per-encounter yields, not concentrations or biological fluxes. No encounter yield is converted to molarity, and no continuous biological ROS source is modeled.",4e863b04abf00d77462be6bdf33a6b2ad343ab81,485e6c100ae04a17802c8cfb09694c7b6fe9783be2b477e00a0a465bb075e0f8,configs/doxorubicin_parameters.json,0b7d200aedee3aed703b810ad54927a2126d9ee0952f6ef87cf5ebb57992d345,configs/parameter_provenance.csv,86c4261fcb9616a643db79340fe0b7398ba10a5c46464e67e8b697bcfc3a4ec9
selectivity_pD=0.75_manifold_mixture,mixture,manifold mixture pD=0.75,0.75,0.7499999999999999,1000000.0,8.0,8e-06,0.0,0.0,0.1,100000.0,0.1,100000.0,0.1,100000.0,1.0,1000000.0,1.584893192461114,1584893.1924611141,4.488503204116738e-05,1.1234838013348165e-05,5.611987005451556e-05,0.6183307671302636,0.3008007895476043,0.919131556677868,0.08081232345207655,5.611987005451556e-05,0.999999999999999,9.992007221626409e-16,constant-generator matrix exponential Pade(13),2,dimensionless populations/per-encounter yields,dimensionless per encounter unless field name gives s^-1 or s,True,"Illustrative one-factor-at-a-time grid; bounds are not measured ranges or probability priors. Results are populations and per-encounter yields, not concentrations or biological fluxes. No encounter yield is converted to molarity, and no continuous biological ROS source is modeled.",4e863b04abf00d77462be6bdf33a6b2ad343ab81,485e6c100ae04a17802c8cfb09694c7b6fe9783be2b477e00a0a465bb075e0f8,configs/doxorubicin_parameters.json,0b7d200aedee3aed703b810ad54927a2126d9ee0952f6ef87cf5ebb57992d345,configs/parameter_provenance.csv,86c4261fcb9616a643db79340fe0b7398ba10a5c46464e67e8b697bcfc3a4ec9
selectivity_pD=0.75_manifold_mixture,mixture,manifold mixture pD=0.75,0.75,0.7499999999999999,1000000.0,8.0,8e-06,0.0,0.0,0.1,100000.0,0.1,100000.0,0.1,100000.0,1.0,1000000.0,2.5118864315095824,2511886.4315095823,4.131157869942833e-05,3.795332317644124e-06,4.5106911017072454e-05,0.6147737926536343,0.3113102373927086,0.9260840300463429,0.07387086304263828,4.5106911017072454e-05,0.9999999999999982,1.7763568394002505e-15,constant-generator matrix exponential Pade(13),2,dimensionless populations/per-encounter yields,dimensionless per encounter unless field name gives s^-1 or s,True,"Illustrative one-factor-at-a-time grid; bounds are not measured ranges or probability priors. Results are populations and per-encounter yields, not concentrations or biological fluxes. No encounter yield is converted to molarity, and no continuous biological ROS source is modeled.",4e863b04abf00d77462be6bdf33a6b2ad343ab81,485e6c100ae04a17802c8cfb09694c7b6fe9783be2b477e00a0a465bb075e0f8,configs/doxorubicin_parameters.json,0b7d200aedee3aed703b810ad54927a2126d9ee0952f6ef87cf5ebb57992d345,configs/parameter_provenance.csv,86c4261fcb9616a643db79340fe0b7398ba10a5c46464e67e8b697bcfc3a4ec9
selectivity_pD=0.75_manifold_mixture,mixture,manifold mixture pD=0.75,0.75,0.7499999999999999,1000000.0,8.0,8e-06,0.0,0.0,0.1,100000.0,0.1,100000.0,0.1,100000.0,1.0,1000000.0,3.981071705534973,3981071.705534973,4.012824912280433e-05,1.8339405468827013e-06,4.196218966968703e-05,0.612397708225352,0.318324606171854,0.930722314397206,0.06923572341312231,4.196218966968703e-05,0.999999999999998,1.9984014443252818e-15,constant-generator matrix exponential Pade(13),2,dimensionless populations/per-encounter yields,dimensionless per encounter unless field name gives s^-1 or s,True,"Illustrative one-factor-at-a-time grid; bounds are not measured ranges or probability priors. Results are populations and per-encounter yields, not concentrations or biological fluxes. No encounter yield is converted to molarity, and no continuous biological ROS source is modeled.",4e863b04abf00d77462be6bdf33a6b2ad343ab81,485e6c100ae04a17802c8cfb09694c7b6fe9783be2b477e00a0a465bb075e0f8,configs/doxorubicin_parameters.json,0b7d200aedee3aed703b810ad54927a2126d9ee0952f6ef87cf5ebb57992d345,configs/parameter_provenance.csv,86c4261fcb9616a643db79340fe0b7398ba10a5c46464e67e8b697bcfc3a4ec9
selectivity_pD=0.75_manifold_mixture,mixture,manifold mixture pD=0.75,0.75,0.7499999999999999,1000000.0,8.0,8e-06,0.0,0.0,0.1,100000.0,0.1,100000.0,0.1,100000.0,1.0,1000000.0,6.309573444801936,6309573.444801936,3.9591950709501434e-05,1.0065448476393057e-06,4.059849555714075e-05,0.6108424152226651,0.3229148886715104,0.9337573038941755,0.06620209761026466,4.059849555714075e-05,0.9999999999999973,2.6645352591003757e-15,constant-generator matrix exponential Pade(13),2,dimensionless populations/per-encounter yields,dimensionless per encounter unless field name gives s^-1 or s,True,"Illustrative one-factor-at-a-time grid; bounds are not measured ranges or probability priors. Results are populations and per-encounter yields, not concentrations or biological fluxes. No encounter yield is converted to molarity, and no continuous biological ROS source is modeled.",4e863b04abf00d77462be6bdf33a6b2ad343ab81,485e6c100ae04a17802c8cfb09694c7b6fe9783be2b477e00a0a465bb075e0f8,configs/doxorubicin_parameters.json,0b7d200aedee3aed703b810ad54927a2126d9ee0952f6ef87cf5ebb57992d345,configs/parameter_provenance.csv,86c4261fcb9616a643db79340fe0b7398ba10a5c46464e67e8b697bcfc3a4ec9
selectivity_pD=0.75_manifold_mixture,mixture,manifold mixture pD=0.75,0.75,0.7499999999999999,1000000.0,8.0,8e-06,0.0,0.0,0.1,100000.0,0.1,100000.0,0.1,100000.0,1.0,1000000.0,10.0,10000000.0,3.931059109351015e-05,5.866599033143998e-07,3.9897250996824556e-05,0.6098377469975953,0.3258797832194508,0.9357175302170462,0.06424257253195406,3.9897250996824556e-05,0.9999999999999971,2.886579864025407e-15,constant-generator matrix exponential Pade(13),2,dimensionless populations/per-encounter yields,dimensionless per encounter unless field name gives s^-1 or s,True,"Illustrative one-factor-at-a-time grid; bounds are not measured ranges or probability priors. Results are populations and per-encounter yields, not concentrations or biological fluxes. No encounter yield is converted to molarity, and no continuous biological ROS source is modeled.",4e863b04abf00d77462be6bdf33a6b2ad343ab81,485e6c100ae04a17802c8cfb09694c7b6fe9783be2b477e00a0a465bb075e0f8,configs/doxorubicin_parameters.json,0b7d200aedee3aed703b810ad54927a2126d9ee0952f6ef87cf5ebb57992d345,configs/parameter_provenance.csv,86c4261fcb9616a643db79340fe0b7398ba10a5c46464e67e8b697bcfc3a4ec9
selectivity_pD=0.75_manifold_mixture,mixture,manifold mixture pD=0.75,0.75,0.7499999999999999,1000000.0,8.0,8e-06,0.0,0.0,0.1,100000.0,0.1,100000.0,1.0,1000000.0,1.0,1000000.0,0.0,0.0,4.465362435578549e-06,7.15703630434117e-05,7.603572547899028e-05,0.36028991128935217,0.0,0.36028991128935217,0.639634052985168,7.603572547899028e-05,0.9999999999999991,8.881784197001252e-16,constant-generator matrix exponential Pade(13),2,dimensionless populations/per-encounter yields,dimensionless per encounter unless field name gives s^-1 or s,True,"Illustrative one-factor-at-a-time grid; bounds are not measured ranges or probability priors. Results are populations and per-encounter yields, not concentrations or biological fluxes. No encounter yield is converted to molarity, and no continuous biological ROS source is modeled.",4e863b04abf00d77462be6bdf33a6b2ad343ab81,485e6c100ae04a17802c8cfb09694c7b6fe9783be2b477e00a0a465bb075e0f8,configs/doxorubicin_parameters.json,0b7d200aedee3aed703b810ad54927a2126d9ee0952f6ef87cf5ebb57992d345,configs/parameter_provenance.csv,86c4261fcb9616a643db79340fe0b7398ba10a5c46464e67e8b697bcfc3a4ec9
selectivity_pD=0.75_manifold_mixture,mixture,manifold mixture pD=0.75,0.75,0.7499999999999999,1000000.0,8.0,8e-06,0.0,0.0,0.1,100000.0,0.1,100000.0,1.0,1000000.0,1.0,1000000.0,0.01,10000.0,4.174648067850302e-06,6.626580958095179e-05,7.04404576488021e-05,0.3602088086720313,0.0027674449722602757,0.3629762536442916,0.6369533058980588,7.04404576488021e-05,0.9999999999999991,8.881784197001252e-16,constant-generator matrix exponential Pade(13),2,dimensionless populations/per-encounter yields,dimensionless per encounter unless field name gives s^-1 or s,True,"Illustrative one-factor-at-a-time grid; bounds are not measured ranges or probability priors. Results are populations and per-encounter yields, not concentrations or biological fluxes. No encounter yield is converted to molarity, and no continuous biological ROS source is modeled.",4e863b04abf00d77462be6bdf33a6b2ad343ab81,485e6c100ae04a17802c8cfb09694c7b6fe9783be2b477e00a0a465bb075e0f8,configs/doxorubicin_parameters.json,0b7d200aedee3aed703b810ad54927a2126d9ee0952f6ef87cf5ebb57992d345,configs/parameter_provenance.csv,86c4261fcb9616a643db79340fe0b7398ba10a5c46464e67e8b697bcfc3a4ec9
selectivity_pD=0.75_manifold_mixture,mixture,manifold mixture pD=0.75,0.75,0.7499999999999999,1000000.0,8.0,8e-06,0.0,0.0,0.1,100000.0,0.1,100000.0,1.0,1000000.0,1.0,1000000.0,0.015848931924611134,15848.931924611134,4.013762068848767e-06,6.334875405579132e-05,6.73625161246401e-05,0.3601620609833468,0.004362357619038425,0.3645244186023852,0.6354082188814894,6.73625161246401e-05,0.9999999999999992,7.771561172376096e-16,constant-generator matrix exponential Pade(13),2,dimensionless populations/per-encounter yields,dimensionless per encounter unless field name gives s^-1 or s,True,"Illustrative one-factor-at-a-time grid; bounds are not measured ranges or probability priors. Results are populations and per-encounter yields, not concentrations or biological fluxes. No encounter yield is converted to molarity, and no continuous biological ROS source is modeled.",4e863b04abf00d77462be6bdf33a6b2ad343ab81,485e6c100ae04a17802c8cfb09694c7b6fe9783be2b477e00a0a465bb075e0f8,configs/doxorubicin_parameters.json,0b7d200aedee3aed703b810ad54927a2126d9ee0952f6ef87cf5ebb57992d345,configs/parameter_provenance.csv,86c4261fcb9616a643db79340fe0b7398ba10a5c46464e67e8b697bcfc3a4ec9
selectivity_pD=0.75_manifold_mixture,mixture,manifold mixture pD=0.75,0.75,0.7499999999999999,1000000.0,8.0,8e-06,0.0,0.0,0.1,100000.0,0.1,100000.0,1.0,1000000.0,1.0,1000000.0,0.025118864315095794,25118.864315095794,3.771812119428326e-06,5.898830263290989e-05,6.276011475233822e-05,0.3600889887845087,0.006855044030145424,0.3669440328146541,0.6329932070705926,6.276011475233822e-05,0.999999999999999,9.992007221626409e-16,constant-generator matrix exponential Pade(13),2,dimensionless populations/per-encounter yields,dimensionless per encounter unless field name gives s^-1 or s,True,"Illustrative one-factor-at-a-time grid; bounds are not measured ranges or probability priors. Results are populations and per-encounter yields, not concentrations or biological fluxes. No encounter yield is converted to molarity, and no continuous biological ROS source is modeled.",4e863b04abf00d77462be6bdf33a6b2ad343ab81,485e6c100ae04a17802c8cfb09694c7b6fe9783be2b477e00a0a465bb075e0f8,configs/doxorubicin_parameters.json,0b7d200aedee3aed703b810ad54927a2126d9ee0952f6ef87cf5ebb57992d345,configs/parameter_provenance.csv,86c4261fcb9616a643db79340fe0b7398ba10a5c46464e67e8b697bcfc3a4ec9
selectivity_pD=0.75_manifold_mixture,mixture,manifold mixture pD=0.75,0.75,0.7499999999999999,1000000.0,8.0,8e-06,0.0,0.0,0.1,100000.0,0.1,100000.0,1.0,1000000.0,1.0,1000000.0,0.039810717055349734,39810.717055349734,3.418880350383795e-06,5.268854824981424e-05,5.610742860019804e-05,0.35997566685807403,0.010719936191613993,0.370695603049688,0.6292482895217109,5.610742860019804e-05,0.999999999999999,9.992007221626409e-16,constant-generator matrix exponential Pade(13),2,dimensionless populations/per-encounter yields,dimensionless per encounter unless field name gives s^-1 or s,True,"Illustrative one-factor-at-a-time grid; bounds are not measured ranges or probability priors. Results are populations and per-encounter yields, not concentrations or biological fluxes. No encounter yield is converted to molarity, and no continuous biological ROS source is modeled.",4e863b04abf00d77462be6bdf33a6b2ad343ab81,485e6c100ae04a17802c8cfb09694c7b6fe9783be2b477e00a0a465bb075e0f8,configs/doxorubicin_parameters.json,0b7d200aedee3aed703b810ad54927a2126d9ee0952f6ef87cf5ebb57992d345,configs/parameter_provenance.csv,86c4261fcb9616a643db79340fe0b7398ba10a5c46464e67e8b697bcfc3a4ec9
selectivity_pD=0.75_manifold_mixture,mixture,manifold mixture pD=0.75,0.75,0.7499999999999999,1000000.0,8.0,8e-06,0.0,0.0,0.1,100000.0,0.1,100000.0,1.0,1000000.0,1.0,1000000.0,0.06309573444801933,63095.73444801933,2.9281929567493023e-06,4.406326084667241e-05,4.699145380342171e-05,0.3598020622053112,0.016638970671254805,0.376441032876566,0.6235119756696299,4.699145380342171e-05,0.9999999999999992,7.771561172376096e-16,constant-generator matrix exponential Pade(13),2,dimensionless populations/per-encounter yields,dimensionless per encounter unless field name gives s^-1 or s,True,"Illustrative one-factor-at-a-time grid; bounds are not measured ranges or probability priors. Results are populations and per-encounter yields, not concentrations or biological fluxes. No encounter yield is converted to molarity, and no continuous biological ROS source is modeled.",4e863b04abf00d77462be6bdf33a6b2ad343ab81,485e6c100ae04a17802c8cfb09694c7b6fe9783be2b477e00a0a465bb075e0f8,configs/doxorubicin_parameters.json,0b7d200aedee3aed703b810ad54927a2126d9ee0952f6ef87cf5ebb57992d345,configs/parameter_provenance.csv,86c4261fcb9616a643db79340fe0b7398ba10a5c46464e67e8b697bcfc3a4ec9
selectivity_pD=0.75_manifold_mixture,mixture,manifold mixture pD=0.75,0.75,0.7499999999999999,1000000.0,8.0,8e-06,0.0,0.0,0.1,100000.0,0.1,100000.0,1.0,1000000.0,1.0,1000000.0,0.1,100000.0,2.2954631856081426e-06,3.321160789857873e-05,3.5507071084186874e-05,0.359541038112536,0.025534765154894792,0.3850758032674308,0.6148886896614841,3.5507071084186874e-05,0.9999999999999991,8.881784197001252e-16,constant-generator matrix exponential Pade(13),2,dimensionless populations/per-encounter yields,dimensionless per encounter unless field name gives s^-1 or s,True,"Illustrative one-factor-at-a-time grid; bounds are not measured ranges or probability priors. Results are populations and per-encounter yields, not concentrations or biological fluxes. No encounter yield is converted to molarity, and no continuous biological ROS source is modeled.",4e863b04abf00d77462be6bdf33a6b2ad343ab81,485e6c100ae04a17802c8cfb09694c7b6fe9783be2b477e00a0a465bb075e0f8,configs/doxorubicin_parameters.json,0b7d200aedee3aed703b810ad54927a2126d9ee0952f6ef87cf5ebb57992d345,configs/parameter_provenance.csv,86c4261fcb9616a643db79340fe0b7398ba10a5c46464e67e8b697bcfc3a4ec9
selectivity_pD=0.75_manifold_mixture,mixture,manifold mixture pD=0.75,0.75,0.7499999999999999,1000000.0,8.0,8e-06,0.0,0.0,0.1,100000.0,0.1,100000.0,1.0,1000000.0,1.0,1000000.0,0.15848931924611143,158489.31924611144,1.569877116623015e-06,2.1252807557909967e-05,2.2822684674532977e-05,0.35915943625971125,0.03853279632838198,0.3976922325880932,0.6022849447272315,2.2822684674532977e-05,0.9999999999999993,6.661338147750939e-16,constant-generator matrix exponential Pade(13),2,dimensionless populations/per-encounter yields,dimensionless per encounter unless field name gives s^-1 or s,True,"Illustrative one-factor-at-a-time grid; bounds are not measured ranges or probability priors. Results are populations and per-encounter yields, not concentrations or biological fluxes. No encounter yield is converted to molarity, and no continuous biological ROS source is modeled.",4e863b04abf00d77462be6bdf33a6b2ad343ab81,485e6c100ae04a17802c8cfb09694c7b6fe9783be2b477e00a0a465bb075e0f8,configs/doxorubicin_parameters.json,0b7d200aedee3aed703b810ad54927a2126d9ee0952f6ef87cf5ebb57992d345,configs/parameter_provenance.csv,86c4261fcb9616a643db79340fe0b7398ba10a5c46464e67e8b697bcfc3a4ec9
selectivity_pD=0.75_manifold_mixture,mixture,manifold mixture pD=0.75,0.75,0.7499999999999999,1000000.0,8.0,8e-06,0.0,0.0,0.1,100000.0,0.1,100000.0,1.0,1000000.0,1.0,1000000.0,0.25118864315095807,251188.64315095806,8.753213946879918e-07,1.0526910375524939e-05,1.1402231770212931e-05,0.35862389472795336,0.05676304719687934,0.4153869419248327,0.5846016558433961,1.1402231770212931e-05,0.999999999999999,9.992007221626409e-16,constant-generator matrix exponential Pade(13),2,dimensionless populations/per-encounter yields,dimensionless per encounter unless field name gives s^-1 or s,True,"Illustrative one-factor-at-a-time grid; bounds are not measured ranges or probability priors. Results are populations and per-encounter yields, not concentrations or biological fluxes. No encounter yield is converted to molarity, and no continuous biological ROS source is modeled.",4e863b04abf00d77462be6bdf33a6b2ad343ab81,485e6c100ae04a17802c8cfb09694c7b6fe9783be2b477e00a0a465bb075e0f8,configs/doxorubicin_parameters.json,0b7d200aedee3aed703b810ad54927a2126d9ee0952f6ef87cf5ebb57992d345,configs/parameter_provenance.csv,86c4261fcb9616a643db79340fe0b7398ba10a5c46464e67e8b697bcfc3a4ec9
selectivity_pD=0.75_manifold_mixture,mixture,manifold mixture pD=0.75,0.75,0.7499999999999999,1000000.0,8.0,8e-06,0.0,0.0,0.1,100000.0,0.1,100000.0,1.0,1000000.0,1.0,1000000.0,0.3981071705534973,398107.17055349733,3.690234349639755e-07,3.5140671968106643e-06,3.883090631774639e-06,0.357913954892347,0.08091611521803223,0.4388300701103792,0.5611660467989881,3.883090631774639e-06,0.9999999999999991,8.881784197001252e-16,constant-generator matrix exponential Pade(13),2,dimensionless populations/per-encounter yields,dimensionless per encounter unless field name gives s^-1 or s,True,"Illustrative one-factor-at-a-time grid; bounds are not measured ranges or probability priors. Results are populations and per-encounter yields, not concentrations or biological fluxes. No encounter yield is converted to molarity, and no continuous biological ROS source is modeled.",4e863b04abf00d77462be6bdf33a6b2ad343ab81,485e6c100ae04a17802c8cfb09694c7b6fe9783be2b477e00a0a465bb075e0f8,configs/doxorubicin_parameters.json,0b7d200aedee3aed703b810ad54927a2126d9ee0952f6ef87cf5ebb57992d345,configs/parameter_provenance.csv,86c4261fcb9616a643db79340fe0b7398ba10a5c46464e67e8b697bcfc3a4ec9
selectivity_pD=0.75_manifold_mixture,mixture,manifold mixture pD=0.75,0.75,0.7499999999999999,1000000.0,8.0,8e-06,0.0,0.0,0.1,100000.0,0.1,100000.0,1.0,1000000.0,1.0,1000000.0,0.6309573444801934,630957.3444801933,1.2014097270344204e-07,6.59004368803661e-07,7.791453415071031e-07,0.35704077648734156,0.11061101817044454,0.4676517946577861,0.5323474261968716,7.791453415071031e-07,0.9999999999999992,7.771561172376096e-16,constant-generator matrix exponential Pade(13),2,dimensionless populations/per-encounter yields,dimensionless per encounter unless field name gives s^-1 or s,True,"Illustrative one-factor-at-a-time grid; bounds are not measured ranges or probability priors. Results are populations and per-encounter yields, not concentrations or biological fluxes. No encounter yield is converted to molarity, and no continuous biological ROS source is modeled.",4e863b04abf00d77462be6bdf33a6b2ad343ab81,485e6c100ae04a17802c8cfb09694c7b6fe9783be2b477e00a0a465bb075e0f8,configs/doxorubicin_parameters.json,0b7d200aedee3aed703b810ad54927a2126d9ee0952f6ef87cf5ebb57992d345,configs/parameter_provenance.csv,86c4261fcb9616a643db79340fe0b7398ba10a5c46464e67e8b697bcfc3a4ec9
selectivity_pD=0.75_manifold_mixture,mixture,manifold mixture pD=0.75,0.75,0.7499999999999999,1000000.0,8.0,8e-06,0.0,0.0,0.1,100000.0,0.1,100000.0,1.0,1000000.0,1.0,1000000.0,1.0,1000000.0,4.6978583209644244e-08,6.555659150961532e-08,1.1253517471925958e-07,0.3560605830016258,0.1439393607307864,0.4999999437324122,0.4999999437324123,1.1253517471925958e-07,0.9999999999999992,7.771561172376096e-16,constant-generator matrix exponential Pade(13),2,dimensionless populations/per-encounter yields,dimensionless per encounter unless field name gives s^-1 or s,True,"Illustrative one-factor-at-a-time grid; bounds are not measured ranges or probability priors. Results are populations and per-encounter yields, not concentrations or biological fluxes. No encounter yield is converted to molarity, and no continuous biological ROS source is modeled.",4e863b04abf00d77462be6bdf33a6b2ad343ab81,485e6c100ae04a17802c8cfb09694c7b6fe9783be2b477e00a0a465bb075e0f8,configs/doxorubicin_parameters.json,0b7d200aedee3aed703b810ad54927a2126d9ee0952f6ef87cf5ebb57992d345,configs/parameter_provenance.csv,86c4261fcb9616a643db79340fe0b7398ba10a5c46464e67e8b697bcfc3a4ec9
selectivity_pD=0.75_manifold_mixture,mixture,manifold mixture pD=0.75,0.75,0.7499999999999999,1000000.0,8.0,8e-06,0.0,0.0,0.1,100000.0,0.1,100000.0,1.0,1000000.0,1.0,1000000.0,1.584893192461114,1584893.1924611141,3.351052793046818e-08,8.387770620176621e-09,4.18982985506448e-08,0.35506681581656924,0.1777277176804064,0.5327945334969757,0.467205424604724,4.18982985506448e-08,0.9999999999999981,1.887379141862766e-15,constant-generator matrix exponential Pade(13),2,dimensionless populations/per-encounter yields,dimensionless per encounter unless field name gives s^-1 or s,True,"Illustrative one-factor-at-a-time grid; bounds are not measured ranges or probability priors. Results are populations and per-encounter yields, not concentrations or biological fluxes. No encounter yield is converted to molarity, and no continuous biological ROS source is modeled.",4e863b04abf00d77462be6bdf33a6b2ad343ab81,485e6c100ae04a17802c8cfb09694c7b6fe9783be2b477e00a0a465bb075e0f8,configs/doxorubicin_parameters.json,0b7d200aedee3aed703b810ad54927a2126d9ee0952f6ef87cf5ebb57992d345,configs/parameter_provenance.csv,86c4261fcb9616a643db79340fe0b7398ba10a5c46464e67e8b697bcfc3a4ec9
selectivity_pD=0.75_manifold_mixture,mixture,manifold mixture pD=0.75,0.75,0.7499999999999999,1000000.0,8.0,8e-06,0.0,0.0,0.1,100000.0,0.1,100000.0,1.0,1000000.0,1.0,1000000.0,2.5118864315095824,2511886.4315095823,3.084263837862958e-08,2.8335412464264864e-09,3.367617962505607e-08,0.35415799215014443,0.20862777057931498,0.5627857627294595,0.4372142035943594,3.367617962505607e-08,0.9999999999999984,1.5543122344752192e-15,constant-generator matrix exponential Pade(13),2,dimensionless populations/per-encounter yields,dimensionless per encounter unless field name gives s^-1 or s,True,"Illustrative one-factor-at-a-time grid; bounds are not measured ranges or probability priors. Results are populations and per-encounter yields, not concentrations or biological fluxes. No encounter yield is converted to molarity, and no continuous biological ROS source is modeled.",4e863b04abf00d77462be6bdf33a6b2ad343ab81,485e6c100ae04a17802c8cfb09694c7b6fe9783be2b477e00a0a465bb075e0f8,configs/doxorubicin_parameters.json,0b7d200aedee3aed703b810ad54927a2126d9ee0952f6ef87cf5ebb57992d345,configs/parameter_provenance.csv,86c4261fcb9616a643db79340fe0b7398ba10a5c46464e67e8b697bcfc3a4ec9
selectivity_pD=0.75_manifold_mixture,mixture,manifold mixture pD=0.75,0.75,0.7499999999999999,1000000.0,8.0,8e-06,0.0,0.0,0.1,100000.0,0.1,100000.0,1.0,1000000.0,1.0,1000000.0,3.981071705534973,3981071.705534973,2.995918131008968e-08,1.3691939857091878e-09,3.132837529579887e-08,0.3534019251854871,0.23433406297732362,0.5877359881628107,0.41226398050881224,3.132837529579887e-08,0.9999999999999983,1.6653345369377348e-15,constant-generator matrix exponential Pade(13),2,dimensionless populations/per-encounter yields,dimensionless per encounter unless field name gives s^-1 or s,True,"Illustrative one-factor-at-a-time grid; bounds are not measured ranges or probability priors. Results are populations and per-encounter yields, not concentrations or biological fluxes. No encounter yield is converted to molarity, and no continuous biological ROS source is modeled.",4e863b04abf00d77462be6bdf33a6b2ad343ab81,485e6c100ae04a17802c8cfb09694c7b6fe9783be2b477e00a0a465bb075e0f8,configs/doxorubicin_parameters.json,0b7d200aedee3aed703b810ad54927a2126d9ee0952f6ef87cf5ebb57992d345,configs/parameter_provenance.csv,86c4261fcb9616a643db79340fe0b7398ba10a5c46464e67e8b697bcfc3a4ec9
selectivity_pD=0.75_manifold_mixture,mixture,manifold mixture pD=0.75,0.75,0.7499999999999999,1000000.0,8.0,8e-06,0.0,0.0,0.1,100000.0,0.1,100000.0,1.0,1000000.0,1.0,1000000.0,6.309573444801936,6309573.444801936,2.9558788525662684e-08,7.514720987421715e-10,3.031026062440486e-08,0.35282093042573187,0.2540878918329831,0.6069088222587149,0.3930911474310211,3.031026062440486e-08,0.9999999999999966,3.4416913763379853e-15,constant-generator matrix exponential Pade(13),2,dimensionless populations/per-encounter yields,dimensionless per encounter unless field name gives s^-1 or s,True,"Illustrative one-factor-at-a-time grid; bounds are not measured ranges or probability priors. Results are populations and per-encounter yields, not concentrations or biological fluxes. No encounter yield is converted to molarity, and no continuous biological ROS source is modeled.",4e863b04abf00d77462be6bdf33a6b2ad343ab81,485e6c100ae04a17802c8cfb09694c7b6fe9783be2b477e00a0a465bb075e0f8,configs/doxorubicin_parameters.json,0b7d200aedee3aed703b810ad54927a2126d9ee0952f6ef87cf5ebb57992d345,configs/parameter_provenance.csv,86c4261fcb9616a643db79340fe0b7398ba10a5c46464e67e8b697bcfc3a4ec9
selectivity_pD=0.75_manifold_mixture,mixture,manifold mixture pD=0.75,0.75,0.7499999999999999,1000000.0,8.0,8e-06,0.0,0.0,0.1,100000.0,0.1,100000.0,1.0,1000000.0,1.0,1000000.0,10.0,10000000.0,2.934872942931322e-08,4.3799195815815746e-10,2.978672138747138e-08,0.3524011161798647,0.2683615798668561,0.6207626960467207,0.37923727416655034,2.978672138747138e-08,0.9999999999999926,7.438494264988549e-15,constant-generator matrix exponential Pade(13),2,dimensionless populations/per-encounter yields,dimensionless per encounter unless field name gives s^-1 or s,True,"Illustrative one-factor-at-a-time grid; bounds are not measured ranges or probability priors. Results are populations and per-encounter yields, not concentrations or biological fluxes. No encounter yield is converted to molarity, and no continuous biological ROS source is modeled.",4e863b04abf00d77462be6bdf33a6b2ad343ab81,485e6c100ae04a17802c8cfb09694c7b6fe9783be2b477e00a0a465bb075e0f8,configs/doxorubicin_parameters.json,0b7d200aedee3aed703b810ad54927a2126d9ee0952f6ef87cf5ebb57992d345,configs/parameter_provenance.csv,86c4261fcb9616a643db79340fe0b7398ba10a5c46464e67e8b697bcfc3a4ec9
selectivity_pD=0.75_manifold_mixture,mixture,manifold mixture pD=0.75,0.75,0.7499999999999999,1000000.0,8.0,8e-06,0.0,0.0,0.1,100000.0,0.1,100000.0,10.0,10000000.0,1.0,1000000.0,0.0,0.0,2.4024481175377656e-37,3.850618767138501e-36,4.090863578892278e-36,0.06751933372992217,0.0,0.06751933372992217,0.9324806662700709,4.090863578892278e-36,0.999999999999993,6.994405055138486e-15,constant-generator matrix exponential Pade(13),2,dimensionless populations/per-encounter yields,dimensionless per encounter unless field name gives s^-1 or s,True,"Illustrative one-factor-at-a-time grid; bounds are not measured ranges or probability priors. Results are populations and per-encounter yields, not concentrations or biological fluxes. No encounter yield is converted to molarity, and no continuous biological ROS source is modeled.",4e863b04abf00d77462be6bdf33a6b2ad343ab81,485e6c100ae04a17802c8cfb09694c7b6fe9783be2b477e00a0a465bb075e0f8,configs/doxorubicin_parameters.json,0b7d200aedee3aed703b810ad54927a2126d9ee0952f6ef87cf5ebb57992d345,configs/parameter_provenance.csv,86c4261fcb9616a643db79340fe0b7398ba10a5c46464e67e8b697bcfc3a4ec9
selectivity_pD=0.75_manifold_mixture,mixture,manifold mixture pD=0.75,0.75,0.7499999999999999,1000000.0,8.0,8e-06,0.0,0.0,0.1,100000.0,0.1,100000.0,10.0,10000000.0,1.0,1000000.0,0.01,10000.0,2.246038375760722e-37,3.565223915900356e-36,3.789827753476429e-36,0.06751918082571103,0.0002570319789382332,0.06777621280464925,0.9322237871953436,3.789827753476429e-36,0.9999999999999929,7.105427357601002e-15,constant-generator matrix exponential Pade(13),2,dimensionless populations/per-encounter yields,dimensionless per encounter unless field name gives s^-1 or s,True,"Illustrative one-factor-at-a-time grid; bounds are not measured ranges or probability priors. Results are populations and per-encounter yields, not concentrations or biological fluxes. No encounter yield is converted to molarity, and no continuous biological ROS source is modeled.",4e863b04abf00d77462be6bdf33a6b2ad343ab81,485e6c100ae04a17802c8cfb09694c7b6fe9783be2b477e00a0a465bb075e0f8,configs/doxorubicin_parameters.json,0b7d200aedee3aed703b810ad54927a2126d9ee0952f6ef87cf5ebb57992d345,configs/parameter_provenance.csv,86c4261fcb9616a643db79340fe0b7398ba10a5c46464e67e8b697bcfc3a4ec9
selectivity_pD=0.75_manifold_mixture,mixture,manifold mixture pD=0.75,0.75,0.7499999999999999,1000000.0,8.0,8e-06,0.0,0.0,0.1,100000.0,0.1,100000.0,10.0,10000000.0,1.0,1000000.0,0.015848931924611134,15848.931924611134,2.1594787132437613e-37,3.4082808982554846e-36,3.624228769579861e-36,0.06751909153367111,0.00040713189802587125,0.06792622343169698,0.932073776568296,3.624228769579861e-36,0.999999999999993,6.994405055138486e-15,constant-generator matrix exponential Pade(13),2,dimensionless populations/per-encounter yields,dimensionless per encounter unless field name gives s^-1 or s,True,"Illustrative one-factor-at-a-time grid; bounds are not measured ranges or probability priors. Results are populations and per-encounter yields, not concentrations or biological fluxes. No encounter yield is converted to molarity, and no continuous biological ROS source is modeled.",4e863b04abf00d77462be6bdf33a6b2ad343ab81,485e6c100ae04a17802c8cfb09694c7b6fe9783be2b477e00a0a465bb075e0f8,configs/doxorubicin_parameters.json,0b7d200aedee3aed703b810ad54927a2126d9ee0952f6ef87cf5ebb57992d345,configs/parameter_provenance.csv,86c4261fcb9616a643db79340fe0b7398ba10a5c46464e67e8b697bcfc3a4ec9
selectivity_pD=0.75_manifold_mixture,mixture,manifold mixture pD=0.75,0.75,0.7499999999999999,1000000.0,8.0,8e-06,0.0,0.0,0.1,100000.0,0.1,100000.0,10.0,10000000.0,1.0,1000000.0,0.025118864315095794,25118.864315095794,2.029305136314814e-37,3.173680494287197e-36,3.3766110079186786e-36,0.06751895022735538,0.0006446678147683025,0.06816361804212367,0.931836381957869,3.3766110079186786e-36,0.9999999999999927,7.327471962526033e-15,constant-generator matrix exponential Pade(13),2,dimensionless populations/per-encounter yields,dimensionless per encounter unless field name gives s^-1 or s,True,"Illustrative one-factor-at-a-time grid; bounds are not measured ranges or probability priors. Results are populations and per-encounter yields, not concentrations or biological fluxes. No encounter yield is converted to molarity, and no continuous biological ROS source is modeled.",4e863b04abf00d77462be6bdf33a6b2ad343ab81,485e6c100ae04a17802c8cfb09694c7b6fe9783be2b477e00a0a465bb075e0f8,configs/doxorubicin_parameters.json,0b7d200aedee3aed703b810ad54927a2126d9ee0952f6ef87cf5ebb57992d345,configs/parameter_provenance.csv,86c4261fcb9616a643db79340fe0b7398ba10a5c46464e67e8b697bcfc3a4ec9
selectivity_pD=0.75_manifold_mixture,mixture,manifold mixture pD=0.75,0.75,0.7499999999999999,1000000.0,8.0,8e-06,0.0,0.0,0.1,100000.0,0.1,100000.0,10.0,10000000.0,1.0,1000000.0,0.039810717055349734,39810.717055349734,1.8394212743903275e-37,2.8347419808525728e-36,3.018684108291606e-36,0.06751872680296289,0.0010202442185843683,0.06853897102154725,0.931461028978446,3.018684108291606e-36,0.9999999999999932,6.772360450213455e-15,constant-generator matrix exponential Pade(13),2,dimensionless populations/per-encounter yields,dimensionless per encounter unless field name gives s^-1 or s,True,"Illustrative one-factor-at-a-time grid; bounds are not measured ranges or probability priors. Results are populations and per-encounter yields, not concentrations or biological fluxes. No encounter yield is converted to molarity, and no continuous biological ROS source is modeled.",4e863b04abf00d77462be6bdf33a6b2ad343ab81,485e6c100ae04a17802c8cfb09694c7b6fe9783be2b477e00a0a465bb075e0f8,configs/doxorubicin_parameters.json,0b7d200aedee3aed703b810ad54927a2126d9ee0952f6ef87cf5ebb57992d345,configs/parameter_provenance.csv,86c4261fcb9616a643db79340fe0b7398ba10a5c46464e67e8b697bcfc3a4ec9
selectivity_pD=0.75_manifold_mixture,mixture,manifold mixture pD=0.75,0.75,0.7499999999999999,1000000.0,8.0,8e-06,0.0,0.0,0.1,100000.0,0.1,100000.0,10.0,10000000.0,1.0,1000000.0,0.06309573444801933,63095.73444801933,1.5754223219773714e-37,2.3706854617266706e-36,2.528227693924408e-36,0.0675183740268176,0.0016132609187951793,0.06913163494561278,0.9308683650543801,2.528227693924408e-36,0.9999999999999929,7.105427357601002e-15,constant-generator matrix exponential Pade(13),2,dimensionless populations/per-encounter yields,dimensionless per encounter unless field name gives s^-1 or s,True,"Illustrative one-factor-at-a-time grid; bounds are not measured ranges or probability priors. Results are populations and per-encounter yields, not concentrations or biological fluxes. No encounter yield is converted to molarity, and no continuous biological ROS source is modeled.",4e863b04abf00d77462be6bdf33a6b2ad343ab81,485e6c100ae04a17802c8cfb09694c7b6fe9783be2b477e00a0a465bb075e0f8,configs/doxorubicin_parameters.json,0b7d200aedee3aed703b810ad54927a2126d9ee0952f6ef87cf5ebb57992d345,configs/parameter_provenance.csv,86c4261fcb9616a643db79340fe0b7398ba10a5c46464e67e8b697bcfc3a4ec9
selectivity_pD=0.75_manifold_mixture,mixture,manifold mixture pD=0.75,0.75,0.7499999999999999,1000000.0,8.0,8e-06,0.0,0.0,0.1,100000.0,0.1,100000.0,10.0,10000000.0,1.0,1000000.0,0.1,100000.0,1.2350019262046903e-37,1.7868463316798296e-36,1.9103465243002987e-36,0.06751781822465641,0.002547564351770023,0.07006538257642643,0.9299346174235665,1.9103465243002987e-36,0.999999999999993,6.994405055138486e-15,constant-generator matrix exponential Pade(13),2,dimensionless populations/per-encounter yields,dimensionless per encounter unless field name gives s^-1 or s,True,"Illustrative one-factor-at-a-time grid; bounds are not measured ranges or probability priors. Results are populations and per-encounter yields, not concentrations or biological fluxes. No encounter yield is converted to molarity, and no continuous biological ROS source is modeled.",4e863b04abf00d77462be6bdf33a6b2ad343ab81,485e6c100ae04a17802c8cfb09694c7b6fe9783be2b477e00a0a465bb075e0f8,configs/doxorubicin_parameters.json,0b7d200aedee3aed703b810ad54927a2126d9ee0952f6ef87cf5ebb57992d345,configs/parameter_provenance.csv,86c4261fcb9616a643db79340fe0b7398ba10a5c46464e67e8b697bcfc3a4ec9
selectivity_pD=0.75_manifold_mixture,mixture,manifold mixture pD=0.75,0.75,0.7499999999999999,1000000.0,8.0,8e-06,0.0,0.0,0.1,100000.0,0.1,100000.0,10.0,10000000.0,1.0,1000000.0,0.15848931924611143,158489.31924611144,8.446231135789281e-38,1.1434406108466183e-36,1.2279029222045112e-36,0.06751694555629936,0.0040145198599663085,0.07153146541626568,0.9284685345837278,1.2279029222045112e-36,0.9999999999999934,6.5503158452884236e-15,constant-generator matrix exponential Pade(13),2,dimensionless populations/per-encounter yields,dimensionless per encounter unless field name gives s^-1 or s,True,"Illustrative one-factor-at-a-time grid; bounds are not measured ranges or probability priors. Results are populations and per-encounter yields, not concentrations or biological fluxes. No encounter yield is converted to molarity, and no continuous biological ROS source is modeled.",4e863b04abf00d77462be6bdf33a6b2ad343ab81,485e6c100ae04a17802c8cfb09694c7b6fe9783be2b477e00a0a465bb075e0f8,configs/doxorubicin_parameters.json,0b7d200aedee3aed703b810ad54927a2126d9ee0952f6ef87cf5ebb57992d345,configs/parameter_provenance.csv,86c4261fcb9616a643db79340fe0b7398ba10a5c46464e67e8b697bcfc3a4ec9
selectivity_pD=0.75_manifold_mixture,mixture,manifold mixture pD=0.75,0.75,0.7499999999999999,1000000.0,8.0,8e-06,0.0,0.0,0.1,100000.0,0.1,100000.0,10.0,10000000.0,1.0,1000000.0,0.25118864315095807,251188.64315095806,4.709392053270672e-38,5.66367375101821e-37,6.1346129563452775e-37,0.06751558273823924,0.006305417019023653,0.07382099975726289,0.9261790002427297,6.1346129563452775e-37,0.9999999999999926,7.438494264988549e-15,constant-generator matrix exponential Pade(13),2,dimensionless populations/per-encounter yields,dimensionless per encounter unless field name gives s^-1 or s,True,"Illustrative one-factor-at-a-time grid; bounds are not measured ranges or probability priors. Results are populations and per-encounter yields, not concentrations or biological fluxes. No encounter yield is converted to molarity, and no continuous biological ROS source is modeled.",4e863b04abf00d77462be6bdf33a6b2ad343ab81,485e6c100ae04a17802c8cfb09694c7b6fe9783be2b477e00a0a465bb075e0f8,configs/doxorubicin_parameters.json,0b7d200aedee3aed703b810ad54927a2126d9ee0952f6ef87cf5ebb57992d345,configs/parameter_provenance.csv,86c4261fcb9616a643db79340fe0b7398ba10a5c46464e67e8b697bcfc3a4ec9
selectivity_pD=0.75_manifold_mixture,mixture,manifold mixture pD=0.75,0.75,0.7499999999999999,1000000.0,8.0,8e-06,0.0,0.0,0.1,100000.0,0.1,100000.0,10.0,10000000.0,1.0,1000000.0,0.3981071705534973,398107.17055349733,1.9854147775166705e-38,1.8906335697665186e-37,2.089175047518186e-37,0.06751347227788229,0.009853100879066452,0.07736657315694874,0.9226334268430443,2.089175047518186e-37,0.999999999999993,6.994405055138486e-15,constant-generator matrix exponential Pade(13),2,dimensionless populations/per-encounter yields,dimensionless per encounter unless field name gives s^-1 or s,True,"Illustrative one-factor-at-a-time grid; bounds are not measured ranges or probability priors. Results are populations and per-encounter yields, not concentrations or biological fluxes. No encounter yield is converted to molarity, and no continuous biological ROS source is modeled.",4e863b04abf00d77462be6bdf33a6b2ad343ab81,485e6c100ae04a17802c8cfb09694c7b6fe9783be2b477e00a0a465bb075e0f8,configs/doxorubicin_parameters.json,0b7d200aedee3aed703b810ad54927a2126d9ee0952f6ef87cf5ebb57992d345,configs/parameter_provenance.csv,86c4261fcb9616a643db79340fe0b7398ba10a5c46464e67e8b697bcfc3a4ec9
selectivity_pD=0.75_manifold_mixture,mixture,manifold mixture pD=0.75,0.75,0.7499999999999999,1000000.0,8.0,8e-06,0.0,0.0,0.1,100000.0,0.1,100000.0,10.0,10000000.0,1.0,1000000.0,0.6309573444801934,630957.3444801933,6.463807985905305e-39,3.545566184430905e-38,4.191946983021436e-38,0.06751024617577178,0.015276178526814451,0.08278642470258624,0.9172135752974068,4.191946983021436e-38,0.999999999999993,6.994405055138486e-15,constant-generator matrix exponential Pade(13),2,dimensionless populations/per-encounter yields,dimensionless per encounter unless field name gives s^-1 or s,True,"Illustrative one-factor-at-a-time grid; bounds are not measured ranges or probability priors. Results are populations and per-encounter yields, not concentrations or biological fluxes. No encounter yield is converted to molarity, and no continuous biological ROS source is modeled.",4e863b04abf00d77462be6bdf33a6b2ad343ab81,485e6c100ae04a17802c8cfb09694c7b6fe9783be2b477e00a0a465bb075e0f8,configs/doxorubicin_parameters.json,0b7d200aedee3aed703b810ad54927a2126d9ee0952f6ef87cf5ebb57992d345,configs/parameter_provenance.csv,86c4261fcb9616a643db79340fe0b7398ba10a5c46464e67e8b697bcfc3a4ec9
selectivity_pD=0.75_manifold_mixture,mixture,manifold mixture pD=0.75,0.75,0.7499999999999999,1000000.0,8.0,8e-06,0.0,0.0,0.1,100000.0,0.1,100000.0,10.0,10000000.0,1.0,1000000.0,1.0,1000000.0,2.5275352320192797e-39,3.5270666633818695e-39,6.054601895401149e-39,0.06750541125541076,0.023403679653679493,0.09090909090909026,0.9090909090909027,6.054601895401149e-39,0.999999999999993,6.994405055138486e-15,constant-generator matrix exponential Pade(13),2,dimensionless populations/per-encounter yields,dimensionless per encounter unless field name gives s^-1 or s,True,"Illustrative one-factor-at-a-time grid; bounds are not measured ranges or probability priors. Results are populations and per-encounter yields, not concentrations or biological fluxes. No encounter yield is converted to molarity, and no continuous biological ROS source is modeled.",4e863b04abf00d77462be6bdf33a6b2ad343ab81,485e6c100ae04a17802c8cfb09694c7b6fe9783be2b477e00a0a465bb075e0f8,configs/doxorubicin_parameters.json,0b7d200aedee3aed703b810ad54927a2126d9ee0952f6ef87cf5ebb57992d345,configs/parameter_provenance.csv,86c4261fcb9616a643db79340fe0b7398ba10a5c46464e67e8b697bcfc3a4ec9
selectivity_pD=0.75_manifold_mixture,mixture,manifold mixture pD=0.75,0.75,0.7499999999999999,1000000.0,8.0,8e-06,0.0,0.0,0.1,100000.0,0.1,100000.0,10.0,10000000.0,1.0,1000000.0,1.584893192461114,1584893.1924611141,1.8029287858650737e-39,4.512776740410601e-40,2.2542064599061337e-39,0.06749837583701387,0.03523021797885746,0.10272859381587134,0.8972714061841214,2.2542064599061337e-39,0.9999999999999927,7.327471962526033e-15,constant-generator matrix exponential Pade(13),2,dimensionless populations/per-encounter yields,dimensionless per encounter unless field name gives s^-1 or s,True,"Illustrative one-factor-at-a-time grid; bounds are not measured ranges or probability priors. Results are populations and per-encounter yields, not concentrations or biological fluxes. No encounter yield is converted to molarity, and no continuous biological ROS source is modeled.",4e863b04abf00d77462be6bdf33a6b2ad343ab81,485e6c100ae04a17802c8cfb09694c7b6fe9783be2b477e00a0a465bb075e0f8,configs/doxorubicin_parameters.json,0b7d200aedee3aed703b810ad54927a2126d9ee0952f6ef87cf5ebb57992d345,configs/parameter_provenance.csv,86c4261fcb9616a643db79340fe0b7398ba10a5c46464e67e8b697bcfc3a4ec9
selectivity_pD=0.75_manifold_mixture,mixture,manifold mixture pD=0.75,0.75,0.7499999999999999,1000000.0,8.0,8e-06,0.0,0.0,0.1,100000.0,0.1,100000.0,10.0,10000000.0,1.0,1000000.0,2.5118864315095824,2511886.4315095823,1.6593913614323615e-39,1.524497939787252e-40,1.8118411554110865e-39,0.0674885657625165,0.051720953208932406,0.11920951897144891,0.8807904810285438,1.8118411554110865e-39,0.9999999999999928,7.216449660063518e-15,constant-generator matrix exponential Pade(13),2,dimensionless populations/per-encounter yields,dimensionless per encounter unless field name gives s^-1 or s,True,"Illustrative one-factor-at-a-time grid; bounds are not measured ranges or probability priors. Results are populations and per-encounter yields, not concentrations or biological fluxes. No encounter yield is converted to molarity, and no continuous biological ROS source is modeled.",4e863b04abf00d77462be6bdf33a6b2ad343ab81,485e6c100ae04a17802c8cfb09694c7b6fe9783be2b477e00a0a465bb075e0f8,configs/doxorubicin_parameters.json,0b7d200aedee3aed703b810ad54927a2126d9ee0952f6ef87cf5ebb57992d345,configs/parameter_provenance.csv,86c4261fcb9616a643db79340fe0b7398ba10a5c46464e67e8b697bcfc3a4ec9
selectivity_pD=0.75_manifold_mixture,mixture,manifold mixture pD=0.75,0.75,0.7499999999999999,1000000.0,8.0,8e-06,0.0,0.0,0.1,100000.0,0.1,100000.0,10.0,10000000.0,1.0,1000000.0,3.981071705534973,3981071.705534973,1.6118597265010766e-39,7.36651853229674e-41,1.685524911824044e-39,0.06747567006346633,0.07339862331227553,0.14087429337574187,0.8591257066242511,1.685524911824044e-39,0.999999999999993,6.994405055138486e-15,constant-generator matrix exponential Pade(13),2,dimensionless populations/per-encounter yields,dimensionless per encounter unless field name gives s^-1 or s,True,"Illustrative one-factor-at-a-time grid; bounds are not measured ranges or probability priors. Results are populations and per-encounter yields, not concentrations or biological fluxes. No encounter yield is converted to molarity, and no continuous biological ROS source is modeled.",4e863b04abf00d77462be6bdf33a6b2ad343ab81,485e6c100ae04a17802c8cfb09694c7b6fe9783be2b477e00a0a465bb075e0f8,configs/doxorubicin_parameters.json,0b7d200aedee3aed703b810ad54927a2126d9ee0952f6ef87cf5ebb57992d345,configs/parameter_provenance.csv,86c4261fcb9616a643db79340fe0b7398ba10a5c46464e67e8b697bcfc3a4ec9
selectivity_pD=0.75_manifold_mixture,mixture,manifold mixture pD=0.75,0.75,0.7499999999999999,1000000.0,8.0,8e-06,0.0,0.0,0.1,100000.0,0.1,100000.0,10.0,10000000.0,1.0,1000000.0,6.309573444801936,6309573.444801936,1.5903178493276075e-39,4.0430597852946317e-41,1.630748447180554e-39,0.06745997167808787,0.09978760913345035,0.16724758081153823,0.8327524191884547,1.630748447180554e-39,0.9999999999999929,7.105427357601002e-15,constant-generator matrix exponential Pade(13),2,dimensionless populations/per-encounter yields,dimensionless per encounter unless field name gives s^-1 or s,True,"Illustrative one-factor-at-a-time grid; bounds are not measured ranges or probability priors. Results are populations and per-encounter yields, not concentrations or biological fluxes. No encounter yield is converted to molarity, and no continuous biological ROS source is modeled.",4e863b04abf00d77462be6bdf33a6b2ad343ab81,485e6c100ae04a17802c8cfb09694c7b6fe9783be2b477e00a0a465bb075e0f8,configs/doxorubicin_parameters.json,0b7d200aedee3aed703b810ad54927a2126d9ee0952f6ef87cf5ebb57992d345,configs/parameter_provenance.csv,86c4261fcb9616a643db79340fe0b7398ba10a5c46464e67e8b697bcfc3a4ec9
selectivity_pD=0.75_manifold_mixture,mixture,manifold mixture pD=0.75,0.75,0.7499999999999999,1000000.0,8.0,8e-06,0.0,0.0,0.1,100000.0,0.1,100000.0,10.0,10000000.0,1.0,1000000.0,10.0,10000000.0,1.5790162788979604e-39,2.3564782714830906e-41,1.6025810616127913e-39,0.06744255446135433,0.12906595046254757,0.1965085049239019,0.803491495076091,1.6025810616127913e-39,0.9999999999999929,7.105427357601002e-15,constant-generator matrix exponential Pade(13),2,dimensionless populations/per-encounter yields,dimensionless per encounter unless field name gives s^-1 or s,True,"Illustrative one-factor-at-a-time grid; bounds are not measured ranges or probability priors. Results are populations and per-encounter yields, not concentrations or biological fluxes. No encounter yield is converted to molarity, and no continuous biological ROS source is modeled.",4e863b04abf00d77462be6bdf33a6b2ad343ab81,485e6c100ae04a17802c8cfb09694c7b6fe9783be2b477e00a0a465bb075e0f8,configs/doxorubicin_parameters.json,0b7d200aedee3aed703b810ad54927a2126d9ee0952f6ef87cf5ebb57992d345,configs/parameter_provenance.csv,86c4261fcb9616a643db79340fe0b7398ba10a5c46464e67e8b697bcfc3a4ec9
selectivity_pD=0.75_manifold_mixture,mixture,manifold mixture pD=0.75,0.75,0.7499999999999999,1000000.0,8.0,8e-06,1.0,1000000.0,0.1,100000.0,0.1,100000.0,0.1,100000.0,1.0,1000000.0,0.0,0.0,0.009425467695135411,0.06398562132681926,0.07341108902195466,0.7039667546249864,0.0,0.7039667546249864,0.22262215635305815,0.07341108902195466,0.9999999999999992,7.771561172376096e-16,constant-generator matrix exponential Pade(13),2,dimensionless populations/per-encounter yields,dimensionless per encounter unless field name gives s^-1 or s,True,"Illustrative one-factor-at-a-time grid; bounds are not measured ranges or probability priors. Results are populations and per-encounter yields, not concentrations or biological fluxes. No encounter yield is converted to molarity, and no continuous biological ROS source is modeled.",4e863b04abf00d77462be6bdf33a6b2ad343ab81,485e6c100ae04a17802c8cfb09694c7b6fe9783be2b477e00a0a465bb075e0f8,configs/doxorubicin_parameters.json,0b7d200aedee3aed703b810ad54927a2126d9ee0952f6ef87cf5ebb57992d345,configs/parameter_provenance.csv,86c4261fcb9616a643db79340fe0b7398ba10a5c46464e67e8b697bcfc3a4ec9
selectivity_pD=0.75_manifold_mixture,mixture,manifold mixture pD=0.75,0.75,0.7499999999999999,1000000.0,8.0,8e-06,1.0,1000000.0,0.1,100000.0,0.1,100000.0,0.1,100000.0,1.0,1000000.0,0.01,10000.0,0.008838220015085399,0.0594286861835156,0.068266906198601,0.6986266481428502,0.014840343713114861,0.7134669918559651,0.21826610194543367,0.068266906198601,0.9999999999999998,2.220446049250313e-16,constant-generator matrix exponential Pade(13),2,dimensionless populations/per-encounter yields,dimensionless per encounter unless field name gives s^-1 or s,True,"Illustrative one-factor-at-a-time grid; bounds are not measured ranges or probability priors. Results are populations and per-encounter yields, not concentrations or biological fluxes. No encounter yield is converted to molarity, and no continuous biological ROS source is modeled.",4e863b04abf00d77462be6bdf33a6b2ad343ab81,485e6c100ae04a17802c8cfb09694c7b6fe9783be2b477e00a0a465bb075e0f8,configs/doxorubicin_parameters.json,0b7d200aedee3aed703b810ad54927a2126d9ee0952f6ef87cf5ebb57992d345,configs/parameter_provenance.csv,86c4261fcb9616a643db79340fe0b7398ba10a5c46464e67e8b697bcfc3a4ec9
selectivity_pD=0.75_manifold_mixture,mixture,manifold mixture pD=0.75,0.75,0.7499999999999999,1000000.0,8.0,8e-06,1.0,1000000.0,0.1,100000.0,0.1,100000.0,0.1,100000.0,1.0,1000000.0,0.015848931924611134,15848.931924611134,0.008512535825379645,0.05691812013124286,0.06543065595662251,0.6955936769243622,0.023177316803219994,0.7187709937275822,0.2157983503157947,0.06543065595662251,0.9999999999999993,6.661338147750939e-16,constant-generator matrix exponential Pade(13),2,dimensionless populations/per-encounter yields,dimensionless per encounter unless field name gives s^-1 or s,True,"Illustrative one-factor-at-a-time grid; bounds are not measured ranges or probability priors. Results are populations and per-encounter yields, not concentrations or biological fluxes. No encounter yield is converted to molarity, and no continuous biological ROS source is modeled.",4e863b04abf00d77462be6bdf33a6b2ad343ab81,485e6c100ae04a17802c8cfb09694c7b6fe9783be2b477e00a0a465bb075e0f8,configs/doxorubicin_parameters.json,0b7d200aedee3aed703b810ad54927a2126d9ee0952f6ef87cf5ebb57992d345,configs/parameter_provenance.csv,86c4261fcb9616a643db79340fe0b7398ba10a5c46464e67e8b697bcfc3a4ec9
selectivity_pD=0.75_manifold_mixture,mixture,manifold mixture pD=0.75,0.75,0.7499999999999999,1000000.0,8.0,8e-06,1.0,1000000.0,0.1,100000.0,0.1,100000.0,0.1,100000.0,1.0,1000000.0,0.025118864315095794,25118.864315095794,0.008021755094343733,0.053158621840132564,0.0611803769344763,0.6909185294930709,0.03589774474124749,0.7268162742343184,0.21200334883120436,0.0611803769344763,0.9999999999999991,8.881784197001252e-16,constant-generator matrix exponential Pade(13),2,dimensionless populations/per-encounter yields,dimensionless per encounter unless field name gives s^-1 or s,True,"Illustrative one-factor-at-a-time grid; bounds are not measured ranges or probability priors. Results are populations and per-encounter yields, not concentrations or biological fluxes. No encounter yield is converted to molarity, and no continuous biological ROS source is modeled.",4e863b04abf00d77462be6bdf33a6b2ad343ab81,485e6c100ae04a17802c8cfb09694c7b6fe9783be2b477e00a0a465bb075e0f8,configs/doxorubicin_parameters.json,0b7d200aedee3aed703b810ad54927a2126d9ee0952f6ef87cf5ebb57992d345,configs/parameter_provenance.csv,86c4261fcb9616a643db79340fe0b7398ba10a5c46464e67e8b697bcfc3a4ec9
selectivity_pD=0.75_manifold_mixture,mixture,manifold mixture pD=0.75,0.75,0.7499999999999999,1000000.0,8.0,8e-06,1.0,1000000.0,0.1,100000.0,0.1,100000.0,0.1,100000.0,1.0,1000000.0,0.039810717055349734,39810.717055349734,0.0073035164169124485,0.04771151330664367,0.05501502972355613,0.6838260066575448,0.05489253901364888,0.7387185456711937,0.2062664246052493,0.05501502972355613,0.9999999999999991,8.881784197001252e-16,constant-generator matrix exponential Pade(13),2,dimensionless populations/per-encounter yields,dimensionless per encounter unless field name gives s^-1 or s,True,"Illustrative one-factor-at-a-time grid; bounds are not measured ranges or probability priors. Results are populations and per-encounter yields, not concentrations or biological fluxes. No encounter yield is converted to molarity, and no continuous biological ROS source is modeled.",4e863b04abf00d77462be6bdf33a6b2ad343ab81,485e6c100ae04a17802c8cfb09694c7b6fe9783be2b477e00a0a465bb075e0f8,configs/doxorubicin_parameters.json,0b7d200aedee3aed703b810ad54927a2126d9ee0952f6ef87cf5ebb57992d345,configs/parameter_provenance.csv,86c4261fcb9616a643db79340fe0b7398ba10a5c46464e67e8b697bcfc3a4ec9
selectivity_pD=0.75_manifold_mixture,mixture,manifold mixture pD=0.75,0.75,0.7499999999999999,1000000.0,8.0,8e-06,1.0,1000000.0,0.1,100000.0,0.1,100000.0,0.1,100000.0,1.0,1000000.0,0.06309573444801933,63095.73444801933,0.00629967043655859,0.04021875799935134,0.046518428435909934,0.6733295865059918,0.08233184528791714,0.755661431793909,0.19782013977018065,0.046518428435909934,0.9999999999999996,4.440892098500626e-16,constant-generator matrix exponential Pade(13),2,dimensionless populations/per-encounter yields,dimensionless per encounter unless field name gives s^-1 or s,True,"Illustrative one-factor-at-a-time grid; bounds are not measured ranges or probability priors. Results are populations and per-encounter yields, not concentrations or biological fluxes. No encounter yield is converted to molarity, and no continuous biological ROS source is modeled.",4e863b04abf00d77462be6bdf33a6b2ad343ab81,485e6c100ae04a17802c8cfb09694c7b6fe9783be2b477e00a0a465bb075e0f8,configs/doxorubicin_parameters.json,0b7d200aedee3aed703b810ad54927a2126d9ee0952f6ef87cf5ebb57992d345,configs/parameter_provenance.csv,86c4261fcb9616a643db79340fe0b7398ba10a5c46464e67e8b697bcfc3a4ec9
selectivity_pD=0.75_manifold_mixture,mixture,manifold mixture pD=0.75,0.75,0.7499999999999999,1000000.0,8.0,8e-06,1.0,1000000.0,0.1,100000.0,0.1,100000.0,0.1,100000.0,1.0,1000000.0,0.1,100000.0,0.004994095888863587,0.030719006782344946,0.03571310267120853,0.658377008549538,0.12003609396214945,0.7784131025116874,0.18587379481710323,0.03571310267120853,0.9999999999999991,8.881784197001252e-16,constant-generator matrix exponential Pade(13),2,dimensionless populations/per-encounter yields,dimensionless per encounter unless field name gives s^-1 or s,True,"Illustrative one-factor-at-a-time grid; bounds are not measured ranges or probability priors. Results are populations and per-encounter yields, not concentrations or biological fluxes. No encounter yield is converted to molarity, and no continuous biological ROS source is modeled.",4e863b04abf00d77462be6bdf33a6b2ad343ab81,485e6c100ae04a17802c8cfb09694c7b6fe9783be2b477e00a0a465bb075e0f8,configs/doxorubicin_parameters.json,0b7d200aedee3aed703b810ad54927a2126d9ee0952f6ef87cf5ebb57992d345,configs/parameter_provenance.csv,86c4261fcb9616a643db79340fe0b7398ba10a5c46464e67e8b697bcfc3a4ec9
selectivity_pD=0.75_manifold_mixture,mixture,manifold mixture pD=0.75,0.75,0.7499999999999999,1000000.0,8.0,8e-06,1.0,1000000.0,0.1,100000.0,0.1,100000.0,0.1,100000.0,1.0,1000000.0,0.15848931924611143,158489.31924611144,0.003475550947805677,0.0201126318641677,0.023588182811973377,0.6382720124098269,0.16819115746073862,0.8064631698705655,0.1699486473174603,0.023588182811973377,0.9999999999999992,7.771561172376096e-16,constant-generator matrix exponential Pade(13),2,dimensionless populations/per-encounter yields,dimensionless per encounter unless field name gives s^-1 or s,True,"Illustrative one-factor-at-a-time grid; bounds are not measured ranges or probability priors. Results are populations and per-encounter yields, not concentrations or biological fluxes. No encounter yield is converted to molarity, and no continuous biological ROS source is modeled.",4e863b04abf00d77462be6bdf33a6b2ad343ab81,485e6c100ae04a17802c8cfb09694c7b6fe9783be2b477e00a0a465bb075e0f8,configs/doxorubicin_parameters.json,0b7d200aedee3aed703b810ad54927a2126d9ee0952f6ef87cf5ebb57992d345,configs/parameter_provenance.csv,86c4261fcb9616a643db79340fe0b7398ba10a5c46464e67e8b697bcfc3a4ec9
selectivity_pD=0.75_manifold_mixture,mixture,manifold mixture pD=0.75,0.75,0.7499999999999999,1000000.0,8.0,8e-06,1.0,1000000.0,0.1,100000.0,0.1,100000.0,0.1,100000.0,1.0,1000000.0,0.25118864315095807,251188.64315095806,0.0019866727778389466,0.01038025137074718,0.012366924148586127,0.6134546960641685,0.22375459962556388,0.8372092956897323,0.15042378016168065,0.012366924148586127,0.9999999999999991,8.881784197001252e-16,constant-generator matrix exponential Pade(13),2,dimensionless populations/per-encounter yields,dimensionless per encounter unless field name gives s^-1 or s,True,"Illustrative one-factor-at-a-time grid; bounds are not measured ranges or probability priors. Results are populations and per-encounter yields, not concentrations or biological fluxes. No encounter yield is converted to molarity, and no continuous biological ROS source is modeled.",4e863b04abf00d77462be6bdf33a6b2ad343ab81,485e6c100ae04a17802c8cfb09694c7b6fe9783be2b477e00a0a465bb075e0f8,configs/doxorubicin_parameters.json,0b7d200aedee3aed703b810ad54927a2126d9ee0952f6ef87cf5ebb57992d345,configs/parameter_provenance.csv,86c4261fcb9616a643db79340fe0b7398ba10a5c46464e67e8b697bcfc3a4ec9
selectivity_pD=0.75_manifold_mixture,mixture,manifold mixture pD=0.75,0.75,0.7499999999999999,1000000.0,8.0,8e-06,1.0,1000000.0,0.1,100000.0,0.1,100000.0,0.1,100000.0,1.0,1000000.0,0.3981071705534973,398107.17055349733,0.0008549796326647221,0.0037451833331844653,0.004600162965849188,0.5863703088517712,0.2800476964167314,0.8664180052685027,0.12898183176564726,0.004600162965849188,0.9999999999999991,8.881784197001252e-16,constant-generator matrix exponential Pade(13),2,dimensionless populations/per-encounter yields,dimensionless per encounter unless field name gives s^-1 or s,True,"Illustrative one-factor-at-a-time grid; bounds are not measured ranges or probability priors. Results are populations and per-encounter yields, not concentrations or biological fluxes. No encounter yield is converted to molarity, and no continuous biological ROS source is modeled.",4e863b04abf00d77462be6bdf33a6b2ad343ab81,485e6c100ae04a17802c8cfb09694c7b6fe9783be2b477e00a0a465bb075e0f8,configs/doxorubicin_parameters.json,0b7d200aedee3aed703b810ad54927a2126d9ee0952f6ef87cf5ebb57992d345,configs/parameter_provenance.csv,86c4261fcb9616a643db79340fe0b7398ba10a5c46464e67e8b697bcfc3a4ec9
selectivity_pD=0.75_manifold_mixture,mixture,manifold mixture pD=0.75,0.75,0.7499999999999999,1000000.0,8.0,8e-06,1.0,1000000.0,0.1,100000.0,0.1,100000.0,0.1,100000.0,1.0,1000000.0,0.6309573444801934,630957.3444801933,0.00025505854609070885,0.0008151009300254647,0.0010701594761161734,0.5615483356963826,0.3290722365105152,0.8906205722068978,0.10830926831698516,0.0010701594761161734,0.9999999999999992,7.771561172376096e-16,constant-generator matrix exponential Pade(13),2,dimensionless populations/per-encounter yields,dimensionless per encounter unless field name gives s^-1 or s,True,"Illustrative one-factor-at-a-time grid; bounds are not measured ranges or probability priors. Results are populations and per-encounter yields, not concentrations or biological fluxes. No encounter yield is converted to molarity, and no continuous biological ROS source is modeled.",4e863b04abf00d77462be6bdf33a6b2ad343ab81,485e6c100ae04a17802c8cfb09694c7b6fe9783be2b477e00a0a465bb075e0f8,configs/doxorubicin_parameters.json,0b7d200aedee3aed703b810ad54927a2126d9ee0952f6ef87cf5ebb57992d345,configs/parameter_provenance.csv,86c4261fcb9616a643db79340fe0b7398ba10a5c46464e67e8b697bcfc3a4ec9
selectivity_pD=0.75_manifold_mixture,mixture,manifold mixture pD=0.75,0.75,0.7499999999999999,1000000.0,8.0,8e-06,1.0,1000000.0,0.1,100000.0,0.1,100000.0,0.1,100000.0,1.0,1000000.0,1.0,1000000.0,5.324111230893634e-05,9.749196278654014e-05,0.00015073307509547648,0.5440647341097562,0.3648891449128835,0.9089538790226397,0.09089538790226395,0.00015073307509547648,0.9999999999999991,8.881784197001252e-16,constant-generator matrix exponential Pade(13),2,dimensionless populations/per-encounter yields,dimensionless per encounter unless field name gives s^-1 or s,True,"Illustrative one-factor-at-a-time grid; bounds are not measured ranges or probability priors. Results are populations and per-encounter yields, not concentrations or biological fluxes. No encounter yield is converted to molarity, and no continuous biological ROS source is modeled.",4e863b04abf00d77462be6bdf33a6b2ad343ab81,485e6c100ae04a17802c8cfb09694c7b6fe9783be2b477e00a0a465bb075e0f8,configs/doxorubicin_parameters.json,0b7d200aedee3aed703b810ad54927a2126d9ee0952f6ef87cf5ebb57992d345,configs/parameter_provenance.csv,86c4261fcb9616a643db79340fe0b7398ba10a5c46464e67e8b697bcfc3a4ec9
selectivity_pD=0.75_manifold_mixture,mixture,manifold mixture pD=0.75,0.75,0.7499999999999999,1000000.0,8.0,8e-06,1.0,1000000.0,0.1,100000.0,0.1,100000.0,0.1,100000.0,1.0,1000000.0,1.584893192461114,1584893.1924611141,9.118087120091912e-06,7.738479525288556e-06,1.6856566645380468e-05,0.5370825988509598,0.384906336690137,0.9219889355410968,0.07799420789225678,1.6856566645380468e-05,0.999999999999999,9.992007221626409e-16,constant-generator matrix exponential Pade(13),2,dimensionless populations/per-encounter yields,dimensionless per encounter unless field name gives s^-1 or s,True,"Illustrative one-factor-at-a-time grid; bounds are not measured ranges or probability priors. Results are populations and per-encounter yields, not concentrations or biological fluxes. No encounter yield is converted to molarity, and no continuous biological ROS source is modeled.",4e863b04abf00d77462be6bdf33a6b2ad343ab81,485e6c100ae04a17802c8cfb09694c7b6fe9783be2b477e00a0a465bb075e0f8,configs/doxorubicin_parameters.json,0b7d200aedee3aed703b810ad54927a2126d9ee0952f6ef87cf5ebb57992d345,configs/parameter_provenance.csv,86c4261fcb9616a643db79340fe0b7398ba10a5c46464e67e8b697bcfc3a4ec9
selectivity_pD=0.75_manifold_mixture,mixture,manifold mixture pD=0.75,0.75,0.7499999999999999,1000000.0,8.0,8e-06,1.0,1000000.0,0.1,100000.0,0.1,100000.0,0.1,100000.0,1.0,1000000.0,2.5118864315095824,2511886.4315095823,2.5070335481949675e-06,1.1818065032300192e-06,3.6888400514249868e-06,0.5403298399522908,0.3901031991294961,0.9304330390817869,0.06956327207816015,3.6888400514249868e-06,0.9999999999999984,1.5543122344752192e-15,constant-generator matrix exponential Pade(13),2,dimensionless populations/per-encounter yields,dimensionless per encounter unless field name gives s^-1 or s,True,"Illustrative one-factor-at-a-time grid; bounds are not measured ranges or probability priors. Results are populations and per-encounter yields, not concentrations or biological fluxes. No encounter yield is converted to molarity, and no continuous biological ROS source is modeled.",4e863b04abf00d77462be6bdf33a6b2ad343ab81,485e6c100ae04a17802c8cfb09694c7b6fe9783be2b477e00a0a465bb075e0f8,configs/doxorubicin_parameters.json,0b7d200aedee3aed703b810ad54927a2126d9ee0952f6ef87cf5ebb57992d345,configs/parameter_provenance.csv,86c4261fcb9616a643db79340fe0b7398ba10a5c46464e67e8b697bcfc3a4ec9
selectivity_pD=0.75_manifold_mixture,mixture,manifold mixture pD=0.75,0.75,0.7499999999999999,1000000.0,8.0,8e-06,1.0,1000000.0,0.1,100000.0,0.1,100000.0,0.1,100000.0,1.0,1000000.0,3.981071705534973,3981071.705534973,5.341093548160486e-06,8.400356158778935e-07,6.18112916403838e-06,0.5505353565751914,0.3847406777570468,0.9352760343322382,0.06471778453859639,6.18112916403838e-06,0.9999999999999987,1.3322676295501878e-15,constant-generator matrix exponential Pade(13),2,dimensionless populations/per-encounter yields,dimensionless per encounter unless field name gives s^-1 or s,True,"Illustrative one-factor-at-a-time grid; bounds are not measured ranges or probability priors. Results are populations and per-encounter yields, not concentrations or biological fluxes. No encounter yield is converted to molarity, and no continuous biological ROS source is modeled.",4e863b04abf00d77462be6bdf33a6b2ad343ab81,485e6c100ae04a17802c8cfb09694c7b6fe9783be2b477e00a0a465bb075e0f8,configs/doxorubicin_parameters.json,0b7d200aedee3aed703b810ad54927a2126d9ee0952f6ef87cf5ebb57992d345,configs/parameter_provenance.csv,86c4261fcb9616a643db79340fe0b7398ba10a5c46464e67e8b697bcfc3a4ec9
selectivity_pD=0.75_manifold_mixture,mixture,manifold mixture pD=0.75,0.75,0.7499999999999999,1000000.0,8.0,8e-06,1.0,1000000.0,0.1,100000.0,0.1,100000.0,0.1,100000.0,1.0,1000000.0,6.309573444801936,6309573.444801936,1.1664647954637433e-05,6.798008992836805e-07,1.2344448853921115e-05,0.5634162665014446,0.3742975460723047,0.9377138125737493,0.06227384297739344,1.2344448853921115e-05,0.9999999999999967,3.3306690738754696e-15,constant-generator matrix exponential Pade(13),2,dimensionless populations/per-encounter yields,dimensionless per encounter unless field name gives s^-1 or s,True,"Illustrative one-factor-at-a-time grid; bounds are not measured ranges or probability priors. Results are populations and per-encounter yields, not concentrations or biological fluxes. No encounter yield is converted to molarity, and no continuous biological ROS source is modeled.",4e863b04abf00d77462be6bdf33a6b2ad343ab81,485e6c100ae04a17802c8cfb09694c7b6fe9783be2b477e00a0a465bb075e0f8,configs/doxorubicin_parameters.json,0b7d200aedee3aed703b810ad54927a2126d9ee0952f6ef87cf5ebb57992d345,configs/parameter_provenance.csv,86c4261fcb9616a643db79340fe0b7398ba10a5c46464e67e8b697bcfc3a4ec9
selectivity_pD=0.75_manifold_mixture,mixture,manifold mixture pD=0.75,0.75,0.7499999999999999,1000000.0,8.0,8e-06,1.0,1000000.0,0.1,100000.0,0.1,100000.0,0.1,100000.0,1.0,1000000.0,10.0,10000000.0,1.861674764323752e-05,4.852397878021851e-07,1.9101987431039707e-05,0.5756591467582232,0.3631245906717995,0.9387837374300226,0.061197160582540315,1.9101987431039707e-05,0.999999999999994,5.995204332975845e-15,constant-generator matrix exponential Pade(13),2,dimensionless populations/per-encounter yields,dimensionless per encounter unless field name gives s^-1 or s,True,"Illustrative one-factor-at-a-time grid; bounds are not measured ranges or probability priors. Results are populations and per-encounter yields, not concentrations or biological fluxes. No encounter yield is converted to molarity, and no continuous biological ROS source is modeled.",4e863b04abf00d77462be6bdf33a6b2ad343ab81,485e6c100ae04a17802c8cfb09694c7b6fe9783be2b477e00a0a465bb075e0f8,configs/doxorubicin_parameters.json,0b7d200aedee3aed703b810ad54927a2126d9ee0952f6ef87cf5ebb57992d345,configs/parameter_provenance.csv,86c4261fcb9616a643db79340fe0b7398ba10a5c46464e67e8b697bcfc3a4ec9
selectivity_pD=0.75_manifold_mixture,mixture,manifold mixture pD=0.75,0.75,0.7499999999999999,1000000.0,8.0,8e-06,1.0,1000000.0,0.1,100000.0,0.1,100000.0,1.0,1000000.0,1.0,1000000.0,0.0,0.0,7.036920418500961e-06,4.77707568227675e-05,5.4807677241268456e-05,0.3418221793156394,0.0,0.3418221793156394,0.6581230130071184,5.4807677241268456e-05,0.9999999999999991,8.881784197001252e-16,constant-generator matrix exponential Pade(13),2,dimensionless populations/per-encounter yields,dimensionless per encounter unless field name gives s^-1 or s,True,"Illustrative one-factor-at-a-time grid; bounds are not measured ranges or probability priors. Results are populations and per-encounter yields, not concentrations or biological fluxes. No encounter yield is converted to molarity, and no continuous biological ROS source is modeled.",4e863b04abf00d77462be6bdf33a6b2ad343ab81,485e6c100ae04a17802c8cfb09694c7b6fe9783be2b477e00a0a465bb075e0f8,configs/doxorubicin_parameters.json,0b7d200aedee3aed703b810ad54927a2126d9ee0952f6ef87cf5ebb57992d345,configs/parameter_provenance.csv,86c4261fcb9616a643db79340fe0b7398ba10a5c46464e67e8b697bcfc3a4ec9
selectivity_pD=0.75_manifold_mixture,mixture,manifold mixture pD=0.75,0.75,0.7499999999999999,1000000.0,8.0,8e-06,1.0,1000000.0,0.1,100000.0,0.1,100000.0,1.0,1000000.0,1.0,1000000.0,0.01,10000.0,6.59848963457347e-06,4.436861371508394e-05,5.0967103349657406e-05,0.3416406667462658,0.0031353237564764134,0.3447759905027422,0.6551730423939073,5.0967103349657406e-05,0.9999999999999991,8.881784197001252e-16,constant-generator matrix exponential Pade(13),2,dimensionless populations/per-encounter yields,dimensionless per encounter unless field name gives s^-1 or s,True,"Illustrative one-factor-at-a-time grid; bounds are not measured ranges or probability priors. Results are populations and per-encounter yields, not concentrations or biological fluxes. No encounter yield is converted to molarity, and no continuous biological ROS source is modeled.",4e863b04abf00d77462be6bdf33a6b2ad343ab81,485e6c100ae04a17802c8cfb09694c7b6fe9783be2b477e00a0a465bb075e0f8,configs/doxorubicin_parameters.json,0b7d200aedee3aed703b810ad54927a2126d9ee0952f6ef87cf5ebb57992d345,configs/parameter_provenance.csv,86c4261fcb9616a643db79340fe0b7398ba10a5c46464e67e8b697bcfc3a4ec9
selectivity_pD=0.75_manifold_mixture,mixture,manifold mixture pD=0.75,0.75,0.7499999999999999,1000000.0,8.0,8e-06,1.0,1000000.0,0.1,100000.0,0.1,100000.0,1.0,1000000.0,1.0,1000000.0,0.015848931924611134,15848.931924611134,6.3553384405265e-06,4.24942607294649e-05,4.88495991699914e-05,0.34153637758713884,0.004943829694057639,0.3464802072811965,0.6534709431196326,4.88495991699914e-05,0.9999999999999991,8.881784197001252e-16,constant-generator matrix exponential Pade(13),2,dimensionless populations/per-encounter yields,dimensionless per encounter unless field name gives s^-1 or s,True,"Illustrative one-factor-at-a-time grid; bounds are not measured ranges or probability priors. Results are populations and per-encounter yields, not concentrations or biological fluxes. No encounter yield is converted to molarity, and no continuous biological ROS source is modeled.",4e863b04abf00d77462be6bdf33a6b2ad343ab81,485e6c100ae04a17802c8cfb09694c7b6fe9783be2b477e00a0a465bb075e0f8,configs/doxorubicin_parameters.json,0b7d200aedee3aed703b810ad54927a2126d9ee0952f6ef87cf5ebb57992d345,configs/parameter_provenance.csv,86c4261fcb9616a643db79340fe0b7398ba10a5c46464e67e8b697bcfc3a4ec9
selectivity_pD=0.75_manifold_mixture,mixture,manifold mixture pD=0.75,0.75,0.7499999999999999,1000000.0,8.0,8e-06,1.0,1000000.0,0.1,100000.0,0.1,100000.0,1.0,1000000.0,1.0,1000000.0,0.025118864315095794,25118.864315095794,5.9889285117103745e-06,3.968747265870567e-05,4.567640117041605e-05,0.3413738682253761,0.007772629594277001,0.34914649781965307,0.6508078257791757,4.567640117041605e-05,0.9999999999999992,7.771561172376096e-16,constant-generator matrix exponential Pade(13),2,dimensionless populations/per-encounter yields,dimensionless per encounter unless field name gives s^-1 or s,True,"Illustrative one-factor-at-a-time grid; bounds are not measured ranges or probability priors. Results are populations and per-encounter yields, not concentrations or biological fluxes. No encounter yield is converted to molarity, and no continuous biological ROS source is modeled.",4e863b04abf00d77462be6bdf33a6b2ad343ab81,485e6c100ae04a17802c8cfb09694c7b6fe9783be2b477e00a0a465bb075e0f8,configs/doxorubicin_parameters.json,0b7d200aedee3aed703b810ad54927a2126d9ee0952f6ef87cf5ebb57992d345,configs/parameter_provenance.csv,86c4261fcb9616a643db79340fe0b7398ba10a5c46464e67e8b697bcfc3a4ec9
selectivity_pD=0.75_manifold_mixture,mixture,manifold mixture pD=0.75,0.75,0.7499999999999999,1000000.0,8.0,8e-06,1.0,1000000.0,0.1,100000.0,0.1,100000.0,1.0,1000000.0,1.0,1000000.0,0.039810717055349734,39810.717055349734,5.452701708112944e-06,3.562073873091532e-05,4.1073440439028264e-05,0.3411231153832563,0.01216410836092214,0.3532872237441784,0.6466717028153817,4.1073440439028264e-05,0.9999999999999991,8.881784197001252e-16,constant-generator matrix exponential Pade(13),2,dimensionless populations/per-encounter yields,dimensionless per encounter unless field name gives s^-1 or s,True,"Illustrative one-factor-at-a-time grid; bounds are not measured ranges or probability priors. Results are populations and per-encounter yields, not concentrations or biological fluxes. No encounter yield is converted to molarity, and no continuous biological ROS source is modeled.",4e863b04abf00d77462be6bdf33a6b2ad343ab81,485e6c100ae04a17802c8cfb09694c7b6fe9783be2b477e00a0a465bb075e0f8,configs/doxorubicin_parameters.json,0b7d200aedee3aed703b810ad54927a2126d9ee0952f6ef87cf5ebb57992d345,configs/parameter_provenance.csv,86c4261fcb9616a643db79340fe0b7398ba10a5c46464e67e8b697bcfc3a4ec9
selectivity_pD=0.75_manifold_mixture,mixture,manifold mixture pD=0.75,0.75,0.7499999999999999,1000000.0,8.0,8e-06,1.0,1000000.0,0.1,100000.0,0.1,100000.0,1.0,1000000.0,1.0,1000000.0,0.06309573444801933,63095.73444801933,4.70324454538476e-06,3.002675395285171e-05,3.472999849823648e-05,0.3407421460931378,0.018902146393625217,0.359644292486763,0.6403209775147377,3.472999849823648e-05,0.9999999999999989,1.1102230246251565e-15,constant-generator matrix exponential Pade(13),2,dimensionless populations/per-encounter yields,dimensionless per encounter unless field name gives s^-1 or s,True,"Illustrative one-factor-at-a-time grid; bounds are not measured ranges or probability priors. Results are populations and per-encounter yields, not concentrations or biological fluxes. No encounter yield is converted to molarity, and no continuous biological ROS source is modeled.",4e863b04abf00d77462be6bdf33a6b2ad343ab81,485e6c100ae04a17802c8cfb09694c7b6fe9783be2b477e00a0a465bb075e0f8,configs/doxorubicin_parameters.json,0b7d200aedee3aed703b810ad54927a2126d9ee0952f6ef87cf5ebb57992d345,configs/parameter_provenance.csv,86c4261fcb9616a643db79340fe0b7398ba10a5c46464e67e8b697bcfc3a4ec9
selectivity_pD=0.75_manifold_mixture,mixture,manifold mixture pD=0.75,0.75,0.7499999999999999,1000000.0,8.0,8e-06,1.0,1000000.0,0.1,100000.0,0.1,100000.0,1.0,1000000.0,1.0,1000000.0,0.1,100000.0,3.728521116297877e-06,2.293437451112573e-05,2.6662895627423608e-05,0.34017722880705037,0.029056261771842826,0.3692334905788932,0.6307398465254785,2.6662895627423608e-05,0.9999999999999992,7.771561172376096e-16,constant-generator matrix exponential Pade(13),2,dimensionless populations/per-encounter yields,dimensionless per encounter unless field name gives s^-1 or s,True,"Illustrative one-factor-at-a-time grid; bounds are not measured ranges or probability priors. Results are populations and per-encounter yields, not concentrations or biological fluxes. No encounter yield is converted to molarity, and no continuous biological ROS source is modeled.",4e863b04abf00d77462be6bdf33a6b2ad343ab81,485e6c100ae04a17802c8cfb09694c7b6fe9783be2b477e00a0a465bb075e0f8,configs/doxorubicin_parameters.json,0b7d200aedee3aed703b810ad54927a2126d9ee0952f6ef87cf5ebb57992d345,configs/parameter_provenance.csv,86c4261fcb9616a643db79340fe0b7398ba10a5c46464e67e8b697bcfc3a4ec9
selectivity_pD=0.75_manifold_mixture,mixture,manifold mixture pD=0.75,0.75,0.7499999999999999,1000000.0,8.0,8e-06,1.0,1000000.0,0.1,100000.0,0.1,100000.0,1.0,1000000.0,1.0,1000000.0,0.15848931924611143,158489.31924611144,2.594797013921838e-06,1.501580551889222e-05,1.761060253281406e-05,0.33937076454279996,0.04394796259148488,0.38331872713428483,0.6166636622631816,1.761060253281406e-05,0.9999999999999992,7.771561172376096e-16,constant-generator matrix exponential Pade(13),2,dimensionless populations/per-encounter yields,dimensionless per encounter unless field name gives s^-1 or s,True,"Illustrative one-factor-at-a-time grid; bounds are not measured ranges or probability priors. Results are populations and per-encounter yields, not concentrations or biological fluxes. No encounter yield is converted to molarity, and no continuous biological ROS source is modeled.",4e863b04abf00d77462be6bdf33a6b2ad343ab81,485e6c100ae04a17802c8cfb09694c7b6fe9783be2b477e00a0a465bb075e0f8,configs/doxorubicin_parameters.json,0b7d200aedee3aed703b810ad54927a2126d9ee0952f6ef87cf5ebb57992d345,configs/parameter_provenance.csv,86c4261fcb9616a643db79340fe0b7398ba10a5c46464e67e8b697bcfc3a4ec9
selectivity_pD=0.75_manifold_mixture,mixture,manifold mixture pD=0.75,0.75,0.7499999999999999,1000000.0,8.0,8e-06,1.0,1000000.0,0.1,100000.0,0.1,100000.0,1.0,1000000.0,1.0,1000000.0,0.25118864315095807,251188.64315095806,1.4832217018228356e-06,7.749748360782428e-06,9.232970062605263e-06,0.3382857339874553,0.0649296613609561,0.40321539534841144,0.5967753716815252,9.232970062605263e-06,0.9999999999999992,7.771561172376096e-16,constant-generator matrix exponential Pade(13),2,dimensionless populations/per-encounter yields,dimensionless per encounter unless field name gives s^-1 or s,True,"Illustrative one-factor-at-a-time grid; bounds are not measured ranges or probability priors. Results are populations and per-encounter yields, not concentrations or biological fluxes. No encounter yield is converted to molarity, and no continuous biological ROS source is modeled.",4e863b04abf00d77462be6bdf33a6b2ad343ab81,485e6c100ae04a17802c8cfb09694c7b6fe9783be2b477e00a0a465bb075e0f8,configs/doxorubicin_parameters.json,0b7d200aedee3aed703b810ad54927a2126d9ee0952f6ef87cf5ebb57992d345,configs/parameter_provenance.csv,86c4261fcb9616a643db79340fe0b7398ba10a5c46464e67e8b697bcfc3a4ec9
selectivity_pD=0.75_manifold_mixture,mixture,manifold mixture pD=0.75,0.75,0.7499999999999999,1000000.0,8.0,8e-06,1.0,1000000.0,0.1,100000.0,0.1,100000.0,1.0,1000000.0,1.0,1000000.0,0.3981071705534973,398107.17055349733,6.383156601985909e-07,2.7961007263244014e-06,3.434416386522993e-06,0.33695571096361354,0.09285184757988268,0.4298075585434962,0.5701890070401165,3.434416386522993e-06,0.9999999999999992,7.771561172376096e-16,constant-generator matrix exponential Pade(13),2,dimensionless populations/per-encounter yields,dimensionless per encounter unless field name gives s^-1 or s,True,"Illustrative one-factor-at-a-time grid; bounds are not measured ranges or probability priors. Results are populations and per-encounter yields, not concentrations or biological fluxes. No encounter yield is converted to molarity, and no continuous biological ROS source is modeled.",4e863b04abf00d77462be6bdf33a6b2ad343ab81,485e6c100ae04a17802c8cfb09694c7b6fe9783be2b477e00a0a465bb075e0f8,configs/doxorubicin_parameters.json,0b7d200aedee3aed703b810ad54927a2126d9ee0952f6ef87cf5ebb57992d345,configs/parameter_provenance.csv,86c4261fcb9616a643db79340fe0b7398ba10a5c46464e67e8b697bcfc3a4ec9
selectivity_pD=0.75_manifold_mixture,mixture,manifold mixture pD=0.75,0.75,0.7499999999999999,1000000.0,8.0,8e-06,1.0,1000000.0,0.1,100000.0,0.1,100000.0,1.0,1000000.0,1.0,1000000.0,0.6309573444801934,630957.3444801933,1.9042309081651323e-07,6.085427867516468e-07,7.989658775681601e-07,0.33555461314745694,0.1272354214473624,0.4627900345948194,0.5372091664393026,7.989658775681601e-07,0.9999999999999996,4.440892098500626e-16,constant-generator matrix exponential Pade(13),2,dimensionless populations/per-encounter yields,dimensionless per encounter unless field name gives s^-1 or s,True,"Illustrative one-factor-at-a-time grid; bounds are not measured ranges or probability priors. Results are populations and per-encounter yields, not concentrations or biological fluxes. No encounter yield is converted to molarity, and no continuous biological ROS source is modeled.",4e863b04abf00d77462be6bdf33a6b2ad343ab81,485e6c100ae04a17802c8cfb09694c7b6fe9783be2b477e00a0a465bb075e0f8,configs/doxorubicin_parameters.json,0b7d200aedee3aed703b810ad54927a2126d9ee0952f6ef87cf5ebb57992d345,configs/parameter_provenance.csv,86c4261fcb9616a643db79340fe0b7398ba10a5c46464e67e8b697bcfc3a4ec9
selectivity_pD=0.75_manifold_mixture,mixture,manifold mixture pD=0.75,0.75,0.7499999999999999,1000000.0,8.0,8e-06,1.0,1000000.0,0.1,100000.0,0.1,100000.0,1.0,1000000.0,1.0,1000000.0,1.0,1000000.0,3.97490588720409e-08,7.278611584721839e-08,1.1253517471925928e-07,0.33444027456928804,0.1655596691631238,0.49999994373241186,0.49999994373241186,1.1253517471925928e-07,0.9999999999999984,1.5543122344752192e-15,constant-generator matrix exponential Pade(13),2,dimensionless populations/per-encounter yields,dimensionless per encounter unless field name gives s^-1 or s,True,"Illustrative one-factor-at-a-time grid; bounds are not measured ranges or probability priors. Results are populations and per-encounter yields, not concentrations or biological fluxes. No encounter yield is converted to molarity, and no continuous biological ROS source is modeled.",4e863b04abf00d77462be6bdf33a6b2ad343ab81,485e6c100ae04a17802c8cfb09694c7b6fe9783be2b477e00a0a465bb075e0f8,configs/doxorubicin_parameters.json,0b7d200aedee3aed703b810ad54927a2126d9ee0952f6ef87cf5ebb57992d345,configs/parameter_provenance.csv,86c4261fcb9616a643db79340fe0b7398ba10a5c46464e67e8b697bcfc3a4ec9
selectivity_pD=0.75_manifold_mixture,mixture,manifold mixture pD=0.75,0.75,0.7499999999999999,1000000.0,8.0,8e-06,1.0,1000000.0,0.1,100000.0,0.1,100000.0,1.0,1000000.0,1.0,1000000.0,1.584893192461114,1584893.1924611141,6.807434443402826e-09,5.77743899199396e-09,1.2584873435396786e-08,0.334086385018205,0.20345548490385118,0.5375418699220562,0.462458117493069,1.2584873435396786e-08,0.9999999999999987,1.3322676295501878e-15,constant-generator matrix exponential Pade(13),2,dimensionless populations/per-encounter yields,dimensionless per encounter unless field name gives s^-1 or s,True,"Illustrative one-factor-at-a-time grid; bounds are not measured ranges or probability priors. Results are populations and per-encounter yields, not concentrations or biological fluxes. No encounter yield is converted to molarity, and no continuous biological ROS source is modeled.",4e863b04abf00d77462be6bdf33a6b2ad343ab81,485e6c100ae04a17802c8cfb09694c7b6fe9783be2b477e00a0a465bb075e0f8,configs/doxorubicin_parameters.json,0b7d200aedee3aed703b810ad54927a2126d9ee0952f6ef87cf5ebb57992d345,configs/parameter_provenance.csv,86c4261fcb9616a643db79340fe0b7398ba10a5c46464e67e8b697bcfc3a4ec9
selectivity_pD=0.75_manifold_mixture,mixture,manifold mixture pD=0.75,0.75,0.7499999999999999,1000000.0,8.0,8e-06,1.0,1000000.0,0.1,100000.0,0.1,100000.0,1.0,1000000.0,1.0,1000000.0,2.5118864315095824,2511886.4315095823,1.8717156682065986e-09,8.823199635588014e-10,2.7540356317654e-09,0.3348619303825633,0.2362309152238184,0.5710928456063817,0.42890715163958076,2.7540356317654e-09,0.9999999999999982,1.7763568394002505e-15,constant-generator matrix exponential Pade(13),2,dimensionless populations/per-encounter yields,dimensionless per encounter unless field name gives s^-1 or s,True,"Illustrative one-factor-at-a-time grid; bounds are not measured ranges or probability priors. Results are populations and per-encounter yields, not concentrations or biological fluxes. No encounter yield is converted to molarity, and no continuous biological ROS source is modeled.",4e863b04abf00d77462be6bdf33a6b2ad343ab81,485e6c100ae04a17802c8cfb09694c7b6fe9783be2b477e00a0a465bb075e0f8,configs/doxorubicin_parameters.json,0b7d200aedee3aed703b810ad54927a2126d9ee0952f6ef87cf5ebb57992d345,configs/parameter_provenance.csv,86c4261fcb9616a643db79340fe0b7398ba10a5c46464e67e8b697bcfc3a4ec9
selectivity_pD=0.75_manifold_mixture,mixture,manifold mixture pD=0.75,0.75,0.7499999999999999,1000000.0,8.0,8e-06,1.0,1000000.0,0.1,100000.0,0.1,100000.0,1.0,1000000.0,1.0,1000000.0,3.981071705534973,3981071.705534973,3.987584644268864e-09,6.271586693453987e-10,4.614743313614262e-09,0.33678137952603127,0.26090169385737094,0.5976830733834022,0.402316922001851,4.614743313614262e-09,0.9999999999999966,3.4416913763379853e-15,constant-generator matrix exponential Pade(13),2,dimensionless populations/per-encounter yields,dimensionless per encounter unless field name gives s^-1 or s,True,"Illustrative one-factor-at-a-time grid; bounds are not measured ranges or probability priors. Results are populations and per-encounter yields, not concentrations or biological fluxes. No encounter yield is converted to molarity, and no continuous biological ROS source is modeled.",4e863b04abf00d77462be6bdf33a6b2ad343ab81,485e6c100ae04a17802c8cfb09694c7b6fe9783be2b477e00a0a465bb075e0f8,configs/doxorubicin_parameters.json,0b7d200aedee3aed703b810ad54927a2126d9ee0952f6ef87cf5ebb57992d345,configs/parameter_provenance.csv,86c4261fcb9616a643db79340fe0b7398ba10a5c46464e67e8b697bcfc3a4ec9
selectivity_pD=0.75_manifold_mixture,mixture,manifold mixture pD=0.75,0.75,0.7499999999999999,1000000.0,8.0,8e-06,1.0,1000000.0,0.1,100000.0,0.1,100000.0,1.0,1000000.0,1.0,1000000.0,6.309573444801936,6309573.444801936,8.708660622642345e-09,5.075297039268995e-10,9.216190326569244e-09,0.3394562521253579,0.27716050653107344,0.6166167586564313,0.38338323212737513,9.216190326569244e-09,0.9999999999999968,3.219646771412954e-15,constant-generator matrix exponential Pade(13),2,dimensionless populations/per-encounter yields,dimensionless per encounter unless field name gives s^-1 or s,True,"Illustrative one-factor-at-a-time grid; bounds are not measured ranges or probability priors. Results are populations and per-encounter yields, not concentrations or biological fluxes. No encounter yield is converted to molarity, and no continuous biological ROS source is modeled.",4e863b04abf00d77462be6bdf33a6b2ad343ab81,485e6c100ae04a17802c8cfb09694c7b6fe9783be2b477e00a0a465bb075e0f8,configs/doxorubicin_parameters.json,0b7d200aedee3aed703b810ad54927a2126d9ee0952f6ef87cf5ebb57992d345,configs/parameter_provenance.csv,86c4261fcb9616a643db79340fe0b7398ba10a5c46464e67e8b697bcfc3a4ec9
selectivity_pD=0.75_manifold_mixture,mixture,manifold mixture pD=0.75,0.75,0.7499999999999999,1000000.0,8.0,8e-06,1.0,1000000.0,0.1,100000.0,0.1,100000.0,1.0,1000000.0,1.0,1000000.0,10.0,10000000.0,1.3898999588570957e-08,3.6227313923281227e-10,1.426127272780377e-08,0.34231514696642973,0.28669971982350945,0.6290148667899391,0.37098511894878083,1.426127272780377e-08,0.9999999999999927,7.327471962526033e-15,constant-generator matrix exponential Pade(13),2,dimensionless populations/per-encounter yields,dimensionless per encounter unless field name gives s^-1 or s,True,"Illustrative one-factor-at-a-time grid; bounds are not measured ranges or probability priors. Results are populations and per-encounter yields, not concentrations or biological fluxes. No encounter yield is converted to molarity, and no continuous biological ROS source is modeled.",4e863b04abf00d77462be6bdf33a6b2ad343ab81,485e6c100ae04a17802c8cfb09694c7b6fe9783be2b477e00a0a465bb075e0f8,configs/doxorubicin_parameters.json,0b7d200aedee3aed703b810ad54927a2126d9ee0952f6ef87cf5ebb57992d345,configs/parameter_provenance.csv,86c4261fcb9616a643db79340fe0b7398ba10a5c46464e67e8b697bcfc3a4ec9
selectivity_pD=0.75_manifold_mixture,mixture,manifold mixture pD=0.75,0.75,0.7499999999999999,1000000.0,8.0,8e-06,1.0,1000000.0,0.1,100000.0,0.1,100000.0,10.0,10000000.0,1.0,1000000.0,0.0,0.0,3.785994184478964e-37,2.5701556471159228e-36,2.948755065563819e-36,0.06731851571918938,0.0,0.06731851571918938,0.9326814842808036,2.948755065563819e-36,0.9999999999999929,7.105427357601002e-15,constant-generator matrix exponential Pade(13),2,dimensionless populations/per-encounter yields,dimensionless per encounter unless field name gives s^-1 or s,True,"Illustrative one-factor-at-a-time grid; bounds are not measured ranges or probability priors. Results are populations and per-encounter yields, not concentrations or biological fluxes. No encounter yield is converted to molarity, and no continuous biological ROS source is modeled.",4e863b04abf00d77462be6bdf33a6b2ad343ab81,485e6c100ae04a17802c8cfb09694c7b6fe9783be2b477e00a0a465bb075e0f8,configs/doxorubicin_parameters.json,0b7d200aedee3aed703b810ad54927a2126d9ee0952f6ef87cf5ebb57992d345,configs/parameter_provenance.csv,86c4261fcb9616a643db79340fe0b7398ba10a5c46464e67e8b697bcfc3a4ec9
selectivity_pD=0.75_manifold_mixture,mixture,manifold mixture pD=0.75,0.75,0.7499999999999999,1000000.0,8.0,8e-06,1.0,1000000.0,0.1,100000.0,0.1,100000.0,10.0,10000000.0,1.0,1000000.0,0.01,10000.0,3.5501102608974196e-37,2.3871140144921392e-36,2.742125040581881e-36,0.06731840727278082,0.00025923828171768603,0.06757764555449851,0.9324223544454943,2.742125040581881e-36,0.9999999999999928,7.216449660063518e-15,constant-generator matrix exponential Pade(13),2,dimensionless populations/per-encounter yields,dimensionless per encounter unless field name gives s^-1 or s,True,"Illustrative one-factor-at-a-time grid; bounds are not measured ranges or probability priors. Results are populations and per-encounter yields, not concentrations or biological fluxes. No encounter yield is converted to molarity, and no continuous biological ROS source is modeled.",4e863b04abf00d77462be6bdf33a6b2ad343ab81,485e6c100ae04a17802c8cfb09694c7b6fe9783be2b477e00a0a465bb075e0f8,configs/doxorubicin_parameters.json,0b7d200aedee3aed703b810ad54927a2126d9ee0952f6ef87cf5ebb57992d345,configs/parameter_provenance.csv,86c4261fcb9616a643db79340fe0b7398ba10a5c46464e67e8b697bcfc3a4ec9
selectivity_pD=0.75_manifold_mixture,mixture,manifold mixture pD=0.75,0.75,0.7499999999999999,1000000.0,8.0,8e-06,1.0,1000000.0,0.1,100000.0,0.1,100000.0,10.0,10000000.0,1.0,1000000.0,0.015848931924611134,15848.931924611134,3.419290391997166e-37,2.2862703345699948e-36,2.6281993737697117e-36,0.06731834400918843,0.0004106261572327581,0.06772897016642118,0.9322710298335719,2.6281993737697117e-36,0.9999999999999931,6.8833827526759706e-15,constant-generator matrix exponential Pade(13),2,dimensionless populations/per-encounter yields,dimensionless per encounter unless field name gives s^-1 or s,True,"Illustrative one-factor-at-a-time grid; bounds are not measured ranges or probability priors. Results are populations and per-encounter yields, not concentrations or biological fluxes. No encounter yield is converted to molarity, and no continuous biological ROS source is modeled.",4e863b04abf00d77462be6bdf33a6b2ad343ab81,485e6c100ae04a17802c8cfb09694c7b6fe9783be2b477e00a0a465bb075e0f8,configs/doxorubicin_parameters.json,0b7d200aedee3aed703b810ad54927a2126d9ee0952f6ef87cf5ebb57992d345,configs/parameter_provenance.csv,86c4261fcb9616a643db79340fe0b7398ba10a5c46464e67e8b697bcfc3a4ec9
selectivity_pD=0.75_manifold_mixture,mixture,manifold mixture pD=0.75,0.75,0.7499999999999999,1000000.0,8.0,8e-06,1.0,1000000.0,0.1,100000.0,0.1,100000.0,10.0,10000000.0,1.0,1000000.0,0.025118864315095794,25118.864315095794,3.222155029206045e-37,2.1352599112458657e-36,2.45747541416647e-36,0.0673182439933456,0.0006501995835186509,0.06796844357686425,0.9320315564231286,2.45747541416647e-36,0.9999999999999929,7.105427357601002e-15,constant-generator matrix exponential Pade(13),2,dimensionless populations/per-encounter yields,dimensionless per encounter unless field name gives s^-1 or s,True,"Illustrative one-factor-at-a-time grid; bounds are not measured ranges or probability priors. Results are populations and per-encounter yields, not concentrations or biological fluxes. No encounter yield is converted to molarity, and no continuous biological ROS source is modeled.",4e863b04abf00d77462be6bdf33a6b2ad343ab81,485e6c100ae04a17802c8cfb09694c7b6fe9783be2b477e00a0a465bb075e0f8,configs/doxorubicin_parameters.json,0b7d200aedee3aed703b810ad54927a2126d9ee0952f6ef87cf5ebb57992d345,configs/parameter_provenance.csv,86c4261fcb9616a643db79340fe0b7398ba10a5c46464e67e8b697bcfc3a4ec9
selectivity_pD=0.75_manifold_mixture,mixture,manifold mixture pD=0.75,0.75,0.7499999999999999,1000000.0,8.0,8e-06,1.0,1000000.0,0.1,100000.0,0.1,100000.0,10.0,10000000.0,1.0,1000000.0,0.039810717055349734,39810.717055349734,2.9336550264713644e-37,1.916462055298038e-36,2.2098275579451745e-36,0.06731808610518156,0.001028995792993188,0.06834708189817475,0.9316529181018184,2.2098275579451745e-36,0.9999999999999931,6.8833827526759706e-15,constant-generator matrix exponential Pade(13),2,dimensionless populations/per-encounter yields,dimensionless per encounter unless field name gives s^-1 or s,True,"Illustrative one-factor-at-a-time grid; bounds are not measured ranges or probability priors. Results are populations and per-encounter yields, not concentrations or biological fluxes. No encounter yield is converted to molarity, and no continuous biological ROS source is modeled.",4e863b04abf00d77462be6bdf33a6b2ad343ab81,485e6c100ae04a17802c8cfb09694c7b6fe9783be2b477e00a0a465bb075e0f8,configs/doxorubicin_parameters.json,0b7d200aedee3aed703b810ad54927a2126d9ee0952f6ef87cf5ebb57992d345,configs/parameter_provenance.csv,86c4261fcb9616a643db79340fe0b7398ba10a5c46464e67e8b697bcfc3a4ec9
selectivity_pD=0.75_manifold_mixture,mixture,manifold mixture pD=0.75,0.75,0.7499999999999999,1000000.0,8.0,8e-06,1.0,1000000.0,0.1,100000.0,0.1,100000.0,10.0,10000000.0,1.0,1000000.0,0.06309573444801933,63095.73444801933,2.530433121027403e-37,1.6154952604749328e-36,1.868538572577673e-36,0.06731783743372163,0.001627091954845008,0.06894492938856664,0.9310550706114262,1.868538572577673e-36,0.9999999999999929,7.105427357601002e-15,constant-generator matrix exponential Pade(13),2,dimensionless populations/per-encounter yields,dimensionless per encounter unless field name gives s^-1 or s,True,"Illustrative one-factor-at-a-time grid; bounds are not measured ranges or probability priors. Results are populations and per-encounter yields, not concentrations or biological fluxes. No encounter yield is converted to molarity, and no continuous biological ROS source is modeled.",4e863b04abf00d77462be6bdf33a6b2ad343ab81,485e6c100ae04a17802c8cfb09694c7b6fe9783be2b477e00a0a465bb075e0f8,configs/doxorubicin_parameters.json,0b7d200aedee3aed703b810ad54927a2126d9ee0952f6ef87cf5ebb57992d345,configs/parameter_provenance.csv,86c4261fcb9616a643db79340fe0b7398ba10a5c46464e67e8b697bcfc3a4ec9
selectivity_pD=0.75_manifold_mixture,mixture,manifold mixture pD=0.75,0.75,0.7499999999999999,1000000.0,8.0,8e-06,1.0,1000000.0,0.1,100000.0,0.1,100000.0,10.0,10000000.0,1.0,1000000.0,0.1,100000.0,2.006013770725215e-37,1.2339120433349945e-36,1.4345134204075162e-36,0.06731744721137121,0.00256938693737534,0.06988683414874655,0.9301131658512464,1.4345134204075162e-36,0.9999999999999929,7.105427357601002e-15,constant-generator matrix exponential Pade(13),2,dimensionless populations/per-encounter yields,dimensionless per encounter unless field name gives s^-1 or s,True,"Illustrative one-factor-at-a-time grid; bounds are not measured ranges or probability priors. Results are populations and per-encounter yields, not concentrations or biological fluxes. No encounter yield is converted to molarity, and no continuous biological ROS source is modeled.",4e863b04abf00d77462be6bdf33a6b2ad343ab81,485e6c100ae04a17802c8cfb09694c7b6fe9783be2b477e00a0a465bb075e0f8,configs/doxorubicin_parameters.json,0b7d200aedee3aed703b810ad54927a2126d9ee0952f6ef87cf5ebb57992d345,configs/parameter_provenance.csv,86c4261fcb9616a643db79340fe0b7398ba10a5c46464e67e8b697bcfc3a4ec9
selectivity_pD=0.75_manifold_mixture,mixture,manifold mixture pD=0.75,0.75,0.7499999999999999,1000000.0,8.0,8e-06,1.0,1000000.0,0.1,100000.0,0.1,100000.0,10.0,10000000.0,1.0,1000000.0,0.15848931924611143,158489.31924611144,1.3960490982366763e-37,8.07878290343142e-37,9.474832001668096e-37,0.06731683840073235,0.0040488619067529374,0.07136570030748529,0.9286342996925077,9.474832001668096e-37,0.9999999999999929,7.105427357601002e-15,constant-generator matrix exponential Pade(13),2,dimensionless populations/per-encounter yields,dimensionless per encounter unless field name gives s^-1 or s,True,"Illustrative one-factor-at-a-time grid; bounds are not measured ranges or probability priors. Results are populations and per-encounter yields, not concentrations or biological fluxes. No encounter yield is converted to molarity, and no continuous biological ROS source is modeled.",4e863b04abf00d77462be6bdf33a6b2ad343ab81,485e6c100ae04a17802c8cfb09694c7b6fe9783be2b477e00a0a465bb075e0f8,configs/doxorubicin_parameters.json,0b7d200aedee3aed703b810ad54927a2126d9ee0952f6ef87cf5ebb57992d345,configs/parameter_provenance.csv,86c4261fcb9616a643db79340fe0b7398ba10a5c46464e67e8b697bcfc3a4ec9
selectivity_pD=0.75_manifold_mixture,mixture,manifold mixture pD=0.75,0.75,0.7499999999999999,1000000.0,8.0,8e-06,1.0,1000000.0,0.1,100000.0,0.1,100000.0,10.0,10000000.0,1.0,1000000.0,0.25118864315095807,251188.64315095806,7.980008872390196e-38,4.169508887432802e-37,4.9675097746718216e-37,0.06731589721685552,0.006359239663998062,0.07367513688085359,0.9263248631191394,4.9675097746718216e-37,0.999999999999993,6.994405055138486e-15,constant-generator matrix exponential Pade(13),2,dimensionless populations/per-encounter yields,dimensionless per encounter unless field name gives s^-1 or s,True,"Illustrative one-factor-at-a-time grid; bounds are not measured ranges or probability priors. Results are populations and per-encounter yields, not concentrations or biological fluxes. No encounter yield is converted to molarity, and no continuous biological ROS source is modeled.",4e863b04abf00d77462be6bdf33a6b2ad343ab81,485e6c100ae04a17802c8cfb09694c7b6fe9783be2b477e00a0a465bb075e0f8,configs/doxorubicin_parameters.json,0b7d200aedee3aed703b810ad54927a2126d9ee0952f6ef87cf5ebb57992d345,configs/parameter_provenance.csv,86c4261fcb9616a643db79340fe0b7398ba10a5c46464e67e8b697bcfc3a4ec9
selectivity_pD=0.75_manifold_mixture,mixture,manifold mixture pD=0.75,0.75,0.7499999999999999,1000000.0,8.0,8e-06,1.0,1000000.0,0.1,100000.0,0.1,100000.0,10.0,10000000.0,1.0,1000000.0,0.3981071705534973,398107.17055349733,3.4342570807251993e-38,1.5043542429795578e-37,1.8477799510520777e-37,0.06731446309812009,0.009936913902135712,0.0772513770002558,0.922748622999737,1.8477799510520777e-37,0.9999999999999929,7.105427357601002e-15,constant-generator matrix exponential Pade(13),2,dimensionless populations/per-encounter yields,dimensionless per encounter unless field name gives s^-1 or s,True,"Illustrative one-factor-at-a-time grid; bounds are not measured ranges or probability priors. Results are populations and per-encounter yields, not concentrations or biological fluxes. No encounter yield is converted to molarity, and no continuous biological ROS source is modeled.",4e863b04abf00d77462be6bdf33a6b2ad343ab81,485e6c100ae04a17802c8cfb09694c7b6fe9783be2b477e00a0a465bb075e0f8,configs/doxorubicin_parameters.json,0b7d200aedee3aed703b810ad54927a2126d9ee0952f6ef87cf5ebb57992d345,configs/parameter_provenance.csv,86c4261fcb9616a643db79340fe0b7398ba10a5c46464e67e8b697bcfc3a4ec9
selectivity_pD=0.75_manifold_mixture,mixture,manifold mixture pD=0.75,0.75,0.7499999999999999,1000000.0,8.0,8e-06,1.0,1000000.0,0.1,100000.0,0.1,100000.0,10.0,10000000.0,1.0,1000000.0,0.6309573444801934,630957.3444801933,1.0245116777594526e-38,3.2740734790619104e-38,4.2985851568213633e-38,0.06731232715653213,0.015405392011762789,0.08271771916829491,0.9172822808316978,4.2985851568213633e-38,0.9999999999999928,7.216449660063518e-15,constant-generator matrix exponential Pade(13),2,dimensionless populations/per-encounter yields,dimensionless per encounter unless field name gives s^-1 or s,True,"Illustrative one-factor-at-a-time grid; bounds are not measured ranges or probability priors. Results are populations and per-encounter yields, not concentrations or biological fluxes. No encounter yield is converted to molarity, and no continuous biological ROS source is modeled.",4e863b04abf00d77462be6bdf33a6b2ad343ab81,485e6c100ae04a17802c8cfb09694c7b6fe9783be2b477e00a0a465bb075e0f8,configs/doxorubicin_parameters.json,0b7d200aedee3aed703b810ad54927a2126d9ee0952f6ef87cf5ebb57992d345,configs/parameter_provenance.csv,86c4261fcb9616a643db79340fe0b7398ba10a5c46464e67e8b697bcfc3a4ec9
selectivity_pD=0.75_manifold_mixture,mixture,manifold mixture pD=0.75,0.75,0.7499999999999999,1000000.0,8.0,8e-06,1.0,1000000.0,0.1,100000.0,0.1,100000.0,10.0,10000000.0,1.0,1000000.0,1.0,1000000.0,2.1385733641721875e-39,3.916028531228962e-39,6.054601895401149e-39,0.06730925823973863,0.023599832669351634,0.09090909090909026,0.9090909090909026,6.054601895401149e-39,0.9999999999999929,7.105427357601002e-15,constant-generator matrix exponential Pade(13),2,dimensionless populations/per-encounter yields,dimensionless per encounter unless field name gives s^-1 or s,True,"Illustrative one-factor-at-a-time grid; bounds are not measured ranges or probability priors. Results are populations and per-encounter yields, not concentrations or biological fluxes. No encounter yield is converted to molarity, and no continuous biological ROS source is modeled.",4e863b04abf00d77462be6bdf33a6b2ad343ab81,485e6c100ae04a17802c8cfb09694c7b6fe9783be2b477e00a0a465bb075e0f8,configs/doxorubicin_parameters.json,0b7d200aedee3aed703b810ad54927a2126d9ee0952f6ef87cf5ebb57992d345,configs/parameter_provenance.csv,86c4261fcb9616a643db79340fe0b7398ba10a5c46464e67e8b697bcfc3a4ec9
selectivity_pD=0.75_manifold_mixture,mixture,manifold mixture pD=0.75,0.75,0.7499999999999999,1000000.0,8.0,8e-06,1.0,1000000.0,0.1,100000.0,0.1,100000.0,10.0,10000000.0,1.0,1000000.0,1.584893192461114,1584893.1924611141,3.6625264577646963e-40,3.108369730509228e-40,6.770896188273924e-40,0.06730509196910418,0.035521086189302595,0.10282617815840678,0.8971738218415861,6.770896188273924e-40,0.9999999999999929,7.105427357601002e-15,constant-generator matrix exponential Pade(13),2,dimensionless populations/per-encounter yields,dimensionless per encounter unless field name gives s^-1 or s,True,"Illustrative one-factor-at-a-time grid; bounds are not measured ranges or probability priors. Results are populations and per-encounter yields, not concentrations or biological fluxes. No encounter yield is converted to molarity, and no continuous biological ROS source is modeled.",4e863b04abf00d77462be6bdf33a6b2ad343ab81,485e6c100ae04a17802c8cfb09694c7b6fe9783be2b477e00a0a465bb075e0f8,configs/doxorubicin_parameters.json,0b7d200aedee3aed703b810ad54927a2126d9ee0952f6ef87cf5ebb57992d345,configs/parameter_provenance.csv,86c4261fcb9616a643db79340fe0b7398ba10a5c46464e67e8b697bcfc3a4ec9
selectivity_pD=0.75_manifold_mixture,mixture,manifold mixture pD=0.75,0.75,0.7499999999999999,1000000.0,8.0,8e-06,1.0,1000000.0,0.1,100000.0,0.1,100000.0,10.0,10000000.0,1.0,1000000.0,2.5118864315095824,2511886.4315095823,1.007017873357984e-40,4.74704565664942e-41,1.4817224390229259e-40,0.06729992526303555,0.05213753936086121,0.11943746462389676,0.880562535376096,1.4817224390229259e-40,0.9999999999999927,7.327471962526033e-15,constant-generator matrix exponential Pade(13),2,dimensionless populations/per-encounter yields,dimensionless per encounter unless field name gives s^-1 or s,True,"Illustrative one-factor-at-a-time grid; bounds are not measured ranges or probability priors. Results are populations and per-encounter yields, not concentrations or biological fluxes. No encounter yield is converted to molarity, and no continuous biological ROS source is modeled.",4e863b04abf00d77462be6bdf33a6b2ad343ab81,485e6c100ae04a17802c8cfb09694c7b6fe9783be2b477e00a0a465bb075e0f8,configs/doxorubicin_parameters.json,0b7d200aedee3aed703b810ad54927a2126d9ee0952f6ef87cf5ebb57992d345,configs/parameter_provenance.csv,86c4261fcb9616a643db79340fe0b7398ba10a5c46464e67e8b697bcfc3a4ec9
selectivity_pD=0.75_manifold_mixture,mixture,manifold mixture pD=0.75,0.75,0.7499999999999999,1000000.0,8.0,8e-06,1.0,1000000.0,0.1,100000.0,0.1,100000.0,10.0,10000000.0,1.0,1000000.0,3.981071705534973,3981071.705534973,2.1453947715007985e-40,3.374230392949362e-41,2.4828178107957345e-40,0.0672944113785372,0.0739663653429776,0.1412607767215148,0.8587392232784781,2.4828178107957345e-40,0.9999999999999929,7.105427357601002e-15,constant-generator matrix exponential Pade(13),2,dimensionless populations/per-encounter yields,dimensionless per encounter unless field name gives s^-1 or s,True,"Illustrative one-factor-at-a-time grid; bounds are not measured ranges or probability priors. Results are populations and per-encounter yields, not concentrations or biological fluxes. No encounter yield is converted to molarity, and no continuous biological ROS source is modeled.",4e863b04abf00d77462be6bdf33a6b2ad343ab81,485e6c100ae04a17802c8cfb09694c7b6fe9783be2b477e00a0a465bb075e0f8,configs/doxorubicin_parameters.json,0b7d200aedee3aed703b810ad54927a2126d9ee0952f6ef87cf5ebb57992d345,configs/parameter_provenance.csv,86c4261fcb9616a643db79340fe0b7398ba10a5c46464e67e8b697bcfc3a4ec9
selectivity_pD=0.75_manifold_mixture,mixture,manifold mixture pD=0.75,0.75,0.7499999999999999,1000000.0,8.0,8e-06,1.0,1000000.0,0.1,100000.0,0.1,100000.0,10.0,10000000.0,1.0,1000000.0,6.309573444801936,6309573.444801936,4.685421535426124e-40,2.7306042888671164e-41,4.958481964312837e-40,0.06728998800412841,0.10051097380438032,0.16780096180850873,0.8321990381914841,4.958481964312837e-40,0.9999999999999929,7.105427357601002e-15,constant-generator matrix exponential Pade(13),2,dimensionless populations/per-encounter yields,dimensionless per encounter unless field name gives s^-1 or s,True,"Illustrative one-factor-at-a-time grid; bounds are not measured ranges or probability priors. Results are populations and per-encounter yields, not concentrations or biological fluxes. No encounter yield is converted to molarity, and no continuous biological ROS source is modeled.",4e863b04abf00d77462be6bdf33a6b2ad343ab81,485e6c100ae04a17802c8cfb09694c7b6fe9783be2b477e00a0a465bb075e0f8,configs/doxorubicin_parameters.json,0b7d200aedee3aed703b810ad54927a2126d9ee0952f6ef87cf5ebb57992d345,configs/parameter_provenance.csv,86c4261fcb9616a643db79340fe0b7398ba10a5c46464e67e8b697bcfc3a4ec9
selectivity_pD=0.75_manifold_mixture,mixture,manifold mixture pD=0.75,0.75,0.7499999999999999,1000000.0,8.0,8e-06,1.0,1000000.0,0.1,100000.0,0.1,100000.0,10.0,10000000.0,1.0,1000000.0,10.0,10000000.0,7.477920522457005e-40,1.949096929847847e-41,7.672830215441788e-40,0.06728866148864143,0.12991236181246843,0.19720102330110986,0.8027989766988829,7.672830215441788e-40,0.9999999999999928,7.216449660063518e-15,constant-generator matrix exponential Pade(13),2,dimensionless populations/per-encounter yields,dimensionless per encounter unless field name gives s^-1 or s,True,"Illustrative one-factor-at-a-time grid; bounds are not measured ranges or probability priors. Results are populations and per-encounter yields, not concentrations or biological fluxes. No encounter yield is converted to molarity, and no continuous biological ROS source is modeled.",4e863b04abf00d77462be6bdf33a6b2ad343ab81,485e6c100ae04a17802c8cfb09694c7b6fe9783be2b477e00a0a465bb075e0f8,configs/doxorubicin_parameters.json,0b7d200aedee3aed703b810ad54927a2126d9ee0952f6ef87cf5ebb57992d345,configs/parameter_provenance.csv,86c4261fcb9616a643db79340fe0b7398ba10a5c46464e67e8b697bcfc3a4ec9
selectivity_pD=0.75_manifold_mixture,mixture,manifold mixture pD=0.75,0.75,0.7499999999999999,1000000.0,8.0,8e-06,10.0,10000000.0,0.1,100000.0,0.1,100000.0,0.1,100000.0,1.0,1000000.0,0.0,0.0,0.008562066550557372,0.055031770983777914,0.06359383753433528,0.7159737658362825,0.0,0.7159737658362825,0.2204323966293802,0.06359383753433528,0.999999999999998,1.9984014443252818e-15,constant-generator matrix exponential Pade(13),2,dimensionless populations/per-encounter yields,dimensionless per encounter unless field name gives s^-1 or s,True,"Illustrative one-factor-at-a-time grid; bounds are not measured ranges or probability priors. Results are populations and per-encounter yields, not concentrations or biological fluxes. No encounter yield is converted to molarity, and no continuous biological ROS source is modeled.",4e863b04abf00d77462be6bdf33a6b2ad343ab81,485e6c100ae04a17802c8cfb09694c7b6fe9783be2b477e00a0a465bb075e0f8,configs/doxorubicin_parameters.json,0b7d200aedee3aed703b810ad54927a2126d9ee0952f6ef87cf5ebb57992d345,configs/parameter_provenance.csv,86c4261fcb9616a643db79340fe0b7398ba10a5c46464e67e8b697bcfc3a4ec9
selectivity_pD=0.75_manifold_mixture,mixture,manifold mixture pD=0.75,0.75,0.7499999999999999,1000000.0,8.0,8e-06,10.0,10000000.0,0.1,100000.0,0.1,100000.0,0.1,100000.0,1.0,1000000.0,0.01,10000.0,0.008054832582318594,0.051225656447453485,0.05928048902977208,0.709454059164282,0.014574549626319534,0.7240286087906015,0.2166909021796235,0.05928048902977208,0.9999999999999971,2.886579864025407e-15,constant-generator matrix exponential Pade(13),2,dimensionless populations/per-encounter yields,dimensionless per encounter unless field name gives s^-1 or s,True,"Illustrative one-factor-at-a-time grid; bounds are not measured ranges or probability priors. Results are populations and per-encounter yields, not concentrations or biological fluxes. No encounter yield is converted to molarity, and no continuous biological ROS source is modeled.",4e863b04abf00d77462be6bdf33a6b2ad343ab81,485e6c100ae04a17802c8cfb09694c7b6fe9783be2b477e00a0a465bb075e0f8,configs/doxorubicin_parameters.json,0b7d200aedee3aed703b810ad54927a2126d9ee0952f6ef87cf5ebb57992d345,configs/parameter_provenance.csv,86c4261fcb9616a643db79340fe0b7398ba10a5c46464e67e8b697bcfc3a4ec9
selectivity_pD=0.75_manifold_mixture,mixture,manifold mixture pD=0.75,0.75,0.7499999999999999,1000000.0,8.0,8e-06,10.0,10000000.0,0.1,100000.0,0.1,100000.0,0.1,100000.0,1.0,1000000.0,0.015848931924611134,15848.931924611134,0.0077728372541685745,0.04912508469366235,0.056897921947830915,0.7057158208346378,0.02282139667844673,0.7285372175130845,0.21456486053908227,0.056897921947830915,0.9999999999999978,2.220446049250313e-15,constant-generator matrix exponential Pade(13),2,dimensionless populations/per-encounter yields,dimensionless per encounter unless field name gives s^-1 or s,True,"Illustrative one-factor-at-a-time grid; bounds are not measured ranges or probability priors. Results are populations and per-encounter yields, not concentrations or biological fluxes. No encounter yield is converted to molarity, and no continuous biological ROS source is modeled.",4e863b04abf00d77462be6bdf33a6b2ad343ab81,485e6c100ae04a17802c8cfb09694c7b6fe9783be2b477e00a0a465bb075e0f8,configs/doxorubicin_parameters.json,0b7d200aedee3aed703b810ad54927a2126d9ee0952f6ef87cf5ebb57992d345,configs/parameter_provenance.csv,86c4261fcb9616a643db79340fe0b7398ba10a5c46464e67e8b697bcfc3a4ec9
selectivity_pD=0.75_manifold_mixture,mixture,manifold mixture pD=0.75,0.75,0.7499999999999999,1000000.0,8.0,8e-06,10.0,10000000.0,0.1,100000.0,0.1,100000.0,0.1,100000.0,1.0,1000000.0,0.025118864315095794,25118.864315095794,0.0073469071705901294,0.045974353112640656,0.053321260283230795,0.6999010202120503,0.03549188366171571,0.735392903873766,0.21128583584300048,0.053321260283230795,0.9999999999999972,2.7755575615628914e-15,constant-generator matrix exponential Pade(13),2,dimensionless populations/per-encounter yields,dimensionless per encounter unless field name gives s^-1 or s,True,"Illustrative one-factor-at-a-time grid; bounds are not measured ranges or probability priors. Results are populations and per-encounter yields, not concentrations or biological fluxes. No encounter yield is converted to molarity, and no continuous biological ROS source is modeled.",4e863b04abf00d77462be6bdf33a6b2ad343ab81,485e6c100ae04a17802c8cfb09694c7b6fe9783be2b477e00a0a465bb075e0f8,configs/doxorubicin_parameters.json,0b7d200aedee3aed703b810ad54927a2126d9ee0952f6ef87cf5ebb57992d345,configs/parameter_provenance.csv,86c4261fcb9616a643db79340fe0b7398ba10a5c46464e67e8b697bcfc3a4ec9
selectivity_pD=0.75_manifold_mixture,mixture,manifold mixture pD=0.75,0.75,0.7499999999999999,1000000.0,8.0,8e-06,10.0,10000000.0,0.1,100000.0,0.1,100000.0,0.1,100000.0,1.0,1000000.0,0.039810717055349734,39810.717055349734,0.006721276688908047,0.04139736733928296,0.04811864402819101,0.6909509514464052,0.054624576597797625,0.7455755280442028,0.20630582792760405,0.04811864402819101,0.9999999999999979,2.1094237467877974e-15,constant-generator matrix exponential Pade(13),2,dimensionless populations/per-encounter yields,dimensionless per encounter unless field name gives s^-1 or s,True,"Illustrative one-factor-at-a-time grid; bounds are not measured ranges or probability priors. Results are populations and per-encounter yields, not concentrations or biological fluxes. No encounter yield is converted to molarity, and no continuous biological ROS source is modeled.",4e863b04abf00d77462be6bdf33a6b2ad343ab81,485e6c100ae04a17802c8cfb09694c7b6fe9783be2b477e00a0a465bb075e0f8,configs/doxorubicin_parameters.json,0b7d200aedee3aed703b810ad54927a2126d9ee0952f6ef87cf5ebb57992d345,configs/parameter_provenance.csv,86c4261fcb9616a643db79340fe0b7398ba10a5c46464e67e8b697bcfc3a4ec9
selectivity_pD=0.75_manifold_mixture,mixture,manifold mixture pD=0.75,0.75,0.7499999999999999,1000000.0,8.0,8e-06,10.0,10000000.0,0.1,100000.0,0.1,100000.0,0.1,100000.0,1.0,1000000.0,0.06309573444801933,63095.73444801933,0.005841727674632484,0.03507552880924893,0.04091725648388142,0.6773950826536403,0.0827686626360784,0.7601637452897188,0.19891899822639522,0.04091725648388142,0.9999999999999954,4.551914400963142e-15,constant-generator matrix exponential Pade(13),2,dimensionless populations/per-encounter yields,dimensionless per encounter unless field name gives s^-1 or s,True,"Illustrative one-factor-at-a-time grid; bounds are not measured ranges or probability priors. Results are populations and per-encounter yields, not concentrations or biological fluxes. No encounter yield is converted to molarity, and no continuous biological ROS source is modeled.",4e863b04abf00d77462be6bdf33a6b2ad343ab81,485e6c100ae04a17802c8cfb09694c7b6fe9783be2b477e00a0a465bb075e0f8,configs/doxorubicin_parameters.json,0b7d200aedee3aed703b810ad54927a2126d9ee0952f6ef87cf5ebb57992d345,configs/parameter_provenance.csv,86c4261fcb9616a643db79340fe0b7398ba10a5c46464e67e8b697bcfc3a4ec9
selectivity_pD=0.75_manifold_mixture,mixture,manifold mixture pD=0.75,0.75,0.7499999999999999,1000000.0,8.0,8e-06,10.0,10000000.0,0.1,100000.0,0.1,100000.0,0.1,100000.0,1.0,1000000.0,0.1,100000.0,0.0046870783566397255,0.027008146972675593,0.03169522532931532,0.6573513476051782,0.12260914615249317,0.7799604937576714,0.18834428091301092,0.03169522532931532,0.9999999999999977,2.3314683517128287e-15,constant-generator matrix exponential Pade(13),2,dimensionless populations/per-encounter yields,dimensionless per encounter unless field name gives s^-1 or s,True,"Illustrative one-factor-at-a-time grid; bounds are not measured ranges or probability priors. Results are populations and per-encounter yields, not concentrations or biological fluxes. No encounter yield is converted to molarity, and no continuous biological ROS source is modeled.",4e863b04abf00d77462be6bdf33a6b2ad343ab81,485e6c100ae04a17802c8cfb09694c7b6fe9783be2b477e00a0a465bb075e0f8,configs/doxorubicin_parameters.json,0b7d200aedee3aed703b810ad54927a2126d9ee0952f6ef87cf5ebb57992d345,configs/parameter_provenance.csv,86c4261fcb9616a643db79340fe0b7398ba10a5c46464e67e8b697bcfc3a4ec9
selectivity_pD=0.75_manifold_mixture,mixture,manifold mixture pD=0.75,0.75,0.7499999999999999,1000000.0,8.0,8e-06,10.0,10000000.0,0.1,100000.0,0.1,100000.0,0.1,100000.0,1.0,1000000.0,0.15848931924611143,158489.31924611144,0.003323909738449862,0.017908801292590596,0.02123271103104046,0.6287270568558321,0.17607298400502663,0.8048000408608587,0.1739672481080983,0.02123271103104046,0.9999999999999973,2.6645352591003757e-15,constant-generator matrix exponential Pade(13),2,dimensionless populations/per-encounter yields,dimensionless per encounter unless field name gives s^-1 or s,True,"Illustrative one-factor-at-a-time grid; bounds are not measured ranges or probability priors. Results are populations and per-encounter yields, not concentrations or biological fluxes. No encounter yield is converted to molarity, and no continuous biological ROS source is modeled.",4e863b04abf00d77462be6bdf33a6b2ad343ab81,485e6c100ae04a17802c8cfb09694c7b6fe9783be2b477e00a0a465bb075e0f8,configs/doxorubicin_parameters.json,0b7d200aedee3aed703b810ad54927a2126d9ee0952f6ef87cf5ebb57992d345,configs/parameter_provenance.csv,86c4261fcb9616a643db79340fe0b7398ba10a5c46464e67e8b697bcfc3a4ec9
selectivity_pD=0.75_manifold_mixture,mixture,manifold mixture pD=0.75,0.75,0.7499999999999999,1000000.0,8.0,8e-06,10.0,10000000.0,0.1,100000.0,0.1,100000.0,0.1,100000.0,1.0,1000000.0,0.25118864315095807,251188.64315095806,0.0019552471951908177,0.009425957428010926,0.011381204623201744,0.5897496493873446,0.24311024806213788,0.8328598974494825,0.15575889792731099,0.011381204623201744,0.9999999999999952,4.773959005888173e-15,constant-generator matrix exponential Pade(13),2,dimensionless populations/per-encounter yields,dimensionless per encounter unless field name gives s^-1 or s,True,"Illustrative one-factor-at-a-time grid; bounds are not measured ranges or probability priors. Results are populations and per-encounter yields, not concentrations or biological fluxes. No encounter yield is converted to molarity, and no continuous biological ROS source is modeled.",4e863b04abf00d77462be6bdf33a6b2ad343ab81,485e6c100ae04a17802c8cfb09694c7b6fe9783be2b477e00a0a465bb075e0f8,configs/doxorubicin_parameters.json,0b7d200aedee3aed703b810ad54927a2126d9ee0952f6ef87cf5ebb57992d345,configs/parameter_provenance.csv,86c4261fcb9616a643db79340fe0b7398ba10a5c46464e67e8b697bcfc3a4ec9
selectivity_pD=0.75_manifold_mixture,mixture,manifold mixture pD=0.75,0.75,0.7499999999999999,1000000.0,8.0,8e-06,10.0,10000000.0,0.1,100000.0,0.1,100000.0,0.1,100000.0,1.0,1000000.0,0.3981071705534973,398107.17055349733,0.0008753646421163956,0.0035013126291749156,0.004376677271291311,0.5397796688696677,0.32118712807368843,0.8609667969433561,0.1346565257853496,0.004376677271291311,0.999999999999997,2.9976021664879227e-15,constant-generator matrix exponential Pade(13),2,dimensionless populations/per-encounter yields,dimensionless per encounter unless field name gives s^-1 or s,True,"Illustrative one-factor-at-a-time grid; bounds are not measured ranges or probability priors. Results are populations and per-encounter yields, not concentrations or biological fluxes. No encounter yield is converted to molarity, and no continuous biological ROS source is modeled.",4e863b04abf00d77462be6bdf33a6b2ad343ab81,485e6c100ae04a17802c8cfb09694c7b6fe9783be2b477e00a0a465bb075e0f8,configs/doxorubicin_parameters.json,0b7d200aedee3aed703b810ad54927a2126d9ee0952f6ef87cf5ebb57992d345,configs/parameter_provenance.csv,86c4261fcb9616a643db79340fe0b7398ba10a5c46464e67e8b697bcfc3a4ec9
selectivity_pD=0.75_manifold_mixture,mixture,manifold mixture pD=0.75,0.75,0.7499999999999999,1000000.0,8.0,8e-06,10.0,10000000.0,0.1,100000.0,0.1,100000.0,0.1,100000.0,1.0,1000000.0,0.6309573444801934,630957.3444801933,0.0002703678554271605,0.0007913309290313212,0.0010616987844584817,0.479981202090368,0.406528546350873,0.886509748441241,0.11242855277429788,0.0010616987844584817,0.9999999999999973,2.6645352591003757e-15,constant-generator matrix exponential Pade(13),2,dimensionless populations/per-encounter yields,dimensionless per encounter unless field name gives s^-1 or s,True,"Illustrative one-factor-at-a-time grid; bounds are not measured ranges or probability priors. Results are populations and per-encounter yields, not concentrations or biological fluxes. No encounter yield is converted to molarity, and no continuous biological ROS source is modeled.",4e863b04abf00d77462be6bdf33a6b2ad343ab81,485e6c100ae04a17802c8cfb09694c7b6fe9783be2b477e00a0a465bb075e0f8,configs/doxorubicin_parameters.json,0b7d200aedee3aed703b810ad54927a2126d9ee0952f6ef87cf5ebb57992d345,configs/parameter_provenance.csv,86c4261fcb9616a643db79340fe0b7398ba10a5c46464e67e8b697bcfc3a4ec9
selectivity_pD=0.75_manifold_mixture,mixture,manifold mixture pD=0.75,0.75,0.7499999999999999,1000000.0,8.0,8e-06,10.0,10000000.0,0.1,100000.0,0.1,100000.0,0.1,100000.0,1.0,1000000.0,1.0,1000000.0,5.3537937137860185e-05,9.71951379576159e-05,0.00015073307509547607,0.4133692651190781,0.495584613903559,0.9089538790226371,0.09089538790226372,0.00015073307509547607,0.9999999999999963,3.6637359812630166e-15,constant-generator matrix exponential Pade(13),2,dimensionless populations/per-encounter yields,dimensionless per encounter unless field name gives s^-1 or s,True,"Illustrative one-factor-at-a-time grid; bounds are not measured ranges or probability priors. Results are populations and per-encounter yields, not concentrations or biological fluxes. No encounter yield is converted to molarity, and no continuous biological ROS source is modeled.",4e863b04abf00d77462be6bdf33a6b2ad343ab81,485e6c100ae04a17802c8cfb09694c7b6fe9783be2b477e00a0a465bb075e0f8,configs/doxorubicin_parameters.json,0b7d200aedee3aed703b810ad54927a2126d9ee0952f6ef87cf5ebb57992d345,configs/parameter_provenance.csv,86c4261fcb9616a643db79340fe0b7398ba10a5c46464e67e8b697bcfc3a4ec9
selectivity_pD=0.75_manifold_mixture,mixture,manifold mixture pD=0.75,0.75,0.7499999999999999,1000000.0,8.0,8e-06,10.0,10000000.0,0.1,100000.0,0.1,100000.0,0.1,100000.0,1.0,1000000.0,1.584893192461114,1584893.1924611141,6.549411463041244e-06,7.006500248570654e-06,1.35559117116119e-05,0.3444616867399271,0.5842169886956055,0.9286786754355325,0.07130776865275214,1.35559117116119e-05,0.9999999999999962,3.774758283725532e-15,constant-generator matrix exponential Pade(13),2,dimensionless populations/per-encounter yields,dimensionless per encounter unless field name gives s^-1 or s,True,"Illustrative one-factor-at-a-time grid; bounds are not measured ranges or probability priors. Results are populations and per-encounter yields, not concentrations or biological fluxes. No encounter yield is converted to molarity, and no continuous biological ROS source is modeled.",4e863b04abf00d77462be6bdf33a6b2ad343ab81,485e6c100ae04a17802c8cfb09694c7b6fe9783be2b477e00a0a465bb075e0f8,configs/doxorubicin_parameters.json,0b7d200aedee3aed703b810ad54927a2126d9ee0952f6ef87cf5ebb57992d345,configs/parameter_provenance.csv,86c4261fcb9616a643db79340fe0b7398ba10a5c46464e67e8b697bcfc3a4ec9
selectivity_pD=0.75_manifold_mixture,mixture,manifold mixture pD=0.75,0.75,0.7499999999999999,1000000.0,8.0,8e-06,10.0,10000000.0,0.1,100000.0,0.1,100000.0,0.1,100000.0,1.0,1000000.0,2.5118864315095824,2511886.4315095823,4.09281478992854e-07,3.0823745719894146e-07,7.175189361917955e-07,0.27899407292492207,0.6665692042744653,0.9455632771993874,0.05443600528167254,7.175189361917955e-07,0.9999999999999961,3.885780586188048e-15,constant-generator matrix exponential Pade(13),2,dimensionless populations/per-encounter yields,dimensionless per encounter unless field name gives s^-1 or s,True,"Illustrative one-factor-at-a-time grid; bounds are not measured ranges or probability priors. Results are populations and per-encounter yields, not concentrations or biological fluxes. No encounter yield is converted to molarity, and no continuous biological ROS source is modeled.",4e863b04abf00d77462be6bdf33a6b2ad343ab81,485e6c100ae04a17802c8cfb09694c7b6fe9783be2b477e00a0a465bb075e0f8,configs/doxorubicin_parameters.json,0b7d200aedee3aed703b810ad54927a2126d9ee0952f6ef87cf5ebb57992d345,configs/parameter_provenance.csv,86c4261fcb9616a643db79340fe0b7398ba10a5c46464e67e8b697bcfc3a4ec9
selectivity_pD=0.75_manifold_mixture,mixture,manifold mixture pD=0.75,0.75,0.7499999999999999,1000000.0,8.0,8e-06,10.0,10000000.0,0.1,100000.0,0.1,100000.0,0.1,100000.0,1.0,1000000.0,3.981071705534973,3981071.705534973,7.538664382708828e-09,4.654594304993932e-09,1.2193258687702758e-08,0.22334360610990367,0.7358385913518654,0.959182197461769,0.04081779034496909,1.2193258687702758e-08,0.9999999999999969,3.1086244689504383e-15,constant-generator matrix exponential Pade(13),2,dimensionless populations/per-encounter yields,dimensionless per encounter unless field name gives s^-1 or s,True,"Illustrative one-factor-at-a-time grid; bounds are not measured ranges or probability priors. Results are populations and per-encounter yields, not concentrations or biological fluxes. No encounter yield is converted to molarity, and no continuous biological ROS source is modeled.",4e863b04abf00d77462be6bdf33a6b2ad343ab81,485e6c100ae04a17802c8cfb09694c7b6fe9783be2b477e00a0a465bb075e0f8,configs/doxorubicin_parameters.json,0b7d200aedee3aed703b810ad54927a2126d9ee0952f6ef87cf5ebb57992d345,configs/parameter_provenance.csv,86c4261fcb9616a643db79340fe0b7398ba10a5c46464e67e8b697bcfc3a4ec9
selectivity_pD=0.75_manifold_mixture,mixture,manifold mixture pD=0.75,0.75,0.7499999999999999,1000000.0,8.0,8e-06,10.0,10000000.0,0.1,100000.0,0.1,100000.0,0.1,100000.0,1.0,1000000.0,6.309573444801936,6309573.444801936,1.8549115309446315e-11,1.0164907560564207e-11,2.8714022870010524e-11,0.18341454824933684,0.7857900636708534,0.9692046119201903,0.03079538805108887,2.8714022870010524e-11,0.9999999999999931,6.8833827526759706e-15,constant-generator matrix exponential Pade(13),2,dimensionless populations/per-encounter yields,dimensionless per encounter unless field name gives s^-1 or s,True,"Illustrative one-factor-at-a-time grid; bounds are not measured ranges or probability priors. Results are populations and per-encounter yields, not concentrations or biological fluxes. No encounter yield is converted to molarity, and no continuous biological ROS source is modeled.",4e863b04abf00d77462be6bdf33a6b2ad343ab81,485e6c100ae04a17802c8cfb09694c7b6fe9783be2b477e00a0a465bb075e0f8,configs/doxorubicin_parameters.json,0b7d200aedee3aed703b810ad54927a2126d9ee0952f6ef87cf5ebb57992d345,configs/parameter_provenance.csv,86c4261fcb9616a643db79340fe0b7398ba10a5c46464e67e8b697bcfc3a4ec9
selectivity_pD=0.75_manifold_mixture,mixture,manifold mixture pD=0.75,0.75,0.7499999999999999,1000000.0,8.0,8e-06,10.0,10000000.0,0.1,100000.0,0.1,100000.0,0.1,100000.0,1.0,1000000.0,10.0,10000000.0,3.211506863679299e-15,1.5885975259793553e-15,4.8001043896586544e-15,0.1635502735755035,0.811974949571222,0.9755252231467255,0.024474776853262565,4.8001043896586544e-15,0.9999999999999929,7.105427357601002e-15,constant-generator matrix exponential Pade(13),2,dimensionless populations/per-encounter yields,dimensionless per encounter unless field name gives s^-1 or s,True,"Illustrative one-factor-at-a-time grid; bounds are not measured ranges or probability priors. Results are populations and per-encounter yields, not concentrations or biological fluxes. No encounter yield is converted to molarity, and no continuous biological ROS source is modeled.",4e863b04abf00d77462be6bdf33a6b2ad343ab81,485e6c100ae04a17802c8cfb09694c7b6fe9783be2b477e00a0a465bb075e0f8,configs/doxorubicin_parameters.json,0b7d200aedee3aed703b810ad54927a2126d9ee0952f6ef87cf5ebb57992d345,configs/parameter_provenance.csv,86c4261fcb9616a643db79340fe0b7398ba10a5c46464e67e8b697bcfc3a4ec9
selectivity_pD=0.75_manifold_mixture,mixture,manifold mixture pD=0.75,0.75,0.7499999999999999,1000000.0,8.0,8e-06,10.0,10000000.0,0.1,100000.0,0.1,100000.0,1.0,1000000.0,1.0,1000000.0,0.0,0.0,6.392317377022786e-06,4.108593922632409e-05,4.747825660334687e-05,0.2946832484437676,0.0,0.2946832484437676,0.705269273299626,4.747825660334687e-05,0.9999999999999969,3.1086244689504383e-15,constant-generator matrix exponential Pade(13),2,dimensionless populations/per-encounter yields,dimensionless per encounter unless field name gives s^-1 or s,True,"Illustrative one-factor-at-a-time grid; bounds are not measured ranges or probability priors. Results are populations and per-encounter yields, not concentrations or biological fluxes. No encounter yield is converted to molarity, and no continuous biological ROS source is modeled.",4e863b04abf00d77462be6bdf33a6b2ad343ab81,485e6c100ae04a17802c8cfb09694c7b6fe9783be2b477e00a0a465bb075e0f8,configs/doxorubicin_parameters.json,0b7d200aedee3aed703b810ad54927a2126d9ee0952f6ef87cf5ebb57992d345,configs/parameter_provenance.csv,86c4261fcb9616a643db79340fe0b7398ba10a5c46464e67e8b697bcfc3a4ec9
selectivity_pD=0.75_manifold_mixture,mixture,manifold mixture pD=0.75,0.75,0.7499999999999999,1000000.0,8.0,8e-06,10.0,10000000.0,0.1,100000.0,0.1,100000.0,1.0,1000000.0,1.0,1000000.0,0.01,10000.0,6.013623694809124e-06,3.824434812844811e-05,4.425797182325723e-05,0.29386154351834903,0.00408151143555916,0.2979430549539082,0.7020126870742652,4.425797182325723e-05,0.9999999999999968,3.219646771412954e-15,constant-generator matrix exponential Pade(13),2,dimensionless populations/per-encounter yields,dimensionless per encounter unless field name gives s^-1 or s,True,"Illustrative one-factor-at-a-time grid; bounds are not measured ranges or probability priors. Results are populations and per-encounter yields, not concentrations or biological fluxes. No encounter yield is converted to molarity, and no continuous biological ROS source is modeled.",4e863b04abf00d77462be6bdf33a6b2ad343ab81,485e6c100ae04a17802c8cfb09694c7b6fe9783be2b477e00a0a465bb075e0f8,configs/doxorubicin_parameters.json,0b7d200aedee3aed703b810ad54927a2126d9ee0952f6ef87cf5ebb57992d345,configs/parameter_provenance.csv,86c4261fcb9616a643db79340fe0b7398ba10a5c46464e67e8b697bcfc3a4ec9
selectivity_pD=0.75_manifold_mixture,mixture,manifold mixture pD=0.75,0.75,0.7499999999999999,1000000.0,8.0,8e-06,10.0,10000000.0,0.1,100000.0,0.1,100000.0,1.0,1000000.0,1.0,1000000.0,0.015848931924611134,15848.931924611134,5.803089984783834e-06,3.667609106759096e-05,4.247918105237479e-05,0.29338408774159713,0.0064464406078510676,0.2998305283494482,0.7001269924694966,4.247918105237479e-05,0.9999999999999972,2.7755575615628914e-15,constant-generator matrix exponential Pade(13),2,dimensionless populations/per-encounter yields,dimensionless per encounter unless field name gives s^-1 or s,True,"Illustrative one-factor-at-a-time grid; bounds are not measured ranges or probability priors. Results are populations and per-encounter yields, not concentrations or biological fluxes. No encounter yield is converted to molarity, and no continuous biological ROS source is modeled.",4e863b04abf00d77462be6bdf33a6b2ad343ab81,485e6c100ae04a17802c8cfb09694c7b6fe9783be2b477e00a0a465bb075e0f8,configs/doxorubicin_parameters.json,0b7d200aedee3aed703b810ad54927a2126d9ee0952f6ef87cf5ebb57992d345,configs/parameter_provenance.csv,86c4261fcb9616a643db79340fe0b7398ba10a5c46464e67e8b697bcfc3a4ec9
selectivity_pD=0.75_manifold_mixture,mixture,manifold mixture pD=0.75,0.75,0.7499999999999999,1000000.0,8.0,8e-06,10.0,10000000.0,0.1,100000.0,0.1,100000.0,1.0,1000000.0,1.0,1000000.0,0.025118864315095794,25118.864315095794,5.4850966290234244e-06,3.432379958319567e-05,3.98088962122191e-05,0.29263208026934895,0.01016144925860167,0.30279352952795063,0.6971666615758333,3.98088962122191e-05,0.9999999999999961,3.885780586188048e-15,constant-generator matrix exponential Pade(13),2,dimensionless populations/per-encounter yields,dimensionless per encounter unless field name gives s^-1 or s,True,"Illustrative one-factor-at-a-time grid; bounds are not measured ranges or probability priors. Results are populations and per-encounter yields, not concentrations or biological fluxes. No encounter yield is converted to molarity, and no continuous biological ROS source is modeled.",4e863b04abf00d77462be6bdf33a6b2ad343ab81,485e6c100ae04a17802c8cfb09694c7b6fe9783be2b477e00a0a465bb075e0f8,configs/doxorubicin_parameters.json,0b7d200aedee3aed703b810ad54927a2126d9ee0952f6ef87cf5ebb57992d345,configs/parameter_provenance.csv,86c4261fcb9616a643db79340fe0b7398ba10a5c46464e67e8b697bcfc3a4ec9
selectivity_pD=0.75_manifold_mixture,mixture,manifold mixture pD=0.75,0.75,0.7499999999999999,1000000.0,8.0,8e-06,10.0,10000000.0,0.1,100000.0,0.1,100000.0,1.0,1000000.0,1.0,1000000.0,0.039810717055349734,39810.717055349734,5.018009790111722e-06,3.090668695966473e-05,3.592469674977645e-05,0.29145188439656566,0.015967781044333884,0.30741966544089955,0.6925444098623472,3.592469674977645e-05,0.9999999999999966,3.4416913763379853e-15,constant-generator matrix exponential Pade(13),2,dimensionless populations/per-encounter yields,dimensionless per encounter unless field name gives s^-1 or s,True,"Illustrative one-factor-at-a-time grid; bounds are not measured ranges or probability priors. Results are populations and per-encounter yields, not concentrations or biological fluxes. No encounter yield is converted to molarity, and no continuous biological ROS source is modeled.",4e863b04abf00d77462be6bdf33a6b2ad343ab81,485e6c100ae04a17802c8cfb09694c7b6fe9783be2b477e00a0a465bb075e0f8,configs/doxorubicin_parameters.json,0b7d200aedee3aed703b810ad54927a2126d9ee0952f6ef87cf5ebb57992d345,configs/parameter_provenance.csv,86c4261fcb9616a643db79340fe0b7398ba10a5c46464e67e8b697bcfc3a4ec9
selectivity_pD=0.75_manifold_mixture,mixture,manifold mixture pD=0.75,0.75,0.7499999999999999,1000000.0,8.0,8e-06,10.0,10000000.0,0.1,100000.0,0.1,100000.0,1.0,1000000.0,1.0,1000000.0,0.06309573444801933,63095.73444801933,4.361350978281969e-06,2.6186892030292896e-05,3.0548243008574864e-05,0.28961001136790987,0.024971875422357327,0.3145818867902672,0.6853875649667212,3.0548243008574864e-05,0.9999999999999969,3.1086244689504383e-15,constant-generator matrix exponential Pade(13),2,dimensionless populations/per-encounter yields,dimensionless per encounter unless field name gives s^-1 or s,True,"Illustrative one-factor-at-a-time grid; bounds are not measured ranges or probability priors. Results are populations and per-encounter yields, not concentrations or biological fluxes. No encounter yield is converted to molarity, and no continuous biological ROS source is modeled.",4e863b04abf00d77462be6bdf33a6b2ad343ab81,485e6c100ae04a17802c8cfb09694c7b6fe9783be2b477e00a0a465bb075e0f8,configs/doxorubicin_parameters.json,0b7d200aedee3aed703b810ad54927a2126d9ee0952f6ef87cf5ebb57992d345,configs/parameter_provenance.csv,86c4261fcb9616a643db79340fe0b7398ba10a5c46464e67e8b697bcfc3a4ec9
selectivity_pD=0.75_manifold_mixture,mixture,manifold mixture pD=0.75,0.75,0.7499999999999999,1000000.0,8.0,8e-06,10.0,10000000.0,0.1,100000.0,0.1,100000.0,1.0,1000000.0,1.0,1000000.0,0.1,100000.0,3.4993061838167005e-06,2.0163899240351144e-05,2.3663205424167846e-05,0.2867601810024733,0.03876872498087507,0.3255289059833484,0.674447430811224,2.3663205424167846e-05,0.9999999999999966,3.4416913763379853e-15,constant-generator matrix exponential Pade(13),2,dimensionless populations/per-encounter yields,dimensionless per encounter unless field name gives s^-1 or s,True,"Illustrative one-factor-at-a-time grid; bounds are not measured ranges or probability priors. Results are populations and per-encounter yields, not concentrations or biological fluxes. No encounter yield is converted to molarity, and no continuous biological ROS source is modeled.",4e863b04abf00d77462be6bdf33a6b2ad343ab81,485e6c100ae04a17802c8cfb09694c7b6fe9783be2b477e00a0a465bb075e0f8,configs/doxorubicin_parameters.json,0b7d200aedee3aed703b810ad54927a2126d9ee0952f6ef87cf5ebb57992d345,configs/parameter_provenance.csv,86c4261fcb9616a643db79340fe0b7398ba10a5c46464e67e8b697bcfc3a4ec9
selectivity_pD=0.75_manifold_mixture,mixture,manifold mixture pD=0.75,0.75,0.7499999999999999,1000000.0,8.0,8e-06,10.0,10000000.0,0.1,100000.0,0.1,100000.0,1.0,1000000.0,1.0,1000000.0,0.15848931924611143,158489.31924611144,2.481583839051718e-06,1.3370456890086148e-05,1.5852040729137866e-05,0.282408348386474,0.05953390501818975,0.3419422534046638,0.6580418945546044,1.5852040729137866e-05,0.9999999999999973,2.6645352591003757e-15,constant-generator matrix exponential Pade(13),2,dimensionless populations/per-encounter yields,dimensionless per encounter unless field name gives s^-1 or s,True,"Illustrative one-factor-at-a-time grid; bounds are not measured ranges or probability priors. Results are populations and per-encounter yields, not concentrations or biological fluxes. No encounter yield is converted to molarity, and no continuous biological ROS source is modeled.",4e863b04abf00d77462be6bdf33a6b2ad343ab81,485e6c100ae04a17802c8cfb09694c7b6fe9783be2b477e00a0a465bb075e0f8,configs/doxorubicin_parameters.json,0b7d200aedee3aed703b810ad54927a2126d9ee0952f6ef87cf5ebb57992d345,configs/parameter_provenance.csv,86c4261fcb9616a643db79340fe0b7398ba10a5c46464e67e8b697bcfc3a4ec9
selectivity_pD=0.75_manifold_mixture,mixture,manifold mixture pD=0.75,0.75,0.7499999999999999,1000000.0,8.0,8e-06,10.0,10000000.0,0.1,100000.0,0.1,100000.0,1.0,1000000.0,1.0,1000000.0,0.25118864315095807,251188.64315095806,1.4597598077977951e-06,7.037286046115797e-06,8.497045853913594e-06,0.2758920614259581,0.08998211762424105,0.36587417905019914,0.6341173239039439,8.497045853913594e-06,0.999999999999997,2.9976021664879227e-15,constant-generator matrix exponential Pade(13),2,dimensionless populations/per-encounter yields,dimensionless per encounter unless field name gives s^-1 or s,True,"Illustrative one-factor-at-a-time grid; bounds are not measured ranges or probability priors. Results are populations and per-encounter yields, not concentrations or biological fluxes. No encounter yield is converted to molarity, and no continuous biological ROS source is modeled.",4e863b04abf00d77462be6bdf33a6b2ad343ab81,485e6c100ae04a17802c8cfb09694c7b6fe9783be2b477e00a0a465bb075e0f8,configs/doxorubicin_parameters.json,0b7d200aedee3aed703b810ad54927a2126d9ee0952f6ef87cf5ebb57992d345,configs/parameter_provenance.csv,86c4261fcb9616a643db79340fe0b7398ba10a5c46464e67e8b697bcfc3a4ec9
selectivity_pD=0.75_manifold_mixture,mixture,manifold mixture pD=0.75,0.75,0.7499999999999999,1000000.0,8.0,8e-06,10.0,10000000.0,0.1,100000.0,0.1,100000.0,1.0,1000000.0,1.0,1000000.0,0.3981071705534973,398107.17055349733,6.535348189588308e-07,2.6140303196320224e-06,3.267565138590853e-06,0.26640972663774537,0.1330274450129504,0.3994371716506958,0.6005595607841624,3.267565138590853e-06,0.9999999999999968,3.219646771412954e-15,constant-generator matrix exponential Pade(13),2,dimensionless populations/per-encounter yields,dimensionless per encounter unless field name gives s^-1 or s,True,"Illustrative one-factor-at-a-time grid; bounds are not measured ranges or probability priors. Results are populations and per-encounter yields, not concentrations or biological fluxes. No encounter yield is converted to molarity, and no continuous biological ROS source is modeled.",4e863b04abf00d77462be6bdf33a6b2ad343ab81,485e6c100ae04a17802c8cfb09694c7b6fe9783be2b477e00a0a465bb075e0f8,configs/doxorubicin_parameters.json,0b7d200aedee3aed703b810ad54927a2126d9ee0952f6ef87cf5ebb57992d345,configs/parameter_provenance.csv,86c4261fcb9616a643db79340fe0b7398ba10a5c46464e67e8b697bcfc3a4ec9
selectivity_pD=0.75_manifold_mixture,mixture,manifold mixture pD=0.75,0.75,0.7499999999999999,1000000.0,8.0,8e-06,10.0,10000000.0,0.1,100000.0,0.1,100000.0,1.0,1000000.0,1.0,1000000.0,0.6309573444801934,630957.3444801933,2.018528039031543e-07,5.907964413443145e-07,7.926492452474688e-07,0.25315678142455955,0.19098879827664633,0.4441455797012059,0.5558536276495452,7.926492452474688e-07,0.9999999999999963,3.6637359812630166e-15,constant-generator matrix exponential Pade(13),2,dimensionless populations/per-encounter yields,dimensionless per encounter unless field name gives s^-1 or s,True,"Illustrative one-factor-at-a-time grid; bounds are not measured ranges or probability priors. Results are populations and per-encounter yields, not concentrations or biological fluxes. No encounter yield is converted to molarity, and no continuous biological ROS source is modeled.",4e863b04abf00d77462be6bdf33a6b2ad343ab81,485e6c100ae04a17802c8cfb09694c7b6fe9783be2b477e00a0a465bb075e0f8,configs/doxorubicin_parameters.json,0b7d200aedee3aed703b810ad54927a2126d9ee0952f6ef87cf5ebb57992d345,configs/parameter_provenance.csv,86c4261fcb9616a643db79340fe0b7398ba10a5c46464e67e8b697bcfc3a4ec9
selectivity_pD=0.75_manifold_mixture,mixture,manifold mixture pD=0.75,0.75,0.7499999999999999,1000000.0,8.0,8e-06,10.0,10000000.0,0.1,100000.0,0.1,100000.0,1.0,1000000.0,1.0,1000000.0,1.0,1000000.0,3.997066407688955e-08,7.256451064237017e-08,1.1253517471925971e-07,0.23562694711172272,0.26437299662068836,0.4999999437324111,0.4999999437324112,1.1253517471925971e-07,0.999999999999997,2.9976021664879227e-15,constant-generator matrix exponential Pade(13),2,dimensionless populations/per-encounter yields,dimensionless per encounter unless field name gives s^-1 or s,True,"Illustrative one-factor-at-a-time grid; bounds are not measured ranges or probability priors. Results are populations and per-encounter yields, not concentrations or biological fluxes. No encounter yield is converted to molarity, and no continuous biological ROS source is modeled.",4e863b04abf00d77462be6bdf33a6b2ad343ab81,485e6c100ae04a17802c8cfb09694c7b6fe9783be2b477e00a0a465bb075e0f8,configs/doxorubicin_parameters.json,0b7d200aedee3aed703b810ad54927a2126d9ee0952f6ef87cf5ebb57992d345,configs/parameter_provenance.csv,86c4261fcb9616a643db79340fe0b7398ba10a5c46464e67e8b697bcfc3a4ec9
selectivity_pD=0.75_manifold_mixture,mixture,manifold mixture pD=0.75,0.75,0.7499999999999999,1000000.0,8.0,8e-06,10.0,10000000.0,0.1,100000.0,0.1,100000.0,1.0,1000000.0,1.0,1000000.0,1.584893192461114,1584893.1924611141,4.889697651526139e-09,5.230953651970525e-09,1.0120651303496666e-08,0.21408110990558157,0.3506147919830692,0.5646959018886508,0.43530408799069437,1.0120651303496666e-08,0.9999999999999966,3.4416913763379853e-15,constant-generator matrix exponential Pade(13),2,dimensionless populations/per-encounter yields,dimensionless per encounter unless field name gives s^-1 or s,True,"Illustrative one-factor-at-a-time grid; bounds are not measured ranges or probability priors. Results are populations and per-encounter yields, not concentrations or biological fluxes. No encounter yield is converted to molarity, and no continuous biological ROS source is modeled.",4e863b04abf00d77462be6bdf33a6b2ad343ab81,485e6c100ae04a17802c8cfb09694c7b6fe9783be2b477e00a0a465bb075e0f8,configs/doxorubicin_parameters.json,0b7d200aedee3aed703b810ad54927a2126d9ee0952f6ef87cf5ebb57992d345,configs/parameter_provenance.csv,86c4261fcb9616a643db79340fe0b7398ba10a5c46464e67e8b697bcfc3a4ec9
selectivity_pD=0.75_manifold_mixture,mixture,manifold mixture pD=0.75,0.75,0.7499999999999999,1000000.0,8.0,8e-06,10.0,10000000.0,0.1,100000.0,0.1,100000.0,1.0,1000000.0,1.0,1000000.0,2.5118864315095824,2511886.4315095823,3.055637438474851e-10,2.3012571115484578e-10,5.35689455002331e-10,0.19005719744292715,0.44337488401053426,0.6334320814534614,0.36656791801084576,5.35689455002331e-10,0.9999999999999967,3.3306690738754696e-15,constant-generator matrix exponential Pade(13),2,dimensionless populations/per-encounter yields,dimensionless per encounter unless field name gives s^-1 or s,True,"Illustrative one-factor-at-a-time grid; bounds are not measured ranges or probability priors. Results are populations and per-encounter yields, not concentrations or biological fluxes. No encounter yield is converted to molarity, and no continuous biological ROS source is modeled.",4e863b04abf00d77462be6bdf33a6b2ad343ab81,485e6c100ae04a17802c8cfb09694c7b6fe9783be2b477e00a0a465bb075e0f8,configs/doxorubicin_parameters.json,0b7d200aedee3aed703b810ad54927a2126d9ee0952f6ef87cf5ebb57992d345,configs/parameter_provenance.csv,86c4261fcb9616a643db79340fe0b7398ba10a5c46464e67e8b697bcfc3a4ec9
selectivity_pD=0.75_manifold_mixture,mixture,manifold mixture pD=0.75,0.75,0.7499999999999999,1000000.0,8.0,8e-06,10.0,10000000.0,0.1,100000.0,0.1,100000.0,1.0,1000000.0,1.0,1000000.0,3.981071705534973,3981071.705534973,5.628259842245121e-12,3.475054051859363e-12,9.103313894104483e-12,0.16664320522417458,0.532864163363497,0.6995073685876716,0.30049263140322174,9.103313894104483e-12,0.9999999999999966,3.4416913763379853e-15,constant-generator matrix exponential Pade(13),2,dimensionless populations/per-encounter yields,dimensionless per encounter unless field name gives s^-1 or s,True,"Illustrative one-factor-at-a-time grid; bounds are not measured ranges or probability priors. Results are populations and per-encounter yields, not concentrations or biological fluxes. No encounter yield is converted to molarity, and no continuous biological ROS source is modeled.",4e863b04abf00d77462be6bdf33a6b2ad343ab81,485e6c100ae04a17802c8cfb09694c7b6fe9783be2b477e00a0a465bb075e0f8,configs/doxorubicin_parameters.json,0b7d200aedee3aed703b810ad54927a2126d9ee0952f6ef87cf5ebb57992d345,configs/parameter_provenance.csv,86c4261fcb9616a643db79340fe0b7398ba10a5c46464e67e8b697bcfc3a4ec9
selectivity_pD=0.75_manifold_mixture,mixture,manifold mixture pD=0.75,0.75,0.7499999999999999,1000000.0,8.0,8e-06,10.0,10000000.0,0.1,100000.0,0.1,100000.0,1.0,1000000.0,1.0,1000000.0,6.309573444801936,6309573.444801936,1.3848506247975202e-14,7.588975728178052e-15,2.1437481976153256e-14,0.14817864299862127,0.6073795436116977,0.7555581866103189,0.24444181338965298,2.1437481976153256e-14,0.9999999999999933,6.661338147750939e-15,constant-generator matrix exponential Pade(13),2,dimensionless populations/per-encounter yields,dimensionless per encounter unless field name gives s^-1 or s,True,"Illustrative one-factor-at-a-time grid; bounds are not measured ranges or probability priors. Results are populations and per-encounter yields, not concentrations or biological fluxes. No encounter yield is converted to molarity, and no continuous biological ROS source is modeled.",4e863b04abf00d77462be6bdf33a6b2ad343ab81,485e6c100ae04a17802c8cfb09694c7b6fe9783be2b477e00a0a465bb075e0f8,configs/doxorubicin_parameters.json,0b7d200aedee3aed703b810ad54927a2126d9ee0952f6ef87cf5ebb57992d345,configs/parameter_provenance.csv,86c4261fcb9616a643db79340fe0b7398ba10a5c46464e67e8b697bcfc3a4ec9
selectivity_pD=0.75_manifold_mixture,mixture,manifold mixture pD=0.75,0.75,0.7499999999999999,1000000.0,8.0,8e-06,10.0,10000000.0,0.1,100000.0,0.1,100000.0,1.0,1000000.0,1.0,1000000.0,10.0,10000000.0,2.3976654479272534e-18,1.1860243681184855e-18,3.583689816045739e-18,0.13920999602003215,0.6559818254181169,0.795191821438149,0.2048081785618439,3.583689816045739e-18,0.9999999999999929,7.105427357601002e-15,constant-generator matrix exponential Pade(13),2,dimensionless populations/per-encounter yields,dimensionless per encounter unless field name gives s^-1 or s,True,"Illustrative one-factor-at-a-time grid; bounds are not measured ranges or probability priors. Results are populations and per-encounter yields, not concentrations or biological fluxes. No encounter yield is converted to molarity, and no continuous biological ROS source is modeled.",4e863b04abf00d77462be6bdf33a6b2ad343ab81,485e6c100ae04a17802c8cfb09694c7b6fe9783be2b477e00a0a465bb075e0f8,configs/doxorubicin_parameters.json,0b7d200aedee3aed703b810ad54927a2126d9ee0952f6ef87cf5ebb57992d345,configs/parameter_provenance.csv,86c4261fcb9616a643db79340fe0b7398ba10a5c46464e67e8b697bcfc3a4ec9
selectivity_pD=0.75_manifold_mixture,mixture,manifold mixture pD=0.75,0.75,0.7499999999999999,1000000.0,8.0,8e-06,10.0,10000000.0,0.1,100000.0,0.1,100000.0,10.0,10000000.0,1.0,1000000.0,0.0,0.0,3.4391857482321147e-37,2.2105000159694027e-36,2.5544185907926145e-36,0.05671621789709247,0.0,0.05671621789709247,0.9432837821029008,2.5544185907926145e-36,0.9999999999999932,6.772360450213455e-15,constant-generator matrix exponential Pade(13),2,dimensionless populations/per-encounter yields,dimensionless per encounter unless field name gives s^-1 or s,True,"Illustrative one-factor-at-a-time grid; bounds are not measured ranges or probability priors. Results are populations and per-encounter yields, not concentrations or biological fluxes. No encounter yield is converted to molarity, and no continuous biological ROS source is modeled.",4e863b04abf00d77462be6bdf33a6b2ad343ab81,485e6c100ae04a17802c8cfb09694c7b6fe9783be2b477e00a0a465bb075e0f8,configs/doxorubicin_parameters.json,0b7d200aedee3aed703b810ad54927a2126d9ee0952f6ef87cf5ebb57992d345,configs/parameter_provenance.csv,86c4261fcb9616a643db79340fe0b7398ba10a5c46464e67e8b697bcfc3a4ec9
selectivity_pD=0.75_manifold_mixture,mixture,manifold mixture pD=0.75,0.75,0.7499999999999999,1000000.0,8.0,8e-06,10.0,10000000.0,0.1,100000.0,0.1,100000.0,10.0,10000000.0,1.0,1000000.0,0.01,10000.0,3.2354414974385986e-37,2.057617124997015e-36,2.381161274740875e-36,0.05671363160294565,0.0003757742780895007,0.05708940588103515,0.9429105941189575,2.381161274740875e-36,0.9999999999999927,7.327471962526033e-15,constant-generator matrix exponential Pade(13),2,dimensionless populations/per-encounter yields,dimensionless per encounter unless field name gives s^-1 or s,True,"Illustrative one-factor-at-a-time grid; bounds are not measured ranges or probability priors. Results are populations and per-encounter yields, not concentrations or biological fluxes. No encounter yield is converted to molarity, and no continuous biological ROS source is modeled.",4e863b04abf00d77462be6bdf33a6b2ad343ab81,485e6c100ae04a17802c8cfb09694c7b6fe9783be2b477e00a0a465bb075e0f8,configs/doxorubicin_parameters.json,0b7d200aedee3aed703b810ad54927a2126d9ee0952f6ef87cf5ebb57992d345,configs/parameter_provenance.csv,86c4261fcb9616a643db79340fe0b7398ba10a5c46464e67e8b697bcfc3a4ec9
selectivity_pD=0.75_manifold_mixture,mixture,manifold mixture pD=0.75,0.75,0.7499999999999999,1000000.0,8.0,8e-06,10.0,10000000.0,0.1,100000.0,0.1,100000.0,10.0,10000000.0,1.0,1000000.0,0.015848931924611134,15848.931924611134,3.122170442149109e-37,1.9732419756552602e-36,2.285459019870171e-36,0.05671212362141831,0.0005952405545247704,0.05730736417594308,0.9426926358240497,2.285459019870171e-36,0.9999999999999928,7.216449660063518e-15,constant-generator matrix exponential Pade(13),2,dimensionless populations/per-encounter yields,dimensionless per encounter unless field name gives s^-1 or s,True,"Illustrative one-factor-at-a-time grid; bounds are not measured ranges or probability priors. Results are populations and per-encounter yields, not concentrations or biological fluxes. No encounter yield is converted to molarity, and no continuous biological ROS source is modeled.",4e863b04abf00d77462be6bdf33a6b2ad343ab81,485e6c100ae04a17802c8cfb09694c7b6fe9783be2b477e00a0a465bb075e0f8,configs/doxorubicin_parameters.json,0b7d200aedee3aed703b810ad54927a2126d9ee0952f6ef87cf5ebb57992d345,configs/parameter_provenance.csv,86c4261fcb9616a643db79340fe0b7398ba10a5c46464e67e8b697bcfc3a4ec9
selectivity_pD=0.75_manifold_mixture,mixture,manifold mixture pD=0.75,0.75,0.7499999999999999,1000000.0,8.0,8e-06,10.0,10000000.0,0.1,100000.0,0.1,100000.0,10.0,10000000.0,1.0,1000000.0,0.025118864315095794,25118.864315095794,2.951084096985056e-37,1.8466843147684858e-36,2.1417927244669917e-36,0.05670974075871824,0.0009425860505898035,0.05765232680930805,0.9423476731906849,2.1417927244669917e-36,0.999999999999993,6.994405055138486e-15,constant-generator matrix exponential Pade(13),2,dimensionless populations/per-encounter yields,dimensionless per encounter unless field name gives s^-1 or s,True,"Illustrative one-factor-at-a-time grid; bounds are not measured ranges or probability priors. Results are populations and per-encounter yields, not concentrations or biological fluxes. No encounter yield is converted to molarity, and no continuous biological ROS source is modeled.",4e863b04abf00d77462be6bdf33a6b2ad343ab81,485e6c100ae04a17802c8cfb09694c7b6fe9783be2b477e00a0a465bb075e0f8,configs/doxorubicin_parameters.json,0b7d200aedee3aed703b810ad54927a2126d9ee0952f6ef87cf5ebb57992d345,configs/parameter_provenance.csv,86c4261fcb9616a643db79340fe0b7398ba10a5c46464e67e8b697bcfc3a4ec9
selectivity_pD=0.75_manifold_mixture,mixture,manifold mixture pD=0.75,0.75,0.7499999999999999,1000000.0,8.0,8e-06,10.0,10000000.0,0.1,100000.0,0.1,100000.0,10.0,10000000.0,1.0,1000000.0,0.039810717055349734,39810.717055349734,2.6997826823610363e-37,1.66283729432498e-36,1.9328155625610835e-36,0.056705982031383814,0.0014918760533937305,0.058197858084777544,0.9418021419152154,1.9328155625610835e-36,0.9999999999999929,7.105427357601002e-15,constant-generator matrix exponential Pade(13),2,dimensionless populations/per-encounter yields,dimensionless per encounter unless field name gives s^-1 or s,True,"Illustrative one-factor-at-a-time grid; bounds are not measured ranges or probability priors. Results are populations and per-encounter yields, not concentrations or biological fluxes. No encounter yield is converted to molarity, and no continuous biological ROS source is modeled.",4e863b04abf00d77462be6bdf33a6b2ad343ab81,485e6c100ae04a17802c8cfb09694c7b6fe9783be2b477e00a0a465bb075e0f8,configs/doxorubicin_parameters.json,0b7d200aedee3aed703b810ad54927a2126d9ee0952f6ef87cf5ebb57992d345,configs/parameter_provenance.csv,86c4261fcb9616a643db79340fe0b7398ba10a5c46464e67e8b697bcfc3a4ec9
selectivity_pD=0.75_manifold_mixture,mixture,manifold mixture pD=0.75,0.75,0.7499999999999999,1000000.0,8.0,8e-06,10.0,10000000.0,0.1,100000.0,0.1,100000.0,10.0,10000000.0,1.0,1000000.0,0.06309573444801933,63095.73444801933,2.3464880172347122e-37,1.4089035407534919e-36,1.643552342476963e-36,0.056700069516428045,0.0023594008495240303,0.05905947036595208,0.9409405296340405,1.643552342476963e-36,0.9999999999999926,7.438494264988549e-15,constant-generator matrix exponential Pade(13),2,dimensionless populations/per-encounter yields,dimensionless per encounter unless field name gives s^-1 or s,True,"Illustrative one-factor-at-a-time grid; bounds are not measured ranges or probability priors. Results are populations and per-encounter yields, not concentrations or biological fluxes. No encounter yield is converted to molarity, and no continuous biological ROS source is modeled.",4e863b04abf00d77462be6bdf33a6b2ad343ab81,485e6c100ae04a17802c8cfb09694c7b6fe9783be2b477e00a0a465bb075e0f8,configs/doxorubicin_parameters.json,0b7d200aedee3aed703b810ad54927a2126d9ee0952f6ef87cf5ebb57992d345,configs/parameter_provenance.csv,86c4261fcb9616a643db79340fe0b7398ba10a5c46464e67e8b697bcfc3a4ec9
selectivity_pD=0.75_manifold_mixture,mixture,manifold mixture pD=0.75,0.75,0.7499999999999999,1000000.0,8.0,8e-06,10.0,10000000.0,0.1,100000.0,0.1,100000.0,10.0,10000000.0,1.0,1000000.0,0.1,100000.0,1.8826918699847114e-37,1.0848553162499872e-36,1.2731245032484584e-36,0.05669081027799655,0.0037267434350696134,0.06041755371306616,0.939582446286927,1.2731245032484584e-36,0.9999999999999931,6.8833827526759706e-15,constant-generator matrix exponential Pade(13),2,dimensionless populations/per-encounter yields,dimensionless per encounter unless field name gives s^-1 or s,True,"Illustrative one-factor-at-a-time grid; bounds are not measured ranges or probability priors. Results are populations and per-encounter yields, not concentrations or biological fluxes. No encounter yield is converted to molarity, and no continuous biological ROS source is modeled.",4e863b04abf00d77462be6bdf33a6b2ad343ab81,485e6c100ae04a17802c8cfb09694c7b6fe9783be2b477e00a0a465bb075e0f8,configs/doxorubicin_parameters.json,0b7d200aedee3aed703b810ad54927a2126d9ee0952f6ef87cf5ebb57992d345,configs/parameter_provenance.csv,86c4261fcb9616a643db79340fe0b7398ba10a5c46464e67e8b697bcfc3a4ec9
selectivity_pD=0.75_manifold_mixture,mixture,manifold mixture pD=0.75,0.75,0.7499999999999999,1000000.0,8.0,8e-06,10.0,10000000.0,0.1,100000.0,0.1,100000.0,10.0,10000000.0,1.0,1000000.0,0.15848931924611143,158489.31924611144,1.3351383025798206e-37,7.193554711320079e-37,8.528693013899898e-37,0.05667641248405564,0.005874953550626138,0.06255136603468178,0.9374486339653111,8.528693013899898e-37,0.9999999999999929,7.105427357601002e-15,constant-generator matrix exponential Pade(13),2,dimensionless populations/per-encounter yields,dimensionless per encounter unless field name gives s^-1 or s,True,"Illustrative one-factor-at-a-time grid; bounds are not measured ranges or probability priors. Results are populations and per-encounter yields, not concentrations or biological fluxes. No encounter yield is converted to molarity, and no continuous biological ROS source is modeled.",4e863b04abf00d77462be6bdf33a6b2ad343ab81,485e6c100ae04a17802c8cfb09694c7b6fe9783be2b477e00a0a465bb075e0f8,configs/doxorubicin_parameters.json,0b7d200aedee3aed703b810ad54927a2126d9ee0952f6ef87cf5ebb57992d345,configs/parameter_provenance.csv,86c4261fcb9616a643db79340fe0b7398ba10a5c46464e67e8b697bcfc3a4ec9
selectivity_pD=0.75_manifold_mixture,mixture,manifold mixture pD=0.75,0.75,0.7499999999999999,1000000.0,8.0,8e-06,10.0,10000000.0,0.1,100000.0,0.1,100000.0,10.0,10000000.0,1.0,1000000.0,0.25118864315095807,251188.64315095806,7.853779514868606e-38,3.786190898942149e-37,4.57156885042901e-37,0.0566542782950402,0.009232940902349496,0.0658872191973897,0.9341127808026028,4.57156885042901e-37,0.9999999999999926,7.438494264988549e-15,constant-generator matrix exponential Pade(13),2,dimensionless populations/per-encounter yields,dimensionless per encounter unless field name gives s^-1 or s,True,"Illustrative one-factor-at-a-time grid; bounds are not measured ranges or probability priors. Results are populations and per-encounter yields, not concentrations or biological fluxes. No encounter yield is converted to molarity, and no continuous biological ROS source is modeled.",4e863b04abf00d77462be6bdf33a6b2ad343ab81,485e6c100ae04a17802c8cfb09694c7b6fe9783be2b477e00a0a465bb075e0f8,configs/doxorubicin_parameters.json,0b7d200aedee3aed703b810ad54927a2126d9ee0952f6ef87cf5ebb57992d345,configs/parameter_provenance.csv,86c4261fcb9616a643db79340fe0b7398ba10a5c46464e67e8b697bcfc3a4ec9
selectivity_pD=0.75_manifold_mixture,mixture,manifold mixture pD=0.75,0.75,0.7499999999999999,1000000.0,8.0,8e-06,10.0,10000000.0,0.1,100000.0,0.1,100000.0,10.0,10000000.0,1.0,1000000.0,0.3981071705534973,398107.17055349733,3.516138988054217e-38,1.4063969747559812e-37,1.7580108735614029e-37,0.056620874175906166,0.01444053537377709,0.07106140954968326,0.9289385904503096,1.7580108735614029e-37,0.9999999999999929,7.105427357601002e-15,constant-generator matrix exponential Pade(13),2,dimensionless populations/per-encounter yields,dimensionless per encounter unless field name gives s^-1 or s,True,"Illustrative one-factor-at-a-time grid; bounds are not measured ranges or probability priors. Results are populations and per-encounter yields, not concentrations or biological fluxes. No encounter yield is converted to molarity, and no continuous biological ROS source is modeled.",4e863b04abf00d77462be6bdf33a6b2ad343ab81,485e6c100ae04a17802c8cfb09694c7b6fe9783be2b477e00a0a465bb075e0f8,configs/doxorubicin_parameters.json,0b7d200aedee3aed703b810ad54927a2126d9ee0952f6ef87cf5ebb57992d345,configs/parameter_provenance.csv,86c4261fcb9616a643db79340fe0b7398ba10a5c46464e67e8b697bcfc3a4ec9
selectivity_pD=0.75_manifold_mixture,mixture,manifold mixture pD=0.75,0.75,0.7499999999999999,1000000.0,8.0,8e-06,10.0,10000000.0,0.1,100000.0,0.1,100000.0,10.0,10000000.0,1.0,1000000.0,0.6309573444801934,630957.3444801933,1.0860056619212081e-38,3.178594837110413e-38,4.264600499031621e-38,0.056571974546813536,0.022417342634836565,0.0789893171816501,0.9210106828183426,4.264600499031621e-38,0.9999999999999928,7.216449660063518e-15,constant-generator matrix exponential Pade(13),2,dimensionless populations/per-encounter yields,dimensionless per encounter unless field name gives s^-1 or s,True,"Illustrative one-factor-at-a-time grid; bounds are not measured ranges or probability priors. Results are populations and per-encounter yields, not concentrations or biological fluxes. No encounter yield is converted to molarity, and no continuous biological ROS source is modeled.",4e863b04abf00d77462be6bdf33a6b2ad343ab81,485e6c100ae04a17802c8cfb09694c7b6fe9783be2b477e00a0a465bb075e0f8,configs/doxorubicin_parameters.json,0b7d200aedee3aed703b810ad54927a2126d9ee0952f6ef87cf5ebb57992d345,configs/parameter_provenance.csv,86c4261fcb9616a643db79340fe0b7398ba10a5c46464e67e8b697bcfc3a4ec9
selectivity_pD=0.75_manifold_mixture,mixture,manifold mixture pD=0.75,0.75,0.7499999999999999,1000000.0,8.0,8e-06,10.0,10000000.0,0.1,100000.0,0.1,100000.0,10.0,10000000.0,1.0,1000000.0,1.0,1000000.0,2.1504961367333016e-39,3.904105758667761e-39,6.054601895401063e-39,0.05650399744171881,0.034405093467371445,0.09090909090909025,0.9090909090909024,6.054601895401063e-39,0.9999999999999927,7.327471962526033e-15,constant-generator matrix exponential Pade(13),2,dimensionless populations/per-encounter yields,dimensionless per encounter unless field name gives s^-1 or s,True,"Illustrative one-factor-at-a-time grid; bounds are not measured ranges or probability priors. Results are populations and per-encounter yields, not concentrations or biological fluxes. No encounter yield is converted to molarity, and no continuous biological ROS source is modeled.",4e863b04abf00d77462be6bdf33a6b2ad343ab81,485e6c100ae04a17802c8cfb09694c7b6fe9783be2b477e00a0a465bb075e0f8,configs/doxorubicin_parameters.json,0b7d200aedee3aed703b810ad54927a2126d9ee0952f6ef87cf5ebb57992d345,configs/parameter_provenance.csv,86c4261fcb9616a643db79340fe0b7398ba10a5c46464e67e8b697bcfc3a4ec9
selectivity_pD=0.75_manifold_mixture,mixture,manifold mixture pD=0.75,0.75,0.7499999999999999,1000000.0,8.0,8e-06,10.0,10000000.0,0.1,100000.0,0.1,100000.0,10.0,10000000.0,1.0,1000000.0,1.584893192461114,1584893.1924611141,2.630748363142913e-40,2.814350444204418e-40,5.445098807347332e-40,0.05641789759961019,0.051904961249700114,0.10832285884931031,0.8916771411506828,5.445098807347332e-40,0.9999999999999931,6.8833827526759706e-15,constant-generator matrix exponential Pade(13),2,dimensionless populations/per-encounter yields,dimensionless per encounter unless field name gives s^-1 or s,True,"Illustrative one-factor-at-a-time grid; bounds are not measured ranges or probability priors. Results are populations and per-encounter yields, not concentrations or biological fluxes. No encounter yield is converted to molarity, and no continuous biological ROS source is modeled.",4e863b04abf00d77462be6bdf33a6b2ad343ab81,485e6c100ae04a17802c8cfb09694c7b6fe9783be2b477e00a0a465bb075e0f8,configs/doxorubicin_parameters.json,0b7d200aedee3aed703b810ad54927a2126d9ee0952f6ef87cf5ebb57992d345,configs/parameter_provenance.csv,86c4261fcb9616a643db79340fe0b7398ba10a5c46464e67e8b697bcfc3a4ec9
selectivity_pD=0.75_manifold_mixture,mixture,manifold mixture pD=0.75,0.75,0.7499999999999999,1000000.0,8.0,8e-06,10.0,10000000.0,0.1,100000.0,0.1,100000.0,10.0,10000000.0,1.0,1000000.0,2.5118864315095824,2511886.4315095823,1.6439898256524881e-41,1.2381191662203272e-41,2.8821089918728154e-41,0.05632790935944311,0.07636770147746035,0.13269561083690345,0.8673043891630893,2.8821089918728154e-41,0.9999999999999927,7.327471962526033e-15,constant-generator matrix exponential Pade(13),2,dimensionless populations/per-encounter yields,dimensionless per encounter unless field name gives s^-1 or s,True,"Illustrative one-factor-at-a-time grid; bounds are not measured ranges or probability priors. Results are populations and per-encounter yields, not concentrations or biological fluxes. No encounter yield is converted to molarity, and no continuous biological ROS source is modeled.",4e863b04abf00d77462be6bdf33a6b2ad343ab81,485e6c100ae04a17802c8cfb09694c7b6fe9783be2b477e00a0a465bb075e0f8,configs/doxorubicin_parameters.json,0b7d200aedee3aed703b810ad54927a2126d9ee0952f6ef87cf5ebb57992d345,configs/parameter_provenance.csv,86c4261fcb9616a643db79340fe0b7398ba10a5c46464e67e8b697bcfc3a4ec9
selectivity_pD=0.75_manifold_mixture,mixture,manifold mixture pD=0.75,0.75,0.7499999999999999,1000000.0,8.0,8e-06,10.0,10000000.0,0.1,100000.0,0.1,100000.0,10.0,10000000.0,1.0,1000000.0,3.981071705534973,3981071.705534973,3.0281085708250487e-43,1.8696437715139413e-43,4.89775234233899e-43,0.0562768396735418,0.10847582090724958,0.16475266058079138,0.8352473394192015,4.89775234233899e-43,0.9999999999999929,7.105427357601002e-15,constant-generator matrix exponential Pade(13),2,dimensionless populations/per-encounter yields,dimensionless per encounter unless field name gives s^-1 or s,True,"Illustrative one-factor-at-a-time grid; bounds are not measured ranges or probability priors. Results are populations and per-encounter yields, not concentrations or biological fluxes. No encounter yield is converted to molarity, and no continuous biological ROS source is modeled.",4e863b04abf00d77462be6bdf33a6b2ad343ab81,485e6c100ae04a17802c8cfb09694c7b6fe9783be2b477e00a0a465bb075e0f8,configs/doxorubicin_parameters.json,0b7d200aedee3aed703b810ad54927a2126d9ee0952f6ef87cf5ebb57992d345,configs/parameter_provenance.csv,86c4261fcb9616a643db79340fe0b7398ba10a5c46464e67e8b697bcfc3a4ec9
selectivity_pD=0.75_manifold_mixture,mixture,manifold mixture pD=0.75,0.75,0.7499999999999999,1000000.0,8.0,8e-06,10.0,10000000.0,0.1,100000.0,0.1,100000.0,10.0,10000000.0,1.0,1000000.0,6.309573444801936,6309573.444801936,7.450754165232298e-46,4.083010218148015e-46,1.1533764383380315e-45,0.05635378215446457,0.14704994287944878,0.20340372503391335,0.7965962749660795,1.1533764383380315e-45,0.9999999999999929,7.105427357601002e-15,constant-generator matrix exponential Pade(13),2,dimensionless populations/per-encounter yields,dimensionless per encounter unless field name gives s^-1 or s,True,"Illustrative one-factor-at-a-time grid; bounds are not measured ranges or probability priors. Results are populations and per-encounter yields, not concentrations or biological fluxes. No encounter yield is converted to molarity, and no continuous biological ROS source is modeled.",4e863b04abf00d77462be6bdf33a6b2ad343ab81,485e6c100ae04a17802c8cfb09694c7b6fe9783be2b477e00a0a465bb075e0f8,configs/doxorubicin_parameters.json,0b7d200aedee3aed703b810ad54927a2126d9ee0952f6ef87cf5ebb57992d345,configs/parameter_provenance.csv,86c4261fcb9616a643db79340fe0b7398ba10a5c46464e67e8b697bcfc3a4ec9
selectivity_pD=0.75_manifold_mixture,mixture,manifold mixture pD=0.75,0.75,0.7499999999999999,1000000.0,8.0,8e-06,10.0,10000000.0,0.1,100000.0,0.1,100000.0,10.0,10000000.0,1.0,1000000.0,10.0,10000000.0,1.2899886459299095e-49,6.381031890798903e-50,1.9280918350098e-49,0.05669576969284068,0.18817326668936926,0.24486903638220994,0.7551309636177761,1.9280918350098e-49,0.999999999999986,1.3988810110276972e-14,constant-generator matrix exponential Pade(13),2,dimensionless populations/per-encounter yields,dimensionless per encounter unless field name gives s^-1 or s,True,"Illustrative one-factor-at-a-time grid; bounds are not measured ranges or probability priors. Results are populations and per-encounter yields, not concentrations or biological fluxes. No encounter yield is converted to molarity, and no continuous biological ROS source is modeled.",4e863b04abf00d77462be6bdf33a6b2ad343ab81,485e6c100ae04a17802c8cfb09694c7b6fe9783be2b477e00a0a465bb075e0f8,configs/doxorubicin_parameters.json,0b7d200aedee3aed703b810ad54927a2126d9ee0952f6ef87cf5ebb57992d345,configs/parameter_provenance.csv,86c4261fcb9616a643db79340fe0b7398ba10a5c46464e67e8b697bcfc3a4ec9
