scenario_id,initial_state,initial_state_definition,p_doublet_requested,p_doublet_initial,reference_rate_s^-1,duration_over_reference,duration_s,mixing_over_reference,local_mixing_proxy_rad_s,radical_relaxation_over_reference,radical_relaxation_s^-1,oxygen_relaxation_over_reference,oxygen_relaxation_s^-1,escape_over_reference,k_escape_s^-1,kd_over_reference,k_doublet_s^-1,kq_over_kd,k_quartet_s^-1,final_doublet_population,final_quartet_population,final_total_survival,doublet_reaction_yield_per_encounter,quartet_reaction_yield_per_encounter,primary_superoxide_yield_per_encounter,escape_yield_per_encounter,unresolved_probability,probability_balance,probability_balance_error,solver,solver_samples,output_class,units,non_predictive,limitations,git_commit,source_fingerprint_sha256,config_path,config_sha256,provenance_path,provenance_sha256
mix_escape_kqkd_0,unpolarized,unpolarized I6/6,,0.33333333333333337,1000000.0,8.0,8e-06,0.0,0.0,0.1,100000.0,0.1,100000.0,0.0,0.0,1.0,1000000.0,0.0,0.0,0.027342818114792798,0.44036789975686436,0.4677107178716572,0.5322892821283428,0.0,0.5322892821283428,0.0,0.4677107178716572,1.0,0.0,constant-generator matrix exponential Pade(13),2,dimensionless populations/per-encounter yields,dimensionless per encounter unless field name gives s^-1 or s,True,"Illustrative one-factor-at-a-time grid; bounds are not measured ranges or probability priors. Results are populations and per-encounter yields, not concentrations or biological fluxes. No encounter yield is converted to molarity, and no continuous biological ROS source is modeled.",1d8208b504af787754e184f77640f85675b5b634,01e64b526ae9ed2d5f192ae14068302e806c1e8b44576f4b4eb4b5f83a8e8039,configs/doxorubicin_parameters.json,b14b641f69afb70af9ff7557a062c2ce00e0b0cb74381ba69fcfaad4f17f04af,configs/parameter_provenance.csv,86c4261fcb9616a643db79340fe0b7398ba10a5c46464e67e8b697bcfc3a4ec9
mix_escape_kqkd_0,unpolarized,unpolarized I6/6,,0.33333333333333337,1000000.0,8.0,8e-06,0.0,0.0,0.1,100000.0,0.1,100000.0,0.01,10000.0,1.0,1000000.0,0.0,0.0,0.025240602358041823,0.40651080668951256,0.4317514090475544,0.5200698269985095,0.0,0.5200698269985095,0.048178763953935735,0.4317514090475544,0.9999999999999996,4.440892098500626e-16,constant-generator matrix exponential Pade(13),2,dimensionless populations/per-encounter yields,dimensionless per encounter unless field name gives s^-1 or s,True,"Illustrative one-factor-at-a-time grid; bounds are not measured ranges or probability priors. Results are populations and per-encounter yields, not concentrations or biological fluxes. No encounter yield is converted to molarity, and no continuous biological ROS source is modeled.",1d8208b504af787754e184f77640f85675b5b634,01e64b526ae9ed2d5f192ae14068302e806c1e8b44576f4b4eb4b5f83a8e8039,configs/doxorubicin_parameters.json,b14b641f69afb70af9ff7557a062c2ce00e0b0cb74381ba69fcfaad4f17f04af,configs/parameter_provenance.csv,86c4261fcb9616a643db79340fe0b7398ba10a5c46464e67e8b697bcfc3a4ec9
mix_escape_kqkd_0,unpolarized,unpolarized I6/6,,0.33333333333333337,1000000.0,8.0,8e-06,0.0,0.0,0.1,100000.0,0.1,100000.0,0.21544346900318834,215443.46900318834,1.0,1000000.0,0.0,0.0,0.004878833481325776,0.07857572121553004,0.08345455469685581,0.35484710434240696,0.0,0.35484710434240696,0.561698340960737,0.08345455469685581,0.9999999999999998,2.220446049250313e-16,constant-generator matrix exponential Pade(13),2,dimensionless populations/per-encounter yields,dimensionless per encounter unless field name gives s^-1 or s,True,"Illustrative one-factor-at-a-time grid; bounds are not measured ranges or probability priors. Results are populations and per-encounter yields, not concentrations or biological fluxes. No encounter yield is converted to molarity, and no continuous biological ROS source is modeled.",1d8208b504af787754e184f77640f85675b5b634,01e64b526ae9ed2d5f192ae14068302e806c1e8b44576f4b4eb4b5f83a8e8039,configs/doxorubicin_parameters.json,b14b641f69afb70af9ff7557a062c2ce00e0b0cb74381ba69fcfaad4f17f04af,configs/parameter_provenance.csv,86c4261fcb9616a643db79340fe0b7398ba10a5c46464e67e8b697bcfc3a4ec9
mix_escape_kqkd_0,unpolarized,unpolarized I6/6,,0.33333333333333337,1000000.0,8.0,8e-06,0.0,0.0,0.1,100000.0,0.1,100000.0,1.0,1000000.0,1.0,1000000.0,0.0,0.0,9.17249361904882e-06,0.00014772697289634778,0.0001568994665153966,0.17646192685674097,0.0,0.17646192685674097,0.8233811736767429,0.0001568994665153966,0.9999999999999993,6.661338147750939e-16,constant-generator matrix exponential Pade(13),2,dimensionless populations/per-encounter yields,dimensionless per encounter unless field name gives s^-1 or s,True,"Illustrative one-factor-at-a-time grid; bounds are not measured ranges or probability priors. Results are populations and per-encounter yields, not concentrations or biological fluxes. No encounter yield is converted to molarity, and no continuous biological ROS source is modeled.",1d8208b504af787754e184f77640f85675b5b634,01e64b526ae9ed2d5f192ae14068302e806c1e8b44576f4b4eb4b5f83a8e8039,configs/doxorubicin_parameters.json,b14b641f69afb70af9ff7557a062c2ce00e0b0cb74381ba69fcfaad4f17f04af,configs/parameter_provenance.csv,86c4261fcb9616a643db79340fe0b7398ba10a5c46464e67e8b697bcfc3a4ec9
mix_escape_kqkd_0,unpolarized,unpolarized I6/6,,0.33333333333333337,1000000.0,8.0,8e-06,0.0,0.0,0.1,100000.0,0.1,100000.0,100.0,100000000.0,1.0,1000000.0,0.0,0.0,0.0,0.0,0.0,0.0033003735153258,0.0,0.0033003735153258,0.9966996264846175,0.0,0.9999999999999433,5.67323965583455e-14,constant-generator matrix exponential Pade(13),2,dimensionless populations/per-encounter yields,dimensionless per encounter unless field name gives s^-1 or s,True,"Illustrative one-factor-at-a-time grid; bounds are not measured ranges or probability priors. Results are populations and per-encounter yields, not concentrations or biological fluxes. No encounter yield is converted to molarity, and no continuous biological ROS source is modeled.",1d8208b504af787754e184f77640f85675b5b634,01e64b526ae9ed2d5f192ae14068302e806c1e8b44576f4b4eb4b5f83a8e8039,configs/doxorubicin_parameters.json,b14b641f69afb70af9ff7557a062c2ce00e0b0cb74381ba69fcfaad4f17f04af,configs/parameter_provenance.csv,86c4261fcb9616a643db79340fe0b7398ba10a5c46464e67e8b697bcfc3a4ec9
mix_escape_kqkd_0,unpolarized,unpolarized I6/6,,0.33333333333333337,1000000.0,8.0,8e-06,0.01,10000.0,0.1,100000.0,0.1,100000.0,0.0,0.0,1.0,1000000.0,0.0,0.0,0.02735140201711115,0.44030200216984183,0.467653404186953,0.5323465958130471,0.0,0.5323465958130471,0.0,0.467653404186953,1.0,0.0,constant-generator matrix exponential Pade(13),2,dimensionless populations/per-encounter yields,dimensionless per encounter unless field name gives s^-1 or s,True,"Illustrative one-factor-at-a-time grid; bounds are not measured ranges or probability priors. Results are populations and per-encounter yields, not concentrations or biological fluxes. No encounter yield is converted to molarity, and no continuous biological ROS source is modeled.",1d8208b504af787754e184f77640f85675b5b634,01e64b526ae9ed2d5f192ae14068302e806c1e8b44576f4b4eb4b5f83a8e8039,configs/doxorubicin_parameters.json,b14b641f69afb70af9ff7557a062c2ce00e0b0cb74381ba69fcfaad4f17f04af,configs/parameter_provenance.csv,86c4261fcb9616a643db79340fe0b7398ba10a5c46464e67e8b697bcfc3a4ec9
mix_escape_kqkd_0,unpolarized,unpolarized I6/6,,0.33333333333333337,1000000.0,8.0,8e-06,0.01,10000.0,0.1,100000.0,0.1,100000.0,0.01,10000.0,1.0,1000000.0,0.0,0.0,0.025248526298587662,0.4064499755497447,0.43169850184833236,0.5201243698472919,0.0,0.5201243698472919,0.048177128304375066,0.43169850184833236,0.9999999999999993,6.661338147750939e-16,constant-generator matrix exponential Pade(13),2,dimensionless populations/per-encounter yields,dimensionless per encounter unless field name gives s^-1 or s,True,"Illustrative one-factor-at-a-time grid; bounds are not measured ranges or probability priors. Results are populations and per-encounter yields, not concentrations or biological fluxes. No encounter yield is converted to molarity, and no continuous biological ROS source is modeled.",1d8208b504af787754e184f77640f85675b5b634,01e64b526ae9ed2d5f192ae14068302e806c1e8b44576f4b4eb4b5f83a8e8039,configs/doxorubicin_parameters.json,b14b641f69afb70af9ff7557a062c2ce00e0b0cb74381ba69fcfaad4f17f04af,configs/parameter_provenance.csv,86c4261fcb9616a643db79340fe0b7398ba10a5c46464e67e8b697bcfc3a4ec9
mix_escape_kqkd_0,unpolarized,unpolarized I6/6,,0.33333333333333337,1000000.0,8.0,8e-06,0.01,10000.0,0.1,100000.0,0.1,100000.0,0.21544346900318834,215443.46900318834,1.0,1000000.0,0.0,0.0,0.004880365124108732,0.07856396297786211,0.08344432810197086,0.3548682703641739,0.0,0.3548682703641739,0.561687401533855,0.08344432810197086,0.9999999999999998,2.220446049250313e-16,constant-generator matrix exponential Pade(13),2,dimensionless populations/per-encounter yields,dimensionless per encounter unless field name gives s^-1 or s,True,"Illustrative one-factor-at-a-time grid; bounds are not measured ranges or probability priors. Results are populations and per-encounter yields, not concentrations or biological fluxes. No encounter yield is converted to molarity, and no continuous biological ROS source is modeled.",1d8208b504af787754e184f77640f85675b5b634,01e64b526ae9ed2d5f192ae14068302e806c1e8b44576f4b4eb4b5f83a8e8039,configs/doxorubicin_parameters.json,b14b641f69afb70af9ff7557a062c2ce00e0b0cb74381ba69fcfaad4f17f04af,configs/parameter_provenance.csv,86c4261fcb9616a643db79340fe0b7398ba10a5c46464e67e8b697bcfc3a4ec9
mix_escape_kqkd_0,unpolarized,unpolarized I6/6,,0.33333333333333337,1000000.0,8.0,8e-06,0.01,10000.0,0.1,100000.0,0.1,100000.0,1.0,1000000.0,1.0,1000000.0,0.0,0.0,9.175373197478162e-06,0.00014770486671863254,0.0001568802399161107,0.17646362041693128,0.0,0.17646362041693128,0.8233794993431516,0.0001568802399161107,0.999999999999999,9.992007221626409e-16,constant-generator matrix exponential Pade(13),2,dimensionless populations/per-encounter yields,dimensionless per encounter unless field name gives s^-1 or s,True,"Illustrative one-factor-at-a-time grid; bounds are not measured ranges or probability priors. Results are populations and per-encounter yields, not concentrations or biological fluxes. No encounter yield is converted to molarity, and no continuous biological ROS source is modeled.",1d8208b504af787754e184f77640f85675b5b634,01e64b526ae9ed2d5f192ae14068302e806c1e8b44576f4b4eb4b5f83a8e8039,configs/doxorubicin_parameters.json,b14b641f69afb70af9ff7557a062c2ce00e0b0cb74381ba69fcfaad4f17f04af,configs/parameter_provenance.csv,86c4261fcb9616a643db79340fe0b7398ba10a5c46464e67e8b697bcfc3a4ec9
mix_escape_kqkd_0,unpolarized,unpolarized I6/6,,0.33333333333333337,1000000.0,8.0,8e-06,0.01,10000.0,0.1,100000.0,0.1,100000.0,100.0,100000000.0,1.0,1000000.0,0.0,0.0,0.0,0.0,0.0,0.003300373515469447,0.0,0.003300373515469447,0.9966996264844736,0.0,0.999999999999943,5.695444116327053e-14,constant-generator matrix exponential Pade(13),2,dimensionless populations/per-encounter yields,dimensionless per encounter unless field name gives s^-1 or s,True,"Illustrative one-factor-at-a-time grid; bounds are not measured ranges or probability priors. Results are populations and per-encounter yields, not concentrations or biological fluxes. No encounter yield is converted to molarity, and no continuous biological ROS source is modeled.",1d8208b504af787754e184f77640f85675b5b634,01e64b526ae9ed2d5f192ae14068302e806c1e8b44576f4b4eb4b5f83a8e8039,configs/doxorubicin_parameters.json,b14b641f69afb70af9ff7557a062c2ce00e0b0cb74381ba69fcfaad4f17f04af,configs/parameter_provenance.csv,86c4261fcb9616a643db79340fe0b7398ba10a5c46464e67e8b697bcfc3a4ec9
mix_escape_kqkd_0,unpolarized,unpolarized I6/6,,0.33333333333333337,1000000.0,8.0,8e-06,0.21544346900318834,215443.46900318834,0.1,100000.0,0.1,100000.0,0.0,0.0,1.0,1000000.0,0.0,0.0,0.030806205969360317,0.4119327353843293,0.44273894135368963,0.5572610586463105,0.0,0.5572610586463105,0.0,0.44273894135368963,1.0,0.0,constant-generator matrix exponential Pade(13),2,dimensionless populations/per-encounter yields,dimensionless per encounter unless field name gives s^-1 or s,True,"Illustrative one-factor-at-a-time grid; bounds are not measured ranges or probability priors. Results are populations and per-encounter yields, not concentrations or biological fluxes. No encounter yield is converted to molarity, and no continuous biological ROS source is modeled.",1d8208b504af787754e184f77640f85675b5b634,01e64b526ae9ed2d5f192ae14068302e806c1e8b44576f4b4eb4b5f83a8e8039,configs/doxorubicin_parameters.json,b14b641f69afb70af9ff7557a062c2ce00e0b0cb74381ba69fcfaad4f17f04af,configs/parameter_provenance.csv,86c4261fcb9616a643db79340fe0b7398ba10a5c46464e67e8b697bcfc3a4ec9
mix_escape_kqkd_0,unpolarized,unpolarized I6/6,,0.33333333333333337,1000000.0,8.0,8e-06,0.21544346900318834,215443.46900318834,0.1,100000.0,0.1,100000.0,0.01,10000.0,1.0,1000000.0,0.0,0.0,0.028437712300470045,0.3802618416450344,0.4086995539455045,0.5438503402959733,0.0,0.5438503402959733,0.047450105758521835,0.4086995539455045,0.9999999999999997,3.3306690738754696e-16,constant-generator matrix exponential Pade(13),2,dimensionless populations/per-encounter yields,dimensionless per encounter unless field name gives s^-1 or s,True,"Illustrative one-factor-at-a-time grid; bounds are not measured ranges or probability priors. Results are populations and per-encounter yields, not concentrations or biological fluxes. No encounter yield is converted to molarity, and no continuous biological ROS source is modeled.",1d8208b504af787754e184f77640f85675b5b634,01e64b526ae9ed2d5f192ae14068302e806c1e8b44576f4b4eb4b5f83a8e8039,configs/doxorubicin_parameters.json,b14b641f69afb70af9ff7557a062c2ce00e0b0cb74381ba69fcfaad4f17f04af,configs/parameter_provenance.csv,86c4261fcb9616a643db79340fe0b7398ba10a5c46464e67e8b697bcfc3a4ec9
mix_escape_kqkd_0,unpolarized,unpolarized I6/6,,0.33333333333333337,1000000.0,8.0,8e-06,0.21544346900318834,215443.46900318834,0.1,100000.0,0.1,100000.0,0.21544346900318834,215443.46900318834,1.0,1000000.0,0.0,0.0,0.005496812672524767,0.0735019782163519,0.07899879088887668,0.36420097751241026,0.0,0.36420097751241026,0.5568002315987117,0.07899879088887668,0.9999999999999987,1.3322676295501878e-15,constant-generator matrix exponential Pade(13),2,dimensionless populations/per-encounter yields,dimensionless per encounter unless field name gives s^-1 or s,True,"Illustrative one-factor-at-a-time grid; bounds are not measured ranges or probability priors. Results are populations and per-encounter yields, not concentrations or biological fluxes. No encounter yield is converted to molarity, and no continuous biological ROS source is modeled.",1d8208b504af787754e184f77640f85675b5b634,01e64b526ae9ed2d5f192ae14068302e806c1e8b44576f4b4eb4b5f83a8e8039,configs/doxorubicin_parameters.json,b14b641f69afb70af9ff7557a062c2ce00e0b0cb74381ba69fcfaad4f17f04af,configs/parameter_provenance.csv,86c4261fcb9616a643db79340fe0b7398ba10a5c46464e67e8b697bcfc3a4ec9
mix_escape_kqkd_0,unpolarized,unpolarized I6/6,,0.33333333333333337,1000000.0,8.0,8e-06,0.21544346900318834,215443.46900318834,0.1,100000.0,0.1,100000.0,1.0,1000000.0,1.0,1000000.0,0.0,0.0,1.0334330810187675e-05,0.00013818803793109698,0.00014852236874128463,0.17723465390831017,0.0,0.17723465390831017,0.8226168237229476,0.00014852236874128463,0.9999999999999991,8.881784197001252e-16,constant-generator matrix exponential Pade(13),2,dimensionless populations/per-encounter yields,dimensionless per encounter unless field name gives s^-1 or s,True,"Illustrative one-factor-at-a-time grid; bounds are not measured ranges or probability priors. Results are populations and per-encounter yields, not concentrations or biological fluxes. No encounter yield is converted to molarity, and no continuous biological ROS source is modeled.",1d8208b504af787754e184f77640f85675b5b634,01e64b526ae9ed2d5f192ae14068302e806c1e8b44576f4b4eb4b5f83a8e8039,configs/doxorubicin_parameters.json,b14b641f69afb70af9ff7557a062c2ce00e0b0cb74381ba69fcfaad4f17f04af,configs/parameter_provenance.csv,86c4261fcb9616a643db79340fe0b7398ba10a5c46464e67e8b697bcfc3a4ec9
mix_escape_kqkd_0,unpolarized,unpolarized I6/6,,0.33333333333333337,1000000.0,8.0,8e-06,0.21544346900318834,215443.46900318834,0.1,100000.0,0.1,100000.0,100.0,100000000.0,1.0,1000000.0,0.0,0.0,0.0,0.0,0.0,0.003300373582001054,0.0,0.003300373582001054,0.9966996264179422,0.0,0.9999999999999433,5.67323965583455e-14,constant-generator matrix exponential Pade(13),2,dimensionless populations/per-encounter yields,dimensionless per encounter unless field name gives s^-1 or s,True,"Illustrative one-factor-at-a-time grid; bounds are not measured ranges or probability priors. Results are populations and per-encounter yields, not concentrations or biological fluxes. No encounter yield is converted to molarity, and no continuous biological ROS source is modeled.",1d8208b504af787754e184f77640f85675b5b634,01e64b526ae9ed2d5f192ae14068302e806c1e8b44576f4b4eb4b5f83a8e8039,configs/doxorubicin_parameters.json,b14b641f69afb70af9ff7557a062c2ce00e0b0cb74381ba69fcfaad4f17f04af,configs/parameter_provenance.csv,86c4261fcb9616a643db79340fe0b7398ba10a5c46464e67e8b697bcfc3a4ec9
mix_escape_kqkd_0,unpolarized,unpolarized I6/6,,0.33333333333333337,1000000.0,8.0,8e-06,1.0,1000000.0,0.1,100000.0,0.1,100000.0,0.0,0.0,1.0,1000000.0,0.0,0.0,0.0321863739422866,0.24256011160911872,0.27474648555140535,0.7252535144485945,0.0,0.7252535144485945,0.0,0.27474648555140535,0.9999999999999999,1.1102230246251565e-16,constant-generator matrix exponential Pade(13),2,dimensionless populations/per-encounter yields,dimensionless per encounter unless field name gives s^-1 or s,True,"Illustrative one-factor-at-a-time grid; bounds are not measured ranges or probability priors. Results are populations and per-encounter yields, not concentrations or biological fluxes. No encounter yield is converted to molarity, and no continuous biological ROS source is modeled.",1d8208b504af787754e184f77640f85675b5b634,01e64b526ae9ed2d5f192ae14068302e806c1e8b44576f4b4eb4b5f83a8e8039,configs/doxorubicin_parameters.json,b14b641f69afb70af9ff7557a062c2ce00e0b0cb74381ba69fcfaad4f17f04af,configs/parameter_provenance.csv,86c4261fcb9616a643db79340fe0b7398ba10a5c46464e67e8b697bcfc3a4ec9
mix_escape_kqkd_0,unpolarized,unpolarized I6/6,,0.33333333333333337,1000000.0,8.0,8e-06,1.0,1000000.0,0.1,100000.0,0.1,100000.0,0.01,10000.0,1.0,1000000.0,0.0,0.0,0.0297117679170376,0.22391120400774403,0.25362297192478167,0.7060269227439792,0.0,0.7060269227439792,0.040350105331238985,0.25362297192478167,0.9999999999999998,2.220446049250313e-16,constant-generator matrix exponential Pade(13),2,dimensionless populations/per-encounter yields,dimensionless per encounter unless field name gives s^-1 or s,True,"Illustrative one-factor-at-a-time grid; bounds are not measured ranges or probability priors. Results are populations and per-encounter yields, not concentrations or biological fluxes. No encounter yield is converted to molarity, and no continuous biological ROS source is modeled.",1d8208b504af787754e184f77640f85675b5b634,01e64b526ae9ed2d5f192ae14068302e806c1e8b44576f4b4eb4b5f83a8e8039,configs/doxorubicin_parameters.json,b14b641f69afb70af9ff7557a062c2ce00e0b0cb74381ba69fcfaad4f17f04af,configs/parameter_provenance.csv,86c4261fcb9616a643db79340fe0b7398ba10a5c46464e67e8b697bcfc3a4ec9
mix_escape_kqkd_0,unpolarized,unpolarized I6/6,,0.33333333333333337,1000000.0,8.0,8e-06,1.0,1000000.0,0.1,100000.0,0.1,100000.0,0.21544346900318834,215443.46900318834,1.0,1000000.0,0.0,0.0,0.005743078792128702,0.04328048370085323,0.04902356249298193,0.44655058699783556,0.0,0.44655058699783556,0.5044258505091814,0.04902356249298193,0.9999999999999989,1.1102230246251565e-15,constant-generator matrix exponential Pade(13),2,dimensionless populations/per-encounter yields,dimensionless per encounter unless field name gives s^-1 or s,True,"Illustrative one-factor-at-a-time grid; bounds are not measured ranges or probability priors. Results are populations and per-encounter yields, not concentrations or biological fluxes. No encounter yield is converted to molarity, and no continuous biological ROS source is modeled.",1d8208b504af787754e184f77640f85675b5b634,01e64b526ae9ed2d5f192ae14068302e806c1e8b44576f4b4eb4b5f83a8e8039,configs/doxorubicin_parameters.json,b14b641f69afb70af9ff7557a062c2ce00e0b0cb74381ba69fcfaad4f17f04af,configs/parameter_provenance.csv,86c4261fcb9616a643db79340fe0b7398ba10a5c46464e67e8b697bcfc3a4ec9
mix_escape_kqkd_0,unpolarized,unpolarized I6/6,,0.33333333333333337,1000000.0,8.0,8e-06,1.0,1000000.0,0.1,100000.0,0.1,100000.0,1.0,1000000.0,1.0,1000000.0,0.0,0.0,1.0797325585332393e-05,8.13698524647215e-05,9.216717805005391e-05,0.18877171713259167,0.0,0.18877171713259167,0.8111361156893574,9.216717805005391e-05,0.9999999999999991,8.881784197001252e-16,constant-generator matrix exponential Pade(13),2,dimensionless populations/per-encounter yields,dimensionless per encounter unless field name gives s^-1 or s,True,"Illustrative one-factor-at-a-time grid; bounds are not measured ranges or probability priors. Results are populations and per-encounter yields, not concentrations or biological fluxes. No encounter yield is converted to molarity, and no continuous biological ROS source is modeled.",1d8208b504af787754e184f77640f85675b5b634,01e64b526ae9ed2d5f192ae14068302e806c1e8b44576f4b4eb4b5f83a8e8039,configs/doxorubicin_parameters.json,b14b641f69afb70af9ff7557a062c2ce00e0b0cb74381ba69fcfaad4f17f04af,configs/parameter_provenance.csv,86c4261fcb9616a643db79340fe0b7398ba10a5c46464e67e8b697bcfc3a4ec9
mix_escape_kqkd_0,unpolarized,unpolarized I6/6,,0.33333333333333337,1000000.0,8.0,8e-06,1.0,1000000.0,0.1,100000.0,0.1,100000.0,100.0,100000000.0,1.0,1000000.0,0.0,0.0,0.0,0.0,0.0,0.0033003749516655597,0.0,0.0033003749516655597,0.9966996250482774,0.0,0.9999999999999429,5.706546346573305e-14,constant-generator matrix exponential Pade(13),2,dimensionless populations/per-encounter yields,dimensionless per encounter unless field name gives s^-1 or s,True,"Illustrative one-factor-at-a-time grid; bounds are not measured ranges or probability priors. Results are populations and per-encounter yields, not concentrations or biological fluxes. No encounter yield is converted to molarity, and no continuous biological ROS source is modeled.",1d8208b504af787754e184f77640f85675b5b634,01e64b526ae9ed2d5f192ae14068302e806c1e8b44576f4b4eb4b5f83a8e8039,configs/doxorubicin_parameters.json,b14b641f69afb70af9ff7557a062c2ce00e0b0cb74381ba69fcfaad4f17f04af,configs/parameter_provenance.csv,86c4261fcb9616a643db79340fe0b7398ba10a5c46464e67e8b697bcfc3a4ec9
mix_escape_kqkd_0,unpolarized,unpolarized I6/6,,0.33333333333333337,1000000.0,8.0,8e-06,100.0,100000000.0,0.1,100000.0,0.1,100000.0,0.0,0.0,1.0,1000000.0,0.0,0.0,0.029012084162331038,0.20238892698750532,0.23140101114983636,0.7685989888501437,0.0,0.7685989888501437,0.0,0.23140101114983636,0.99999999999998,1.9984014443252818e-14,constant-generator matrix exponential Pade(13),2,dimensionless populations/per-encounter yields,dimensionless per encounter unless field name gives s^-1 or s,True,"Illustrative one-factor-at-a-time grid; bounds are not measured ranges or probability priors. Results are populations and per-encounter yields, not concentrations or biological fluxes. No encounter yield is converted to molarity, and no continuous biological ROS source is modeled.",1d8208b504af787754e184f77640f85675b5b634,01e64b526ae9ed2d5f192ae14068302e806c1e8b44576f4b4eb4b5f83a8e8039,configs/doxorubicin_parameters.json,b14b641f69afb70af9ff7557a062c2ce00e0b0cb74381ba69fcfaad4f17f04af,configs/parameter_provenance.csv,86c4261fcb9616a643db79340fe0b7398ba10a5c46464e67e8b697bcfc3a4ec9
mix_escape_kqkd_0,unpolarized,unpolarized I6/6,,0.33333333333333337,1000000.0,8.0,8e-06,100.0,100000000.0,0.1,100000.0,0.1,100000.0,0.01,10000.0,1.0,1000000.0,0.0,0.0,0.026781529132992688,0.18682852682981832,0.213610055962811,0.7504755471592001,0.0,0.7504755471592001,0.03591439687796816,0.213610055962811,0.9999999999999792,2.0761170560490427e-14,constant-generator matrix exponential Pade(13),2,dimensionless populations/per-encounter yields,dimensionless per encounter unless field name gives s^-1 or s,True,"Illustrative one-factor-at-a-time grid; bounds are not measured ranges or probability priors. Results are populations and per-encounter yields, not concentrations or biological fluxes. No encounter yield is converted to molarity, and no continuous biological ROS source is modeled.",1d8208b504af787754e184f77640f85675b5b634,01e64b526ae9ed2d5f192ae14068302e806c1e8b44576f4b4eb4b5f83a8e8039,configs/doxorubicin_parameters.json,b14b641f69afb70af9ff7557a062c2ce00e0b0cb74381ba69fcfaad4f17f04af,configs/parameter_provenance.csv,86c4261fcb9616a643db79340fe0b7398ba10a5c46464e67e8b697bcfc3a4ec9
mix_escape_kqkd_0,unpolarized,unpolarized I6/6,,0.33333333333333337,1000000.0,8.0,8e-06,100.0,100000000.0,0.1,100000.0,0.1,100000.0,0.21544346900318834,215443.46900318834,1.0,1000000.0,0.0,0.0,0.005176683946035898,0.036112659239833506,0.04128934318586941,0.4996002208913032,0.0,0.4996002208913032,0.4591104359228118,0.04128934318586941,0.9999999999999845,1.554312234475219e-14,constant-generator matrix exponential Pade(13),2,dimensionless populations/per-encounter yields,dimensionless per encounter unless field name gives s^-1 or s,True,"Illustrative one-factor-at-a-time grid; bounds are not measured ranges or probability priors. Results are populations and per-encounter yields, not concentrations or biological fluxes. No encounter yield is converted to molarity, and no continuous biological ROS source is modeled.",1d8208b504af787754e184f77640f85675b5b634,01e64b526ae9ed2d5f192ae14068302e806c1e8b44576f4b4eb4b5f83a8e8039,configs/doxorubicin_parameters.json,b14b641f69afb70af9ff7557a062c2ce00e0b0cb74381ba69fcfaad4f17f04af,configs/parameter_provenance.csv,86c4261fcb9616a643db79340fe0b7398ba10a5c46464e67e8b697bcfc3a4ec9
mix_escape_kqkd_0,unpolarized,unpolarized I6/6,,0.33333333333333337,1000000.0,8.0,8e-06,100.0,100000000.0,0.1,100000.0,0.1,100000.0,1.0,1000000.0,1.0,1000000.0,0.0,0.0,9.732469994024664e-06,6.789392130559836e-05,7.762639129962304e-05,0.22134472317355058,0.0,0.22134472317355058,0.7785776504351252,7.762639129962304e-05,0.9999999999999754,2.4646951146678475e-14,constant-generator matrix exponential Pade(13),2,dimensionless populations/per-encounter yields,dimensionless per encounter unless field name gives s^-1 or s,True,"Illustrative one-factor-at-a-time grid; bounds are not measured ranges or probability priors. Results are populations and per-encounter yields, not concentrations or biological fluxes. No encounter yield is converted to molarity, and no continuous biological ROS source is modeled.",1d8208b504af787754e184f77640f85675b5b634,01e64b526ae9ed2d5f192ae14068302e806c1e8b44576f4b4eb4b5f83a8e8039,configs/doxorubicin_parameters.json,b14b641f69afb70af9ff7557a062c2ce00e0b0cb74381ba69fcfaad4f17f04af,configs/parameter_provenance.csv,86c4261fcb9616a643db79340fe0b7398ba10a5c46464e67e8b697bcfc3a4ec9
mix_escape_kqkd_0,unpolarized,unpolarized I6/6,,0.33333333333333337,1000000.0,8.0,8e-06,100.0,100000000.0,0.1,100000.0,0.1,100000.0,100.0,100000000.0,1.0,1000000.0,0.0,0.0,0.0,0.0,0.0,0.0033076059444612643,0.0,0.0033076059444612643,0.996692394055482,0.0,0.9999999999999433,5.67323965583455e-14,constant-generator matrix exponential Pade(13),2,dimensionless populations/per-encounter yields,dimensionless per encounter unless field name gives s^-1 or s,True,"Illustrative one-factor-at-a-time grid; bounds are not measured ranges or probability priors. Results are populations and per-encounter yields, not concentrations or biological fluxes. No encounter yield is converted to molarity, and no continuous biological ROS source is modeled.",1d8208b504af787754e184f77640f85675b5b634,01e64b526ae9ed2d5f192ae14068302e806c1e8b44576f4b4eb4b5f83a8e8039,configs/doxorubicin_parameters.json,b14b641f69afb70af9ff7557a062c2ce00e0b0cb74381ba69fcfaad4f17f04af,configs/parameter_provenance.csv,86c4261fcb9616a643db79340fe0b7398ba10a5c46464e67e8b697bcfc3a4ec9
mix_escape_kqkd_0.1,unpolarized,unpolarized I6/6,,0.33333333333333337,1000000.0,8.0,8e-06,0.0,0.0,0.1,100000.0,0.1,100000.0,0.0,0.0,1.0,1000000.0,0.1,100000.0,0.013699208958791417,0.20005831196689236,0.21375752092568379,0.46877543171708486,0.31746704735723136,0.7862424790743162,0.0,0.21375752092568379,1.0,0.0,constant-generator matrix exponential Pade(13),2,dimensionless populations/per-encounter yields,dimensionless per encounter unless field name gives s^-1 or s,True,"Illustrative one-factor-at-a-time grid; bounds are not measured ranges or probability priors. Results are populations and per-encounter yields, not concentrations or biological fluxes. No encounter yield is converted to molarity, and no continuous biological ROS source is modeled.",1d8208b504af787754e184f77640f85675b5b634,01e64b526ae9ed2d5f192ae14068302e806c1e8b44576f4b4eb4b5f83a8e8039,configs/doxorubicin_parameters.json,b14b641f69afb70af9ff7557a062c2ce00e0b0cb74381ba69fcfaad4f17f04af,configs/parameter_provenance.csv,86c4261fcb9616a643db79340fe0b7398ba10a5c46464e67e8b697bcfc3a4ec9
mix_escape_kqkd_0.1,unpolarized,unpolarized I6/6,,0.33333333333333337,1000000.0,8.0,8e-06,0.0,0.0,0.1,100000.0,0.1,100000.0,0.01,10000.0,1.0,1000000.0,0.1,100000.0,0.012645963722426606,0.1846770980071553,0.1973230617295819,0.45980013745154963,0.30752618131304776,0.7673263187645973,0.03535061950582027,0.1973230617295819,0.9999999999999996,4.440892098500626e-16,constant-generator matrix exponential Pade(13),2,dimensionless populations/per-encounter yields,dimensionless per encounter unless field name gives s^-1 or s,True,"Illustrative one-factor-at-a-time grid; bounds are not measured ranges or probability priors. Results are populations and per-encounter yields, not concentrations or biological fluxes. No encounter yield is converted to molarity, and no continuous biological ROS source is modeled.",1d8208b504af787754e184f77640f85675b5b634,01e64b526ae9ed2d5f192ae14068302e806c1e8b44576f4b4eb4b5f83a8e8039,configs/doxorubicin_parameters.json,b14b641f69afb70af9ff7557a062c2ce00e0b0cb74381ba69fcfaad4f17f04af,configs/parameter_provenance.csv,86c4261fcb9616a643db79340fe0b7398ba10a5c46464e67e8b697bcfc3a4ec9
mix_escape_kqkd_0.1,unpolarized,unpolarized I6/6,,0.33333333333333337,1000000.0,8.0,8e-06,0.0,0.0,0.1,100000.0,0.1,100000.0,0.21544346900318834,215443.46900318834,1.0,1000000.0,0.1,100000.0,0.0024443771324240476,0.03569680296097698,0.03814118009340102,0.3326815608248625,0.17673632340715775,0.5094178842320203,0.4524409356745781,0.03814118009340102,0.9999999999999994,5.551115123125783e-16,constant-generator matrix exponential Pade(13),2,dimensionless populations/per-encounter yields,dimensionless per encounter unless field name gives s^-1 or s,True,"Illustrative one-factor-at-a-time grid; bounds are not measured ranges or probability priors. Results are populations and per-encounter yields, not concentrations or biological fluxes. No encounter yield is converted to molarity, and no continuous biological ROS source is modeled.",1d8208b504af787754e184f77640f85675b5b634,01e64b526ae9ed2d5f192ae14068302e806c1e8b44576f4b4eb4b5f83a8e8039,configs/doxorubicin_parameters.json,b14b641f69afb70af9ff7557a062c2ce00e0b0cb74381ba69fcfaad4f17f04af,configs/parameter_provenance.csv,86c4261fcb9616a643db79340fe0b7398ba10a5c46464e67e8b697bcfc3a4ec9
mix_escape_kqkd_0.1,unpolarized,unpolarized I6/6,,0.33333333333333337,1000000.0,8.0,8e-06,0.0,0.0,0.1,100000.0,0.1,100000.0,1.0,1000000.0,1.0,1000000.0,0.1,100000.0,4.595572637501802e-06,6.711208706615418e-05,7.170765970365598e-05,0.17472721681160674,0.05913398715609835,0.2338612039677051,0.7660670883725904,7.170765970365598e-05,0.9999999999999991,8.881784197001252e-16,constant-generator matrix exponential Pade(13),2,dimensionless populations/per-encounter yields,dimensionless per encounter unless field name gives s^-1 or s,True,"Illustrative one-factor-at-a-time grid; bounds are not measured ranges or probability priors. Results are populations and per-encounter yields, not concentrations or biological fluxes. No encounter yield is converted to molarity, and no continuous biological ROS source is modeled.",1d8208b504af787754e184f77640f85675b5b634,01e64b526ae9ed2d5f192ae14068302e806c1e8b44576f4b4eb4b5f83a8e8039,configs/doxorubicin_parameters.json,b14b641f69afb70af9ff7557a062c2ce00e0b0cb74381ba69fcfaad4f17f04af,configs/parameter_provenance.csv,86c4261fcb9616a643db79340fe0b7398ba10a5c46464e67e8b697bcfc3a4ec9
mix_escape_kqkd_0.1,unpolarized,unpolarized I6/6,,0.33333333333333337,1000000.0,8.0,8e-06,0.0,0.0,0.1,100000.0,0.1,100000.0,100.0,100000000.0,1.0,1000000.0,0.1,100000.0,0.0,0.0,0.0,0.0033003691280245207,0.0006659967213481185,0.003966365849372639,0.9960336341505704,0.0,0.999999999999943,5.695444116327053e-14,constant-generator matrix exponential Pade(13),2,dimensionless populations/per-encounter yields,dimensionless per encounter unless field name gives s^-1 or s,True,"Illustrative one-factor-at-a-time grid; bounds are not measured ranges or probability priors. Results are populations and per-encounter yields, not concentrations or biological fluxes. No encounter yield is converted to molarity, and no continuous biological ROS source is modeled.",1d8208b504af787754e184f77640f85675b5b634,01e64b526ae9ed2d5f192ae14068302e806c1e8b44576f4b4eb4b5f83a8e8039,configs/doxorubicin_parameters.json,b14b641f69afb70af9ff7557a062c2ce00e0b0cb74381ba69fcfaad4f17f04af,configs/parameter_provenance.csv,86c4261fcb9616a643db79340fe0b7398ba10a5c46464e67e8b697bcfc3a4ec9
mix_escape_kqkd_0.1,unpolarized,unpolarized I6/6,,0.33333333333333337,1000000.0,8.0,8e-06,0.01,10000.0,0.1,100000.0,0.1,100000.0,0.0,0.0,1.0,1000000.0,0.1,100000.0,0.013703812904414149,0.2000278563676426,0.21373166927205672,0.46881457266609633,0.3174537580618462,0.7862683307279426,0.0,0.21373166927205672,0.9999999999999993,6.661338147750939e-16,constant-generator matrix exponential Pade(13),2,dimensionless populations/per-encounter yields,dimensionless per encounter unless field name gives s^-1 or s,True,"Illustrative one-factor-at-a-time grid; bounds are not measured ranges or probability priors. Results are populations and per-encounter yields, not concentrations or biological fluxes. No encounter yield is converted to molarity, and no continuous biological ROS source is modeled.",1d8208b504af787754e184f77640f85675b5b634,01e64b526ae9ed2d5f192ae14068302e806c1e8b44576f4b4eb4b5f83a8e8039,configs/doxorubicin_parameters.json,b14b641f69afb70af9ff7557a062c2ce00e0b0cb74381ba69fcfaad4f17f04af,configs/parameter_provenance.csv,86c4261fcb9616a643db79340fe0b7398ba10a5c46464e67e8b697bcfc3a4ec9
mix_escape_kqkd_0.1,unpolarized,unpolarized I6/6,,0.33333333333333337,1000000.0,8.0,8e-06,0.01,10000.0,0.1,100000.0,0.1,100000.0,0.01,10000.0,1.0,1000000.0,0.1,100000.0,0.012650213699888833,0.18464898394564905,0.19729919764553788,0.45983746990083996,0.30751359795873967,0.7673510678595796,0.03534973449488235,0.19729919764553788,0.9999999999999998,2.220446049250313e-16,constant-generator matrix exponential Pade(13),2,dimensionless populations/per-encounter yields,dimensionless per encounter unless field name gives s^-1 or s,True,"Illustrative one-factor-at-a-time grid; bounds are not measured ranges or probability priors. Results are populations and per-encounter yields, not concentrations or biological fluxes. No encounter yield is converted to molarity, and no continuous biological ROS source is modeled.",1d8208b504af787754e184f77640f85675b5b634,01e64b526ae9ed2d5f192ae14068302e806c1e8b44576f4b4eb4b5f83a8e8039,configs/doxorubicin_parameters.json,b14b641f69afb70af9ff7557a062c2ce00e0b0cb74381ba69fcfaad4f17f04af,configs/parameter_provenance.csv,86c4261fcb9616a643db79340fe0b7398ba10a5c46464e67e8b697bcfc3a4ec9
mix_escape_kqkd_0.1,unpolarized,unpolarized I6/6,,0.33333333333333337,1000000.0,8.0,8e-06,0.01,10000.0,0.1,100000.0,0.1,100000.0,0.21544346900318834,215443.46900318834,1.0,1000000.0,0.1,100000.0,0.0024451986236089076,0.03569136870775964,0.03813656733136855,0.3326967225759898,0.17673194370343545,0.5094286662794253,0.45243476638920577,0.03813656733136855,0.9999999999999996,4.440892098500626e-16,constant-generator matrix exponential Pade(13),2,dimensionless populations/per-encounter yields,dimensionless per encounter unless field name gives s^-1 or s,True,"Illustrative one-factor-at-a-time grid; bounds are not measured ranges or probability priors. Results are populations and per-encounter yields, not concentrations or biological fluxes. No encounter yield is converted to molarity, and no continuous biological ROS source is modeled.",1d8208b504af787754e184f77640f85675b5b634,01e64b526ae9ed2d5f192ae14068302e806c1e8b44576f4b4eb4b5f83a8e8039,configs/doxorubicin_parameters.json,b14b641f69afb70af9ff7557a062c2ce00e0b0cb74381ba69fcfaad4f17f04af,configs/parameter_provenance.csv,86c4261fcb9616a643db79340fe0b7398ba10a5c46464e67e8b697bcfc3a4ec9
mix_escape_kqkd_0.1,unpolarized,unpolarized I6/6,,0.33333333333333337,1000000.0,8.0,8e-06,0.01,10000.0,0.1,100000.0,0.1,100000.0,1.0,1000000.0,1.0,1000000.0,0.1,100000.0,4.597117089199107e-06,6.710187035079548e-05,7.169898743999459e-05,0.1747285781593323,0.05913374042671765,0.23386231858604994,0.766065982426509,7.169898743999459e-05,0.999999999999999,9.992007221626409e-16,constant-generator matrix exponential Pade(13),2,dimensionless populations/per-encounter yields,dimensionless per encounter unless field name gives s^-1 or s,True,"Illustrative one-factor-at-a-time grid; bounds are not measured ranges or probability priors. Results are populations and per-encounter yields, not concentrations or biological fluxes. No encounter yield is converted to molarity, and no continuous biological ROS source is modeled.",1d8208b504af787754e184f77640f85675b5b634,01e64b526ae9ed2d5f192ae14068302e806c1e8b44576f4b4eb4b5f83a8e8039,configs/doxorubicin_parameters.json,b14b641f69afb70af9ff7557a062c2ce00e0b0cb74381ba69fcfaad4f17f04af,configs/parameter_provenance.csv,86c4261fcb9616a643db79340fe0b7398ba10a5c46464e67e8b697bcfc3a4ec9
mix_escape_kqkd_0.1,unpolarized,unpolarized I6/6,,0.33333333333333337,1000000.0,8.0,8e-06,0.01,10000.0,0.1,100000.0,0.1,100000.0,100.0,100000000.0,1.0,1000000.0,0.1,100000.0,0.0,0.0,0.0,0.003300369128153609,0.0006659967213350934,0.003966365849488702,0.9960336341504543,0.0,0.999999999999943,5.695444116327053e-14,constant-generator matrix exponential Pade(13),2,dimensionless populations/per-encounter yields,dimensionless per encounter unless field name gives s^-1 or s,True,"Illustrative one-factor-at-a-time grid; bounds are not measured ranges or probability priors. Results are populations and per-encounter yields, not concentrations or biological fluxes. No encounter yield is converted to molarity, and no continuous biological ROS source is modeled.",1d8208b504af787754e184f77640f85675b5b634,01e64b526ae9ed2d5f192ae14068302e806c1e8b44576f4b4eb4b5f83a8e8039,configs/doxorubicin_parameters.json,b14b641f69afb70af9ff7557a062c2ce00e0b0cb74381ba69fcfaad4f17f04af,configs/parameter_provenance.csv,86c4261fcb9616a643db79340fe0b7398ba10a5c46464e67e8b697bcfc3a4ec9
mix_escape_kqkd_0.1,unpolarized,unpolarized I6/6,,0.33333333333333337,1000000.0,8.0,8e-06,0.21544346900318834,215443.46900318834,0.1,100000.0,0.1,100000.0,0.0,0.0,1.0,1000000.0,0.1,100000.0,0.015553932972145608,0.1869638040962515,0.2025177370683971,0.48590784578925506,0.31157441714234757,0.7974822629316026,0.0,0.2025177370683971,0.9999999999999998,2.220446049250313e-16,constant-generator matrix exponential Pade(13),2,dimensionless populations/per-encounter yields,dimensionless per encounter unless field name gives s^-1 or s,True,"Illustrative one-factor-at-a-time grid; bounds are not measured ranges or probability priors. Results are populations and per-encounter yields, not concentrations or biological fluxes. No encounter yield is converted to molarity, and no continuous biological ROS source is modeled.",1d8208b504af787754e184f77640f85675b5b634,01e64b526ae9ed2d5f192ae14068302e806c1e8b44576f4b4eb4b5f83a8e8039,configs/doxorubicin_parameters.json,b14b641f69afb70af9ff7557a062c2ce00e0b0cb74381ba69fcfaad4f17f04af,configs/parameter_provenance.csv,86c4261fcb9616a643db79340fe0b7398ba10a5c46464e67e8b697bcfc3a4ec9
mix_escape_kqkd_0.1,unpolarized,unpolarized I6/6,,0.33333333333333337,1000000.0,8.0,8e-06,0.21544346900318834,215443.46900318834,0.1,100000.0,0.1,100000.0,0.01,10000.0,1.0,1000000.0,0.1,100000.0,0.014358089777189692,0.17258934374387824,0.1869474335210679,0.47615186243146745,0.30194471402104506,0.7780965764525125,0.03495599002641918,0.1869474335210679,0.9999999999999996,4.440892098500626e-16,constant-generator matrix exponential Pade(13),2,dimensionless populations/per-encounter yields,dimensionless per encounter unless field name gives s^-1 or s,True,"Illustrative one-factor-at-a-time grid; bounds are not measured ranges or probability priors. Results are populations and per-encounter yields, not concentrations or biological fluxes. No encounter yield is converted to molarity, and no continuous biological ROS source is modeled.",1d8208b504af787754e184f77640f85675b5b634,01e64b526ae9ed2d5f192ae14068302e806c1e8b44576f4b4eb4b5f83a8e8039,configs/doxorubicin_parameters.json,b14b641f69afb70af9ff7557a062c2ce00e0b0cb74381ba69fcfaad4f17f04af,configs/parameter_provenance.csv,86c4261fcb9616a643db79340fe0b7398ba10a5c46464e67e8b697bcfc3a4ec9
mix_escape_kqkd_0.1,unpolarized,unpolarized I6/6,,0.33333333333333337,1000000.0,8.0,8e-06,0.21544346900318834,215443.46900318834,0.1,100000.0,0.1,100000.0,0.21544346900318834,215443.46900318834,1.0,1000000.0,0.1,100000.0,0.0027753192312589825,0.033360323847794346,0.03613564307905333,0.3394098449634657,0.17477961401037737,0.514189458973843,0.449674897947103,0.03613564307905333,0.9999999999999994,5.551115123125783e-16,constant-generator matrix exponential Pade(13),2,dimensionless populations/per-encounter yields,dimensionless per encounter unless field name gives s^-1 or s,True,"Illustrative one-factor-at-a-time grid; bounds are not measured ranges or probability priors. Results are populations and per-encounter yields, not concentrations or biological fluxes. No encounter yield is converted to molarity, and no continuous biological ROS source is modeled.",1d8208b504af787754e184f77640f85675b5b634,01e64b526ae9ed2d5f192ae14068302e806c1e8b44576f4b4eb4b5f83a8e8039,configs/doxorubicin_parameters.json,b14b641f69afb70af9ff7557a062c2ce00e0b0cb74381ba69fcfaad4f17f04af,configs/parameter_provenance.csv,86c4261fcb9616a643db79340fe0b7398ba10a5c46464e67e8b697bcfc3a4ec9
mix_escape_kqkd_0.1,unpolarized,unpolarized I6/6,,0.33333333333333337,1000000.0,8.0,8e-06,0.21544346900318834,215443.46900318834,0.1,100000.0,0.1,100000.0,1.0,1000000.0,1.0,1000000.0,0.1,100000.0,5.2177632290555e-06,6.271936904477896e-05,6.793713227383447e-05,0.17534913400048055,0.05902125407879675,0.2343703880792773,0.765561674788448,6.793713227383447e-05,0.9999999999999991,8.881784197001252e-16,constant-generator matrix exponential Pade(13),2,dimensionless populations/per-encounter yields,dimensionless per encounter unless field name gives s^-1 or s,True,"Illustrative one-factor-at-a-time grid; bounds are not measured ranges or probability priors. Results are populations and per-encounter yields, not concentrations or biological fluxes. No encounter yield is converted to molarity, and no continuous biological ROS source is modeled.",1d8208b504af787754e184f77640f85675b5b634,01e64b526ae9ed2d5f192ae14068302e806c1e8b44576f4b4eb4b5f83a8e8039,configs/doxorubicin_parameters.json,b14b641f69afb70af9ff7557a062c2ce00e0b0cb74381ba69fcfaad4f17f04af,configs/parameter_provenance.csv,86c4261fcb9616a643db79340fe0b7398ba10a5c46464e67e8b697bcfc3a4ec9
mix_escape_kqkd_0.1,unpolarized,unpolarized I6/6,,0.33333333333333337,1000000.0,8.0,8e-06,0.21544346900318834,215443.46900318834,0.1,100000.0,0.1,100000.0,100.0,100000000.0,1.0,1000000.0,0.1,100000.0,0.0,0.0,0.0,0.0033003691879426316,0.0006659967153024348,0.003966365903245067,0.9960336340966981,0.0,0.9999999999999432,5.684341886080802e-14,constant-generator matrix exponential Pade(13),2,dimensionless populations/per-encounter yields,dimensionless per encounter unless field name gives s^-1 or s,True,"Illustrative one-factor-at-a-time grid; bounds are not measured ranges or probability priors. Results are populations and per-encounter yields, not concentrations or biological fluxes. No encounter yield is converted to molarity, and no continuous biological ROS source is modeled.",1d8208b504af787754e184f77640f85675b5b634,01e64b526ae9ed2d5f192ae14068302e806c1e8b44576f4b4eb4b5f83a8e8039,configs/doxorubicin_parameters.json,b14b641f69afb70af9ff7557a062c2ce00e0b0cb74381ba69fcfaad4f17f04af,configs/parameter_provenance.csv,86c4261fcb9616a643db79340fe0b7398ba10a5c46464e67e8b697bcfc3a4ec9
mix_escape_kqkd_0.1,unpolarized,unpolarized I6/6,,0.33333333333333337,1000000.0,8.0,8e-06,1.0,1000000.0,0.1,100000.0,0.1,100000.0,0.0,0.0,1.0,1000000.0,0.1,100000.0,0.016494917700276824,0.1129797516069475,0.12947466930722434,0.6129986146345148,0.25752671605825983,0.8705253306927746,0.0,0.12947466930722434,0.9999999999999989,1.1102230246251565e-15,constant-generator matrix exponential Pade(13),2,dimensionless populations/per-encounter yields,dimensionless per encounter unless field name gives s^-1 or s,True,"Illustrative one-factor-at-a-time grid; bounds are not measured ranges or probability priors. Results are populations and per-encounter yields, not concentrations or biological fluxes. No encounter yield is converted to molarity, and no continuous biological ROS source is modeled.",1d8208b504af787754e184f77640f85675b5b634,01e64b526ae9ed2d5f192ae14068302e806c1e8b44576f4b4eb4b5f83a8e8039,configs/doxorubicin_parameters.json,b14b641f69afb70af9ff7557a062c2ce00e0b0cb74381ba69fcfaad4f17f04af,configs/parameter_provenance.csv,86c4261fcb9616a643db79340fe0b7398ba10a5c46464e67e8b697bcfc3a4ec9
mix_escape_kqkd_0.1,unpolarized,unpolarized I6/6,,0.33333333333333337,1000000.0,8.0,8e-06,1.0,1000000.0,0.1,100000.0,0.1,100000.0,0.01,10000.0,1.0,1000000.0,0.1,100000.0,0.015226728161427814,0.10429345551907515,0.11952018368050296,0.598998000089477,0.2504471238446589,0.8494451239341358,0.031034692385360656,0.11952018368050296,0.9999999999999994,5.551115123125783e-16,constant-generator matrix exponential Pade(13),2,dimensionless populations/per-encounter yields,dimensionless per encounter unless field name gives s^-1 or s,True,"Illustrative one-factor-at-a-time grid; bounds are not measured ranges or probability priors. Results are populations and per-encounter yields, not concentrations or biological fluxes. No encounter yield is converted to molarity, and no continuous biological ROS source is modeled.",1d8208b504af787754e184f77640f85675b5b634,01e64b526ae9ed2d5f192ae14068302e806c1e8b44576f4b4eb4b5f83a8e8039,configs/doxorubicin_parameters.json,b14b641f69afb70af9ff7557a062c2ce00e0b0cb74381ba69fcfaad4f17f04af,configs/parameter_provenance.csv,86c4261fcb9616a643db79340fe0b7398ba10a5c46464e67e8b697bcfc3a4ec9
mix_escape_kqkd_0.1,unpolarized,unpolarized I6/6,,0.33333333333333337,1000000.0,8.0,8e-06,1.0,1000000.0,0.1,100000.0,0.1,100000.0,0.21544346900318834,215443.46900318834,1.0,1000000.0,0.1,100000.0,0.0029432210099911245,0.020159202044855634,0.023102423054846756,0.40329114707774316,0.1542970560337663,0.5575882031115095,0.41930937383364353,0.023102423054846756,0.9999999999999998,2.220446049250313e-16,constant-generator matrix exponential Pade(13),2,dimensionless populations/per-encounter yields,dimensionless per encounter unless field name gives s^-1 or s,True,"Illustrative one-factor-at-a-time grid; bounds are not measured ranges or probability priors. Results are populations and per-encounter yields, not concentrations or biological fluxes. No encounter yield is converted to molarity, and no continuous biological ROS source is modeled.",1d8208b504af787754e184f77640f85675b5b634,01e64b526ae9ed2d5f192ae14068302e806c1e8b44576f4b4eb4b5f83a8e8039,configs/doxorubicin_parameters.json,b14b641f69afb70af9ff7557a062c2ce00e0b0cb74381ba69fcfaad4f17f04af,configs/parameter_provenance.csv,86c4261fcb9616a643db79340fe0b7398ba10a5c46464e67e8b697bcfc3a4ec9
mix_escape_kqkd_0.1,unpolarized,unpolarized I6/6,,0.33333333333333337,1000000.0,8.0,8e-06,1.0,1000000.0,0.1,100000.0,0.1,100000.0,1.0,1000000.0,1.0,1000000.0,0.1,100000.0,5.533428438770538e-06,3.79004843738397e-05,4.343391281261024e-05,0.1848290544320762,0.05729985974754856,0.24212891417962476,0.757827651907562,4.343391281261024e-05,0.9999999999999993,6.661338147750939e-16,constant-generator matrix exponential Pade(13),2,dimensionless populations/per-encounter yields,dimensionless per encounter unless field name gives s^-1 or s,True,"Illustrative one-factor-at-a-time grid; bounds are not measured ranges or probability priors. Results are populations and per-encounter yields, not concentrations or biological fluxes. No encounter yield is converted to molarity, and no continuous biological ROS source is modeled.",1d8208b504af787754e184f77640f85675b5b634,01e64b526ae9ed2d5f192ae14068302e806c1e8b44576f4b4eb4b5f83a8e8039,configs/doxorubicin_parameters.json,b14b641f69afb70af9ff7557a062c2ce00e0b0cb74381ba69fcfaad4f17f04af,configs/parameter_provenance.csv,86c4261fcb9616a643db79340fe0b7398ba10a5c46464e67e8b697bcfc3a4ec9
mix_escape_kqkd_0.1,unpolarized,unpolarized I6/6,,0.33333333333333337,1000000.0,8.0,8e-06,1.0,1000000.0,0.1,100000.0,0.1,100000.0,100.0,100000000.0,1.0,1000000.0,0.1,100000.0,0.0,0.0,0.0,0.003300370418799833,0.0006659965911100498,0.003966367009909883,0.9960336329900332,0.0,0.9999999999999432,5.684341886080802e-14,constant-generator matrix exponential Pade(13),2,dimensionless populations/per-encounter yields,dimensionless per encounter unless field name gives s^-1 or s,True,"Illustrative one-factor-at-a-time grid; bounds are not measured ranges or probability priors. Results are populations and per-encounter yields, not concentrations or biological fluxes. No encounter yield is converted to molarity, and no continuous biological ROS source is modeled.",1d8208b504af787754e184f77640f85675b5b634,01e64b526ae9ed2d5f192ae14068302e806c1e8b44576f4b4eb4b5f83a8e8039,configs/doxorubicin_parameters.json,b14b641f69afb70af9ff7557a062c2ce00e0b0cb74381ba69fcfaad4f17f04af,configs/parameter_provenance.csv,86c4261fcb9616a643db79340fe0b7398ba10a5c46464e67e8b697bcfc3a4ec9
mix_escape_kqkd_0.1,unpolarized,unpolarized I6/6,,0.33333333333333337,1000000.0,8.0,8e-06,100.0,100000000.0,0.1,100000.0,0.1,100000.0,0.0,0.0,1.0,1000000.0,0.1,100000.0,0.015229371847835994,0.09627049376652036,0.11149986561435635,0.6640468854034023,0.22445324898222582,0.8885001343856281,0.0,0.11149986561435635,0.9999999999999845,1.554312234475219e-14,constant-generator matrix exponential Pade(13),2,dimensionless populations/per-encounter yields,dimensionless per encounter unless field name gives s^-1 or s,True,"Illustrative one-factor-at-a-time grid; bounds are not measured ranges or probability priors. Results are populations and per-encounter yields, not concentrations or biological fluxes. No encounter yield is converted to molarity, and no continuous biological ROS source is modeled.",1d8208b504af787754e184f77640f85675b5b634,01e64b526ae9ed2d5f192ae14068302e806c1e8b44576f4b4eb4b5f83a8e8039,configs/doxorubicin_parameters.json,b14b641f69afb70af9ff7557a062c2ce00e0b0cb74381ba69fcfaad4f17f04af,configs/parameter_provenance.csv,86c4261fcb9616a643db79340fe0b7398ba10a5c46464e67e8b697bcfc3a4ec9
mix_escape_kqkd_0.1,unpolarized,unpolarized I6/6,,0.33333333333333337,1000000.0,8.0,8e-06,100.0,100000000.0,0.1,100000.0,0.1,100000.0,0.01,10000.0,1.0,1000000.0,0.1,100000.0,0.014058482097938679,0.08886886647059163,0.1029273485685303,0.6503794412011277,0.21835401438030286,0.8687334555814306,0.02833919585004157,0.1029273485685303,1.0000000000000024,2.4424906541753444e-15,constant-generator matrix exponential Pade(13),2,dimensionless populations/per-encounter yields,dimensionless per encounter unless field name gives s^-1 or s,True,"Illustrative one-factor-at-a-time grid; bounds are not measured ranges or probability priors. Results are populations and per-encounter yields, not concentrations or biological fluxes. No encounter yield is converted to molarity, and no continuous biological ROS source is modeled.",1d8208b504af787754e184f77640f85675b5b634,01e64b526ae9ed2d5f192ae14068302e806c1e8b44576f4b4eb4b5f83a8e8039,configs/doxorubicin_parameters.json,b14b641f69afb70af9ff7557a062c2ce00e0b0cb74381ba69fcfaad4f17f04af,configs/parameter_provenance.csv,86c4261fcb9616a643db79340fe0b7398ba10a5c46464e67e8b697bcfc3a4ec9
mix_escape_kqkd_0.1,unpolarized,unpolarized I6/6,,0.33333333333333337,1000000.0,8.0,8e-06,100.0,100000000.0,0.1,100000.0,0.1,100000.0,0.21544346900318834,215443.46900318834,1.0,1000000.0,0.1,100000.0,0.0027174071435812743,0.01717773589686255,0.019895143040443826,0.4545221651782391,0.135573851355322,0.5900960165335611,0.39000884042597195,0.019895143040443826,0.9999999999999769,2.3092638912203256e-14,constant-generator matrix exponential Pade(13),2,dimensionless populations/per-encounter yields,dimensionless per encounter unless field name gives s^-1 or s,True,"Illustrative one-factor-at-a-time grid; bounds are not measured ranges or probability priors. Results are populations and per-encounter yields, not concentrations or biological fluxes. No encounter yield is converted to molarity, and no continuous biological ROS source is modeled.",1d8208b504af787754e184f77640f85675b5b634,01e64b526ae9ed2d5f192ae14068302e806c1e8b44576f4b4eb4b5f83a8e8039,configs/doxorubicin_parameters.json,b14b641f69afb70af9ff7557a062c2ce00e0b0cb74381ba69fcfaad4f17f04af,configs/parameter_provenance.csv,86c4261fcb9616a643db79340fe0b7398ba10a5c46464e67e8b697bcfc3a4ec9
mix_escape_kqkd_0.1,unpolarized,unpolarized I6/6,,0.33333333333333337,1000000.0,8.0,8e-06,100.0,100000000.0,0.1,100000.0,0.1,100000.0,1.0,1000000.0,1.0,1000000.0,0.1,100000.0,5.108885101379387e-06,3.229515282838883e-05,3.7404037929768216e-05,0.2137765396296244,0.052037228791163015,0.2658137684207874,0.7341488275412547,3.7404037929768216e-05,0.9999999999999718,2.8199664825478976e-14,constant-generator matrix exponential Pade(13),2,dimensionless populations/per-encounter yields,dimensionless per encounter unless field name gives s^-1 or s,True,"Illustrative one-factor-at-a-time grid; bounds are not measured ranges or probability priors. Results are populations and per-encounter yields, not concentrations or biological fluxes. No encounter yield is converted to molarity, and no continuous biological ROS source is modeled.",1d8208b504af787754e184f77640f85675b5b634,01e64b526ae9ed2d5f192ae14068302e806c1e8b44576f4b4eb4b5f83a8e8039,configs/doxorubicin_parameters.json,b14b641f69afb70af9ff7557a062c2ce00e0b0cb74381ba69fcfaad4f17f04af,configs/parameter_provenance.csv,86c4261fcb9616a643db79340fe0b7398ba10a5c46464e67e8b697bcfc3a4ec9
mix_escape_kqkd_0.1,unpolarized,unpolarized I6/6,,0.33333333333333337,1000000.0,8.0,8e-06,100.0,100000000.0,0.1,100000.0,0.1,100000.0,100.0,100000000.0,1.0,1000000.0,0.1,100000.0,0.0,0.0,0.0,0.0033068718104357587,0.0006653406065393922,0.003972212416975151,0.9960277875829682,0.0,0.9999999999999433,5.67323965583455e-14,constant-generator matrix exponential Pade(13),2,dimensionless populations/per-encounter yields,dimensionless per encounter unless field name gives s^-1 or s,True,"Illustrative one-factor-at-a-time grid; bounds are not measured ranges or probability priors. Results are populations and per-encounter yields, not concentrations or biological fluxes. No encounter yield is converted to molarity, and no continuous biological ROS source is modeled.",1d8208b504af787754e184f77640f85675b5b634,01e64b526ae9ed2d5f192ae14068302e806c1e8b44576f4b4eb4b5f83a8e8039,configs/doxorubicin_parameters.json,b14b641f69afb70af9ff7557a062c2ce00e0b0cb74381ba69fcfaad4f17f04af,configs/parameter_provenance.csv,86c4261fcb9616a643db79340fe0b7398ba10a5c46464e67e8b697bcfc3a4ec9
mix_escape_kqkd_1,unpolarized,unpolarized I6/6,,0.33333333333333337,1000000.0,8.0,8e-06,0.0,0.0,0.1,100000.0,0.1,100000.0,0.0,0.0,1.0,1000000.0,1.0,1000000.0,0.00011182087596750404,0.00022364175193500808,0.00033546262790251207,0.3332215124573658,0.6664430249147315,0.9996645373720974,0.0,0.00033546262790251207,0.9999999999999999,1.1102230246251565e-16,constant-generator matrix exponential Pade(13),2,dimensionless populations/per-encounter yields,dimensionless per encounter unless field name gives s^-1 or s,True,"Illustrative one-factor-at-a-time grid; bounds are not measured ranges or probability priors. Results are populations and per-encounter yields, not concentrations or biological fluxes. No encounter yield is converted to molarity, and no continuous biological ROS source is modeled.",1d8208b504af787754e184f77640f85675b5b634,01e64b526ae9ed2d5f192ae14068302e806c1e8b44576f4b4eb4b5f83a8e8039,configs/doxorubicin_parameters.json,b14b641f69afb70af9ff7557a062c2ce00e0b0cb74381ba69fcfaad4f17f04af,configs/parameter_provenance.csv,86c4261fcb9616a643db79340fe0b7398ba10a5c46464e67e8b697bcfc3a4ec9
mix_escape_kqkd_1,unpolarized,unpolarized I6/6,,0.33333333333333337,1000000.0,8.0,8e-06,0.0,0.0,0.1,100000.0,0.1,100000.0,0.01,10000.0,1.0,1000000.0,1.0,1000000.0,0.00010322367847287539,0.00020644735694575075,0.00030967103541862617,0.32993080163847555,0.6598616032769509,0.9897924049154264,0.009897924049154266,0.00030967103541862617,0.9999999999999993,6.661338147750939e-16,constant-generator matrix exponential Pade(13),2,dimensionless populations/per-encounter yields,dimensionless per encounter unless field name gives s^-1 or s,True,"Illustrative one-factor-at-a-time grid; bounds are not measured ranges or probability priors. Results are populations and per-encounter yields, not concentrations or biological fluxes. No encounter yield is converted to molarity, and no continuous biological ROS source is modeled.",1d8208b504af787754e184f77640f85675b5b634,01e64b526ae9ed2d5f192ae14068302e806c1e8b44576f4b4eb4b5f83a8e8039,configs/doxorubicin_parameters.json,b14b641f69afb70af9ff7557a062c2ce00e0b0cb74381ba69fcfaad4f17f04af,configs/parameter_provenance.csv,86c4261fcb9616a643db79340fe0b7398ba10a5c46464e67e8b697bcfc3a4ec9
mix_escape_kqkd_1,unpolarized,unpolarized I6/6,,0.33333333333333337,1000000.0,8.0,8e-06,0.0,0.0,0.1,100000.0,0.1,100000.0,0.21544346900318834,215443.46900318834,1.0,1000000.0,1.0,1000000.0,1.9952421556952948e-05,3.9904843113905896e-05,5.9857264670858844e-05,0.2742319074577229,0.5484638149154458,0.8226957223731688,0.17724442036215948,5.9857264670858844e-05,0.9999999999999991,8.881784197001252e-16,constant-generator matrix exponential Pade(13),2,dimensionless populations/per-encounter yields,dimensionless per encounter unless field name gives s^-1 or s,True,"Illustrative one-factor-at-a-time grid; bounds are not measured ranges or probability priors. Results are populations and per-encounter yields, not concentrations or biological fluxes. No encounter yield is converted to molarity, and no continuous biological ROS source is modeled.",1d8208b504af787754e184f77640f85675b5b634,01e64b526ae9ed2d5f192ae14068302e806c1e8b44576f4b4eb4b5f83a8e8039,configs/doxorubicin_parameters.json,b14b641f69afb70af9ff7557a062c2ce00e0b0cb74381ba69fcfaad4f17f04af,configs/parameter_provenance.csv,86c4261fcb9616a643db79340fe0b7398ba10a5c46464e67e8b697bcfc3a4ec9
mix_escape_kqkd_1,unpolarized,unpolarized I6/6,,0.33333333333333337,1000000.0,8.0,8e-06,0.0,0.0,0.1,100000.0,0.1,100000.0,1.0,1000000.0,1.0,1000000.0,1.0,1000000.0,3.751172490641986e-08,7.502344981283972e-08,1.1253517471925957e-07,0.16666664791080404,0.3333332958216082,0.49999994373241224,0.4999999437324123,1.1253517471925957e-07,0.9999999999999993,6.661338147750939e-16,constant-generator matrix exponential Pade(13),2,dimensionless populations/per-encounter yields,dimensionless per encounter unless field name gives s^-1 or s,True,"Illustrative one-factor-at-a-time grid; bounds are not measured ranges or probability priors. Results are populations and per-encounter yields, not concentrations or biological fluxes. No encounter yield is converted to molarity, and no continuous biological ROS source is modeled.",1d8208b504af787754e184f77640f85675b5b634,01e64b526ae9ed2d5f192ae14068302e806c1e8b44576f4b4eb4b5f83a8e8039,configs/doxorubicin_parameters.json,b14b641f69afb70af9ff7557a062c2ce00e0b0cb74381ba69fcfaad4f17f04af,configs/parameter_provenance.csv,86c4261fcb9616a643db79340fe0b7398ba10a5c46464e67e8b697bcfc3a4ec9
mix_escape_kqkd_1,unpolarized,unpolarized I6/6,,0.33333333333333337,1000000.0,8.0,8e-06,0.0,0.0,0.1,100000.0,0.1,100000.0,100.0,100000000.0,1.0,1000000.0,1.0,1000000.0,0.0,0.0,0.0,0.0033003300330031135,0.006600660066006226,0.009900990099009339,0.9900990099009341,0.0,0.9999999999999435,5.651035195342047e-14,constant-generator matrix exponential Pade(13),2,dimensionless populations/per-encounter yields,dimensionless per encounter unless field name gives s^-1 or s,True,"Illustrative one-factor-at-a-time grid; bounds are not measured ranges or probability priors. Results are populations and per-encounter yields, not concentrations or biological fluxes. No encounter yield is converted to molarity, and no continuous biological ROS source is modeled.",1d8208b504af787754e184f77640f85675b5b634,01e64b526ae9ed2d5f192ae14068302e806c1e8b44576f4b4eb4b5f83a8e8039,configs/doxorubicin_parameters.json,b14b641f69afb70af9ff7557a062c2ce00e0b0cb74381ba69fcfaad4f17f04af,configs/parameter_provenance.csv,86c4261fcb9616a643db79340fe0b7398ba10a5c46464e67e8b697bcfc3a4ec9
mix_escape_kqkd_1,unpolarized,unpolarized I6/6,,0.33333333333333337,1000000.0,8.0,8e-06,0.01,10000.0,0.1,100000.0,0.1,100000.0,0.0,0.0,1.0,1000000.0,1.0,1000000.0,0.00011182087596750396,0.0002236417519350079,0.0003354626279025119,0.33322151245736564,0.6664430249147313,0.9996645373720969,0.0,0.0003354626279025119,0.9999999999999994,5.551115123125783e-16,constant-generator matrix exponential Pade(13),2,dimensionless populations/per-encounter yields,dimensionless per encounter unless field name gives s^-1 or s,True,"Illustrative one-factor-at-a-time grid; bounds are not measured ranges or probability priors. Results are populations and per-encounter yields, not concentrations or biological fluxes. No encounter yield is converted to molarity, and no continuous biological ROS source is modeled.",1d8208b504af787754e184f77640f85675b5b634,01e64b526ae9ed2d5f192ae14068302e806c1e8b44576f4b4eb4b5f83a8e8039,configs/doxorubicin_parameters.json,b14b641f69afb70af9ff7557a062c2ce00e0b0cb74381ba69fcfaad4f17f04af,configs/parameter_provenance.csv,86c4261fcb9616a643db79340fe0b7398ba10a5c46464e67e8b697bcfc3a4ec9
mix_escape_kqkd_1,unpolarized,unpolarized I6/6,,0.33333333333333337,1000000.0,8.0,8e-06,0.01,10000.0,0.1,100000.0,0.1,100000.0,0.01,10000.0,1.0,1000000.0,1.0,1000000.0,0.00010322367847287544,0.00020644735694575088,0.00030967103541862633,0.32993080163847555,0.659861603276951,0.9897924049154265,0.00989792404915427,0.00030967103541862633,0.9999999999999994,5.551115123125783e-16,constant-generator matrix exponential Pade(13),2,dimensionless populations/per-encounter yields,dimensionless per encounter unless field name gives s^-1 or s,True,"Illustrative one-factor-at-a-time grid; bounds are not measured ranges or probability priors. Results are populations and per-encounter yields, not concentrations or biological fluxes. No encounter yield is converted to molarity, and no continuous biological ROS source is modeled.",1d8208b504af787754e184f77640f85675b5b634,01e64b526ae9ed2d5f192ae14068302e806c1e8b44576f4b4eb4b5f83a8e8039,configs/doxorubicin_parameters.json,b14b641f69afb70af9ff7557a062c2ce00e0b0cb74381ba69fcfaad4f17f04af,configs/parameter_provenance.csv,86c4261fcb9616a643db79340fe0b7398ba10a5c46464e67e8b697bcfc3a4ec9
mix_escape_kqkd_1,unpolarized,unpolarized I6/6,,0.33333333333333337,1000000.0,8.0,8e-06,0.01,10000.0,0.1,100000.0,0.1,100000.0,0.21544346900318834,215443.46900318834,1.0,1000000.0,1.0,1000000.0,1.995242155695295e-05,3.990484311390589e-05,5.985726467085884e-05,0.27423190745772297,0.5484638149154458,0.8226957223731688,0.17724442036215948,5.985726467085884e-05,0.9999999999999991,8.881784197001252e-16,constant-generator matrix exponential Pade(13),2,dimensionless populations/per-encounter yields,dimensionless per encounter unless field name gives s^-1 or s,True,"Illustrative one-factor-at-a-time grid; bounds are not measured ranges or probability priors. Results are populations and per-encounter yields, not concentrations or biological fluxes. No encounter yield is converted to molarity, and no continuous biological ROS source is modeled.",1d8208b504af787754e184f77640f85675b5b634,01e64b526ae9ed2d5f192ae14068302e806c1e8b44576f4b4eb4b5f83a8e8039,configs/doxorubicin_parameters.json,b14b641f69afb70af9ff7557a062c2ce00e0b0cb74381ba69fcfaad4f17f04af,configs/parameter_provenance.csv,86c4261fcb9616a643db79340fe0b7398ba10a5c46464e67e8b697bcfc3a4ec9
mix_escape_kqkd_1,unpolarized,unpolarized I6/6,,0.33333333333333337,1000000.0,8.0,8e-06,0.01,10000.0,0.1,100000.0,0.1,100000.0,1.0,1000000.0,1.0,1000000.0,1.0,1000000.0,3.751172490641967e-08,7.502344981283934e-08,1.1253517471925901e-07,0.16666664791080407,0.3333332958216081,0.4999999437324122,0.4999999437324122,1.1253517471925901e-07,0.9999999999999991,8.881784197001252e-16,constant-generator matrix exponential Pade(13),2,dimensionless populations/per-encounter yields,dimensionless per encounter unless field name gives s^-1 or s,True,"Illustrative one-factor-at-a-time grid; bounds are not measured ranges or probability priors. Results are populations and per-encounter yields, not concentrations or biological fluxes. No encounter yield is converted to molarity, and no continuous biological ROS source is modeled.",1d8208b504af787754e184f77640f85675b5b634,01e64b526ae9ed2d5f192ae14068302e806c1e8b44576f4b4eb4b5f83a8e8039,configs/doxorubicin_parameters.json,b14b641f69afb70af9ff7557a062c2ce00e0b0cb74381ba69fcfaad4f17f04af,configs/parameter_provenance.csv,86c4261fcb9616a643db79340fe0b7398ba10a5c46464e67e8b697bcfc3a4ec9
mix_escape_kqkd_1,unpolarized,unpolarized I6/6,,0.33333333333333337,1000000.0,8.0,8e-06,0.01,10000.0,0.1,100000.0,0.1,100000.0,100.0,100000000.0,1.0,1000000.0,1.0,1000000.0,0.0,0.0,0.0,0.003300330033003113,0.006600660066006226,0.009900990099009339,0.990099009900934,0.0,0.9999999999999434,5.6621374255882984e-14,constant-generator matrix exponential Pade(13),2,dimensionless populations/per-encounter yields,dimensionless per encounter unless field name gives s^-1 or s,True,"Illustrative one-factor-at-a-time grid; bounds are not measured ranges or probability priors. Results are populations and per-encounter yields, not concentrations or biological fluxes. No encounter yield is converted to molarity, and no continuous biological ROS source is modeled.",1d8208b504af787754e184f77640f85675b5b634,01e64b526ae9ed2d5f192ae14068302e806c1e8b44576f4b4eb4b5f83a8e8039,configs/doxorubicin_parameters.json,b14b641f69afb70af9ff7557a062c2ce00e0b0cb74381ba69fcfaad4f17f04af,configs/parameter_provenance.csv,86c4261fcb9616a643db79340fe0b7398ba10a5c46464e67e8b697bcfc3a4ec9
mix_escape_kqkd_1,unpolarized,unpolarized I6/6,,0.33333333333333337,1000000.0,8.0,8e-06,0.21544346900318834,215443.46900318834,0.1,100000.0,0.1,100000.0,0.0,0.0,1.0,1000000.0,1.0,1000000.0,0.00011182087596750418,0.0002236417519350085,0.00033546262790251267,0.33322151245736553,0.6664430249147313,0.9996645373720968,0.0,0.00033546262790251267,0.9999999999999993,6.661338147750939e-16,constant-generator matrix exponential Pade(13),2,dimensionless populations/per-encounter yields,dimensionless per encounter unless field name gives s^-1 or s,True,"Illustrative one-factor-at-a-time grid; bounds are not measured ranges or probability priors. Results are populations and per-encounter yields, not concentrations or biological fluxes. No encounter yield is converted to molarity, and no continuous biological ROS source is modeled.",1d8208b504af787754e184f77640f85675b5b634,01e64b526ae9ed2d5f192ae14068302e806c1e8b44576f4b4eb4b5f83a8e8039,configs/doxorubicin_parameters.json,b14b641f69afb70af9ff7557a062c2ce00e0b0cb74381ba69fcfaad4f17f04af,configs/parameter_provenance.csv,86c4261fcb9616a643db79340fe0b7398ba10a5c46464e67e8b697bcfc3a4ec9
mix_escape_kqkd_1,unpolarized,unpolarized I6/6,,0.33333333333333337,1000000.0,8.0,8e-06,0.21544346900318834,215443.46900318834,0.1,100000.0,0.1,100000.0,0.01,10000.0,1.0,1000000.0,1.0,1000000.0,0.00010322367847287532,0.00020644735694575064,0.00030967103541862596,0.3299308016384753,0.6598616032769506,0.989792404915426,0.009897924049154263,0.00030967103541862596,0.9999999999999989,1.1102230246251565e-15,constant-generator matrix exponential Pade(13),2,dimensionless populations/per-encounter yields,dimensionless per encounter unless field name gives s^-1 or s,True,"Illustrative one-factor-at-a-time grid; bounds are not measured ranges or probability priors. Results are populations and per-encounter yields, not concentrations or biological fluxes. No encounter yield is converted to molarity, and no continuous biological ROS source is modeled.",1d8208b504af787754e184f77640f85675b5b634,01e64b526ae9ed2d5f192ae14068302e806c1e8b44576f4b4eb4b5f83a8e8039,configs/doxorubicin_parameters.json,b14b641f69afb70af9ff7557a062c2ce00e0b0cb74381ba69fcfaad4f17f04af,configs/parameter_provenance.csv,86c4261fcb9616a643db79340fe0b7398ba10a5c46464e67e8b697bcfc3a4ec9
mix_escape_kqkd_1,unpolarized,unpolarized I6/6,,0.33333333333333337,1000000.0,8.0,8e-06,0.21544346900318834,215443.46900318834,0.1,100000.0,0.1,100000.0,0.21544346900318834,215443.46900318834,1.0,1000000.0,1.0,1000000.0,1.995242155695291e-05,3.990484311390584e-05,5.9857264670858756e-05,0.27423190745772297,0.5484638149154458,0.8226957223731688,0.17724442036215948,5.9857264670858756e-05,0.9999999999999991,8.881784197001252e-16,constant-generator matrix exponential Pade(13),2,dimensionless populations/per-encounter yields,dimensionless per encounter unless field name gives s^-1 or s,True,"Illustrative one-factor-at-a-time grid; bounds are not measured ranges or probability priors. Results are populations and per-encounter yields, not concentrations or biological fluxes. No encounter yield is converted to molarity, and no continuous biological ROS source is modeled.",1d8208b504af787754e184f77640f85675b5b634,01e64b526ae9ed2d5f192ae14068302e806c1e8b44576f4b4eb4b5f83a8e8039,configs/doxorubicin_parameters.json,b14b641f69afb70af9ff7557a062c2ce00e0b0cb74381ba69fcfaad4f17f04af,configs/parameter_provenance.csv,86c4261fcb9616a643db79340fe0b7398ba10a5c46464e67e8b697bcfc3a4ec9
mix_escape_kqkd_1,unpolarized,unpolarized I6/6,,0.33333333333333337,1000000.0,8.0,8e-06,0.21544346900318834,215443.46900318834,0.1,100000.0,0.1,100000.0,1.0,1000000.0,1.0,1000000.0,1.0,1000000.0,3.7511724906419847e-08,7.502344981283972e-08,1.1253517471925958e-07,0.1666666479108041,0.3333332958216082,0.4999999437324123,0.4999999437324123,1.1253517471925958e-07,0.9999999999999993,6.661338147750939e-16,constant-generator matrix exponential Pade(13),2,dimensionless populations/per-encounter yields,dimensionless per encounter unless field name gives s^-1 or s,True,"Illustrative one-factor-at-a-time grid; bounds are not measured ranges or probability priors. Results are populations and per-encounter yields, not concentrations or biological fluxes. No encounter yield is converted to molarity, and no continuous biological ROS source is modeled.",1d8208b504af787754e184f77640f85675b5b634,01e64b526ae9ed2d5f192ae14068302e806c1e8b44576f4b4eb4b5f83a8e8039,configs/doxorubicin_parameters.json,b14b641f69afb70af9ff7557a062c2ce00e0b0cb74381ba69fcfaad4f17f04af,configs/parameter_provenance.csv,86c4261fcb9616a643db79340fe0b7398ba10a5c46464e67e8b697bcfc3a4ec9
mix_escape_kqkd_1,unpolarized,unpolarized I6/6,,0.33333333333333337,1000000.0,8.0,8e-06,0.21544346900318834,215443.46900318834,0.1,100000.0,0.1,100000.0,100.0,100000000.0,1.0,1000000.0,1.0,1000000.0,0.0,0.0,0.0,0.003300330033003113,0.006600660066006226,0.009900990099009339,0.9900990099009339,0.0,0.9999999999999433,5.67323965583455e-14,constant-generator matrix exponential Pade(13),2,dimensionless populations/per-encounter yields,dimensionless per encounter unless field name gives s^-1 or s,True,"Illustrative one-factor-at-a-time grid; bounds are not measured ranges or probability priors. Results are populations and per-encounter yields, not concentrations or biological fluxes. No encounter yield is converted to molarity, and no continuous biological ROS source is modeled.",1d8208b504af787754e184f77640f85675b5b634,01e64b526ae9ed2d5f192ae14068302e806c1e8b44576f4b4eb4b5f83a8e8039,configs/doxorubicin_parameters.json,b14b641f69afb70af9ff7557a062c2ce00e0b0cb74381ba69fcfaad4f17f04af,configs/parameter_provenance.csv,86c4261fcb9616a643db79340fe0b7398ba10a5c46464e67e8b697bcfc3a4ec9
mix_escape_kqkd_1,unpolarized,unpolarized I6/6,,0.33333333333333337,1000000.0,8.0,8e-06,1.0,1000000.0,0.1,100000.0,0.1,100000.0,0.0,0.0,1.0,1000000.0,1.0,1000000.0,0.0001118208759675038,0.00022364175193500762,0.0003354626279025115,0.3332215124573654,0.6664430249147311,0.9996645373720965,0.0,0.0003354626279025115,0.999999999999999,9.992007221626409e-16,constant-generator matrix exponential Pade(13),2,dimensionless populations/per-encounter yields,dimensionless per encounter unless field name gives s^-1 or s,True,"Illustrative one-factor-at-a-time grid; bounds are not measured ranges or probability priors. Results are populations and per-encounter yields, not concentrations or biological fluxes. No encounter yield is converted to molarity, and no continuous biological ROS source is modeled.",1d8208b504af787754e184f77640f85675b5b634,01e64b526ae9ed2d5f192ae14068302e806c1e8b44576f4b4eb4b5f83a8e8039,configs/doxorubicin_parameters.json,b14b641f69afb70af9ff7557a062c2ce00e0b0cb74381ba69fcfaad4f17f04af,configs/parameter_provenance.csv,86c4261fcb9616a643db79340fe0b7398ba10a5c46464e67e8b697bcfc3a4ec9
mix_escape_kqkd_1,unpolarized,unpolarized I6/6,,0.33333333333333337,1000000.0,8.0,8e-06,1.0,1000000.0,0.1,100000.0,0.1,100000.0,0.01,10000.0,1.0,1000000.0,1.0,1000000.0,0.00010322367847287543,0.00020644735694575088,0.00030967103541862633,0.32993080163847543,0.6598616032769509,0.9897924049154263,0.009897924049154263,0.00030967103541862633,0.9999999999999992,7.771561172376096e-16,constant-generator matrix exponential Pade(13),2,dimensionless populations/per-encounter yields,dimensionless per encounter unless field name gives s^-1 or s,True,"Illustrative one-factor-at-a-time grid; bounds are not measured ranges or probability priors. Results are populations and per-encounter yields, not concentrations or biological fluxes. No encounter yield is converted to molarity, and no continuous biological ROS source is modeled.",1d8208b504af787754e184f77640f85675b5b634,01e64b526ae9ed2d5f192ae14068302e806c1e8b44576f4b4eb4b5f83a8e8039,configs/doxorubicin_parameters.json,b14b641f69afb70af9ff7557a062c2ce00e0b0cb74381ba69fcfaad4f17f04af,configs/parameter_provenance.csv,86c4261fcb9616a643db79340fe0b7398ba10a5c46464e67e8b697bcfc3a4ec9
mix_escape_kqkd_1,unpolarized,unpolarized I6/6,,0.33333333333333337,1000000.0,8.0,8e-06,1.0,1000000.0,0.1,100000.0,0.1,100000.0,0.21544346900318834,215443.46900318834,1.0,1000000.0,1.0,1000000.0,1.9952421556952904e-05,3.990484311390581e-05,5.9857264670858716e-05,0.27423190745772286,0.5484638149154457,0.8226957223731686,0.17724442036215943,5.9857264670858716e-05,0.9999999999999989,1.1102230246251565e-15,constant-generator matrix exponential Pade(13),2,dimensionless populations/per-encounter yields,dimensionless per encounter unless field name gives s^-1 or s,True,"Illustrative one-factor-at-a-time grid; bounds are not measured ranges or probability priors. Results are populations and per-encounter yields, not concentrations or biological fluxes. No encounter yield is converted to molarity, and no continuous biological ROS source is modeled.",1d8208b504af787754e184f77640f85675b5b634,01e64b526ae9ed2d5f192ae14068302e806c1e8b44576f4b4eb4b5f83a8e8039,configs/doxorubicin_parameters.json,b14b641f69afb70af9ff7557a062c2ce00e0b0cb74381ba69fcfaad4f17f04af,configs/parameter_provenance.csv,86c4261fcb9616a643db79340fe0b7398ba10a5c46464e67e8b697bcfc3a4ec9
mix_escape_kqkd_1,unpolarized,unpolarized I6/6,,0.33333333333333337,1000000.0,8.0,8e-06,1.0,1000000.0,0.1,100000.0,0.1,100000.0,1.0,1000000.0,1.0,1000000.0,1.0,1000000.0,3.7511724906419754e-08,7.502344981283953e-08,1.1253517471925926e-07,0.16666664791080393,0.33333329582160787,0.4999999437324118,0.49999994373241186,1.1253517471925926e-07,0.9999999999999984,1.5543122344752192e-15,constant-generator matrix exponential Pade(13),2,dimensionless populations/per-encounter yields,dimensionless per encounter unless field name gives s^-1 or s,True,"Illustrative one-factor-at-a-time grid; bounds are not measured ranges or probability priors. Results are populations and per-encounter yields, not concentrations or biological fluxes. No encounter yield is converted to molarity, and no continuous biological ROS source is modeled.",1d8208b504af787754e184f77640f85675b5b634,01e64b526ae9ed2d5f192ae14068302e806c1e8b44576f4b4eb4b5f83a8e8039,configs/doxorubicin_parameters.json,b14b641f69afb70af9ff7557a062c2ce00e0b0cb74381ba69fcfaad4f17f04af,configs/parameter_provenance.csv,86c4261fcb9616a643db79340fe0b7398ba10a5c46464e67e8b697bcfc3a4ec9
mix_escape_kqkd_1,unpolarized,unpolarized I6/6,,0.33333333333333337,1000000.0,8.0,8e-06,1.0,1000000.0,0.1,100000.0,0.1,100000.0,100.0,100000000.0,1.0,1000000.0,1.0,1000000.0,0.0,0.0,0.0,0.003300330033003113,0.006600660066006226,0.009900990099009339,0.9900990099009341,0.0,0.9999999999999435,5.651035195342047e-14,constant-generator matrix exponential Pade(13),2,dimensionless populations/per-encounter yields,dimensionless per encounter unless field name gives s^-1 or s,True,"Illustrative one-factor-at-a-time grid; bounds are not measured ranges or probability priors. Results are populations and per-encounter yields, not concentrations or biological fluxes. No encounter yield is converted to molarity, and no continuous biological ROS source is modeled.",1d8208b504af787754e184f77640f85675b5b634,01e64b526ae9ed2d5f192ae14068302e806c1e8b44576f4b4eb4b5f83a8e8039,configs/doxorubicin_parameters.json,b14b641f69afb70af9ff7557a062c2ce00e0b0cb74381ba69fcfaad4f17f04af,configs/parameter_provenance.csv,86c4261fcb9616a643db79340fe0b7398ba10a5c46464e67e8b697bcfc3a4ec9
mix_escape_kqkd_1,unpolarized,unpolarized I6/6,,0.33333333333333337,1000000.0,8.0,8e-06,100.0,100000000.0,0.1,100000.0,0.1,100000.0,0.0,0.0,1.0,1000000.0,1.0,1000000.0,0.0001118208759675043,0.00022364175193500862,0.00033546262790251294,0.33322151245735765,0.6664430249147154,0.9996645373720731,0.0,0.00033546262790251294,0.9999999999999756,2.4424906541753444e-14,constant-generator matrix exponential Pade(13),2,dimensionless populations/per-encounter yields,dimensionless per encounter unless field name gives s^-1 or s,True,"Illustrative one-factor-at-a-time grid; bounds are not measured ranges or probability priors. Results are populations and per-encounter yields, not concentrations or biological fluxes. No encounter yield is converted to molarity, and no continuous biological ROS source is modeled.",1d8208b504af787754e184f77640f85675b5b634,01e64b526ae9ed2d5f192ae14068302e806c1e8b44576f4b4eb4b5f83a8e8039,configs/doxorubicin_parameters.json,b14b641f69afb70af9ff7557a062c2ce00e0b0cb74381ba69fcfaad4f17f04af,configs/parameter_provenance.csv,86c4261fcb9616a643db79340fe0b7398ba10a5c46464e67e8b697bcfc3a4ec9
mix_escape_kqkd_1,unpolarized,unpolarized I6/6,,0.33333333333333337,1000000.0,8.0,8e-06,100.0,100000000.0,0.1,100000.0,0.1,100000.0,0.01,10000.0,1.0,1000000.0,1.0,1000000.0,0.00010322367847288022,0.00020644735694576045,0.0003096710354186407,0.32993080163846933,0.6598616032769387,0.989792404915408,0.009897924049154079,0.0003096710354186407,0.9999999999999808,1.9206858326015208e-14,constant-generator matrix exponential Pade(13),2,dimensionless populations/per-encounter yields,dimensionless per encounter unless field name gives s^-1 or s,True,"Illustrative one-factor-at-a-time grid; bounds are not measured ranges or probability priors. Results are populations and per-encounter yields, not concentrations or biological fluxes. No encounter yield is converted to molarity, and no continuous biological ROS source is modeled.",1d8208b504af787754e184f77640f85675b5b634,01e64b526ae9ed2d5f192ae14068302e806c1e8b44576f4b4eb4b5f83a8e8039,configs/doxorubicin_parameters.json,b14b641f69afb70af9ff7557a062c2ce00e0b0cb74381ba69fcfaad4f17f04af,configs/parameter_provenance.csv,86c4261fcb9616a643db79340fe0b7398ba10a5c46464e67e8b697bcfc3a4ec9
mix_escape_kqkd_1,unpolarized,unpolarized I6/6,,0.33333333333333337,1000000.0,8.0,8e-06,100.0,100000000.0,0.1,100000.0,0.1,100000.0,0.21544346900318834,215443.46900318834,1.0,1000000.0,1.0,1000000.0,1.995242155695282e-05,3.990484311390564e-05,5.985726467085846e-05,0.274231907457716,0.548463814915432,0.8226957223731479,0.17724442036215496,5.985726467085846e-05,0.9999999999999737,2.631228568361621e-14,constant-generator matrix exponential Pade(13),2,dimensionless populations/per-encounter yields,dimensionless per encounter unless field name gives s^-1 or s,True,"Illustrative one-factor-at-a-time grid; bounds are not measured ranges or probability priors. Results are populations and per-encounter yields, not concentrations or biological fluxes. No encounter yield is converted to molarity, and no continuous biological ROS source is modeled.",1d8208b504af787754e184f77640f85675b5b634,01e64b526ae9ed2d5f192ae14068302e806c1e8b44576f4b4eb4b5f83a8e8039,configs/doxorubicin_parameters.json,b14b641f69afb70af9ff7557a062c2ce00e0b0cb74381ba69fcfaad4f17f04af,configs/parameter_provenance.csv,86c4261fcb9616a643db79340fe0b7398ba10a5c46464e67e8b697bcfc3a4ec9
mix_escape_kqkd_1,unpolarized,unpolarized I6/6,,0.33333333333333337,1000000.0,8.0,8e-06,100.0,100000000.0,0.1,100000.0,0.1,100000.0,1.0,1000000.0,1.0,1000000.0,1.0,1000000.0,3.751172490641818e-08,7.502344981283632e-08,1.125351747192545e-07,0.16666664791079935,0.33333329582159865,0.499999943732398,0.4999999437323981,1.125351747192545e-07,0.9999999999999708,2.919886554764162e-14,constant-generator matrix exponential Pade(13),2,dimensionless populations/per-encounter yields,dimensionless per encounter unless field name gives s^-1 or s,True,"Illustrative one-factor-at-a-time grid; bounds are not measured ranges or probability priors. Results are populations and per-encounter yields, not concentrations or biological fluxes. No encounter yield is converted to molarity, and no continuous biological ROS source is modeled.",1d8208b504af787754e184f77640f85675b5b634,01e64b526ae9ed2d5f192ae14068302e806c1e8b44576f4b4eb4b5f83a8e8039,configs/doxorubicin_parameters.json,b14b641f69afb70af9ff7557a062c2ce00e0b0cb74381ba69fcfaad4f17f04af,configs/parameter_provenance.csv,86c4261fcb9616a643db79340fe0b7398ba10a5c46464e67e8b697bcfc3a4ec9
mix_escape_kqkd_1,unpolarized,unpolarized I6/6,,0.33333333333333337,1000000.0,8.0,8e-06,100.0,100000000.0,0.1,100000.0,0.1,100000.0,100.0,100000000.0,1.0,1000000.0,1.0,1000000.0,0.0,0.0,0.0,0.0033003300330031126,0.006600660066006226,0.009900990099009339,0.9900990099009339,0.0,0.9999999999999433,5.67323965583455e-14,constant-generator matrix exponential Pade(13),2,dimensionless populations/per-encounter yields,dimensionless per encounter unless field name gives s^-1 or s,True,"Illustrative one-factor-at-a-time grid; bounds are not measured ranges or probability priors. Results are populations and per-encounter yields, not concentrations or biological fluxes. No encounter yield is converted to molarity, and no continuous biological ROS source is modeled.",1d8208b504af787754e184f77640f85675b5b634,01e64b526ae9ed2d5f192ae14068302e806c1e8b44576f4b4eb4b5f83a8e8039,configs/doxorubicin_parameters.json,b14b641f69afb70af9ff7557a062c2ce00e0b0cb74381ba69fcfaad4f17f04af,configs/parameter_provenance.csv,86c4261fcb9616a643db79340fe0b7398ba10a5c46464e67e8b697bcfc3a4ec9
mix_escape_kqkd_10,unpolarized,unpolarized I6/6,,0.33333333333333337,1000000.0,8.0,8e-06,0.0,0.0,0.1,100000.0,0.1,100000.0,0.0,0.0,1.0,1000000.0,10.0,10000000.0,3.936562647310584e-05,5.874812354178904e-07,3.995310770852373e-05,0.29821084913989004,0.7017491977523982,0.9999600468922882,0.0,3.995310770852373e-05,0.9999999999999968,3.219646771412954e-15,constant-generator matrix exponential Pade(13),2,dimensionless populations/per-encounter yields,dimensionless per encounter unless field name gives s^-1 or s,True,"Illustrative one-factor-at-a-time grid; bounds are not measured ranges or probability priors. Results are populations and per-encounter yields, not concentrations or biological fluxes. No encounter yield is converted to molarity, and no continuous biological ROS source is modeled.",1d8208b504af787754e184f77640f85675b5b634,01e64b526ae9ed2d5f192ae14068302e806c1e8b44576f4b4eb4b5f83a8e8039,configs/doxorubicin_parameters.json,b14b641f69afb70af9ff7557a062c2ce00e0b0cb74381ba69fcfaad4f17f04af,configs/parameter_provenance.csv,86c4261fcb9616a643db79340fe0b7398ba10a5c46464e67e8b697bcfc3a4ec9
mix_escape_kqkd_10,unpolarized,unpolarized I6/6,,0.33333333333333337,1000000.0,8.0,8e-06,0.0,0.0,0.1,100000.0,0.1,100000.0,0.01,10000.0,1.0,1000000.0,10.0,10000000.0,3.63390532830748e-05,5.423135316096718e-07,3.6881366814684484e-05,0.29559916267685105,0.7007072570724899,0.996306419749341,0.003656698883841002,3.6881366814684484e-05,0.9999999999999967,3.3306690738754696e-15,constant-generator matrix exponential Pade(13),2,dimensionless populations/per-encounter yields,dimensionless per encounter unless field name gives s^-1 or s,True,"Illustrative one-factor-at-a-time grid; bounds are not measured ranges or probability priors. Results are populations and per-encounter yields, not concentrations or biological fluxes. No encounter yield is converted to molarity, and no continuous biological ROS source is modeled.",1d8208b504af787754e184f77640f85675b5b634,01e64b526ae9ed2d5f192ae14068302e806c1e8b44576f4b4eb4b5f83a8e8039,configs/doxorubicin_parameters.json,b14b641f69afb70af9ff7557a062c2ce00e0b0cb74381ba69fcfaad4f17f04af,configs/parameter_provenance.csv,86c4261fcb9616a643db79340fe0b7398ba10a5c46464e67e8b697bcfc3a4ec9
mix_escape_kqkd_10,unpolarized,unpolarized I6/6,,0.33333333333333337,1000000.0,8.0,8e-06,0.0,0.0,0.1,100000.0,0.1,100000.0,0.21544346900318834,215443.46900318834,1.0,1000000.0,10.0,10000000.0,7.024087116552533e-06,1.0482544663005333e-07,7.128912563182588e-06,0.25049761054138286,0.6808585339094191,0.931356144450802,0.06863672663663217,7.128912563182588e-06,0.9999999999999973,2.6645352591003757e-15,constant-generator matrix exponential Pade(13),2,dimensionless populations/per-encounter yields,dimensionless per encounter unless field name gives s^-1 or s,True,"Illustrative one-factor-at-a-time grid; bounds are not measured ranges or probability priors. Results are populations and per-encounter yields, not concentrations or biological fluxes. No encounter yield is converted to molarity, and no continuous biological ROS source is modeled.",1d8208b504af787754e184f77640f85675b5b634,01e64b526ae9ed2d5f192ae14068302e806c1e8b44576f4b4eb4b5f83a8e8039,configs/doxorubicin_parameters.json,b14b641f69afb70af9ff7557a062c2ce00e0b0cb74381ba69fcfaad4f17f04af,configs/parameter_provenance.csv,86c4261fcb9616a643db79340fe0b7398ba10a5c46464e67e8b697bcfc3a4ec9
mix_escape_kqkd_10,unpolarized,unpolarized I6/6,,0.33333333333333337,1000000.0,8.0,8e-06,0.0,0.0,0.1,100000.0,0.1,100000.0,1.0,1000000.0,1.0,1000000.0,10.0,10000000.0,1.320569650569672e-08,1.9707799907669807e-10,1.340277450477342e-08,0.1581920842024207,0.6214689256294335,0.7796610098318542,0.22033897676536407,1.340277450477342e-08,0.9999999999999928,7.216449660063518e-15,constant-generator matrix exponential Pade(13),2,dimensionless populations/per-encounter yields,dimensionless per encounter unless field name gives s^-1 or s,True,"Illustrative one-factor-at-a-time grid; bounds are not measured ranges or probability priors. Results are populations and per-encounter yields, not concentrations or biological fluxes. No encounter yield is converted to molarity, and no continuous biological ROS source is modeled.",1d8208b504af787754e184f77640f85675b5b634,01e64b526ae9ed2d5f192ae14068302e806c1e8b44576f4b4eb4b5f83a8e8039,configs/doxorubicin_parameters.json,b14b641f69afb70af9ff7557a062c2ce00e0b0cb74381ba69fcfaad4f17f04af,configs/parameter_provenance.csv,86c4261fcb9616a643db79340fe0b7398ba10a5c46464e67e8b697bcfc3a4ec9
mix_escape_kqkd_10,unpolarized,unpolarized I6/6,,0.33333333333333337,1000000.0,8.0,8e-06,0.0,0.0,0.1,100000.0,0.1,100000.0,100.0,100000000.0,1.0,1000000.0,10.0,10000000.0,0.0,0.0,0.0,0.0032999742470247455,0.06060932736822219,0.06390930161524694,0.9360906983846964,0.0,0.9999999999999434,5.6621374255882984e-14,constant-generator matrix exponential Pade(13),2,dimensionless populations/per-encounter yields,dimensionless per encounter unless field name gives s^-1 or s,True,"Illustrative one-factor-at-a-time grid; bounds are not measured ranges or probability priors. Results are populations and per-encounter yields, not concentrations or biological fluxes. No encounter yield is converted to molarity, and no continuous biological ROS source is modeled.",1d8208b504af787754e184f77640f85675b5b634,01e64b526ae9ed2d5f192ae14068302e806c1e8b44576f4b4eb4b5f83a8e8039,configs/doxorubicin_parameters.json,b14b641f69afb70af9ff7557a062c2ce00e0b0cb74381ba69fcfaad4f17f04af,configs/parameter_provenance.csv,86c4261fcb9616a643db79340fe0b7398ba10a5c46464e67e8b697bcfc3a4ec9
mix_escape_kqkd_10,unpolarized,unpolarized I6/6,,0.33333333333333337,1000000.0,8.0,8e-06,0.01,10000.0,0.1,100000.0,0.1,100000.0,0.0,0.0,1.0,1000000.0,10.0,10000000.0,3.9362732684244954e-05,5.87481229068655e-07,3.995021391331361e-05,0.2982090520799004,0.7017509977061831,0.9999600497860834,0.0,3.995021391331361e-05,0.9999999999999968,3.219646771412954e-15,constant-generator matrix exponential Pade(13),2,dimensionless populations/per-encounter yields,dimensionless per encounter unless field name gives s^-1 or s,True,"Illustrative one-factor-at-a-time grid; bounds are not measured ranges or probability priors. Results are populations and per-encounter yields, not concentrations or biological fluxes. No encounter yield is converted to molarity, and no continuous biological ROS source is modeled.",1d8208b504af787754e184f77640f85675b5b634,01e64b526ae9ed2d5f192ae14068302e806c1e8b44576f4b4eb4b5f83a8e8039,configs/doxorubicin_parameters.json,b14b641f69afb70af9ff7557a062c2ce00e0b0cb74381ba69fcfaad4f17f04af,configs/parameter_provenance.csv,86c4261fcb9616a643db79340fe0b7398ba10a5c46464e67e8b697bcfc3a4ec9
mix_escape_kqkd_10,unpolarized,unpolarized I6/6,,0.33333333333333337,1000000.0,8.0,8e-06,0.01,10000.0,0.1,100000.0,0.1,100000.0,0.01,10000.0,1.0,1000000.0,10.0,10000000.0,3.633638197927387e-05,5.423135257485835e-07,3.687869550502245e-05,0.29559740158428305,0.7007090366676982,0.9963064382519813,0.0036566830525105306,3.687869550502245e-05,0.9999999999999969,3.1086244689504383e-15,constant-generator matrix exponential Pade(13),2,dimensionless populations/per-encounter yields,dimensionless per encounter unless field name gives s^-1 or s,True,"Illustrative one-factor-at-a-time grid; bounds are not measured ranges or probability priors. Results are populations and per-encounter yields, not concentrations or biological fluxes. No encounter yield is converted to molarity, and no continuous biological ROS source is modeled.",1d8208b504af787754e184f77640f85675b5b634,01e64b526ae9ed2d5f192ae14068302e806c1e8b44576f4b4eb4b5f83a8e8039,configs/doxorubicin_parameters.json,b14b641f69afb70af9ff7557a062c2ce00e0b0cb74381ba69fcfaad4f17f04af,configs/parameter_provenance.csv,86c4261fcb9616a643db79340fe0b7398ba10a5c46464e67e8b697bcfc3a4ec9
mix_escape_kqkd_10,unpolarized,unpolarized I6/6,,0.33333333333333337,1000000.0,8.0,8e-06,0.01,10000.0,0.1,100000.0,0.1,100000.0,0.21544346900318834,215443.46900318834,1.0,1000000.0,10.0,10000000.0,7.023570772043863e-06,1.0482544549714555e-07,7.12839621754101e-06,0.25049641224076835,0.6808599601646823,0.9313563724054507,0.06863649919832904,7.12839621754101e-06,0.9999999999999972,2.7755575615628914e-15,constant-generator matrix exponential Pade(13),2,dimensionless populations/per-encounter yields,dimensionless per encounter unless field name gives s^-1 or s,True,"Illustrative one-factor-at-a-time grid; bounds are not measured ranges or probability priors. Results are populations and per-encounter yields, not concentrations or biological fluxes. No encounter yield is converted to molarity, and no continuous biological ROS source is modeled.",1d8208b504af787754e184f77640f85675b5b634,01e64b526ae9ed2d5f192ae14068302e806c1e8b44576f4b4eb4b5f83a8e8039,configs/doxorubicin_parameters.json,b14b641f69afb70af9ff7557a062c2ce00e0b0cb74381ba69fcfaad4f17f04af,configs/parameter_provenance.csv,86c4261fcb9616a643db79340fe0b7398ba10a5c46464e67e8b697bcfc3a4ec9
mix_escape_kqkd_10,unpolarized,unpolarized I6/6,,0.33333333333333337,1000000.0,8.0,8e-06,0.01,10000.0,0.1,100000.0,0.1,100000.0,1.0,1000000.0,1.0,1000000.0,10.0,10000000.0,1.3204725747680615e-08,1.9707799694676713e-10,1.3401803744627382e-08,0.15819169116818782,0.6214696402380122,0.7796613314062,0.22033865519198909,1.3401803744627382e-08,0.9999999999999928,7.216449660063518e-15,constant-generator matrix exponential Pade(13),2,dimensionless populations/per-encounter yields,dimensionless per encounter unless field name gives s^-1 or s,True,"Illustrative one-factor-at-a-time grid; bounds are not measured ranges or probability priors. Results are populations and per-encounter yields, not concentrations or biological fluxes. No encounter yield is converted to molarity, and no continuous biological ROS source is modeled.",1d8208b504af787754e184f77640f85675b5b634,01e64b526ae9ed2d5f192ae14068302e806c1e8b44576f4b4eb4b5f83a8e8039,configs/doxorubicin_parameters.json,b14b641f69afb70af9ff7557a062c2ce00e0b0cb74381ba69fcfaad4f17f04af,configs/parameter_provenance.csv,86c4261fcb9616a643db79340fe0b7398ba10a5c46464e67e8b697bcfc3a4ec9
mix_escape_kqkd_10,unpolarized,unpolarized I6/6,,0.33333333333333337,1000000.0,8.0,8e-06,0.01,10000.0,0.1,100000.0,0.1,100000.0,100.0,100000000.0,1.0,1000000.0,10.0,10000000.0,0.0,0.0,0.0,0.003299974245904902,0.060609327378504385,0.06390930162440929,0.936090698375534,0.0,0.9999999999999434,5.6621374255882984e-14,constant-generator matrix exponential Pade(13),2,dimensionless populations/per-encounter yields,dimensionless per encounter unless field name gives s^-1 or s,True,"Illustrative one-factor-at-a-time grid; bounds are not measured ranges or probability priors. Results are populations and per-encounter yields, not concentrations or biological fluxes. No encounter yield is converted to molarity, and no continuous biological ROS source is modeled.",1d8208b504af787754e184f77640f85675b5b634,01e64b526ae9ed2d5f192ae14068302e806c1e8b44576f4b4eb4b5f83a8e8039,configs/doxorubicin_parameters.json,b14b641f69afb70af9ff7557a062c2ce00e0b0cb74381ba69fcfaad4f17f04af,configs/parameter_provenance.csv,86c4261fcb9616a643db79340fe0b7398ba10a5c46464e67e8b697bcfc3a4ec9
mix_escape_kqkd_10,unpolarized,unpolarized I6/6,,0.33333333333333337,1000000.0,8.0,8e-06,0.21544346900318834,215443.46900318834,0.1,100000.0,0.1,100000.0,0.0,0.0,1.0,1000000.0,10.0,10000000.0,3.8044787125424976e-05,5.871545267669597e-07,3.8631941652191934e-05,0.2973797506510127,0.7025816174073314,0.9999613680583441,0.0,3.8631941652191934e-05,0.9999999999999963,3.6637359812630166e-15,constant-generator matrix exponential Pade(13),2,dimensionless populations/per-encounter yields,dimensionless per encounter unless field name gives s^-1 or s,True,"Illustrative one-factor-at-a-time grid; bounds are not measured ranges or probability priors. Results are populations and per-encounter yields, not concentrations or biological fluxes. No encounter yield is converted to molarity, and no continuous biological ROS source is modeled.",1d8208b504af787754e184f77640f85675b5b634,01e64b526ae9ed2d5f192ae14068302e806c1e8b44576f4b4eb4b5f83a8e8039,configs/doxorubicin_parameters.json,b14b641f69afb70af9ff7557a062c2ce00e0b0cb74381ba69fcfaad4f17f04af,configs/parameter_provenance.csv,86c4261fcb9616a643db79340fe0b7398ba10a5c46464e67e8b697bcfc3a4ec9
mix_escape_kqkd_10,unpolarized,unpolarized I6/6,,0.33333333333333337,1000000.0,8.0,8e-06,0.21544346900318834,215443.46900318834,0.1,100000.0,0.1,100000.0,0.01,10000.0,1.0,1000000.0,10.0,10000000.0,3.511976489027918e-05,5.420119415134846e-07,3.566177683179267e-05,0.29478467158764227,0.7015302896300162,0.9963149612176585,0.003649377005506439,3.566177683179267e-05,0.9999999999999968,3.219646771412954e-15,constant-generator matrix exponential Pade(13),2,dimensionless populations/per-encounter yields,dimensionless per encounter unless field name gives s^-1 or s,True,"Illustrative one-factor-at-a-time grid; bounds are not measured ranges or probability priors. Results are populations and per-encounter yields, not concentrations or biological fluxes. No encounter yield is converted to molarity, and no continuous biological ROS source is modeled.",1d8208b504af787754e184f77640f85675b5b634,01e64b526ae9ed2d5f192ae14068302e806c1e8b44576f4b4eb4b5f83a8e8039,configs/doxorubicin_parameters.json,b14b641f69afb70af9ff7557a062c2ce00e0b0cb74381ba69fcfaad4f17f04af,configs/parameter_provenance.csv,86c4261fcb9616a643db79340fe0b7398ba10a5c46464e67e8b697bcfc3a4ec9
mix_escape_kqkd_10,unpolarized,unpolarized I6/6,,0.33333333333333337,1000000.0,8.0,8e-06,0.21544346900318834,215443.46900318834,0.1,100000.0,0.1,100000.0,0.21544346900318834,215443.46900318834,1.0,1000000.0,10.0,10000000.0,6.788407121686346e-06,1.047671513549232e-07,6.89317427304127e-06,0.2499430865907742,0.6815185427034656,0.9314616292942397,0.06853147753148388,6.89317427304127e-06,0.9999999999999967,3.3306690738754696e-15,constant-generator matrix exponential Pade(13),2,dimensionless populations/per-encounter yields,dimensionless per encounter unless field name gives s^-1 or s,True,"Illustrative one-factor-at-a-time grid; bounds are not measured ranges or probability priors. Results are populations and per-encounter yields, not concentrations or biological fluxes. No encounter yield is converted to molarity, and no continuous biological ROS source is modeled.",1d8208b504af787754e184f77640f85675b5b634,01e64b526ae9ed2d5f192ae14068302e806c1e8b44576f4b4eb4b5f83a8e8039,configs/doxorubicin_parameters.json,b14b641f69afb70af9ff7557a062c2ce00e0b0cb74381ba69fcfaad4f17f04af,configs/parameter_provenance.csv,86c4261fcb9616a643db79340fe0b7398ba10a5c46464e67e8b697bcfc3a4ec9
mix_escape_kqkd_10,unpolarized,unpolarized I6/6,,0.33333333333333337,1000000.0,8.0,8e-06,0.21544346900318834,215443.46900318834,0.1,100000.0,0.1,100000.0,1.0,1000000.0,1.0,1000000.0,10.0,10000000.0,1.2762604267086521e-08,1.9696840053410078e-10,1.2959572667620621e-08,0.15800998416668532,0.6218000170064086,0.779810001173094,0.22018998586732627,1.2959572667620621e-08,0.9999999999999929,7.105427357601002e-15,constant-generator matrix exponential Pade(13),2,dimensionless populations/per-encounter yields,dimensionless per encounter unless field name gives s^-1 or s,True,"Illustrative one-factor-at-a-time grid; bounds are not measured ranges or probability priors. Results are populations and per-encounter yields, not concentrations or biological fluxes. No encounter yield is converted to molarity, and no continuous biological ROS source is modeled.",1d8208b504af787754e184f77640f85675b5b634,01e64b526ae9ed2d5f192ae14068302e806c1e8b44576f4b4eb4b5f83a8e8039,configs/doxorubicin_parameters.json,b14b641f69afb70af9ff7557a062c2ce00e0b0cb74381ba69fcfaad4f17f04af,configs/parameter_provenance.csv,86c4261fcb9616a643db79340fe0b7398ba10a5c46464e67e8b697bcfc3a4ec9
mix_escape_kqkd_10,unpolarized,unpolarized I6/6,,0.33333333333333337,1000000.0,8.0,8e-06,0.21544346900318834,215443.46900318834,0.1,100000.0,0.1,100000.0,100.0,100000000.0,1.0,1000000.0,10.0,10000000.0,0.0,0.0,0.0,0.003299973727242171,0.06060933214077127,0.06390930586801344,0.9360906941319296,0.0,0.999999999999943,5.695444116327053e-14,constant-generator matrix exponential Pade(13),2,dimensionless populations/per-encounter yields,dimensionless per encounter unless field name gives s^-1 or s,True,"Illustrative one-factor-at-a-time grid; bounds are not measured ranges or probability priors. Results are populations and per-encounter yields, not concentrations or biological fluxes. No encounter yield is converted to molarity, and no continuous biological ROS source is modeled.",1d8208b504af787754e184f77640f85675b5b634,01e64b526ae9ed2d5f192ae14068302e806c1e8b44576f4b4eb4b5f83a8e8039,configs/doxorubicin_parameters.json,b14b641f69afb70af9ff7557a062c2ce00e0b0cb74381ba69fcfaad4f17f04af,configs/parameter_provenance.csv,86c4261fcb9616a643db79340fe0b7398ba10a5c46464e67e8b697bcfc3a4ec9
mix_escape_kqkd_10,unpolarized,unpolarized I6/6,,0.33333333333333337,1000000.0,8.0,8e-06,1.0,1000000.0,0.1,100000.0,0.1,100000.0,0.0,0.0,1.0,1000000.0,10.0,10000000.0,1.8812611333505806e-05,4.903449145045104e-07,1.9302956248010316e-05,0.2815496867570695,0.7184310102866795,0.999980697043749,0.0,1.9302956248010316e-05,0.999999999999997,2.9976021664879227e-15,constant-generator matrix exponential Pade(13),2,dimensionless populations/per-encounter yields,dimensionless per encounter unless field name gives s^-1 or s,True,"Illustrative one-factor-at-a-time grid; bounds are not measured ranges or probability priors. Results are populations and per-encounter yields, not concentrations or biological fluxes. No encounter yield is converted to molarity, and no continuous biological ROS source is modeled.",1d8208b504af787754e184f77640f85675b5b634,01e64b526ae9ed2d5f192ae14068302e806c1e8b44576f4b4eb4b5f83a8e8039,configs/doxorubicin_parameters.json,b14b641f69afb70af9ff7557a062c2ce00e0b0cb74381ba69fcfaad4f17f04af,configs/parameter_provenance.csv,86c4261fcb9616a643db79340fe0b7398ba10a5c46464e67e8b697bcfc3a4ec9
mix_escape_kqkd_10,unpolarized,unpolarized I6/6,,0.33333333333333337,1000000.0,8.0,8e-06,1.0,1000000.0,0.1,100000.0,0.1,100000.0,0.01,10000.0,1.0,1000000.0,10.0,10000000.0,1.736622904017775e-05,4.526454059466738e-07,1.7818874446124425e-05,0.2792606423213417,0.7172117206603359,0.9964723629816776,0.0035098181438737537,1.7818874446124425e-05,0.9999999999999974,2.55351295663786e-15,constant-generator matrix exponential Pade(13),2,dimensionless populations/per-encounter yields,dimensionless per encounter unless field name gives s^-1 or s,True,"Illustrative one-factor-at-a-time grid; bounds are not measured ranges or probability priors. Results are populations and per-encounter yields, not concentrations or biological fluxes. No encounter yield is converted to molarity, and no continuous biological ROS source is modeled.",1d8208b504af787754e184f77640f85675b5b634,01e64b526ae9ed2d5f192ae14068302e806c1e8b44576f4b4eb4b5f83a8e8039,configs/doxorubicin_parameters.json,b14b641f69afb70af9ff7557a062c2ce00e0b0cb74381ba69fcfaad4f17f04af,configs/parameter_provenance.csv,86c4261fcb9616a643db79340fe0b7398ba10a5c46464e67e8b697bcfc3a4ec9
mix_escape_kqkd_10,unpolarized,unpolarized I6/6,,0.33333333333333337,1000000.0,8.0,8e-06,1.0,1000000.0,0.1,100000.0,0.1,100000.0,0.21544346900318834,215443.46900318834,1.0,1000000.0,10.0,10000000.0,3.356771699966837e-06,8.749321947133792e-08,3.444264919438175e-06,0.23924957112822326,0.6942451683056151,0.9334947394338384,0.06650181630123587,3.444264919438175e-06,0.9999999999999937,6.328271240363392e-15,constant-generator matrix exponential Pade(13),2,dimensionless populations/per-encounter yields,dimensionless per encounter unless field name gives s^-1 or s,True,"Illustrative one-factor-at-a-time grid; bounds are not measured ranges or probability priors. Results are populations and per-encounter yields, not concentrations or biological fluxes. No encounter yield is converted to molarity, and no continuous biological ROS source is modeled.",1d8208b504af787754e184f77640f85675b5b634,01e64b526ae9ed2d5f192ae14068302e806c1e8b44576f4b4eb4b5f83a8e8039,configs/doxorubicin_parameters.json,b14b641f69afb70af9ff7557a062c2ce00e0b0cb74381ba69fcfaad4f17f04af,configs/parameter_provenance.csv,86c4261fcb9616a643db79340fe0b7398ba10a5c46464e67e8b697bcfc3a4ec9
mix_escape_kqkd_10,unpolarized,unpolarized I6/6,,0.33333333333333337,1000000.0,8.0,8e-06,1.0,1000000.0,0.1,100000.0,0.1,100000.0,1.0,1000000.0,1.0,1000000.0,10.0,10000000.0,6.310928035646402e-09,1.6449239359831173e-10,6.475420429244714e-09,0.15440984628603635,0.628345728138636,0.7827555744246724,0.2172444190999,6.475420429244714e-09,0.9999999999999928,7.216449660063518e-15,constant-generator matrix exponential Pade(13),2,dimensionless populations/per-encounter yields,dimensionless per encounter unless field name gives s^-1 or s,True,"Illustrative one-factor-at-a-time grid; bounds are not measured ranges or probability priors. Results are populations and per-encounter yields, not concentrations or biological fluxes. No encounter yield is converted to molarity, and no continuous biological ROS source is modeled.",1d8208b504af787754e184f77640f85675b5b634,01e64b526ae9ed2d5f192ae14068302e806c1e8b44576f4b4eb4b5f83a8e8039,configs/doxorubicin_parameters.json,b14b641f69afb70af9ff7557a062c2ce00e0b0cb74381ba69fcfaad4f17f04af,configs/parameter_provenance.csv,86c4261fcb9616a643db79340fe0b7398ba10a5c46464e67e8b697bcfc3a4ec9
mix_escape_kqkd_10,unpolarized,unpolarized I6/6,,0.33333333333333337,1000000.0,8.0,8e-06,1.0,1000000.0,0.1,100000.0,0.1,100000.0,100.0,100000000.0,1.0,1000000.0,10.0,10000000.0,0.0,0.0,0.0,0.003299963049605904,0.06060943018088606,0.06390939323049197,0.936090606769451,0.0,0.9999999999999429,5.706546346573305e-14,constant-generator matrix exponential Pade(13),2,dimensionless populations/per-encounter yields,dimensionless per encounter unless field name gives s^-1 or s,True,"Illustrative one-factor-at-a-time grid; bounds are not measured ranges or probability priors. Results are populations and per-encounter yields, not concentrations or biological fluxes. No encounter yield is converted to molarity, and no continuous biological ROS source is modeled.",1d8208b504af787754e184f77640f85675b5b634,01e64b526ae9ed2d5f192ae14068302e806c1e8b44576f4b4eb4b5f83a8e8039,configs/doxorubicin_parameters.json,b14b641f69afb70af9ff7557a062c2ce00e0b0cb74381ba69fcfaad4f17f04af,configs/parameter_provenance.csv,86c4261fcb9616a643db79340fe0b7398ba10a5c46464e67e8b697bcfc3a4ec9
mix_escape_kqkd_10,unpolarized,unpolarized I6/6,,0.33333333333333337,1000000.0,8.0,8e-06,100.0,100000000.0,0.1,100000.0,0.1,100000.0,0.0,0.0,1.0,1000000.0,10.0,10000000.0,9.370359276682684e-16,5.032673964973882e-16,1.4403033241656569e-15,0.07084278040533376,0.9291572195946366,0.9999999999999704,0.0,1.4403033241656569e-15,0.9999999999999718,2.8199664825478976e-14,constant-generator matrix exponential Pade(13),2,dimensionless populations/per-encounter yields,dimensionless per encounter unless field name gives s^-1 or s,True,"Illustrative one-factor-at-a-time grid; bounds are not measured ranges or probability priors. Results are populations and per-encounter yields, not concentrations or biological fluxes. No encounter yield is converted to molarity, and no continuous biological ROS source is modeled.",1d8208b504af787754e184f77640f85675b5b634,01e64b526ae9ed2d5f192ae14068302e806c1e8b44576f4b4eb4b5f83a8e8039,configs/doxorubicin_parameters.json,b14b641f69afb70af9ff7557a062c2ce00e0b0cb74381ba69fcfaad4f17f04af,configs/parameter_provenance.csv,86c4261fcb9616a643db79340fe0b7398ba10a5c46464e67e8b697bcfc3a4ec9
mix_escape_kqkd_10,unpolarized,unpolarized I6/6,,0.33333333333333337,1000000.0,8.0,8e-06,100.0,100000000.0,0.1,100000.0,0.1,100000.0,0.01,10000.0,1.0,1000000.0,10.0,10000000.0,8.649931819821729e-16,4.645743603101986e-16,1.3295675422923715e-15,0.07068653353260394,0.9276789222098314,0.9983654557424353,0.0016345442575358715,1.3295675422923715e-15,0.9999999999999725,2.7533531010703882e-14,constant-generator matrix exponential Pade(13),2,dimensionless populations/per-encounter yields,dimensionless per encounter unless field name gives s^-1 or s,True,"Illustrative one-factor-at-a-time grid; bounds are not measured ranges or probability priors. Results are populations and per-encounter yields, not concentrations or biological fluxes. No encounter yield is converted to molarity, and no continuous biological ROS source is modeled.",1d8208b504af787754e184f77640f85675b5b634,01e64b526ae9ed2d5f192ae14068302e806c1e8b44576f4b4eb4b5f83a8e8039,configs/doxorubicin_parameters.json,b14b641f69afb70af9ff7557a062c2ce00e0b0cb74381ba69fcfaad4f17f04af,configs/parameter_provenance.csv,86c4261fcb9616a643db79340fe0b7398ba10a5c46464e67e8b697bcfc3a4ec9
mix_escape_kqkd_10,unpolarized,unpolarized I6/6,,0.33333333333333337,1000000.0,8.0,8e-06,100.0,100000000.0,0.1,100000.0,0.1,100000.0,0.21544346900318834,215443.46900318834,1.0,1000000.0,10.0,10000000.0,1.6719718640266635e-16,8.979900366461455e-17,2.569961900672809e-16,0.06762710169275182,0.8984466349452187,0.9660737366379706,0.033926263362001746,2.569961900672809e-16,0.9999999999999726,2.7422508708241367e-14,constant-generator matrix exponential Pade(13),2,dimensionless populations/per-encounter yields,dimensionless per encounter unless field name gives s^-1 or s,True,"Illustrative one-factor-at-a-time grid; bounds are not measured ranges or probability priors. Results are populations and per-encounter yields, not concentrations or biological fluxes. No encounter yield is converted to molarity, and no continuous biological ROS source is modeled.",1d8208b504af787754e184f77640f85675b5b634,01e64b526ae9ed2d5f192ae14068302e806c1e8b44576f4b4eb4b5f83a8e8039,configs/doxorubicin_parameters.json,b14b641f69afb70af9ff7557a062c2ce00e0b0cb74381ba69fcfaad4f17f04af,configs/parameter_provenance.csv,86c4261fcb9616a643db79340fe0b7398ba10a5c46464e67e8b697bcfc3a4ec9
mix_escape_kqkd_10,unpolarized,unpolarized I6/6,,0.33333333333333337,1000000.0,8.0,8e-06,100.0,100000000.0,0.1,100000.0,0.1,100000.0,1.0,1000000.0,1.0,1000000.0,10.0,10000000.0,3.143405347346571e-19,1.6882740336666445e-19,4.831679381013217e-19,0.058086839275464125,0.8034784740445846,0.8615653133200487,0.13843468667992256,4.831679381013217e-19,0.9999999999999712,2.8754776337791554e-14,constant-generator matrix exponential Pade(13),2,dimensionless populations/per-encounter yields,dimensionless per encounter unless field name gives s^-1 or s,True,"Illustrative one-factor-at-a-time grid; bounds are not measured ranges or probability priors. Results are populations and per-encounter yields, not concentrations or biological fluxes. No encounter yield is converted to molarity, and no continuous biological ROS source is modeled.",1d8208b504af787754e184f77640f85675b5b634,01e64b526ae9ed2d5f192ae14068302e806c1e8b44576f4b4eb4b5f83a8e8039,configs/doxorubicin_parameters.json,b14b641f69afb70af9ff7557a062c2ce00e0b0cb74381ba69fcfaad4f17f04af,configs/parameter_provenance.csv,86c4261fcb9616a643db79340fe0b7398ba10a5c46464e67e8b697bcfc3a4ec9
mix_escape_kqkd_10,unpolarized,unpolarized I6/6,,0.33333333333333337,1000000.0,8.0,8e-06,100.0,100000000.0,0.1,100000.0,0.1,100000.0,100.0,100000000.0,1.0,1000000.0,10.0,10000000.0,0.0,0.0,0.0,0.003240926469863449,0.06115149332215771,0.06439241979202116,0.9356075802079219,0.0,0.999999999999943,5.695444116327053e-14,constant-generator matrix exponential Pade(13),2,dimensionless populations/per-encounter yields,dimensionless per encounter unless field name gives s^-1 or s,True,"Illustrative one-factor-at-a-time grid; bounds are not measured ranges or probability priors. Results are populations and per-encounter yields, not concentrations or biological fluxes. No encounter yield is converted to molarity, and no continuous biological ROS source is modeled.",1d8208b504af787754e184f77640f85675b5b634,01e64b526ae9ed2d5f192ae14068302e806c1e8b44576f4b4eb4b5f83a8e8039,configs/doxorubicin_parameters.json,b14b641f69afb70af9ff7557a062c2ce00e0b0cb74381ba69fcfaad4f17f04af,configs/parameter_provenance.csv,86c4261fcb9616a643db79340fe0b7398ba10a5c46464e67e8b697bcfc3a4ec9
