scenario_id,initial_state,initial_state_definition,p_doublet_requested,p_doublet_initial,time_s,normalized_time,surviving_doublet_population,surviving_quartet_population,total_survival,cumulative_doublet_reaction_yield,cumulative_quartet_reaction_yield,cumulative_escape_yield,cumulative_primary_superoxide_yield,reference_rate_s^-1,duration_s,mixing_over_reference,local_mixing_proxy_rad_s,radical_relaxation_over_reference,radical_relaxation_s^-1,oxygen_relaxation_over_reference,oxygen_relaxation_s^-1,escape_over_reference,k_escape_s^-1,kd_over_reference,k_doublet_s^-1,kq_over_kd,k_quartet_s^-1,solver,solver_samples,non_predictive,output_class,units,limitations,git_commit,source_fingerprint_sha256,config_path,config_sha256,provenance_path,provenance_sha256
illustrative_benchmark,unpolarized,unpolarized,,0.33333333333333337,0.0,0.0,0.33333333333333337,0.6666666666666666,0.9999999999999999,0.0,0.0,0.0,0.0,1000000.0,8e-06,1.0,1000000.0,0.1,100000.0,0.1,100000.0,1.0,1000000.0,1.0,1000000.0,0.1,100000.0,constant-generator matrix exponential Pade(13),61,True,dimensionless populations/per-encounter cumulative yields,dimensionless except time_s and reference_rate_s^-1,"Illustrative one-factor-at-a-time grid; bounds are not measured ranges or probability priors. Results are populations and per-encounter yields, not concentrations or biological fluxes. No encounter yield is converted to molarity, and no continuous biological ROS source is modeled.",1d8208b504af787754e184f77640f85675b5b634,01e64b526ae9ed2d5f192ae14068302e806c1e8b44576f4b4eb4b5f83a8e8039,configs/doxorubicin_parameters.json,b14b641f69afb70af9ff7557a062c2ce00e0b0cb74381ba69fcfaad4f17f04af,configs/parameter_provenance.csv,86c4261fcb9616a643db79340fe0b7398ba10a5c46464e67e8b697bcfc3a4ec9
illustrative_benchmark,unpolarized,unpolarized,,0.33333333333333337,1.3333333333333334e-07,0.13333333333333333,0.2556318406226339,0.5753860398984412,0.8310178805210752,0.03902665196634232,0.008266255958749108,0.12168921155383339,0.04729290792509143,1000000.0,8e-06,1.0,1000000.0,0.1,100000.0,0.1,100000.0,1.0,1000000.0,1.0,1000000.0,0.1,100000.0,constant-generator matrix exponential Pade(13),61,True,dimensionless populations/per-encounter cumulative yields,dimensionless except time_s and reference_rate_s^-1,"Illustrative one-factor-at-a-time grid; bounds are not measured ranges or probability priors. Results are populations and per-encounter yields, not concentrations or biological fluxes. No encounter yield is converted to molarity, and no continuous biological ROS source is modeled.",1d8208b504af787754e184f77640f85675b5b634,01e64b526ae9ed2d5f192ae14068302e806c1e8b44576f4b4eb4b5f83a8e8039,configs/doxorubicin_parameters.json,b14b641f69afb70af9ff7557a062c2ce00e0b0cb74381ba69fcfaad4f17f04af,configs/parameter_provenance.csv,86c4261fcb9616a643db79340fe0b7398ba10a5c46464e67e8b697bcfc3a4ec9
illustrative_benchmark,unpolarized,unpolarized,,0.33333333333333337,2.6666666666666667e-07,0.26666666666666666,0.19669737646681829,0.4959431448197423,0.6926405212865605,0.06900066760425773,0.01539619486408399,0.2229626162450976,0.08439686246834172,1000000.0,8e-06,1.0,1000000.0,0.1,100000.0,0.1,100000.0,1.0,1000000.0,1.0,1000000.0,0.1,100000.0,constant-generator matrix exponential Pade(13),61,True,dimensionless populations/per-encounter cumulative yields,dimensionless except time_s and reference_rate_s^-1,"Illustrative one-factor-at-a-time grid; bounds are not measured ranges or probability priors. Results are populations and per-encounter yields, not concentrations or biological fluxes. No encounter yield is converted to molarity, and no continuous biological ROS source is modeled.",1d8208b504af787754e184f77640f85675b5b634,01e64b526ae9ed2d5f192ae14068302e806c1e8b44576f4b4eb4b5f83a8e8039,configs/doxorubicin_parameters.json,b14b641f69afb70af9ff7557a062c2ce00e0b0cb74381ba69fcfaad4f17f04af,configs/parameter_provenance.csv,86c4261fcb9616a643db79340fe0b7398ba10a5c46464e67e8b697bcfc3a4ec9
illustrative_benchmark,unpolarized,unpolarized,,0.33333333333333337,4e-07,0.39999999999999997,0.15204576292995742,0.42681950772779226,0.5788652706577497,0.09211256698511917,0.02153723594291016,0.30748492641422076,0.11364980292802934,1000000.0,8e-06,1.0,1000000.0,0.1,100000.0,0.1,100000.0,1.0,1000000.0,1.0,1000000.0,0.1,100000.0,constant-generator matrix exponential Pade(13),61,True,dimensionless populations/per-encounter cumulative yields,dimensionless except time_s and reference_rate_s^-1,"Illustrative one-factor-at-a-time grid; bounds are not measured ranges or probability priors. Results are populations and per-encounter yields, not concentrations or biological fluxes. No encounter yield is converted to molarity, and no continuous biological ROS source is modeled.",1d8208b504af787754e184f77640f85675b5b634,01e64b526ae9ed2d5f192ae14068302e806c1e8b44576f4b4eb4b5f83a8e8039,configs/doxorubicin_parameters.json,b14b641f69afb70af9ff7557a062c2ce00e0b0cb74381ba69fcfaad4f17f04af,configs/parameter_provenance.csv,86c4261fcb9616a643db79340fe0b7398ba10a5c46464e67e8b697bcfc3a4ec9
illustrative_benchmark,unpolarized,unpolarized,,0.33333333333333337,5.333333333333333e-07,0.5333333333333333,0.11821961546337742,0.3667282588580829,0.4849478743214603,0.11002614889189441,0.02681816617225007,0.37820781061439507,0.1368443150641445,1000000.0,8e-06,1.0,1000000.0,0.1,100000.0,0.1,100000.0,1.0,1000000.0,1.0,1000000.0,0.1,100000.0,constant-generator matrix exponential Pade(13),61,True,dimensionless populations/per-encounter cumulative yields,dimensionless except time_s and reference_rate_s^-1,"Illustrative one-factor-at-a-time grid; bounds are not measured ranges or probability priors. Results are populations and per-encounter yields, not concentrations or biological fluxes. No encounter yield is converted to molarity, and no continuous biological ROS source is modeled.",1d8208b504af787754e184f77640f85675b5b634,01e64b526ae9ed2d5f192ae14068302e806c1e8b44576f4b4eb4b5f83a8e8039,configs/doxorubicin_parameters.json,b14b641f69afb70af9ff7557a062c2ce00e0b0cb74381ba69fcfaad4f17f04af,configs/parameter_provenance.csv,86c4261fcb9616a643db79340fe0b7398ba10a5c46464e67e8b697bcfc3a4ec9
illustrative_benchmark,unpolarized,unpolarized,,0.33333333333333337,6.666666666666667e-07,0.6666666666666667,0.09256811575977039,0.3145611161822158,0.40712923194198625,0.12400018903651408,0.031351853634998664,0.4375187253865007,0.15535204267151276,1000000.0,8e-06,1.0,1000000.0,0.1,100000.0,0.1,100000.0,1.0,1000000.0,1.0,1000000.0,0.1,100000.0,constant-generator matrix exponential Pade(13),61,True,dimensionless populations/per-encounter cumulative yields,dimensionless except time_s and reference_rate_s^-1,"Illustrative one-factor-at-a-time grid; bounds are not measured ranges or probability priors. Results are populations and per-encounter yields, not concentrations or biological fluxes. No encounter yield is converted to molarity, and no continuous biological ROS source is modeled.",1d8208b504af787754e184f77640f85675b5b634,01e64b526ae9ed2d5f192ae14068302e806c1e8b44576f4b4eb4b5f83a8e8039,configs/doxorubicin_parameters.json,b14b641f69afb70af9ff7557a062c2ce00e0b0cb74381ba69fcfaad4f17f04af,configs/parameter_provenance.csv,86c4261fcb9616a643db79340fe0b7398ba10a5c46464e67e8b697bcfc3a4ec9
illustrative_benchmark,unpolarized,unpolarized,,0.33333333333333337,8e-07,0.7999999999999999,0.07307001309373004,0.26935145064983285,0.34242146374356297,0.1349837457906669,0.035237367697736624,0.4873574227680331,0.17022111348840352,1000000.0,8e-06,1.0,1000000.0,0.1,100000.0,0.1,100000.0,1.0,1000000.0,1.0,1000000.0,0.1,100000.0,constant-generator matrix exponential Pade(13),61,True,dimensionless populations/per-encounter cumulative yields,dimensionless except time_s and reference_rate_s^-1,"Illustrative one-factor-at-a-time grid; bounds are not measured ranges or probability priors. Results are populations and per-encounter yields, not concentrations or biological fluxes. No encounter yield is converted to molarity, and no continuous biological ROS source is modeled.",1d8208b504af787754e184f77640f85675b5b634,01e64b526ae9ed2d5f192ae14068302e806c1e8b44576f4b4eb4b5f83a8e8039,configs/doxorubicin_parameters.json,b14b641f69afb70af9ff7557a062c2ce00e0b0cb74381ba69fcfaad4f17f04af,configs/parameter_provenance.csv,86c4261fcb9616a643db79340fe0b7398ba10a5c46464e67e8b697bcfc3a4ec9
illustrative_benchmark,unpolarized,unpolarized,,0.33333333333333337,9.333333333333333e-07,0.9333333333333333,0.058192369287129994,0.23024843983563123,0.2884408091227612,0.14369032619121466,0.038561685317709905,0.529307179368314,0.18225201150892456,1000000.0,8e-06,1.0,1000000.0,0.1,100000.0,0.1,100000.0,1.0,1000000.0,1.0,1000000.0,0.1,100000.0,constant-generator matrix exponential Pade(13),61,True,dimensionless populations/per-encounter cumulative yields,dimensionless except time_s and reference_rate_s^-1,"Illustrative one-factor-at-a-time grid; bounds are not measured ranges or probability priors. Results are populations and per-encounter yields, not concentrations or biological fluxes. No encounter yield is converted to molarity, and no continuous biological ROS source is modeled.",1d8208b504af787754e184f77640f85675b5b634,01e64b526ae9ed2d5f192ae14068302e806c1e8b44576f4b4eb4b5f83a8e8039,configs/doxorubicin_parameters.json,b14b641f69afb70af9ff7557a062c2ce00e0b0cb74381ba69fcfaad4f17f04af,configs/parameter_provenance.csv,86c4261fcb9616a643db79340fe0b7398ba10a5c46464e67e8b697bcfc3a4ec9
illustrative_benchmark,unpolarized,unpolarized,,0.33333333333333337,1.0666666666666667e-06,1.0666666666666667,0.04677861127422152,0.19649874510201557,0.2432773563762371,0.15065523774115747,0.04140110619467703,0.564666299687928,0.19205634393583448,1000000.0,8e-06,1.0,1000000.0,0.1,100000.0,0.1,100000.0,1.0,1000000.0,1.0,1000000.0,0.1,100000.0,constant-generator matrix exponential Pade(13),61,True,dimensionless populations/per-encounter cumulative yields,dimensionless except time_s and reference_rate_s^-1,"Illustrative one-factor-at-a-time grid; bounds are not measured ranges or probability priors. Results are populations and per-encounter yields, not concentrations or biological fluxes. No encounter yield is converted to molarity, and no continuous biological ROS source is modeled.",1d8208b504af787754e184f77640f85675b5b634,01e64b526ae9ed2d5f192ae14068302e806c1e8b44576f4b4eb4b5f83a8e8039,configs/doxorubicin_parameters.json,b14b641f69afb70af9ff7557a062c2ce00e0b0cb74381ba69fcfaad4f17f04af,configs/parameter_provenance.csv,86c4261fcb9616a643db79340fe0b7398ba10a5c46464e67e8b697bcfc3a4ec9
illustrative_benchmark,unpolarized,unpolarized,,0.33333333333333337,1.2e-06,1.2,0.037960420989650814,0.16743320824285216,0.20539362923250298,0.15627965878543784,0.04382245938151098,0.5945042526005476,0.2001021181669488,1000000.0,8e-06,1.0,1000000.0,0.1,100000.0,0.1,100000.0,1.0,1000000.0,1.0,1000000.0,0.1,100000.0,constant-generator matrix exponential Pade(13),61,True,dimensionless populations/per-encounter cumulative yields,dimensionless except time_s and reference_rate_s^-1,"Illustrative one-factor-at-a-time grid; bounds are not measured ranges or probability priors. Results are populations and per-encounter yields, not concentrations or biological fluxes. No encounter yield is converted to molarity, and no continuous biological ROS source is modeled.",1d8208b504af787754e184f77640f85675b5b634,01e64b526ae9ed2d5f192ae14068302e806c1e8b44576f4b4eb4b5f83a8e8039,configs/doxorubicin_parameters.json,b14b641f69afb70af9ff7557a062c2ce00e0b0cb74381ba69fcfaad4f17f04af,configs/parameter_provenance.csv,86c4261fcb9616a643db79340fe0b7398ba10a5c46464e67e8b697bcfc3a4ec9
illustrative_benchmark,unpolarized,unpolarized,,0.33333333333333337,1.3333333333333334e-06,1.3333333333333335,0.031088862387995714,0.14245684122772723,0.17354570361572297,0.16086428997867472,0.04588415603881153,0.6197058503667903,0.20674844601748626,1000000.0,8e-06,1.0,1000000.0,0.1,100000.0,0.1,100000.0,1.0,1000000.0,1.0,1000000.0,0.1,100000.0,constant-generator matrix exponential Pade(13),61,True,dimensionless populations/per-encounter cumulative yields,dimensionless except time_s and reference_rate_s^-1,"Illustrative one-factor-at-a-time grid; bounds are not measured ranges or probability priors. Results are populations and per-encounter yields, not concentrations or biological fluxes. No encounter yield is converted to molarity, and no continuous biological ROS source is modeled.",1d8208b504af787754e184f77640f85675b5b634,01e64b526ae9ed2d5f192ae14068302e806c1e8b44576f4b4eb4b5f83a8e8039,configs/doxorubicin_parameters.json,b14b641f69afb70af9ff7557a062c2ce00e0b0cb74381ba69fcfaad4f17f04af,configs/parameter_provenance.csv,86c4261fcb9616a643db79340fe0b7398ba10a5c46464e67e8b697bcfc3a4ec9
illustrative_benchmark,unpolarized,unpolarized,,0.33333333333333337,1.4666666666666667e-06,1.4666666666666666,0.025680915187012317,0.12104094444688744,0.14672185963389978,0.1646348884402405,0.04763712395323805,0.641006127972621,0.21227201239347854,1000000.0,8e-06,1.0,1000000.0,0.1,100000.0,0.1,100000.0,1.0,1000000.0,1.0,1000000.0,0.1,100000.0,constant-generator matrix exponential Pade(13),61,True,dimensionless populations/per-encounter cumulative yields,dimensionless except time_s and reference_rate_s^-1,"Illustrative one-factor-at-a-time grid; bounds are not measured ranges or probability priors. Results are populations and per-encounter yields, not concentrations or biological fluxes. No encounter yield is converted to molarity, and no continuous biological ROS source is modeled.",1d8208b504af787754e184f77640f85675b5b634,01e64b526ae9ed2d5f192ae14068302e806c1e8b44576f4b4eb4b5f83a8e8039,configs/doxorubicin_parameters.json,b14b641f69afb70af9ff7557a062c2ce00e0b0cb74381ba69fcfaad4f17f04af,configs/parameter_provenance.csv,86c4261fcb9616a643db79340fe0b7398ba10a5c46464e67e8b697bcfc3a4ec9
illustrative_benchmark,unpolarized,unpolarized,,0.33333333333333337,1.6e-06,1.5999999999999999,0.021378255432390376,0.10271658805287108,0.12409484348526147,0.16776152125372812,0.04912564672793469,0.659017988533075,0.2168871679816628,1000000.0,8e-06,1.0,1000000.0,0.1,100000.0,0.1,100000.0,1.0,1000000.0,1.0,1000000.0,0.1,100000.0,constant-generator matrix exponential Pade(13),61,True,dimensionless populations/per-encounter cumulative yields,dimensionless except time_s and reference_rate_s^-1,"Illustrative one-factor-at-a-time grid; bounds are not measured ranges or probability priors. Results are populations and per-encounter yields, not concentrations or biological fluxes. No encounter yield is converted to molarity, and no continuous biological ROS source is modeled.",1d8208b504af787754e184f77640f85675b5b634,01e64b526ae9ed2d5f192ae14068302e806c1e8b44576f4b4eb4b5f83a8e8039,configs/doxorubicin_parameters.json,b14b641f69afb70af9ff7557a062c2ce00e0b0cb74381ba69fcfaad4f17f04af,configs/parameter_provenance.csv,86c4261fcb9616a643db79340fe0b7398ba10a5c46464e67e8b697bcfc3a4ec9
illustrative_benchmark,unpolarized,unpolarized,,0.33333333333333337,1.7333333333333334e-06,1.7333333333333334,0.017915699065457084,0.0870689693041693,0.10498466836962639,0.1703729930656068,0.05038812231810538,0.6742542162466607,0.22076111538371218,1000000.0,8e-06,1.0,1000000.0,0.1,100000.0,0.1,100000.0,1.0,1000000.0,1.0,1000000.0,0.1,100000.0,constant-generator matrix exponential Pade(13),61,True,dimensionless populations/per-encounter cumulative yields,dimensionless except time_s and reference_rate_s^-1,"Illustrative one-factor-at-a-time grid; bounds are not measured ranges or probability priors. Results are populations and per-encounter yields, not concentrations or biological fluxes. No encounter yield is converted to molarity, and no continuous biological ROS source is modeled.",1d8208b504af787754e184f77640f85675b5b634,01e64b526ae9ed2d5f192ae14068302e806c1e8b44576f4b4eb4b5f83a8e8039,configs/doxorubicin_parameters.json,b14b641f69afb70af9ff7557a062c2ce00e0b0cb74381ba69fcfaad4f17f04af,configs/parameter_provenance.csv,86c4261fcb9616a643db79340fe0b7398ba10a5c46464e67e8b697bcfc3a4ec9
illustrative_benchmark,unpolarized,unpolarized,,0.33333333333333337,1.8666666666666667e-06,1.8666666666666667,0.015097213593478641,0.07373234849528287,0.08882956208876153,0.17256759154591658,0.051457750438127677,0.6871450959271933,0.22402534198404425,1000000.0,8e-06,1.0,1000000.0,0.1,100000.0,0.1,100000.0,1.0,1000000.0,1.0,1000000.0,0.1,100000.0,constant-generator matrix exponential Pade(13),61,True,dimensionless populations/per-encounter cumulative yields,dimensionless except time_s and reference_rate_s^-1,"Illustrative one-factor-at-a-time grid; bounds are not measured ranges or probability priors. Results are populations and per-encounter yields, not concentrations or biological fluxes. No encounter yield is converted to molarity, and no continuous biological ROS source is modeled.",1d8208b504af787754e184f77640f85675b5b634,01e64b526ae9ed2d5f192ae14068302e806c1e8b44576f4b4eb4b5f83a8e8039,configs/doxorubicin_parameters.json,b14b641f69afb70af9ff7557a062c2ce00e0b0cb74381ba69fcfaad4f17f04af,configs/parameter_provenance.csv,86c4261fcb9616a643db79340fe0b7398ba10a5c46464e67e8b697bcfc3a4ec9
illustrative_benchmark,unpolarized,unpolarized,,0.33333333333333337,2e-06,2.0,0.012777813285239505,0.062385391764779405,0.07516320505001892,0.17442104333186484,0.05236315529875003,0.6980525963193653,0.22678419863061489,1000000.0,8e-06,1.0,1000000.0,0.1,100000.0,0.1,100000.0,1.0,1000000.0,1.0,1000000.0,0.1,100000.0,constant-generator matrix exponential Pade(13),61,True,dimensionless populations/per-encounter cumulative yields,dimensionless except time_s and reference_rate_s^-1,"Illustrative one-factor-at-a-time grid; bounds are not measured ranges or probability priors. Results are populations and per-encounter yields, not concentrations or biological fluxes. No encounter yield is converted to molarity, and no continuous biological ROS source is modeled.",1d8208b504af787754e184f77640f85675b5b634,01e64b526ae9ed2d5f192ae14068302e806c1e8b44576f4b4eb4b5f83a8e8039,configs/doxorubicin_parameters.json,b14b641f69afb70af9ff7557a062c2ce00e0b0cb74381ba69fcfaad4f17f04af,configs/parameter_provenance.csv,86c4261fcb9616a643db79340fe0b7398ba10a5c46464e67e8b697bcfc3a4ec9
illustrative_benchmark,unpolarized,unpolarized,,0.33333333333333337,2.1333333333333334e-06,2.1333333333333333,0.010849994128093558,0.052746829426234904,0.06359682355432847,0.1759923719073489,0.05312894842099751,0.7072818561173241,0.22912132032834642,1000000.0,8e-06,1.0,1000000.0,0.1,100000.0,0.1,100000.0,1.0,1000000.0,1.0,1000000.0,0.1,100000.0,constant-generator matrix exponential Pade(13),61,True,dimensionless populations/per-encounter cumulative yields,dimensionless except time_s and reference_rate_s^-1,"Illustrative one-factor-at-a-time grid; bounds are not measured ranges or probability priors. Results are populations and per-encounter yields, not concentrations or biological fluxes. No encounter yield is converted to molarity, and no continuous biological ROS source is modeled.",1d8208b504af787754e184f77640f85675b5b634,01e64b526ae9ed2d5f192ae14068302e806c1e8b44576f4b4eb4b5f83a8e8039,configs/doxorubicin_parameters.json,b14b641f69afb70af9ff7557a062c2ce00e0b0cb74381ba69fcfaad4f17f04af,configs/parameter_provenance.csv,86c4261fcb9616a643db79340fe0b7398ba10a5c46464e67e8b697bcfc3a4ec9
illustrative_benchmark,unpolarized,unpolarized,,0.33333333333333337,2.266666666666667e-06,2.266666666666667,0.009233645123970263,0.04457138733757191,0.05380503246154217,0.1773281890152556,0.05377623540981323,0.7150905431133878,0.23110442442506884,1000000.0,8e-06,1.0,1000000.0,0.1,100000.0,0.1,100000.0,1.0,1000000.0,1.0,1000000.0,0.1,100000.0,constant-generator matrix exponential Pade(13),61,True,dimensionless populations/per-encounter cumulative yields,dimensionless except time_s and reference_rate_s^-1,"Illustrative one-factor-at-a-time grid; bounds are not measured ranges or probability priors. Results are populations and per-encounter yields, not concentrations or biological fluxes. No encounter yield is converted to molarity, and no continuous biological ROS source is modeled.",1d8208b504af787754e184f77640f85675b5b634,01e64b526ae9ed2d5f192ae14068302e806c1e8b44576f4b4eb4b5f83a8e8039,configs/doxorubicin_parameters.json,b14b641f69afb70af9ff7557a062c2ce00e0b0cb74381ba69fcfaad4f17f04af,configs/parameter_provenance.csv,86c4261fcb9616a643db79340fe0b7398ba10a5c46464e67e8b697bcfc3a4ec9
illustrative_benchmark,unpolarized,unpolarized,,0.33333333333333337,2.4e-06,2.4,0.00786860098165232,0.037645976397872705,0.04551457737952502,0.17846582517226872,0.0543230702069033,0.7216965272413016,0.23278889537917202,1000000.0,8e-06,1.0,1000000.0,0.1,100000.0,0.1,100000.0,1.0,1000000.0,1.0,1000000.0,0.1,100000.0,constant-generator matrix exponential Pade(13),61,True,dimensionless populations/per-encounter cumulative yields,dimensionless except time_s and reference_rate_s^-1,"Illustrative one-factor-at-a-time grid; bounds are not measured ranges or probability priors. Results are populations and per-encounter yields, not concentrations or biological fluxes. No encounter yield is converted to molarity, and no continuous biological ROS source is modeled.",1d8208b504af787754e184f77640f85675b5b634,01e64b526ae9ed2d5f192ae14068302e806c1e8b44576f4b4eb4b5f83a8e8039,configs/doxorubicin_parameters.json,b14b641f69afb70af9ff7557a062c2ce00e0b0cb74381ba69fcfaad4f17f04af,configs/parameter_provenance.csv,86c4261fcb9616a643db79340fe0b7398ba10a5c46464e67e8b697bcfc3a4ec9
illustrative_benchmark,unpolarized,unpolarized,,0.33333333333333337,2.5333333333333334e-06,2.533333333333333,0.0067091858302311,0.031786138895334784,0.03849532472556588,0.1794356062811817,0.05478486024655176,0.7272842087466992,0.23422046652773346,1000000.0,8e-06,1.0,1000000.0,0.1,100000.0,0.1,100000.0,1.0,1000000.0,1.0,1000000.0,0.1,100000.0,constant-generator matrix exponential Pade(13),61,True,dimensionless populations/per-encounter cumulative yields,dimensionless except time_s and reference_rate_s^-1,"Illustrative one-factor-at-a-time grid; bounds are not measured ranges or probability priors. Results are populations and per-encounter yields, not concentrations or biological fluxes. No encounter yield is converted to molarity, and no continuous biological ROS source is modeled.",1d8208b504af787754e184f77640f85675b5b634,01e64b526ae9ed2d5f192ae14068302e806c1e8b44576f4b4eb4b5f83a8e8039,configs/doxorubicin_parameters.json,b14b641f69afb70af9ff7557a062c2ce00e0b0cb74381ba69fcfaad4f17f04af,configs/parameter_provenance.csv,86c4261fcb9616a643db79340fe0b7398ba10a5c46464e67e8b697bcfc3a4ec9
illustrative_benchmark,unpolarized,unpolarized,,0.33333333333333337,2.666666666666667e-06,2.666666666666667,0.005720245393868247,0.026832755341970167,0.03255300073583841,0.18026250684490133,0.05517472596130523,0.7320097664579535,0.23543723280620657,1000000.0,8e-06,1.0,1000000.0,0.1,100000.0,0.1,100000.0,1.0,1000000.0,1.0,1000000.0,0.1,100000.0,constant-generator matrix exponential Pade(13),61,True,dimensionless populations/per-encounter cumulative yields,dimensionless except time_s and reference_rate_s^-1,"Illustrative one-factor-at-a-time grid; bounds are not measured ranges or probability priors. Results are populations and per-encounter yields, not concentrations or biological fluxes. No encounter yield is converted to molarity, and no continuous biological ROS source is modeled.",1d8208b504af787754e184f77640f85675b5b634,01e64b526ae9ed2d5f192ae14068302e806c1e8b44576f4b4eb4b5f83a8e8039,configs/doxorubicin_parameters.json,b14b641f69afb70af9ff7557a062c2ce00e0b0cb74381ba69fcfaad4f17f04af,configs/parameter_provenance.csv,86c4261fcb9616a643db79340fe0b7398ba10a5c46464e67e8b697bcfc3a4ec9
illustrative_benchmark,unpolarized,unpolarized,,0.33333333333333337,2.8e-06,2.8,0.0048742824515064275,0.022649015235786624,0.02752329768729305,0.1809673514098968,0.05550381813571925,0.7360055327670892,0.23647116954561606,1000000.0,8e-06,1.0,1000000.0,0.1,100000.0,0.1,100000.0,1.0,1000000.0,1.0,1000000.0,0.1,100000.0,constant-generator matrix exponential Pade(13),61,True,dimensionless populations/per-encounter cumulative yields,dimensionless except time_s and reference_rate_s^-1,"Illustrative one-factor-at-a-time grid; bounds are not measured ranges or probability priors. Results are populations and per-encounter yields, not concentrations or biological fluxes. No encounter yield is converted to molarity, and no continuous biological ROS source is modeled.",1d8208b504af787754e184f77640f85675b5b634,01e64b526ae9ed2d5f192ae14068302e806c1e8b44576f4b4eb4b5f83a8e8039,configs/doxorubicin_parameters.json,b14b641f69afb70af9ff7557a062c2ce00e0b0cb74381ba69fcfaad4f17f04af,configs/parameter_provenance.csv,86c4261fcb9616a643db79340fe0b7398ba10a5c46464e67e8b697bcfc3a4ec9
illustrative_benchmark,unpolarized,unpolarized,,0.33333333333333337,2.9333333333333333e-06,2.933333333333333,0.004149402842934863,0.0191176523270449,0.023267055169979765,0.18156769092206573,0.05578159663508065,0.739383657272872,0.23734928755714638,1000000.0,8e-06,1.0,1000000.0,0.1,100000.0,0.1,100000.0,1.0,1000000.0,1.0,1000000.0,0.1,100000.0,constant-generator matrix exponential Pade(13),61,True,dimensionless populations/per-encounter cumulative yields,dimensionless except time_s and reference_rate_s^-1,"Illustrative one-factor-at-a-time grid; bounds are not measured ranges or probability priors. Results are populations and per-encounter yields, not concentrations or biological fluxes. No encounter yield is converted to molarity, and no continuous biological ROS source is modeled.",1d8208b504af787754e184f77640f85675b5b634,01e64b526ae9ed2d5f192ae14068302e806c1e8b44576f4b4eb4b5f83a8e8039,configs/doxorubicin_parameters.json,b14b641f69afb70af9ff7557a062c2ce00e0b0cb74381ba69fcfaad4f17f04af,configs/parameter_provenance.csv,86c4261fcb9616a643db79340fe0b7398ba10a5c46464e67e8b697bcfc3a4ec9
illustrative_benchmark,unpolarized,unpolarized,,0.33333333333333337,3.066666666666667e-06,3.066666666666667,0.003527851466458293,0.016138441016084214,0.019666292482542508,0.18207844666005601,0.05601607401794034,0.7422391868394592,0.23809452067799636,1000000.0,8e-06,1.0,1000000.0,0.1,100000.0,0.1,100000.0,1.0,1000000.0,1.0,1000000.0,0.1,100000.0,constant-generator matrix exponential Pade(13),61,True,dimensionless populations/per-encounter cumulative yields,dimensionless except time_s and reference_rate_s^-1,"Illustrative one-factor-at-a-time grid; bounds are not measured ranges or probability priors. Results are populations and per-encounter yields, not concentrations or biological fluxes. No encounter yield is converted to molarity, and no continuous biological ROS source is modeled.",1d8208b504af787754e184f77640f85675b5b634,01e64b526ae9ed2d5f192ae14068302e806c1e8b44576f4b4eb4b5f83a8e8039,configs/doxorubicin_parameters.json,b14b641f69afb70af9ff7557a062c2ce00e0b0cb74381ba69fcfaad4f17f04af,configs/parameter_provenance.csv,86c4261fcb9616a643db79340fe0b7398ba10a5c46464e67e8b697bcfc3a4ec9
illustrative_benchmark,unpolarized,unpolarized,,0.33333333333333337,3.2e-06,3.1999999999999997,0.0029949736037374014,0.013625946454517684,0.016620920058255086,0.1825123888912339,0.05621402746902502,0.744652663581484,0.2387264163602589,1000000.0,8e-06,1.0,1000000.0,0.1,100000.0,0.1,100000.0,1.0,1000000.0,1.0,1000000.0,0.1,100000.0,constant-generator matrix exponential Pade(13),61,True,dimensionless populations/per-encounter cumulative yields,dimensionless except time_s and reference_rate_s^-1,"Illustrative one-factor-at-a-time grid; bounds are not measured ranges or probability priors. Results are populations and per-encounter yields, not concentrations or biological fluxes. No encounter yield is converted to molarity, and no continuous biological ROS source is modeled.",1d8208b504af787754e184f77640f85675b5b634,01e64b526ae9ed2d5f192ae14068302e806c1e8b44576f4b4eb4b5f83a8e8039,configs/doxorubicin_parameters.json,b14b641f69afb70af9ff7557a062c2ce00e0b0cb74381ba69fcfaad4f17f04af,configs/parameter_provenance.csv,86c4261fcb9616a643db79340fe0b7398ba10a5c46464e67e8b697bcfc3a4ec9
illustrative_benchmark,unpolarized,unpolarized,,0.33333333333333337,3.3333333333333333e-06,3.3333333333333335,0.0025384798075838394,0.011507517317170857,0.014045997124754697,0.18288049842833967,0.05638118236532399,0.7466923220815793,0.23926168079366367,1000000.0,8e-06,1.0,1000000.0,0.1,100000.0,0.1,100000.0,1.0,1000000.0,1.0,1000000.0,0.1,100000.0,constant-generator matrix exponential Pade(13),61,True,dimensionless populations/per-encounter cumulative yields,dimensionless except time_s and reference_rate_s^-1,"Illustrative one-factor-at-a-time grid; bounds are not measured ranges or probability priors. Results are populations and per-encounter yields, not concentrations or biological fluxes. No encounter yield is converted to molarity, and no continuous biological ROS source is modeled.",1d8208b504af787754e184f77640f85675b5b634,01e64b526ae9ed2d5f192ae14068302e806c1e8b44576f4b4eb4b5f83a8e8039,configs/doxorubicin_parameters.json,b14b641f69afb70af9ff7557a062c2ce00e0b0cb74381ba69fcfaad4f17f04af,configs/parameter_provenance.csv,86c4261fcb9616a643db79340fe0b7398ba10a5c46464e67e8b697bcfc3a4ec9
illustrative_benchmark,unpolarized,unpolarized,,0.33333333333333337,3.466666666666667e-06,3.466666666666667,0.0021479252238552006,0.00972150733332267,0.011869432557177872,0.18319224530608733,0.05652237062096775,0.7484159515157647,0.23971461592705506,1000000.0,8e-06,1.0,1000000.0,0.1,100000.0,0.1,100000.0,1.0,1000000.0,1.0,1000000.0,0.1,100000.0,constant-generator matrix exponential Pade(13),61,True,dimensionless populations/per-encounter cumulative yields,dimensionless except time_s and reference_rate_s^-1,"Illustrative one-factor-at-a-time grid; bounds are not measured ranges or probability priors. Results are populations and per-encounter yields, not concentrations or biological fluxes. No encounter yield is converted to molarity, and no continuous biological ROS source is modeled.",1d8208b504af787754e184f77640f85675b5b634,01e64b526ae9ed2d5f192ae14068302e806c1e8b44576f4b4eb4b5f83a8e8039,configs/doxorubicin_parameters.json,b14b641f69afb70af9ff7557a062c2ce00e0b0cb74381ba69fcfaad4f17f04af,configs/parameter_provenance.csv,86c4261fcb9616a643db79340fe0b7398ba10a5c46464e67e8b697bcfc3a4ec9
illustrative_benchmark,unpolarized,unpolarized,,0.33333333333333337,3.6000000000000003e-06,3.6,0.0018143388142280257,0.008215709603013264,0.010030048417241292,0.18345580863136512,0.05664166675636601,0.7498724761950251,0.24009747538773113,1000000.0,8e-06,1.0,1000000.0,0.1,100000.0,0.1,100000.0,1.0,1000000.0,1.0,1000000.0,0.1,100000.0,constant-generator matrix exponential Pade(13),61,True,dimensionless populations/per-encounter cumulative yields,dimensionless except time_s and reference_rate_s^-1,"Illustrative one-factor-at-a-time grid; bounds are not measured ranges or probability priors. Results are populations and per-encounter yields, not concentrations or biological fluxes. No encounter yield is converted to molarity, and no continuous biological ROS source is modeled.",1d8208b504af787754e184f77640f85675b5b634,01e64b526ae9ed2d5f192ae14068302e806c1e8b44576f4b4eb4b5f83a8e8039,configs/doxorubicin_parameters.json,b14b641f69afb70af9ff7557a062c2ce00e0b0cb74381ba69fcfaad4f17f04af,configs/parameter_provenance.csv,86c4261fcb9616a643db79340fe0b7398ba10a5c46464e67e8b697bcfc3a4ec9
illustrative_benchmark,unpolarized,unpolarized,,0.33333333333333337,3.7333333333333333e-06,3.7333333333333334,0.0015299563014504838,0.006945986454805176,0.008475942756255657,0.183678254340594,0.05674250441477762,0.75110329848837,0.24042075875537164,1000000.0,8e-06,1.0,1000000.0,0.1,100000.0,0.1,100000.0,1.0,1000000.0,1.0,1000000.0,0.1,100000.0,constant-generator matrix exponential Pade(13),61,True,dimensionless populations/per-encounter cumulative yields,dimensionless except time_s and reference_rate_s^-1,"Illustrative one-factor-at-a-time grid; bounds are not measured ranges or probability priors. Results are populations and per-encounter yields, not concentrations or biological fluxes. No encounter yield is converted to molarity, and no continuous biological ROS source is modeled.",1d8208b504af787754e184f77640f85675b5b634,01e64b526ae9ed2d5f192ae14068302e806c1e8b44576f4b4eb4b5f83a8e8039,configs/doxorubicin_parameters.json,b14b641f69afb70af9ff7557a062c2ce00e0b0cb74381ba69fcfaad4f17f04af,configs/parameter_provenance.csv,86c4261fcb9616a643db79340fe0b7398ba10a5c46464e67e8b697bcfc3a4ec9
illustrative_benchmark,unpolarized,unpolarized,,0.33333333333333337,3.866666666666666e-06,3.8666666666666663,0.0012880242132082662,0.005875077039204434,0.0071631012524127,0.1838656823907551,0.056827775815097674,0.7521434405417317,0.24069345820585278,1000000.0,8e-06,1.0,1000000.0,0.1,100000.0,0.1,100000.0,1.0,1000000.0,1.0,1000000.0,0.1,100000.0,constant-generator matrix exponential Pade(13),61,True,dimensionless populations/per-encounter cumulative yields,dimensionless except time_s and reference_rate_s^-1,"Illustrative one-factor-at-a-time grid; bounds are not measured ranges or probability priors. Results are populations and per-encounter yields, not concentrations or biological fluxes. No encounter yield is converted to molarity, and no continuous biological ROS source is modeled.",1d8208b504af787754e184f77640f85675b5b634,01e64b526ae9ed2d5f192ae14068302e806c1e8b44576f4b4eb4b5f83a8e8039,configs/doxorubicin_parameters.json,b14b641f69afb70af9ff7557a062c2ce00e0b0cb74381ba69fcfaad4f17f04af,configs/parameter_provenance.csv,86c4261fcb9616a643db79340fe0b7398ba10a5c46464e67e8b697bcfc3a4ec9
illustrative_benchmark,unpolarized,unpolarized,,0.33333333333333337,4e-06,4.0,0.001082652297733216,0.004971564880526786,0.006054217178260003,0.18402335125574878,0.056899916391839965,0.7530225151741483,0.24092326764758876,1000000.0,8e-06,1.0,1000000.0,0.1,100000.0,0.1,100000.0,1.0,1000000.0,1.0,1000000.0,0.1,100000.0,constant-generator matrix exponential Pade(13),61,True,dimensionless populations/per-encounter cumulative yields,dimensionless except time_s and reference_rate_s^-1,"Illustrative one-factor-at-a-time grid; bounds are not measured ranges or probability priors. Results are populations and per-encounter yields, not concentrations or biological fluxes. No encounter yield is converted to molarity, and no continuous biological ROS source is modeled.",1d8208b504af787754e184f77640f85675b5b634,01e64b526ae9ed2d5f192ae14068302e806c1e8b44576f4b4eb4b5f83a8e8039,configs/doxorubicin_parameters.json,b14b641f69afb70af9ff7557a062c2ce00e0b0cb74381ba69fcfaad4f17f04af,configs/parameter_provenance.csv,86c4261fcb9616a643db79340fe0b7398ba10a5c46464e67e8b697bcfc3a4ec9
illustrative_benchmark,unpolarized,unpolarized,,0.33333333333333337,4.133333333333333e-06,4.133333333333333,0.0009086987218811541,0.004208988104398488,0.0051176868262796426,0.1841557850717519,0.05696097663911034,0.7537655514628551,0.24111676171086224,1000000.0,8e-06,1.0,1000000.0,0.1,100000.0,0.1,100000.0,1.0,1000000.0,1.0,1000000.0,0.1,100000.0,constant-generator matrix exponential Pade(13),61,True,dimensionless populations/per-encounter cumulative yields,dimensionless except time_s and reference_rate_s^-1,"Illustrative one-factor-at-a-time grid; bounds are not measured ranges or probability priors. Results are populations and per-encounter yields, not concentrations or biological fluxes. No encounter yield is converted to molarity, and no continuous biological ROS source is modeled.",1d8208b504af787754e184f77640f85675b5b634,01e64b526ae9ed2d5f192ae14068302e806c1e8b44576f4b4eb4b5f83a8e8039,configs/doxorubicin_parameters.json,b14b641f69afb70af9ff7557a062c2ce00e0b0cb74381ba69fcfaad4f17f04af,configs/parameter_provenance.csv,86c4261fcb9616a643db79340fe0b7398ba10a5c46464e67e8b697bcfc3a4ec9
illustrative_benchmark,unpolarized,unpolarized,,0.33333333333333337,4.266666666666667e-06,4.266666666666667,0.0007616775398966993,0.0035650758982574437,0.004326753438154143,0.18426686705477133,0.05701268295020912,0.7543936965568623,0.24127955000498044,1000000.0,8e-06,1.0,1000000.0,0.1,100000.0,0.1,100000.0,1.0,1000000.0,1.0,1000000.0,0.1,100000.0,constant-generator matrix exponential Pade(13),61,True,dimensionless populations/per-encounter cumulative yields,dimensionless except time_s and reference_rate_s^-1,"Illustrative one-factor-at-a-time grid; bounds are not measured ranges or probability priors. Results are populations and per-encounter yields, not concentrations or biological fluxes. No encounter yield is converted to molarity, and no continuous biological ROS source is modeled.",1d8208b504af787754e184f77640f85675b5b634,01e64b526ae9ed2d5f192ae14068302e806c1e8b44576f4b4eb4b5f83a8e8039,configs/doxorubicin_parameters.json,b14b641f69afb70af9ff7557a062c2ce00e0b0cb74381ba69fcfaad4f17f04af,configs/parameter_provenance.csv,86c4261fcb9616a643db79340fe0b7398ba10a5c46464e67e8b697bcfc3a4ec9
illustrative_benchmark,unpolarized,unpolarized,,0.33333333333333337,4.4e-06,4.4,0.0006376814777612617,0.003021095840523413,0.0036587773182846753,0.1843599216635147,0.057056489032243904,0.7549248119859535,0.2414164106957586,1000000.0,8e-06,1.0,1000000.0,0.1,100000.0,0.1,100000.0,1.0,1000000.0,1.0,1000000.0,0.1,100000.0,constant-generator matrix exponential Pade(13),61,True,dimensionless populations/per-encounter cumulative yields,dimensionless except time_s and reference_rate_s^-1,"Illustrative one-factor-at-a-time grid; bounds are not measured ranges or probability priors. Results are populations and per-encounter yields, not concentrations or biological fluxes. No encounter yield is converted to molarity, and no continuous biological ROS source is modeled.",1d8208b504af787754e184f77640f85675b5b634,01e64b526ae9ed2d5f192ae14068302e806c1e8b44576f4b4eb4b5f83a8e8039,configs/doxorubicin_parameters.json,b14b641f69afb70af9ff7557a062c2ce00e0b0cb74381ba69fcfaad4f17f04af,configs/parameter_provenance.csv,86c4261fcb9616a643db79340fe0b7398ba10a5c46464e67e8b697bcfc3a4ec9
illustrative_benchmark,unpolarized,unpolarized,,0.33333333333333337,4.533333333333334e-06,4.533333333333334,0.0005333155256987816,0.002561297958855247,0.0030946134845540292,0.18443778722694176,0.05709361927832358,0.7553739800101772,0.24153140650526533,1000000.0,8e-06,1.0,1000000.0,0.1,100000.0,0.1,100000.0,1.0,1000000.0,1.0,1000000.0,0.1,100000.0,constant-generator matrix exponential Pade(13),61,True,dimensionless populations/per-encounter cumulative yields,dimensionless except time_s and reference_rate_s^-1,"Illustrative one-factor-at-a-time grid; bounds are not measured ranges or probability priors. Results are populations and per-encounter yields, not concentrations or biological fluxes. No encounter yield is converted to molarity, and no continuous biological ROS source is modeled.",1d8208b504af787754e184f77640f85675b5b634,01e64b526ae9ed2d5f192ae14068302e806c1e8b44576f4b4eb4b5f83a8e8039,configs/doxorubicin_parameters.json,b14b641f69afb70af9ff7557a062c2ce00e0b0cb74381ba69fcfaad4f17f04af,configs/parameter_provenance.csv,86c4261fcb9616a643db79340fe0b7398ba10a5c46464e67e8b697bcfc3a4ec9
illustrative_benchmark,unpolarized,unpolarized,,0.33333333333333337,4.666666666666667e-06,4.666666666666667,0.00044563848132326303,0.0021724426743503175,0.0026180811556735808,0.18450288027229575,0.057125105299975616,0.7557539332720515,0.24162798557227136,1000000.0,8e-06,1.0,1000000.0,0.1,100000.0,0.1,100000.0,1.0,1000000.0,1.0,1000000.0,0.1,100000.0,constant-generator matrix exponential Pade(13),61,True,dimensionless populations/per-encounter cumulative yields,dimensionless except time_s and reference_rate_s^-1,"Illustrative one-factor-at-a-time grid; bounds are not measured ranges or probability priors. Results are populations and per-encounter yields, not concentrations or biological fluxes. No encounter yield is converted to molarity, and no continuous biological ROS source is modeled.",1d8208b504af787754e184f77640f85675b5b634,01e64b526ae9ed2d5f192ae14068302e806c1e8b44576f4b4eb4b5f83a8e8039,configs/doxorubicin_parameters.json,b14b641f69afb70af9ff7557a062c2ce00e0b0cb74381ba69fcfaad4f17f04af,configs/parameter_provenance.csv,86c4261fcb9616a643db79340fe0b7398ba10a5c46464e67e8b697bcfc3a4ec9
illustrative_benchmark,unpolarized,unpolarized,,0.33333333333333337,4.8e-06,4.8,0.00037211067069627953,0.0018434010981748458,0.0022155117688711255,0.18455725248594707,0.05715181665993013,0.7560754190852479,0.2417090691458772,1000000.0,8e-06,1.0,1000000.0,0.1,100000.0,0.1,100000.0,1.0,1000000.0,1.0,1000000.0,0.1,100000.0,constant-generator matrix exponential Pade(13),61,True,dimensionless populations/per-encounter cumulative yields,dimensionless except time_s and reference_rate_s^-1,"Illustrative one-factor-at-a-time grid; bounds are not measured ranges or probability priors. Results are populations and per-encounter yields, not concentrations or biological fluxes. No encounter yield is converted to molarity, and no continuous biological ROS source is modeled.",1d8208b504af787754e184f77640f85675b5b634,01e64b526ae9ed2d5f192ae14068302e806c1e8b44576f4b4eb4b5f83a8e8039,configs/doxorubicin_parameters.json,b14b641f69afb70af9ff7557a062c2ce00e0b0cb74381ba69fcfaad4f17f04af,configs/parameter_provenance.csv,86c4261fcb9616a643db79340fe0b7398ba10a5c46464e67e8b697bcfc3a4ec9
illustrative_benchmark,unpolarized,unpolarized,,0.33333333333333337,4.933333333333333e-06,4.933333333333334,0.00031054676606946435,0.001564817426147398,0.0018753641922168625,0.18460264105270988,0.057174486700214563,0.756347508054855,0.24177712775292443,1000000.0,8e-06,1.0,1000000.0,0.1,100000.0,0.1,100000.0,1.0,1000000.0,1.0,1000000.0,0.1,100000.0,constant-generator matrix exponential Pade(13),61,True,dimensionless populations/per-encounter cumulative yields,dimensionless except time_s and reference_rate_s^-1,"Illustrative one-factor-at-a-time grid; bounds are not measured ranges or probability priors. Results are populations and per-encounter yields, not concentrations or biological fluxes. No encounter yield is converted to molarity, and no continuous biological ROS source is modeled.",1d8208b504af787754e184f77640f85675b5b634,01e64b526ae9ed2d5f192ae14068302e806c1e8b44576f4b4eb4b5f83a8e8039,configs/doxorubicin_parameters.json,b14b641f69afb70af9ff7557a062c2ce00e0b0cb74381ba69fcfaad4f17f04af,configs/parameter_provenance.csv,86c4261fcb9616a643db79340fe0b7398ba10a5c46464e67e8b697bcfc3a4ec9
illustrative_benchmark,unpolarized,unpolarized,,0.33333333333333337,5.066666666666667e-06,5.066666666666666,0.00025907304261238987,0.001328824394116737,0.0015878974367291268,0.18464051300577816,0.057193734231973735,0.7565778553255149,0.2418342472377519,1000000.0,8e-06,1.0,1000000.0,0.1,100000.0,0.1,100000.0,1.0,1000000.0,1.0,1000000.0,0.1,100000.0,constant-generator matrix exponential Pade(13),61,True,dimensionless populations/per-encounter cumulative yields,dimensionless except time_s and reference_rate_s^-1,"Illustrative one-factor-at-a-time grid; bounds are not measured ranges or probability priors. Results are populations and per-encounter yields, not concentrations or biological fluxes. No encounter yield is converted to molarity, and no continuous biological ROS source is modeled.",1d8208b504af787754e184f77640f85675b5b634,01e64b526ae9ed2d5f192ae14068302e806c1e8b44576f4b4eb4b5f83a8e8039,configs/doxorubicin_parameters.json,b14b641f69afb70af9ff7557a062c2ce00e0b0cb74381ba69fcfaad4f17f04af,configs/parameter_provenance.csv,86c4261fcb9616a643db79340fe0b7398ba10a5c46464e67e8b697bcfc3a4ec9
illustrative_benchmark,unpolarized,unpolarized,,0.33333333333333337,5.2e-06,5.2,0.0002160886620001577,0.0011288038920070592,0.0013448925540072167,0.18467210414968602,0.05721008174060156,0.756772921555701,0.2418821858902876,1000000.0,8e-06,1.0,1000000.0,0.1,100000.0,0.1,100000.0,1.0,1000000.0,1.0,1000000.0,0.1,100000.0,constant-generator matrix exponential Pade(13),61,True,dimensionless populations/per-encounter cumulative yields,dimensionless except time_s and reference_rate_s^-1,"Illustrative one-factor-at-a-time grid; bounds are not measured ranges or probability priors. Results are populations and per-encounter yields, not concentrations or biological fluxes. No encounter yield is converted to molarity, and no continuous biological ROS source is modeled.",1d8208b504af787754e184f77640f85675b5b634,01e64b526ae9ed2d5f192ae14068302e806c1e8b44576f4b4eb4b5f83a8e8039,configs/doxorubicin_parameters.json,b14b641f69afb70af9ff7557a062c2ce00e0b0cb74381ba69fcfaad4f17f04af,configs/parameter_provenance.csv,86c4261fcb9616a643db79340fe0b7398ba10a5c46464e67e8b697bcfc3a4ec9
illustrative_benchmark,unpolarized,unpolarized,,0.33333333333333337,5.333333333333334e-06,5.333333333333334,0.00018023070197460553,0.000959185875046877,0.0011394165770214825,0.1846984530734848,0.05722397066145502,0.7569381596880342,0.2419224237349398,1000000.0,8e-06,1.0,1000000.0,0.1,100000.0,0.1,100000.0,1.0,1000000.0,1.0,1000000.0,0.1,100000.0,constant-generator matrix exponential Pade(13),61,True,dimensionless populations/per-encounter cumulative yields,dimensionless except time_s and reference_rate_s^-1,"Illustrative one-factor-at-a-time grid; bounds are not measured ranges or probability priors. Results are populations and per-encounter yields, not concentrations or biological fluxes. No encounter yield is converted to molarity, and no continuous biological ROS source is modeled.",1d8208b504af787754e184f77640f85675b5b634,01e64b526ae9ed2d5f192ae14068302e806c1e8b44576f4b4eb4b5f83a8e8039,configs/doxorubicin_parameters.json,b14b641f69afb70af9ff7557a062c2ce00e0b0cb74381ba69fcfaad4f17f04af,configs/parameter_provenance.csv,86c4261fcb9616a643db79340fe0b7398ba10a5c46464e67e8b697bcfc3a4ec9
illustrative_benchmark,unpolarized,unpolarized,,0.33333333333333337,5.466666666666667e-06,5.466666666666667,0.0001503427119757393,0.0008152796514355932,0.0009656223634113326,0.18472043073853728,0.05723577419631912,0.7570781727017276,0.2419562049348564,1000000.0,8e-06,1.0,1000000.0,0.1,100000.0,0.1,100000.0,1.0,1000000.0,1.0,1000000.0,0.1,100000.0,constant-generator matrix exponential Pade(13),61,True,dimensionless populations/per-encounter cumulative yields,dimensionless except time_s and reference_rate_s^-1,"Illustrative one-factor-at-a-time grid; bounds are not measured ranges or probability priors. Results are populations and per-encounter yields, not concentrations or biological fluxes. No encounter yield is converted to molarity, and no continuous biological ROS source is modeled.",1d8208b504af787754e184f77640f85675b5b634,01e64b526ae9ed2d5f192ae14068302e806c1e8b44576f4b4eb4b5f83a8e8039,configs/doxorubicin_parameters.json,b14b641f69afb70af9ff7557a062c2ce00e0b0cb74381ba69fcfaad4f17f04af,configs/parameter_provenance.csv,86c4261fcb9616a643db79340fe0b7398ba10a5c46464e67e8b697bcfc3a4ec9
illustrative_benchmark,unpolarized,unpolarized,,0.33333333333333337,5.6e-06,5.6,0.00012544659548356798,0.0006931324659546366,0.0008185790614382046,0.18473876609769965,0.05724580806755988,0.7571968467732976,0.24198457416525954,1000000.0,8e-06,1.0,1000000.0,0.1,100000.0,0.1,100000.0,1.0,1000000.0,1.0,1000000.0,0.1,100000.0,constant-generator matrix exponential Pade(13),61,True,dimensionless populations/per-encounter cumulative yields,dimensionless except time_s and reference_rate_s^-1,"Illustrative one-factor-at-a-time grid; bounds are not measured ranges or probability priors. Results are populations and per-encounter yields, not concentrations or biological fluxes. No encounter yield is converted to molarity, and no continuous biological ROS source is modeled.",1d8208b504af787754e184f77640f85675b5b634,01e64b526ae9ed2d5f192ae14068302e806c1e8b44576f4b4eb4b5f83a8e8039,configs/doxorubicin_parameters.json,b14b641f69afb70af9ff7557a062c2ce00e0b0cb74381ba69fcfaad4f17f04af,configs/parameter_provenance.csv,86c4261fcb9616a643db79340fe0b7398ba10a5c46464e67e8b697bcfc3a4ec9
illustrative_benchmark,unpolarized,unpolarized,,0.33333333333333337,5.733333333333333e-06,5.733333333333333,0.00010471761938466359,0.0005894110417678862,0.0006941286611525499,0.18475406817621004,0.05725433954422031,0.7572974636184122,0.24200840772043036,1000000.0,8e-06,1.0,1000000.0,0.1,100000.0,0.1,100000.0,1.0,1000000.0,1.0,1000000.0,0.1,100000.0,constant-generator matrix exponential Pade(13),61,True,dimensionless populations/per-encounter cumulative yields,dimensionless except time_s and reference_rate_s^-1,"Illustrative one-factor-at-a-time grid; bounds are not measured ranges or probability priors. Results are populations and per-encounter yields, not concentrations or biological fluxes. No encounter yield is converted to molarity, and no continuous biological ROS source is modeled.",1d8208b504af787754e184f77640f85675b5b634,01e64b526ae9ed2d5f192ae14068302e806c1e8b44576f4b4eb4b5f83a8e8039,configs/doxorubicin_parameters.json,b14b641f69afb70af9ff7557a062c2ce00e0b0cb74381ba69fcfaad4f17f04af,configs/parameter_provenance.csv,86c4261fcb9616a643db79340fe0b7398ba10a5c46464e67e8b697bcfc3a4ec9
illustrative_benchmark,unpolarized,unpolarized,,0.33333333333333337,5.866666666666667e-06,5.866666666666666,8.74623418166173e-05,0.0005013023932631815,0.0005887647350797988,0.18476684501743412,0.05726159502091346,0.7573827952265678,0.2420284400383476,1000000.0,8e-06,1.0,1000000.0,0.1,100000.0,0.1,100000.0,1.0,1000000.0,1.0,1000000.0,0.1,100000.0,constant-generator matrix exponential Pade(13),61,True,dimensionless populations/per-encounter cumulative yields,dimensionless except time_s and reference_rate_s^-1,"Illustrative one-factor-at-a-time grid; bounds are not measured ranges or probability priors. Results are populations and per-encounter yields, not concentrations or biological fluxes. No encounter yield is converted to molarity, and no continuous biological ROS source is modeled.",1d8208b504af787754e184f77640f85675b5b634,01e64b526ae9ed2d5f192ae14068302e806c1e8b44576f4b4eb4b5f83a8e8039,configs/doxorubicin_parameters.json,b14b641f69afb70af9ff7557a062c2ce00e0b0cb74381ba69fcfaad4f17f04af,configs/parameter_provenance.csv,86c4261fcb9616a643db79340fe0b7398ba10a5c46464e67e8b697bcfc3a4ec9
illustrative_benchmark,unpolarized,unpolarized,,0.33333333333333337,6e-06,6.0,7.309923987929235e-05,0.0004264307881589691,0.0004995300280382614,0.18477751986812488,0.057267766385064346,0.7574551837187675,0.24204528625318922,1000000.0,8e-06,1.0,1000000.0,0.1,100000.0,0.1,100000.0,1.0,1000000.0,1.0,1000000.0,0.1,100000.0,constant-generator matrix exponential Pade(13),61,True,dimensionless populations/per-encounter cumulative yields,dimensionless except time_s and reference_rate_s^-1,"Illustrative one-factor-at-a-time grid; bounds are not measured ranges or probability priors. Results are populations and per-encounter yields, not concentrations or biological fluxes. No encounter yield is converted to molarity, and no continuous biological ROS source is modeled.",1d8208b504af787754e184f77640f85675b5b634,01e64b526ae9ed2d5f192ae14068302e806c1e8b44576f4b4eb4b5f83a8e8039,configs/doxorubicin_parameters.json,b14b641f69afb70af9ff7557a062c2ce00e0b0cb74381ba69fcfaad4f17f04af,configs/parameter_provenance.csv,86c4261fcb9616a643db79340fe0b7398ba10a5c46464e67e8b697bcfc3a4ec9
illustrative_benchmark,unpolarized,unpolarized,,0.33333333333333337,6.133333333333334e-06,6.133333333333334,6.114181129777411e-05,0.00036278822494845625,0.0004239300362462304,0.18478644494817711,0.0572730163697632,0.7575166086458082,0.24205946131794032,1000000.0,8e-06,1.0,1000000.0,0.1,100000.0,0.1,100000.0,1.0,1000000.0,1.0,1000000.0,0.1,100000.0,constant-generator matrix exponential Pade(13),61,True,dimensionless populations/per-encounter cumulative yields,dimensionless except time_s and reference_rate_s^-1,"Illustrative one-factor-at-a-time grid; bounds are not measured ranges or probability priors. Results are populations and per-encounter yields, not concentrations or biological fluxes. No encounter yield is converted to molarity, and no continuous biological ROS source is modeled.",1d8208b504af787754e184f77640f85675b5b634,01e64b526ae9ed2d5f192ae14068302e806c1e8b44576f4b4eb4b5f83a8e8039,configs/doxorubicin_parameters.json,b14b641f69afb70af9ff7557a062c2ce00e0b0cb74381ba69fcfaad4f17f04af,configs/parameter_provenance.csv,86c4261fcb9616a643db79340fe0b7398ba10a5c46464e67e8b697bcfc3a4ec9
illustrative_benchmark,unpolarized,unpolarized,,0.33333333333333337,6.266666666666667e-06,6.2666666666666675,5.1183921348092507e-05,0.0003086762100819388,0.0003598601314300313,0.18479391311949264,0.057277483057234554,0.7575687436918372,0.24207139617672718,1000000.0,8e-06,1.0,1000000.0,0.1,100000.0,0.1,100000.0,1.0,1000000.0,1.0,1000000.0,0.1,100000.0,constant-generator matrix exponential Pade(13),61,True,dimensionless populations/per-encounter cumulative yields,dimensionless except time_s and reference_rate_s^-1,"Illustrative one-factor-at-a-time grid; bounds are not measured ranges or probability priors. Results are populations and per-encounter yields, not concentrations or biological fluxes. No encounter yield is converted to molarity, and no continuous biological ROS source is modeled.",1d8208b504af787754e184f77640f85675b5b634,01e64b526ae9ed2d5f192ae14068302e806c1e8b44576f4b4eb4b5f83a8e8039,configs/doxorubicin_parameters.json,b14b641f69afb70af9ff7557a062c2ce00e0b0cb74381ba69fcfaad4f17f04af,configs/parameter_provenance.csv,86c4261fcb9616a643db79340fe0b7398ba10a5c46464e67e8b697bcfc3a4ec9
illustrative_benchmark,unpolarized,unpolarized,,0.33333333333333337,6.4e-06,6.3999999999999995,4.2887168520006676e-05,0.00026265697601668436,0.00030554414453669103,0.18480016773817332,0.05728128367082836,0.7576130044464561,0.24208145140900167,1000000.0,8e-06,1.0,1000000.0,0.1,100000.0,0.1,100000.0,1.0,1000000.0,1.0,1000000.0,0.1,100000.0,constant-generator matrix exponential Pade(13),61,True,dimensionless populations/per-encounter cumulative yields,dimensionless except time_s and reference_rate_s^-1,"Illustrative one-factor-at-a-time grid; bounds are not measured ranges or probability priors. Results are populations and per-encounter yields, not concentrations or biological fluxes. No encounter yield is converted to molarity, and no continuous biological ROS source is modeled.",1d8208b504af787754e184f77640f85675b5b634,01e64b526ae9ed2d5f192ae14068302e806c1e8b44576f4b4eb4b5f83a8e8039,configs/doxorubicin_parameters.json,b14b641f69afb70af9ff7557a062c2ce00e0b0cb74381ba69fcfaad4f17f04af,configs/parameter_provenance.csv,86c4261fcb9616a643db79340fe0b7398ba10a5c46464e67e8b697bcfc3a4ec9
illustrative_benchmark,unpolarized,unpolarized,,0.33333333333333337,6.533333333333333e-06,6.533333333333333,3.597004910917254e-05,0.00022351258397043628,0.0002594826330796088,0.18480541094445516,0.057284517770727746,0.7576505886517317,0.2420899287151829,1000000.0,8e-06,1.0,1000000.0,0.1,100000.0,0.1,100000.0,1.0,1000000.0,1.0,1000000.0,0.1,100000.0,constant-generator matrix exponential Pade(13),61,True,dimensionless populations/per-encounter cumulative yields,dimensionless except time_s and reference_rate_s^-1,"Illustrative one-factor-at-a-time grid; bounds are not measured ranges or probability priors. Results are populations and per-encounter yields, not concentrations or biological fluxes. No encounter yield is converted to molarity, and no continuous biological ROS source is modeled.",1d8208b504af787754e184f77640f85675b5b634,01e64b526ae9ed2d5f192ae14068302e806c1e8b44576f4b4eb4b5f83a8e8039,configs/doxorubicin_parameters.json,b14b641f69afb70af9ff7557a062c2ce00e0b0cb74381ba69fcfaad4f17f04af,configs/parameter_provenance.csv,86c4261fcb9616a643db79340fe0b7398ba10a5c46464e67e8b697bcfc3a4ec9
illustrative_benchmark,unpolarized,unpolarized,,0.33333333333333337,6.666666666666667e-06,6.666666666666667,3.01987114184507e-05,0.0001902106109670313,0.000220409322385482,0.18480981061615187,0.057287269949573255,0.7576825101118836,0.24209708056572513,1000000.0,8e-06,1.0,1000000.0,0.1,100000.0,0.1,100000.0,1.0,1000000.0,1.0,1000000.0,0.1,100000.0,constant-generator matrix exponential Pade(13),61,True,dimensionless populations/per-encounter cumulative yields,dimensionless except time_s and reference_rate_s^-1,"Illustrative one-factor-at-a-time grid; bounds are not measured ranges or probability priors. Results are populations and per-encounter yields, not concentrations or biological fluxes. No encounter yield is converted to molarity, and no continuous biological ROS source is modeled.",1d8208b504af787754e184f77640f85675b5b634,01e64b526ae9ed2d5f192ae14068302e806c1e8b44576f4b4eb4b5f83a8e8039,configs/doxorubicin_parameters.json,b14b641f69afb70af9ff7557a062c2ce00e0b0cb74381ba69fcfaad4f17f04af,configs/parameter_provenance.csv,86c4261fcb9616a643db79340fe0b7398ba10a5c46464e67e8b697bcfc3a4ec9
illustrative_benchmark,unpolarized,unpolarized,,0.33333333333333337,6.8e-06,6.8,2.537910356662982e-05,0.00016187533602268338,0.00018725443958931323,0.18481350618432854,0.05728961210834078,0.7577096272677355,0.2421031182926693,1000000.0,8e-06,1.0,1000000.0,0.1,100000.0,0.1,100000.0,1.0,1000000.0,1.0,1000000.0,0.1,100000.0,constant-generator matrix exponential Pade(13),61,True,dimensionless populations/per-encounter cumulative yields,dimensionless except time_s and reference_rate_s^-1,"Illustrative one-factor-at-a-time grid; bounds are not measured ranges or probability priors. Results are populations and per-encounter yields, not concentrations or biological fluxes. No encounter yield is converted to molarity, and no continuous biological ROS source is modeled.",1d8208b504af787754e184f77640f85675b5b634,01e64b526ae9ed2d5f192ae14068302e806c1e8b44576f4b4eb4b5f83a8e8039,configs/doxorubicin_parameters.json,b14b641f69afb70af9ff7557a062c2ce00e0b0cb74381ba69fcfaad4f17f04af,configs/parameter_provenance.csv,86c4261fcb9616a643db79340fe0b7398ba10a5c46464e67e8b697bcfc3a4ec9
illustrative_benchmark,unpolarized,unpolarized,,0.33333333333333337,6.933333333333334e-06,6.933333333333334,2.135033411538797e-05,0.00013776352090200271,0.0001591138550173907,0.18481661348479111,0.057291605379581376,0.7577326672806041,0.2421082188643725,1000000.0,8e-06,1.0,1000000.0,0.1,100000.0,0.1,100000.0,1.0,1000000.0,1.0,1000000.0,0.1,100000.0,constant-generator matrix exponential Pade(13),61,True,dimensionless populations/per-encounter cumulative yields,dimensionless except time_s and reference_rate_s^-1,"Illustrative one-factor-at-a-time grid; bounds are not measured ranges or probability priors. Results are populations and per-encounter yields, not concentrations or biological fluxes. No encounter yield is converted to molarity, and no continuous biological ROS source is modeled.",1d8208b504af787754e184f77640f85675b5b634,01e64b526ae9ed2d5f192ae14068302e806c1e8b44576f4b4eb4b5f83a8e8039,configs/doxorubicin_parameters.json,b14b641f69afb70af9ff7557a062c2ce00e0b0cb74381ba69fcfaad4f17f04af,configs/parameter_provenance.csv,86c4261fcb9616a643db79340fe0b7398ba10a5c46464e67e8b697bcfc3a4ec9
illustrative_benchmark,unpolarized,unpolarized,,0.33333333333333337,7.066666666666667e-06,7.066666666666667,1.797908098384277e-05,0.00011724403193255448,0.00013522311291639725,0.18481922879594767,0.05729330175410753,0.7577522463370221,0.24211253055005522,1000000.0,8e-06,1.0,1000000.0,0.1,100000.0,0.1,100000.0,1.0,1000000.0,1.0,1000000.0,0.1,100000.0,constant-generator matrix exponential Pade(13),61,True,dimensionless populations/per-encounter cumulative yields,dimensionless except time_s and reference_rate_s^-1,"Illustrative one-factor-at-a-time grid; bounds are not measured ranges or probability priors. Results are populations and per-encounter yields, not concentrations or biological fluxes. No encounter yield is converted to molarity, and no continuous biological ROS source is modeled.",1d8208b504af787754e184f77640f85675b5b634,01e64b526ae9ed2d5f192ae14068302e806c1e8b44576f4b4eb4b5f83a8e8039,configs/doxorubicin_parameters.json,b14b641f69afb70af9ff7557a062c2ce00e0b0cb74381ba69fcfaad4f17f04af,configs/parameter_provenance.csv,86c4261fcb9616a643db79340fe0b7398ba10a5c46464e67e8b697bcfc3a4ec9
illustrative_benchmark,unpolarized,unpolarized,,0.33333333333333337,7.2000000000000005e-06,7.2,1.5154900708467579e-05,9.978067543180952e-05,0.00011493557614027711,0.1848214321927667,0.05729474545802915,0.7577688867730573,0.24211617765079585,1000000.0,8e-06,1.0,1000000.0,0.1,100000.0,0.1,100000.0,1.0,1000000.0,1.0,1000000.0,0.1,100000.0,constant-generator matrix exponential Pade(13),61,True,dimensionless populations/per-encounter cumulative yields,dimensionless except time_s and reference_rate_s^-1,"Illustrative one-factor-at-a-time grid; bounds are not measured ranges or probability priors. Results are populations and per-encounter yields, not concentrations or biological fluxes. No encounter yield is converted to molarity, and no continuous biological ROS source is modeled.",1d8208b504af787754e184f77640f85675b5b634,01e64b526ae9ed2d5f192ae14068302e806c1e8b44576f4b4eb4b5f83a8e8039,configs/doxorubicin_parameters.json,b14b641f69afb70af9ff7557a062c2ce00e0b0cb74381ba69fcfaad4f17f04af,configs/parameter_provenance.csv,86c4261fcb9616a643db79340fe0b7398ba10a5c46464e67e8b697bcfc3a4ec9
illustrative_benchmark,unpolarized,unpolarized,,0.33333333333333337,7.333333333333333e-06,7.333333333333333,1.2786306454328562e-05,8.491772430269826e-05,9.770403075702682e-05,0.184823290327927,0.05729597411939848,0.7577830315219107,0.24211926444732546,1000000.0,8e-06,1.0,1000000.0,0.1,100000.0,0.1,100000.0,1.0,1000000.0,1.0,1000000.0,0.1,100000.0,constant-generator matrix exponential Pade(13),61,True,dimensionless populations/per-encounter cumulative yields,dimensionless except time_s and reference_rate_s^-1,"Illustrative one-factor-at-a-time grid; bounds are not measured ranges or probability priors. Results are populations and per-encounter yields, not concentrations or biological fluxes. No encounter yield is converted to molarity, and no continuous biological ROS source is modeled.",1d8208b504af787754e184f77640f85675b5b634,01e64b526ae9ed2d5f192ae14068302e806c1e8b44576f4b4eb4b5f83a8e8039,configs/doxorubicin_parameters.json,b14b641f69afb70af9ff7557a062c2ce00e0b0cb74381ba69fcfaad4f17f04af,configs/parameter_provenance.csv,86c4261fcb9616a643db79340fe0b7398ba10a5c46464e67e8b697bcfc3a4ec9
illustrative_benchmark,unpolarized,unpolarized,,0.33333333333333337,7.466666666666667e-06,7.466666666666667,1.079749886345594e-05,7.226770068039519e-05,8.306519954385113e-05,0.18482485873476176,0.057297019757356966,0.7577950563083307,0.24212187849211872,1000000.0,8e-06,1.0,1000000.0,0.1,100000.0,0.1,100000.0,1.0,1000000.0,1.0,1000000.0,0.1,100000.0,constant-generator matrix exponential Pade(13),61,True,dimensionless populations/per-encounter cumulative yields,dimensionless except time_s and reference_rate_s^-1,"Illustrative one-factor-at-a-time grid; bounds are not measured ranges or probability priors. Results are populations and per-encounter yields, not concentrations or biological fluxes. No encounter yield is converted to molarity, and no continuous biological ROS source is modeled.",1d8208b504af787754e184f77640f85675b5b634,01e64b526ae9ed2d5f192ae14068302e806c1e8b44576f4b4eb4b5f83a8e8039,configs/doxorubicin_parameters.json,b14b641f69afb70af9ff7557a062c2ce00e0b0cb74381ba69fcfaad4f17f04af,configs/parameter_provenance.csv,86c4261fcb9616a643db79340fe0b7398ba10a5c46464e67e8b697bcfc3a4ec9
illustrative_benchmark,unpolarized,unpolarized,,0.33333333333333337,7.6e-06,7.6,9.125648537792468e-06,6.150105205867785e-05,7.062670059647033e-05,0.18482618373213874,0.05729790962137453,0.7578052799458833,0.24212409335351326,1000000.0,8e-06,1.0,1000000.0,0.1,100000.0,0.1,100000.0,1.0,1000000.0,1.0,1000000.0,0.1,100000.0,constant-generator matrix exponential Pade(13),61,True,dimensionless populations/per-encounter cumulative yields,dimensionless except time_s and reference_rate_s^-1,"Illustrative one-factor-at-a-time grid; bounds are not measured ranges or probability priors. Results are populations and per-encounter yields, not concentrations or biological fluxes. No encounter yield is converted to molarity, and no continuous biological ROS source is modeled.",1d8208b504af787754e184f77640f85675b5b634,01e64b526ae9ed2d5f192ae14068302e806c1e8b44576f4b4eb4b5f83a8e8039,configs/doxorubicin_parameters.json,b14b641f69afb70af9ff7557a062c2ce00e0b0cb74381ba69fcfaad4f17f04af,configs/parameter_provenance.csv,86c4261fcb9616a643db79340fe0b7398ba10a5c46464e67e8b697bcfc3a4ec9
illustrative_benchmark,unpolarized,unpolarized,,0.33333333333333337,7.733333333333333e-06,7.7333333333333325,7.71864250707786e-06,5.233741854803202e-05,6.005606105510989e-05,0.1848273039988395,0.05729866690375086,0.7578139730363475,0.24212597090259036,1000000.0,8e-06,1.0,1000000.0,0.1,100000.0,0.1,100000.0,1.0,1000000.0,1.0,1000000.0,0.1,100000.0,constant-generator matrix exponential Pade(13),61,True,dimensionless populations/per-encounter cumulative yields,dimensionless except time_s and reference_rate_s^-1,"Illustrative one-factor-at-a-time grid; bounds are not measured ranges or probability priors. Results are populations and per-encounter yields, not concentrations or biological fluxes. No encounter yield is converted to molarity, and no continuous biological ROS source is modeled.",1d8208b504af787754e184f77640f85675b5b634,01e64b526ae9ed2d5f192ae14068302e806c1e8b44576f4b4eb4b5f83a8e8039,configs/doxorubicin_parameters.json,b14b641f69afb70af9ff7557a062c2ce00e0b0cb74381ba69fcfaad4f17f04af,configs/parameter_provenance.csv,86c4261fcb9616a643db79340fe0b7398ba10a5c46464e67e8b697bcfc3a4ec9
illustrative_benchmark,unpolarized,unpolarized,,0.33333333333333337,7.866666666666667e-06,7.866666666666667,6.533219325019501e-06,4.453823889567757e-05,5.107145822069707e-05,0.18482825187415022,0.05729931134486112,0.7578213653227608,0.24212756321901135,1000000.0,8e-06,1.0,1000000.0,0.1,100000.0,0.1,100000.0,1.0,1000000.0,1.0,1000000.0,0.1,100000.0,constant-generator matrix exponential Pade(13),61,True,dimensionless populations/per-encounter cumulative yields,dimensionless except time_s and reference_rate_s^-1,"Illustrative one-factor-at-a-time grid; bounds are not measured ranges or probability priors. Results are populations and per-encounter yields, not concentrations or biological fluxes. No encounter yield is converted to molarity, and no continuous biological ROS source is modeled.",1d8208b504af787754e184f77640f85675b5b634,01e64b526ae9ed2d5f192ae14068302e806c1e8b44576f4b4eb4b5f83a8e8039,configs/doxorubicin_parameters.json,b14b641f69afb70af9ff7557a062c2ce00e0b0cb74381ba69fcfaad4f17f04af,configs/parameter_provenance.csv,86c4261fcb9616a643db79340fe0b7398ba10a5c46464e67e8b697bcfc3a4ec9
illustrative_benchmark,unpolarized,unpolarized,,0.33333333333333337,8e-06,8.0,5.5334284387705495e-06,3.790048437383984e-05,4.343391281261039e-05,0.18482905443207498,0.057299859747548254,0.757827651907557,0.24212891417962323,1000000.0,8e-06,1.0,1000000.0,0.1,100000.0,0.1,100000.0,1.0,1000000.0,1.0,1000000.0,0.1,100000.0,constant-generator matrix exponential Pade(13),61,True,dimensionless populations/per-encounter cumulative yields,dimensionless except time_s and reference_rate_s^-1,"Illustrative one-factor-at-a-time grid; bounds are not measured ranges or probability priors. Results are populations and per-encounter yields, not concentrations or biological fluxes. No encounter yield is converted to molarity, and no continuous biological ROS source is modeled.",1d8208b504af787754e184f77640f85675b5b634,01e64b526ae9ed2d5f192ae14068302e806c1e8b44576f4b4eb4b5f83a8e8039,configs/doxorubicin_parameters.json,b14b641f69afb70af9ff7557a062c2ce00e0b0cb74381ba69fcfaad4f17f04af,configs/parameter_provenance.csv,86c4261fcb9616a643db79340fe0b7398ba10a5c46464e67e8b697bcfc3a4ec9
illustrative_benchmark,doublet,doublet-manifold mixture,,0.9999999999999999,0.0,0.0,0.9999999999999999,0.0,0.9999999999999999,0.0,0.0,0.0,0.0,1000000.0,8e-06,1.0,1000000.0,0.1,100000.0,0.1,100000.0,1.0,1000000.0,1.0,1000000.0,0.1,100000.0,constant-generator matrix exponential Pade(13),61,True,dimensionless populations/per-encounter cumulative yields,dimensionless except time_s and reference_rate_s^-1,"Illustrative one-factor-at-a-time grid; bounds are not measured ranges or probability priors. Results are populations and per-encounter yields, not concentrations or biological fluxes. No encounter yield is converted to molarity, and no continuous biological ROS source is modeled.",1d8208b504af787754e184f77640f85675b5b634,01e64b526ae9ed2d5f192ae14068302e806c1e8b44576f4b4eb4b5f83a8e8039,configs/doxorubicin_parameters.json,b14b641f69afb70af9ff7557a062c2ce00e0b0cb74381ba69fcfaad4f17f04af,configs/parameter_provenance.csv,86c4261fcb9616a643db79340fe0b7398ba10a5c46464e67e8b697bcfc3a4ec9
illustrative_benchmark,doublet,doublet-manifold mixture,,0.9999999999999999,1.3333333333333334e-07,0.13333333333333333,0.7494932300339382,0.017402291833963475,0.7668955218679018,0.11590725182574275,0.00011727040732842039,0.11707995589902695,0.11602452223307118,1000000.0,8e-06,1.0,1000000.0,0.1,100000.0,0.1,100000.0,1.0,1000000.0,1.0,1000000.0,0.1,100000.0,constant-generator matrix exponential Pade(13),61,True,dimensionless populations/per-encounter cumulative yields,dimensionless except time_s and reference_rate_s^-1,"Illustrative one-factor-at-a-time grid; bounds are not measured ranges or probability priors. Results are populations and per-encounter yields, not concentrations or biological fluxes. No encounter yield is converted to molarity, and no continuous biological ROS source is modeled.",1d8208b504af787754e184f77640f85675b5b634,01e64b526ae9ed2d5f192ae14068302e806c1e8b44576f4b4eb4b5f83a8e8039,configs/doxorubicin_parameters.json,b14b641f69afb70af9ff7557a062c2ce00e0b0cb74381ba69fcfaad4f17f04af,configs/parameter_provenance.csv,86c4261fcb9616a643db79340fe0b7398ba10a5c46464e67e8b697bcfc3a4ec9
illustrative_benchmark,doublet,doublet-manifold mixture,,0.9999999999999999,2.6666666666666667e-07,0.26666666666666666,0.557260815150696,0.03283131424975892,0.5900921294004549,0.20245074167277155,0.0004551261140001603,0.20700200281277317,0.20290586778677172,1000000.0,8e-06,1.0,1000000.0,0.1,100000.0,0.1,100000.0,1.0,1000000.0,1.0,1000000.0,0.1,100000.0,constant-generator matrix exponential Pade(13),61,True,dimensionless populations/per-encounter cumulative yields,dimensionless except time_s and reference_rate_s^-1,"Illustrative one-factor-at-a-time grid; bounds are not measured ranges or probability priors. Results are populations and per-encounter yields, not concentrations or biological fluxes. No encounter yield is converted to molarity, and no continuous biological ROS source is modeled.",1d8208b504af787754e184f77640f85675b5b634,01e64b526ae9ed2d5f192ae14068302e806c1e8b44576f4b4eb4b5f83a8e8039,configs/doxorubicin_parameters.json,b14b641f69afb70af9ff7557a062c2ce00e0b0cb74381ba69fcfaad4f17f04af,configs/parameter_provenance.csv,86c4261fcb9616a643db79340fe0b7398ba10a5c46464e67e8b697bcfc3a4ec9
illustrative_benchmark,doublet,doublet-manifold mixture,,0.9999999999999999,4e-07,0.39999999999999997,0.4109095361427761,0.04522775264709633,0.4561372887898724,0.26654582239914887,0.0009791878556208717,0.2763377009553576,0.2675250102547697,1000000.0,8e-06,1.0,1000000.0,0.1,100000.0,0.1,100000.0,1.0,1000000.0,1.0,1000000.0,0.1,100000.0,constant-generator matrix exponential Pade(13),61,True,dimensionless populations/per-encounter cumulative yields,dimensionless except time_s and reference_rate_s^-1,"Illustrative one-factor-at-a-time grid; bounds are not measured ranges or probability priors. Results are populations and per-encounter yields, not concentrations or biological fluxes. No encounter yield is converted to molarity, and no continuous biological ROS source is modeled.",1d8208b504af787754e184f77640f85675b5b634,01e64b526ae9ed2d5f192ae14068302e806c1e8b44576f4b4eb4b5f83a8e8039,configs/doxorubicin_parameters.json,b14b641f69afb70af9ff7557a062c2ce00e0b0cb74381ba69fcfaad4f17f04af,configs/parameter_provenance.csv,86c4261fcb9616a643db79340fe0b7398ba10a5c46464e67e8b697bcfc3a4ec9
illustrative_benchmark,doublet,doublet-manifold mixture,,0.9999999999999999,5.333333333333333e-07,0.5333333333333333,0.30039655482530037,0.05426229156483195,0.3546588463901323,0.31361651362957305,0.0016461933046110321,0.3300784466756833,0.31526270693418407,1000000.0,8e-06,1.0,1000000.0,0.1,100000.0,0.1,100000.0,1.0,1000000.0,1.0,1000000.0,0.1,100000.0,constant-generator matrix exponential Pade(13),61,True,dimensionless populations/per-encounter cumulative yields,dimensionless except time_s and reference_rate_s^-1,"Illustrative one-factor-at-a-time grid; bounds are not measured ranges or probability priors. Results are populations and per-encounter yields, not concentrations or biological fluxes. No encounter yield is converted to molarity, and no continuous biological ROS source is modeled.",1d8208b504af787754e184f77640f85675b5b634,01e64b526ae9ed2d5f192ae14068302e806c1e8b44576f4b4eb4b5f83a8e8039,configs/doxorubicin_parameters.json,b14b641f69afb70af9ff7557a062c2ce00e0b0cb74381ba69fcfaad4f17f04af,configs/parameter_provenance.csv,86c4261fcb9616a643db79340fe0b7398ba10a5c46464e67e8b697bcfc3a4ec9
illustrative_benchmark,doublet,doublet-manifold mixture,,0.9999999999999999,6.666666666666667e-07,0.6666666666666667,0.21765348654829658,0.06005086073101462,0.2777043472793112,0.34788336544465753,0.0024117201664884793,0.37200056710954227,0.35029508561114603,1000000.0,8e-06,1.0,1000000.0,0.1,100000.0,0.1,100000.0,1.0,1000000.0,1.0,1000000.0,0.1,100000.0,constant-generator matrix exponential Pade(13),61,True,dimensionless populations/per-encounter cumulative yields,dimensionless except time_s and reference_rate_s^-1,"Illustrative one-factor-at-a-time grid; bounds are not measured ranges or probability priors. Results are populations and per-encounter yields, not concentrations or biological fluxes. No encounter yield is converted to molarity, and no continuous biological ROS source is modeled.",1d8208b504af787754e184f77640f85675b5b634,01e64b526ae9ed2d5f192ae14068302e806c1e8b44576f4b4eb4b5f83a8e8039,configs/doxorubicin_parameters.json,b14b641f69afb70af9ff7557a062c2ce00e0b0cb74381ba69fcfaad4f17f04af,configs/parameter_provenance.csv,86c4261fcb9616a643db79340fe0b7398ba10a5c46464e67e8b697bcfc3a4ec9
illustrative_benchmark,doublet,doublet-manifold mixture,,0.9999999999999999,8e-07,0.7999999999999999,0.15625276325039614,0.06295727603079407,0.2192100392811902,0.3726039995662315,0.0032347237805769365,0.4049512373720008,0.37583872334680846,1000000.0,8e-06,1.0,1000000.0,0.1,100000.0,0.1,100000.0,1.0,1000000.0,1.0,1000000.0,0.1,100000.0,constant-generator matrix exponential Pade(13),61,True,dimensionless populations/per-encounter cumulative yields,dimensionless except time_s and reference_rate_s^-1,"Illustrative one-factor-at-a-time grid; bounds are not measured ranges or probability priors. Results are populations and per-encounter yields, not concentrations or biological fluxes. No encounter yield is converted to molarity, and no continuous biological ROS source is modeled.",1d8208b504af787754e184f77640f85675b5b634,01e64b526ae9ed2d5f192ae14068302e806c1e8b44576f4b4eb4b5f83a8e8039,configs/doxorubicin_parameters.json,b14b641f69afb70af9ff7557a062c2ce00e0b0cb74381ba69fcfaad4f17f04af,configs/parameter_provenance.csv,86c4261fcb9616a643db79340fe0b7398ba10a5c46464e67e8b697bcfc3a4ec9
illustrative_benchmark,doublet,doublet-manifold mixture,,0.9999999999999999,9.333333333333333e-07,0.9333333333333333,0.11111663972621288,0.06346046813517714,0.17457710786139005,0.39027201745288975,0.004079896112075445,0.4310709785736441,0.3943519135649652,1000000.0,8e-06,1.0,1000000.0,0.1,100000.0,0.1,100000.0,1.0,1000000.0,1.0,1000000.0,0.1,100000.0,constant-generator matrix exponential Pade(13),61,True,dimensionless populations/per-encounter cumulative yields,dimensionless except time_s and reference_rate_s^-1,"Illustrative one-factor-at-a-time grid; bounds are not measured ranges or probability priors. Results are populations and per-encounter yields, not concentrations or biological fluxes. No encounter yield is converted to molarity, and no continuous biological ROS source is modeled.",1d8208b504af787754e184f77640f85675b5b634,01e64b526ae9ed2d5f192ae14068302e806c1e8b44576f4b4eb4b5f83a8e8039,configs/doxorubicin_parameters.json,b14b641f69afb70af9ff7557a062c2ce00e0b0cb74381ba69fcfaad4f17f04af,configs/parameter_provenance.csv,86c4261fcb9616a643db79340fe0b7398ba10a5c46464e67e8b697bcfc3a4ec9
illustrative_benchmark,doublet,doublet-manifold mixture,,0.9999999999999999,1.0666666666666667e-06,1.0666666666666667,0.07826718740016098,0.06206864642250361,0.14033583382266462,0.40277986847946096,0.004918584474401168,0.45196571322347256,0.40769845295386214,1000000.0,8e-06,1.0,1000000.0,0.1,100000.0,0.1,100000.0,1.0,1000000.0,1.0,1000000.0,0.1,100000.0,constant-generator matrix exponential Pade(13),61,True,dimensionless populations/per-encounter cumulative yields,dimensionless except time_s and reference_rate_s^-1,"Illustrative one-factor-at-a-time grid; bounds are not measured ranges or probability priors. Results are populations and per-encounter yields, not concentrations or biological fluxes. No encounter yield is converted to molarity, and no continuous biological ROS source is modeled.",1d8208b504af787754e184f77640f85675b5b634,01e64b526ae9ed2d5f192ae14068302e806c1e8b44576f4b4eb4b5f83a8e8039,configs/doxorubicin_parameters.json,b14b641f69afb70af9ff7557a062c2ce00e0b0cb74381ba69fcfaad4f17f04af,configs/parameter_provenance.csv,86c4261fcb9616a643db79340fe0b7398ba10a5c46464e67e8b697bcfc3a4ec9
illustrative_benchmark,doublet,doublet-manifold mixture,,0.9999999999999999,1.2e-06,1.2,0.05461435159160164,0.05926691137735082,0.11388126296895246,0.4115509589323353,0.005728801742397846,0.4688389763563136,0.41727976067473316,1000000.0,8e-06,1.0,1000000.0,0.1,100000.0,0.1,100000.0,1.0,1000000.0,1.0,1000000.0,0.1,100000.0,constant-generator matrix exponential Pade(13),61,True,dimensionless populations/per-encounter cumulative yields,dimensionless except time_s and reference_rate_s^-1,"Illustrative one-factor-at-a-time grid; bounds are not measured ranges or probability priors. Results are populations and per-encounter yields, not concentrations or biological fluxes. No encounter yield is converted to molarity, and no continuous biological ROS source is modeled.",1d8208b504af787754e184f77640f85675b5b634,01e64b526ae9ed2d5f192ae14068302e806c1e8b44576f4b4eb4b5f83a8e8039,configs/doxorubicin_parameters.json,b14b641f69afb70af9ff7557a062c2ce00e0b0cb74381ba69fcfaad4f17f04af,configs/parameter_provenance.csv,86c4261fcb9616a643db79340fe0b7398ba10a5c46464e67e8b697bcfc3a4ec9
illustrative_benchmark,doublet,doublet-manifold mixture,,0.9999999999999999,1.3333333333333334e-06,1.3333333333333335,0.03777843544949826,0.0554881517144889,0.09326658716398717,0.41764583989598364,0.006494703004004069,0.4825928699360242,0.4241405428999877,1000000.0,8e-06,1.0,1000000.0,0.1,100000.0,0.1,100000.0,1.0,1000000.0,1.0,1000000.0,0.1,100000.0,constant-generator matrix exponential Pade(13),61,True,dimensionless populations/per-encounter cumulative yields,dimensionless except time_s and reference_rate_s^-1,"Illustrative one-factor-at-a-time grid; bounds are not measured ranges or probability priors. Results are populations and per-encounter yields, not concentrations or biological fluxes. No encounter yield is converted to molarity, and no continuous biological ROS source is modeled.",1d8208b504af787754e184f77640f85675b5b634,01e64b526ae9ed2d5f192ae14068302e806c1e8b44576f4b4eb4b5f83a8e8039,configs/doxorubicin_parameters.json,b14b641f69afb70af9ff7557a062c2ce00e0b0cb74381ba69fcfaad4f17f04af,configs/parameter_provenance.csv,86c4261fcb9616a643db79340fe0b7398ba10a5c46464e67e8b697bcfc3a4ec9
illustrative_benchmark,doublet,doublet-manifold mixture,,0.9999999999999999,1.4666666666666667e-06,1.4666666666666666,0.025943065370031482,0.0510996801910055,0.07704274556103698,0.42184680287352044,0.007205786244720132,0.4939046653207215,0.42905258911824057,1000000.0,8e-06,1.0,1000000.0,0.1,100000.0,0.1,100000.0,1.0,1000000.0,1.0,1000000.0,0.1,100000.0,constant-generator matrix exponential Pade(13),61,True,dimensionless populations/per-encounter cumulative yields,dimensionless except time_s and reference_rate_s^-1,"Illustrative one-factor-at-a-time grid; bounds are not measured ranges or probability priors. Results are populations and per-encounter yields, not concentrations or biological fluxes. No encounter yield is converted to molarity, and no continuous biological ROS source is modeled.",1d8208b504af787754e184f77640f85675b5b634,01e64b526ae9ed2d5f192ae14068302e806c1e8b44576f4b4eb4b5f83a8e8039,configs/doxorubicin_parameters.json,b14b641f69afb70af9ff7557a062c2ce00e0b0cb74381ba69fcfaad4f17f04af,configs/parameter_provenance.csv,86c4261fcb9616a643db79340fe0b7398ba10a5c46464e67e8b697bcfc3a4ec9
illustrative_benchmark,doublet,doublet-manifold mixture,,0.9999999999999999,1.6e-06,1.5999999999999999,0.01773466811338374,0.0464000981837874,0.06413476629717114,0.42472468173947237,0.00785598820217123,0.5032845637611845,0.43258066994164357,1000000.0,8e-06,1.0,1000000.0,0.1,100000.0,0.1,100000.0,1.0,1000000.0,1.0,1000000.0,0.1,100000.0,constant-generator matrix exponential Pade(13),61,True,dimensionless populations/per-encounter cumulative yields,dimensionless except time_s and reference_rate_s^-1,"Illustrative one-factor-at-a-time grid; bounds are not measured ranges or probability priors. Results are populations and per-encounter yields, not concentrations or biological fluxes. No encounter yield is converted to molarity, and no continuous biological ROS source is modeled.",1d8208b504af787754e184f77640f85675b5b634,01e64b526ae9ed2d5f192ae14068302e806c1e8b44576f4b4eb4b5f83a8e8039,configs/doxorubicin_parameters.json,b14b641f69afb70af9ff7557a062c2ce00e0b0cb74381ba69fcfaad4f17f04af,configs/parameter_provenance.csv,86c4261fcb9616a643db79340fe0b7398ba10a5c46464e67e8b697bcfc3a4ec9
illustrative_benchmark,doublet,doublet-manifold mixture,,0.9999999999999999,1.7333333333333334e-06,1.7333333333333334,0.012124654845892337,0.041622442350478926,0.05374709719637126,0.42669113965236144,0.008442783954445927,0.5111189791968206,0.43513392360680736,1000000.0,8e-06,1.0,1000000.0,0.1,100000.0,0.1,100000.0,1.0,1000000.0,1.0,1000000.0,0.1,100000.0,constant-generator matrix exponential Pade(13),61,True,dimensionless populations/per-encounter cumulative yields,dimensionless except time_s and reference_rate_s^-1,"Illustrative one-factor-at-a-time grid; bounds are not measured ranges or probability priors. Results are populations and per-encounter yields, not concentrations or biological fluxes. No encounter yield is converted to molarity, and no continuous biological ROS source is modeled.",1d8208b504af787754e184f77640f85675b5b634,01e64b526ae9ed2d5f192ae14068302e806c1e8b44576f4b4eb4b5f83a8e8039,configs/doxorubicin_parameters.json,b14b641f69afb70af9ff7557a062c2ce00e0b0cb74381ba69fcfaad4f17f04af,configs/parameter_provenance.csv,86c4261fcb9616a643db79340fe0b7398ba10a5c46464e67e8b697bcfc3a4ec9
illustrative_benchmark,doublet,doublet-manifold mixture,,0.9999999999999999,1.8666666666666667e-06,1.8666666666666667,0.008350790234792276,0.03694085054564367,0.04529164078043595,0.42803923013115364,0.008966354450659636,0.5177027746377498,0.43700558458181327,1000000.0,8e-06,1.0,1000000.0,0.1,100000.0,0.1,100000.0,1.0,1000000.0,1.0,1000000.0,0.1,100000.0,constant-generator matrix exponential Pade(13),61,True,dimensionless populations/per-encounter cumulative yields,dimensionless except time_s and reference_rate_s^-1,"Illustrative one-factor-at-a-time grid; bounds are not measured ranges or probability priors. Results are populations and per-encounter yields, not concentrations or biological fluxes. No encounter yield is converted to molarity, and no continuous biological ROS source is modeled.",1d8208b504af787754e184f77640f85675b5b634,01e64b526ae9ed2d5f192ae14068302e806c1e8b44576f4b4eb4b5f83a8e8039,configs/doxorubicin_parameters.json,b14b641f69afb70af9ff7557a062c2ce00e0b0cb74381ba69fcfaad4f17f04af,configs/parameter_provenance.csv,86c4261fcb9616a643db79340fe0b7398ba10a5c46464e67e8b697bcfc3a4ec9
illustrative_benchmark,doublet,doublet-manifold mixture,,0.9999999999999999,2e-06,2.0,0.00585457231267506,0.03247886754304348,0.03833343985571854,0.42897457461014044,0.009428855538545439,0.5232631299955944,0.4384034301486859,1000000.0,8e-06,1.0,1000000.0,0.1,100000.0,0.1,100000.0,1.0,1000000.0,1.0,1000000.0,0.1,100000.0,constant-generator matrix exponential Pade(13),61,True,dimensionless populations/per-encounter cumulative yields,dimensionless except time_s and reference_rate_s^-1,"Illustrative one-factor-at-a-time grid; bounds are not measured ranges or probability priors. Results are populations and per-encounter yields, not concentrations or biological fluxes. No encounter yield is converted to molarity, and no continuous biological ROS source is modeled.",1d8208b504af787754e184f77640f85675b5b634,01e64b526ae9ed2d5f192ae14068302e806c1e8b44576f4b4eb4b5f83a8e8039,configs/doxorubicin_parameters.json,b14b641f69afb70af9ff7557a062c2ce00e0b0cb74381ba69fcfaad4f17f04af,configs/parameter_provenance.csv,86c4261fcb9616a643db79340fe0b7398ba10a5c46464e67e8b697bcfc3a4ec9
illustrative_benchmark,doublet,doublet-manifold mixture,,0.9999999999999999,2.1333333333333334e-06,2.1333333333333333,0.0042318228258727145,0.02831815955840798,0.032549982384280696,0.4296391003571852,0.009833801536486183,0.5279771157220468,0.4394729018936714,1000000.0,8e-06,1.0,1000000.0,0.1,100000.0,0.1,100000.0,1.0,1000000.0,1.0,1000000.0,0.1,100000.0,constant-generator matrix exponential Pade(13),61,True,dimensionless populations/per-encounter cumulative yields,dimensionless except time_s and reference_rate_s^-1,"Illustrative one-factor-at-a-time grid; bounds are not measured ranges or probability priors. Results are populations and per-encounter yields, not concentrations or biological fluxes. No encounter yield is converted to molarity, and no continuous biological ROS source is modeled.",1d8208b504af787754e184f77640f85675b5b634,01e64b526ae9ed2d5f192ae14068302e806c1e8b44576f4b4eb4b5f83a8e8039,configs/doxorubicin_parameters.json,b14b641f69afb70af9ff7557a062c2ce00e0b0cb74381ba69fcfaad4f17f04af,configs/parameter_provenance.csv,86c4261fcb9616a643db79340fe0b7398ba10a5c46464e67e8b697bcfc3a4ec9
illustrative_benchmark,doublet,doublet-manifold mixture,,0.9999999999999999,2.266666666666667e-06,2.266666666666667,0.0031940616639640077,0.024506873707946793,0.0277009353719108,0.43012893430860505,0.0101855632737162,0.5319845670457667,0.4403144975823213,1000000.0,8e-06,1.0,1000000.0,0.1,100000.0,0.1,100000.0,1.0,1000000.0,1.0,1000000.0,0.1,100000.0,constant-generator matrix exponential Pade(13),61,True,dimensionless populations/per-encounter cumulative yields,dimensionless except time_s and reference_rate_s^-1,"Illustrative one-factor-at-a-time grid; bounds are not measured ranges or probability priors. Results are populations and per-encounter yields, not concentrations or biological fluxes. No encounter yield is converted to molarity, and no continuous biological ROS source is modeled.",1d8208b504af787754e184f77640f85675b5b634,01e64b526ae9ed2d5f192ae14068302e806c1e8b44576f4b4eb4b5f83a8e8039,configs/doxorubicin_parameters.json,b14b641f69afb70af9ff7557a062c2ce00e0b0cb74381ba69fcfaad4f17f04af,configs/parameter_provenance.csv,86c4261fcb9616a643db79340fe0b7398ba10a5c46464e67e8b697bcfc3a4ec9
illustrative_benchmark,doublet,doublet-manifold mixture,,0.9999999999999999,2.4e-06,2.4,0.0025385952807132073,0.02106720766424377,0.023605802944956976,0.43050774887394994,0.010488972664285652,0.5353974755168059,0.4409967215382356,1000000.0,8e-06,1.0,1000000.0,0.1,100000.0,0.1,100000.0,1.0,1000000.0,1.0,1000000.0,0.1,100000.0,constant-generator matrix exponential Pade(13),61,True,dimensionless populations/per-encounter cumulative yields,dimensionless except time_s and reference_rate_s^-1,"Illustrative one-factor-at-a-time grid; bounds are not measured ranges or probability priors. Results are populations and per-encounter yields, not concentrations or biological fluxes. No encounter yield is converted to molarity, and no continuous biological ROS source is modeled.",1d8208b504af787754e184f77640f85675b5b634,01e64b526ae9ed2d5f192ae14068302e806c1e8b44576f4b4eb4b5f83a8e8039,configs/doxorubicin_parameters.json,b14b641f69afb70af9ff7557a062c2ce00e0b0cb74381ba69fcfaad4f17f04af,configs/parameter_provenance.csv,86c4261fcb9616a643db79340fe0b7398ba10a5c46464e67e8b697bcfc3a4ec9
illustrative_benchmark,doublet,doublet-manifold mixture,,0.9999999999999999,2.5333333333333334e-06,2.533333333333333,0.002125577129622409,0.0180019803610709,0.02012755749069331,0.4308166019793397,0.010749021686420565,0.5383068188435447,0.44156562366576024,1000000.0,8e-06,1.0,1000000.0,0.1,100000.0,0.1,100000.0,1.0,1000000.0,1.0,1000000.0,0.1,100000.0,constant-generator matrix exponential Pade(13),61,True,dimensionless populations/per-encounter cumulative yields,dimensionless except time_s and reference_rate_s^-1,"Illustrative one-factor-at-a-time grid; bounds are not measured ranges or probability priors. Results are populations and per-encounter yields, not concentrations or biological fluxes. No encounter yield is converted to molarity, and no continuous biological ROS source is modeled.",1d8208b504af787754e184f77640f85675b5b634,01e64b526ae9ed2d5f192ae14068302e806c1e8b44576f4b4eb4b5f83a8e8039,configs/doxorubicin_parameters.json,b14b641f69afb70af9ff7557a062c2ce00e0b0cb74381ba69fcfaad4f17f04af,configs/parameter_provenance.csv,86c4261fcb9616a643db79340fe0b7398ba10a5c46464e67e8b697bcfc3a4ec9
illustrative_benchmark,doublet,doublet-manifold mixture,,0.9999999999999999,2.666666666666667e-06,2.666666666666667,0.0018605924248922085,0.015300143756712535,0.017160736181604744,0.4310811013669105,0.010970641916779371,0.5407875205347036,0.4420517432836899,1000000.0,8e-06,1.0,1000000.0,0.1,100000.0,0.1,100000.0,1.0,1000000.0,1.0,1000000.0,0.1,100000.0,constant-generator matrix exponential Pade(13),61,True,dimensionless populations/per-encounter cumulative yields,dimensionless except time_s and reference_rate_s^-1,"Illustrative one-factor-at-a-time grid; bounds are not measured ranges or probability priors. Results are populations and per-encounter yields, not concentrations or biological fluxes. No encounter yield is converted to molarity, and no continuous biological ROS source is modeled.",1d8208b504af787754e184f77640f85675b5b634,01e64b526ae9ed2d5f192ae14068302e806c1e8b44576f4b4eb4b5f83a8e8039,configs/doxorubicin_parameters.json,b14b641f69afb70af9ff7557a062c2ce00e0b0cb74381ba69fcfaad4f17f04af,configs/parameter_provenance.csv,86c4261fcb9616a643db79340fe0b7398ba10a5c46464e67e8b697bcfc3a4ec9
illustrative_benchmark,doublet,doublet-manifold mixture,,0.9999999999999999,2.8e-06,2.8,0.0016815779336920049,0.012941269420827278,0.014622847354519283,0.43131654776979955,0.011158550645989121,0.5429020542296901,0.4424750984157887,1000000.0,8e-06,1.0,1000000.0,0.1,100000.0,0.1,100000.0,1.0,1000000.0,1.0,1000000.0,0.1,100000.0,constant-generator matrix exponential Pade(13),61,True,dimensionless populations/per-encounter cumulative yields,dimensionless except time_s and reference_rate_s^-1,"Illustrative one-factor-at-a-time grid; bounds are not measured ranges or probability priors. Results are populations and per-encounter yields, not concentrations or biological fluxes. No encounter yield is converted to molarity, and no continuous biological ROS source is modeled.",1d8208b504af787754e184f77640f85675b5b634,01e64b526ae9ed2d5f192ae14068302e806c1e8b44576f4b4eb4b5f83a8e8039,configs/doxorubicin_parameters.json,b14b641f69afb70af9ff7557a062c2ce00e0b0cb74381ba69fcfaad4f17f04af,configs/parameter_provenance.csv,86c4261fcb9616a643db79340fe0b7398ba10a5c46464e67e8b697bcfc3a4ec9
illustrative_benchmark,doublet,doublet-manifold mixture,,0.9999999999999999,2.9333333333333333e-06,2.933333333333333,0.0015491103712853727,0.010899098157519218,0.012448208528804593,0.43153156825375205,0.011317150451244547,0.5447030727661967,0.4428487187049966,1000000.0,8e-06,1.0,1000000.0,0.1,100000.0,0.1,100000.0,1.0,1000000.0,1.0,1000000.0,0.1,100000.0,constant-generator matrix exponential Pade(13),61,True,dimensionless populations/per-encounter cumulative yields,dimensionless except time_s and reference_rate_s^-1,"Illustrative one-factor-at-a-time grid; bounds are not measured ranges or probability priors. Results are populations and per-encounter yields, not concentrations or biological fluxes. No encounter yield is converted to molarity, and no continuous biological ROS source is modeled.",1d8208b504af787754e184f77640f85675b5b634,01e64b526ae9ed2d5f192ae14068302e806c1e8b44576f4b4eb4b5f83a8e8039,configs/doxorubicin_parameters.json,b14b641f69afb70af9ff7557a062c2ce00e0b0cb74381ba69fcfaad4f17f04af,configs/parameter_provenance.csv,86c4261fcb9616a643db79340fe0b7398ba10a5c46464e67e8b697bcfc3a4ec9
illustrative_benchmark,doublet,doublet-manifold mixture,,0.9999999999999999,3.066666666666667e-06,3.066666666666667,0.0014392862407262836,0.009144268158648598,0.010583554399374882,0.4317306351360427,0.011450470484412565,0.5462353399801674,0.44318110562045526,1000000.0,8e-06,1.0,1000000.0,0.1,100000.0,0.1,100000.0,1.0,1000000.0,1.0,1000000.0,0.1,100000.0,constant-generator matrix exponential Pade(13),61,True,dimensionless populations/per-encounter cumulative yields,dimensionless except time_s and reference_rate_s^-1,"Illustrative one-factor-at-a-time grid; bounds are not measured ranges or probability priors. Results are populations and per-encounter yields, not concentrations or biological fluxes. No encounter yield is converted to molarity, and no continuous biological ROS source is modeled.",1d8208b504af787754e184f77640f85675b5b634,01e64b526ae9ed2d5f192ae14068302e806c1e8b44576f4b4eb4b5f83a8e8039,configs/doxorubicin_parameters.json,b14b641f69afb70af9ff7557a062c2ce00e0b0cb74381ba69fcfaad4f17f04af,configs/parameter_provenance.csv,86c4261fcb9616a643db79340fe0b7398ba10a5c46464e67e8b697bcfc3a4ec9
illustrative_benchmark,doublet,doublet-manifold mixture,,0.9999999999999999,3.2e-06,3.1999999999999997,0.0013385744986694663,0.0076463463125427435,0.008984920811212209,0.4319157731641266,0.01156213935095755,0.5475371666737011,0.44347791251508417,1000000.0,8e-06,1.0,1000000.0,0.1,100000.0,0.1,100000.0,1.0,1000000.0,1.0,1000000.0,0.1,100000.0,constant-generator matrix exponential Pade(13),61,True,dimensionless populations/per-encounter cumulative yields,dimensionless except time_s and reference_rate_s^-1,"Illustrative one-factor-at-a-time grid; bounds are not measured ranges or probability priors. Results are populations and per-encounter yields, not concentrations or biological fluxes. No encounter yield is converted to molarity, and no continuous biological ROS source is modeled.",1d8208b504af787754e184f77640f85675b5b634,01e64b526ae9ed2d5f192ae14068302e806c1e8b44576f4b4eb4b5f83a8e8039,configs/doxorubicin_parameters.json,b14b641f69afb70af9ff7557a062c2ce00e0b0cb74381ba69fcfaad4f17f04af,configs/parameter_provenance.csv,86c4261fcb9616a643db79340fe0b7398ba10a5c46464e67e8b697bcfc3a4ec9
illustrative_benchmark,doublet,doublet-manifold mixture,,0.9999999999999999,3.3333333333333333e-06,3.3333333333333335,0.0012401545708729184,0.006375284851878604,0.007615439422751523,0.43208768418191723,0.011655381110310234,0.5486414952850185,0.44374306529222746,1000000.0,8e-06,1.0,1000000.0,0.1,100000.0,0.1,100000.0,1.0,1000000.0,1.0,1000000.0,0.1,100000.0,constant-generator matrix exponential Pade(13),61,True,dimensionless populations/per-encounter cumulative yields,dimensionless except time_s and reference_rate_s^-1,"Illustrative one-factor-at-a-time grid; bounds are not measured ranges or probability priors. Results are populations and per-encounter yields, not concentrations or biological fluxes. No encounter yield is converted to molarity, and no continuous biological ROS source is modeled.",1d8208b504af787754e184f77640f85675b5b634,01e64b526ae9ed2d5f192ae14068302e806c1e8b44576f4b4eb4b5f83a8e8039,configs/doxorubicin_parameters.json,b14b641f69afb70af9ff7557a062c2ce00e0b0cb74381ba69fcfaad4f17f04af,configs/parameter_provenance.csv,86c4261fcb9616a643db79340fe0b7398ba10a5c46464e67e8b697bcfc3a4ec9
illustrative_benchmark,doublet,doublet-manifold mixture,,0.9999999999999999,3.466666666666667e-06,3.466666666666667,0.0011413594598693266,0.005302416211696277,0.006443775671565604,0.43224646090927127,0.011733027500899128,0.5495767359182614,0.4439794884101704,1000000.0,8e-06,1.0,1000000.0,0.1,100000.0,0.1,100000.0,1.0,1000000.0,1.0,1000000.0,0.1,100000.0,constant-generator matrix exponential Pade(13),61,True,dimensionless populations/per-encounter cumulative yields,dimensionless except time_s and reference_rate_s^-1,"Illustrative one-factor-at-a-time grid; bounds are not measured ranges or probability priors. Results are populations and per-encounter yields, not concentrations or biological fluxes. No encounter yield is converted to molarity, and no continuous biological ROS source is modeled.",1d8208b504af787754e184f77640f85675b5b634,01e64b526ae9ed2d5f192ae14068302e806c1e8b44576f4b4eb4b5f83a8e8039,configs/doxorubicin_parameters.json,b14b641f69afb70af9ff7557a062c2ce00e0b0cb74381ba69fcfaad4f17f04af,configs/parameter_provenance.csv,86c4261fcb9616a643db79340fe0b7398ba10a5c46464e67e8b697bcfc3a4ec9
illustrative_benchmark,doublet,doublet-manifold mixture,,0.9999999999999999,3.6000000000000003e-06,3.6,0.0010419303811155215,0.004401086061568557,0.005443016442684079,0.43239201674867656,0.01179754091454193,0.5503674258940947,0.4441895576632185,1000000.0,8e-06,1.0,1000000.0,0.1,100000.0,0.1,100000.0,1.0,1000000.0,1.0,1000000.0,0.1,100000.0,constant-generator matrix exponential Pade(13),61,True,dimensionless populations/per-encounter cumulative yields,dimensionless except time_s and reference_rate_s^-1,"Illustrative one-factor-at-a-time grid; bounds are not measured ranges or probability priors. Results are populations and per-encounter yields, not concentrations or biological fluxes. No encounter yield is converted to molarity, and no continuous biological ROS source is modeled.",1d8208b504af787754e184f77640f85675b5b634,01e64b526ae9ed2d5f192ae14068302e806c1e8b44576f4b4eb4b5f83a8e8039,configs/doxorubicin_parameters.json,b14b641f69afb70af9ff7557a062c2ce00e0b0cb74381ba69fcfaad4f17f04af,configs/parameter_provenance.csv,86c4261fcb9616a643db79340fe0b7398ba10a5c46464e67e8b697bcfc3a4ec9
illustrative_benchmark,doublet,doublet-manifold mixture,,0.9999999999999999,3.7333333333333333e-06,3.7333333333333334,0.0009428587158687298,0.0036470101884827216,0.004589868904351453,0.4325243241907623,0.011851043883102033,0.5510347630217814,0.44437536807386435,1000000.0,8e-06,1.0,1000000.0,0.1,100000.0,0.1,100000.0,1.0,1000000.0,1.0,1000000.0,0.1,100000.0,constant-generator matrix exponential Pade(13),61,True,dimensionless populations/per-encounter cumulative yields,dimensionless except time_s and reference_rate_s^-1,"Illustrative one-factor-at-a-time grid; bounds are not measured ranges or probability priors. Results are populations and per-encounter yields, not concentrations or biological fluxes. No encounter yield is converted to molarity, and no continuous biological ROS source is modeled.",1d8208b504af787754e184f77640f85675b5b634,01e64b526ae9ed2d5f192ae14068302e806c1e8b44576f4b4eb4b5f83a8e8039,configs/doxorubicin_parameters.json,b14b641f69afb70af9ff7557a062c2ce00e0b0cb74381ba69fcfaad4f17f04af,configs/parameter_provenance.csv,86c4261fcb9616a643db79340fe0b7398ba10a5c46464e67e8b697bcfc3a4ec9
illustrative_benchmark,doublet,doublet-manifold mixture,,0.9999999999999999,3.866666666666666e-06,3.8666666666666663,0.000845645968235037,0.0030184266713897626,0.0038640726396248,0.43264352830097885,0.0118953518871287,0.5515970471722647,0.44453888018810755,1000000.0,8e-06,1.0,1000000.0,0.1,100000.0,0.1,100000.0,1.0,1000000.0,1.0,1000000.0,0.1,100000.0,constant-generator matrix exponential Pade(13),61,True,dimensionless populations/per-encounter cumulative yields,dimensionless except time_s and reference_rate_s^-1,"Illustrative one-factor-at-a-time grid; bounds are not measured ranges or probability priors. Results are populations and per-encounter yields, not concentrations or biological fluxes. No encounter yield is converted to molarity, and no continuous biological ROS source is modeled.",1d8208b504af787754e184f77640f85675b5b634,01e64b526ae9ed2d5f192ae14068302e806c1e8b44576f4b4eb4b5f83a8e8039,configs/doxorubicin_parameters.json,b14b641f69afb70af9ff7557a062c2ce00e0b0cb74381ba69fcfaad4f17f04af,configs/parameter_provenance.csv,86c4261fcb9616a643db79340fe0b7398ba10a5c46464e67e8b697bcfc3a4ec9
illustrative_benchmark,doublet,doublet-manifold mixture,,0.9999999999999999,4e-06,4.0,0.0007518554186568033,0.002496101474542846,0.0032479568931996494,0.43274998218091865,0.011932007158632829,0.5520700537672457,0.4446819893395515,1000000.0,8e-06,1.0,1000000.0,0.1,100000.0,0.1,100000.0,1.0,1000000.0,1.0,1000000.0,0.1,100000.0,constant-generator matrix exponential Pade(13),61,True,dimensionless populations/per-encounter cumulative yields,dimensionless except time_s and reference_rate_s^-1,"Illustrative one-factor-at-a-time grid; bounds are not measured ranges or probability priors. Results are populations and per-encounter yields, not concentrations or biological fluxes. No encounter yield is converted to molarity, and no continuous biological ROS source is modeled.",1d8208b504af787754e184f77640f85675b5b634,01e64b526ae9ed2d5f192ae14068302e806c1e8b44576f4b4eb4b5f83a8e8039,configs/doxorubicin_parameters.json,b14b641f69afb70af9ff7557a062c2ce00e0b0cb74381ba69fcfaad4f17f04af,configs/parameter_provenance.csv,86c4261fcb9616a643db79340fe0b7398ba10a5c46464e67e8b697bcfc3a4ec9
illustrative_benchmark,doublet,doublet-manifold mixture,,0.9999999999999999,4.133333333333333e-06,4.133333333333333,0.0006628624966777518,0.002063233668965711,0.0027260961656434633,0.4328442367750808,0.01196231184401754,0.5524673552152549,0.44480654861909835,1000000.0,8e-06,1.0,1000000.0,0.1,100000.0,0.1,100000.0,1.0,1000000.0,1.0,1000000.0,0.1,100000.0,constant-generator matrix exponential Pade(13),61,True,dimensionless populations/per-encounter cumulative yields,dimensionless except time_s and reference_rate_s^-1,"Illustrative one-factor-at-a-time grid; bounds are not measured ranges or probability priors. Results are populations and per-encounter yields, not concentrations or biological fluxes. No encounter yield is converted to molarity, and no continuous biological ROS source is modeled.",1d8208b504af787754e184f77640f85675b5b634,01e64b526ae9ed2d5f192ae14068302e806c1e8b44576f4b4eb4b5f83a8e8039,configs/doxorubicin_parameters.json,b14b641f69afb70af9ff7557a062c2ce00e0b0cb74381ba69fcfaad4f17f04af,configs/parameter_provenance.csv,86c4261fcb9616a643db79340fe0b7398ba10a5c46464e67e8b697bcfc3a4ec9
illustrative_benchmark,doublet,doublet-manifold mixture,,0.9999999999999999,4.266666666666667e-06,4.266666666666667,0.0005797364459066522,0.0017052961737834458,0.002285032619690098,0.43292700677729107,0.011987359438702322,0.5528006011643132,0.4449143662159934,1000000.0,8e-06,1.0,1000000.0,0.1,100000.0,0.1,100000.0,1.0,1000000.0,1.0,1000000.0,0.1,100000.0,constant-generator matrix exponential Pade(13),61,True,dimensionless populations/per-encounter cumulative yields,dimensionless except time_s and reference_rate_s^-1,"Illustrative one-factor-at-a-time grid; bounds are not measured ranges or probability priors. Results are populations and per-encounter yields, not concentrations or biological fluxes. No encounter yield is converted to molarity, and no continuous biological ROS source is modeled.",1d8208b504af787754e184f77640f85675b5b634,01e64b526ae9ed2d5f192ae14068302e806c1e8b44576f4b4eb4b5f83a8e8039,configs/doxorubicin_parameters.json,b14b641f69afb70af9ff7557a062c2ce00e0b0cb74381ba69fcfaad4f17f04af,configs/parameter_provenance.csv,86c4261fcb9616a643db79340fe0b7398ba10a5c46464e67e8b697bcfc3a4ec9
illustrative_benchmark,doublet,doublet-manifold mixture,,0.9999999999999999,4.4e-06,4.4,0.0005032052148655598,0.0014098392184182264,0.001913044433283786,0.4329991267523501,0.012008063823819418,0.553079764990543,0.4450071905761695,1000000.0,8e-06,1.0,1000000.0,0.1,100000.0,0.1,100000.0,1.0,1000000.0,1.0,1000000.0,0.1,100000.0,constant-generator matrix exponential Pade(13),61,True,dimensionless populations/per-encounter cumulative yields,dimensionless except time_s and reference_rate_s^-1,"Illustrative one-factor-at-a-time grid; bounds are not measured ranges or probability priors. Results are populations and per-encounter yields, not concentrations or biological fluxes. No encounter yield is converted to molarity, and no continuous biological ROS source is modeled.",1d8208b504af787754e184f77640f85675b5b634,01e64b526ae9ed2d5f192ae14068302e806c1e8b44576f4b4eb4b5f83a8e8039,configs/doxorubicin_parameters.json,b14b641f69afb70af9ff7557a062c2ce00e0b0cb74381ba69fcfaad4f17f04af,configs/parameter_provenance.csv,86c4261fcb9616a643db79340fe0b7398ba10a5c46464e67e8b697bcfc3a4ec9
illustrative_benchmark,doublet,doublet-manifold mixture,,0.9999999999999999,4.533333333333334e-06,4.533333333333334,0.0004336699977167543,0.0011662765793795911,0.0015999465770963456,0.4330615061933257,0.012025185548749982,0.5533133616808242,0.44508669174207566,1000000.0,8e-06,1.0,1000000.0,0.1,100000.0,0.1,100000.0,1.0,1000000.0,1.0,1000000.0,0.1,100000.0,constant-generator matrix exponential Pade(13),61,True,dimensionless populations/per-encounter cumulative yields,dimensionless except time_s and reference_rate_s^-1,"Illustrative one-factor-at-a-time grid; bounds are not measured ranges or probability priors. Results are populations and per-encounter yields, not concentrations or biological fluxes. No encounter yield is converted to molarity, and no continuous biological ROS source is modeled.",1d8208b504af787754e184f77640f85675b5b634,01e64b526ae9ed2d5f192ae14068302e806c1e8b44576f4b4eb4b5f83a8e8039,configs/doxorubicin_parameters.json,b14b641f69afb70af9ff7557a062c2ce00e0b0cb74381ba69fcfaad4f17f04af,configs/parameter_provenance.csv,86c4261fcb9616a643db79340fe0b7398ba10a5c46464e67e8b697bcfc3a4ec9
illustrative_benchmark,doublet,doublet-manifold mixture,,0.9999999999999999,4.666666666666667e-06,4.666666666666667,0.0003712465482115159,0.0009656688957582736,0.0013369154439697895,0.4331150885082793,0.012039355230860811,0.553508640816886,0.4451544437391401,1000000.0,8e-06,1.0,1000000.0,0.1,100000.0,0.1,100000.0,1.0,1000000.0,1.0,1000000.0,0.1,100000.0,constant-generator matrix exponential Pade(13),61,True,dimensionless populations/per-encounter cumulative yields,dimensionless except time_s and reference_rate_s^-1,"Illustrative one-factor-at-a-time grid; bounds are not measured ranges or probability priors. Results are populations and per-encounter yields, not concentrations or biological fluxes. No encounter yield is converted to molarity, and no continuous biological ROS source is modeled.",1d8208b504af787754e184f77640f85675b5b634,01e64b526ae9ed2d5f192ae14068302e806c1e8b44576f4b4eb4b5f83a8e8039,configs/doxorubicin_parameters.json,b14b641f69afb70af9ff7557a062c2ce00e0b0cb74381ba69fcfaad4f17f04af,configs/parameter_provenance.csv,86c4261fcb9616a643db79340fe0b7398ba10a5c46464e67e8b697bcfc3a4ec9
illustrative_benchmark,doublet,doublet-manifold mixture,,0.9999999999999999,4.8e-06,4.8,0.000315818171752533,0.000800513840336306,0.001116332012088839,0.43316081642698095,0.012051094103086052,0.5536717574578399,0.44521191053006703,1000000.0,8e-06,1.0,1000000.0,0.1,100000.0,0.1,100000.0,1.0,1000000.0,1.0,1000000.0,0.1,100000.0,constant-generator matrix exponential Pade(13),61,True,dimensionless populations/per-encounter cumulative yields,dimensionless except time_s and reference_rate_s^-1,"Illustrative one-factor-at-a-time grid; bounds are not measured ranges or probability priors. Results are populations and per-encounter yields, not concentrations or biological fluxes. No encounter yield is converted to molarity, and no continuous biological ROS source is modeled.",1d8208b504af787754e184f77640f85675b5b634,01e64b526ae9ed2d5f192ae14068302e806c1e8b44576f4b4eb4b5f83a8e8039,configs/doxorubicin_parameters.json,b14b641f69afb70af9ff7557a062c2ce00e0b0cb74381ba69fcfaad4f17f04af,configs/parameter_provenance.csv,86c4261fcb9616a643db79340fe0b7398ba10a5c46464e67e8b697bcfc3a4ec9
illustrative_benchmark,doublet,doublet-manifold mixture,,0.9999999999999999,4.933333333333333e-06,4.933333333333334,0.0002670908624498128,0.0006645494357585807,0.0009316402982083934,0.43319960469760666,0.012060831846052306,0.5538079231581283,0.445260436543659,1000000.0,8e-06,1.0,1000000.0,0.1,100000.0,0.1,100000.0,1.0,1000000.0,1.0,1000000.0,0.1,100000.0,constant-generator matrix exponential Pade(13),61,True,dimensionless populations/per-encounter cumulative yields,dimensionless except time_s and reference_rate_s^-1,"Illustrative one-factor-at-a-time grid; bounds are not measured ranges or probability priors. Results are populations and per-encounter yields, not concentrations or biological fluxes. No encounter yield is converted to molarity, and no continuous biological ROS source is modeled.",1d8208b504af787754e184f77640f85675b5b634,01e64b526ae9ed2d5f192ae14068302e806c1e8b44576f4b4eb4b5f83a8e8039,configs/doxorubicin_parameters.json,b14b641f69afb70af9ff7557a062c2ce00e0b0cb74381ba69fcfaad4f17f04af,configs/parameter_provenance.csv,86c4261fcb9616a643db79340fe0b7398ba10a5c46464e67e8b697bcfc3a4ec9
illustrative_benchmark,doublet,doublet-manifold mixture,,0.9999999999999999,5.066666666666667e-06,5.066666666666666,0.0002246449466144727,0.0005525741812226971,0.0007772191278371699,0.43323231994787964,0.012068921906945513,0.5539215390173332,0.44530124185482517,1000000.0,8e-06,1.0,1000000.0,0.1,100000.0,0.1,100000.0,1.0,1000000.0,1.0,1000000.0,0.1,100000.0,constant-generator matrix exponential Pade(13),61,True,dimensionless populations/per-encounter cumulative yields,dimensionless except time_s and reference_rate_s^-1,"Illustrative one-factor-at-a-time grid; bounds are not measured ranges or probability priors. Results are populations and per-encounter yields, not concentrations or biological fluxes. No encounter yield is converted to molarity, and no continuous biological ROS source is modeled.",1d8208b504af787754e184f77640f85675b5b634,01e64b526ae9ed2d5f192ae14068302e806c1e8b44576f4b4eb4b5f83a8e8039,configs/doxorubicin_parameters.json,b14b641f69afb70af9ff7557a062c2ce00e0b0cb74381ba69fcfaad4f17f04af,configs/parameter_provenance.csv,86c4261fcb9616a643db79340fe0b7398ba10a5c46464e67e8b697bcfc3a4ec9
illustrative_benchmark,doublet,doublet-manifold mixture,,0.9999999999999999,5.2e-06,5.2,0.0001879802530123048,0.00046028573298816843,0.0006482659860004734,0.4332597670222581,0.012075654542680028,0.5540163124490569,0.4453354215649381,1000000.0,8e-06,1.0,1000000.0,0.1,100000.0,0.1,100000.0,1.0,1000000.0,1.0,1000000.0,0.1,100000.0,constant-generator matrix exponential Pade(13),61,True,dimensionless populations/per-encounter cumulative yields,dimensionless except time_s and reference_rate_s^-1,"Illustrative one-factor-at-a-time grid; bounds are not measured ranges or probability priors. Results are populations and per-encounter yields, not concentrations or biological fluxes. No encounter yield is converted to molarity, and no continuous biological ROS source is modeled.",1d8208b504af787754e184f77640f85675b5b634,01e64b526ae9ed2d5f192ae14068302e806c1e8b44576f4b4eb4b5f83a8e8039,configs/doxorubicin_parameters.json,b14b641f69afb70af9ff7557a062c2ce00e0b0cb74381ba69fcfaad4f17f04af,configs/parameter_provenance.csv,86c4261fcb9616a643db79340fe0b7398ba10a5c46464e67e8b697bcfc3a4ec9
illustrative_benchmark,doublet,doublet-manifold mixture,,0.9999999999999999,5.333333333333334e-06,5.333333333333334,0.0001565535871437746,0.00038413851878004194,0.0005406921059238165,0.433282680835081,0.012081267838537368,0.5540953592204533,0.44536394867361834,1000000.0,8e-06,1.0,1000000.0,0.1,100000.0,0.1,100000.0,1.0,1000000.0,1.0,1000000.0,0.1,100000.0,constant-generator matrix exponential Pade(13),61,True,dimensionless populations/per-encounter cumulative yields,dimensionless except time_s and reference_rate_s^-1,"Illustrative one-factor-at-a-time grid; bounds are not measured ranges or probability priors. Results are populations and per-encounter yields, not concentrations or biological fluxes. No encounter yield is converted to molarity, and no continuous biological ROS source is modeled.",1d8208b504af787754e184f77640f85675b5b634,01e64b526ae9ed2d5f192ae14068302e806c1e8b44576f4b4eb4b5f83a8e8039,configs/doxorubicin_parameters.json,b14b641f69afb70af9ff7557a062c2ce00e0b0cb74381ba69fcfaad4f17f04af,configs/parameter_provenance.csv,86c4261fcb9616a643db79340fe0b7398ba10a5c46464e67e8b697bcfc3a4ec9
illustrative_benchmark,doublet,doublet-manifold mixture,,0.9999999999999999,5.466666666666667e-06,5.466666666666667,0.00012980839679178907,0.0003212197391354288,0.00045102813592721785,0.4333017226965512,0.012085956951906096,0.5541612922156108,0.4453876796484573,1000000.0,8e-06,1.0,1000000.0,0.1,100000.0,0.1,100000.0,1.0,1000000.0,1.0,1000000.0,0.1,100000.0,constant-generator matrix exponential Pade(13),61,True,dimensionless populations/per-encounter cumulative yields,dimensionless except time_s and reference_rate_s^-1,"Illustrative one-factor-at-a-time grid; bounds are not measured ranges or probability priors. Results are populations and per-encounter yields, not concentrations or biological fluxes. No encounter yield is converted to molarity, and no continuous biological ROS source is modeled.",1d8208b504af787754e184f77640f85675b5b634,01e64b526ae9ed2d5f192ae14068302e806c1e8b44576f4b4eb4b5f83a8e8039,configs/doxorubicin_parameters.json,b14b641f69afb70af9ff7557a062c2ce00e0b0cb74381ba69fcfaad4f17f04af,configs/parameter_provenance.csv,86c4261fcb9616a643db79340fe0b7398ba10a5c46464e67e8b697bcfc3a4ec9
illustrative_benchmark,doublet,doublet-manifold mixture,,0.9999999999999999,5.6e-06,5.6,0.00010719717141757853,0.00026914261503312533,0.0003763397864507039,0.433317480101263,0.012089881819183622,0.5542162982930979,0.4454073619204466,1000000.0,8e-06,1.0,1000000.0,0.1,100000.0,0.1,100000.0,1.0,1000000.0,1.0,1000000.0,0.1,100000.0,constant-generator matrix exponential Pade(13),61,True,dimensionless populations/per-encounter cumulative yields,dimensionless except time_s and reference_rate_s^-1,"Illustrative one-factor-at-a-time grid; bounds are not measured ranges or probability priors. Results are populations and per-encounter yields, not concentrations or biological fluxes. No encounter yield is converted to molarity, and no continuous biological ROS source is modeled.",1d8208b504af787754e184f77640f85675b5b634,01e64b526ae9ed2d5f192ae14068302e806c1e8b44576f4b4eb4b5f83a8e8039,configs/doxorubicin_parameters.json,b14b641f69afb70af9ff7557a062c2ce00e0b0cb74381ba69fcfaad4f17f04af,configs/parameter_provenance.csv,86c4261fcb9616a643db79340fe0b7398ba10a5c46464e67e8b697bcfc3a4ec9
illustrative_benchmark,doublet,doublet-manifold mixture,,0.9999999999999999,5.733333333333333e-06,5.733333333333333,8.819746181182516e-05,0.00022595539634216556,0.00031415285815399074,0.43333046906705447,0.0120931735461576,0.554262204528629,0.44542364261321205,1000000.0,8e-06,1.0,1000000.0,0.1,100000.0,0.1,100000.0,1.0,1000000.0,1.0,1000000.0,0.1,100000.0,constant-generator matrix exponential Pade(13),61,True,dimensionless populations/per-encounter cumulative yields,dimensionless except time_s and reference_rate_s^-1,"Illustrative one-factor-at-a-time grid; bounds are not measured ranges or probability priors. Results are populations and per-encounter yields, not concentrations or biological fluxes. No encounter yield is converted to molarity, and no continuous biological ROS source is modeled.",1d8208b504af787754e184f77640f85675b5b634,01e64b526ae9ed2d5f192ae14068302e806c1e8b44576f4b4eb4b5f83a8e8039,configs/doxorubicin_parameters.json,b14b641f69afb70af9ff7557a062c2ce00e0b0cb74381ba69fcfaad4f17f04af,configs/parameter_provenance.csv,86c4261fcb9616a643db79340fe0b7398ba10a5c46464e67e8b697bcfc3a4ec9
illustrative_benchmark,doublet,doublet-manifold mixture,,0.9999999999999999,5.866666666666667e-06,5.866666666666666,7.232254362536631e-05,0.0001900644818244855,0.0002623870254498518,0.4333411382411263,0.012095939681117622,0.5543005350523011,0.4454370779222439,1000000.0,8e-06,1.0,1000000.0,0.1,100000.0,0.1,100000.0,1.0,1000000.0,1.0,1000000.0,0.1,100000.0,constant-generator matrix exponential Pade(13),61,True,dimensionless populations/per-encounter cumulative yields,dimensionless except time_s and reference_rate_s^-1,"Illustrative one-factor-at-a-time grid; bounds are not measured ranges or probability priors. Results are populations and per-encounter yields, not concentrations or biological fluxes. No encounter yield is converted to molarity, and no continuous biological ROS source is modeled.",1d8208b504af787754e184f77640f85675b5b634,01e64b526ae9ed2d5f192ae14068302e806c1e8b44576f4b4eb4b5f83a8e8039,configs/doxorubicin_parameters.json,b14b641f69afb70af9ff7557a062c2ce00e0b0cb74381ba69fcfaad4f17f04af,configs/parameter_provenance.csv,86c4261fcb9616a643db79340fe0b7398ba10a5c46464e67e8b697bcfc3a4ec9
illustrative_benchmark,doublet,doublet-manifold mixture,,0.9999999999999999,6e-06,6.0,5.912775458328277e-05,0.00016016996505459417,0.00021929771963787696,0.4333498741283843,0.01209826854759906,0.5543325596043734,0.44544814267598337,1000000.0,8e-06,1.0,1000000.0,0.1,100000.0,0.1,100000.0,1.0,1000000.0,1.0,1000000.0,0.1,100000.0,constant-generator matrix exponential Pade(13),61,True,dimensionless populations/per-encounter cumulative yields,dimensionless except time_s and reference_rate_s^-1,"Illustrative one-factor-at-a-time grid; bounds are not measured ranges or probability priors. Results are populations and per-encounter yields, not concentrations or biological fluxes. No encounter yield is converted to molarity, and no continuous biological ROS source is modeled.",1d8208b504af787754e184f77640f85675b5b634,01e64b526ae9ed2d5f192ae14068302e806c1e8b44576f4b4eb4b5f83a8e8039,configs/doxorubicin_parameters.json,b14b641f69afb70af9ff7557a062c2ce00e0b0cb74381ba69fcfaad4f17f04af,configs/parameter_provenance.csv,86c4261fcb9616a643db79340fe0b7398ba10a5c46464e67e8b697bcfc3a4ec9
illustrative_benchmark,doublet,doublet-manifold mixture,,0.9999999999999999,6.133333333333334e-06,6.133333333333334,4.821346367418238e-05,0.0001352119702191399,0.00018342543389332229,0.4333570069301309,0.012100232791440079,0.5543593348445303,0.445457239721571,1000000.0,8e-06,1.0,1000000.0,0.1,100000.0,0.1,100000.0,1.0,1000000.0,1.0,1000000.0,0.1,100000.0,constant-generator matrix exponential Pade(13),61,True,dimensionless populations/per-encounter cumulative yields,dimensionless except time_s and reference_rate_s^-1,"Illustrative one-factor-at-a-time grid; bounds are not measured ranges or probability priors. Results are populations and per-encounter yields, not concentrations or biological fluxes. No encounter yield is converted to molarity, and no continuous biological ROS source is modeled.",1d8208b504af787754e184f77640f85675b5b634,01e64b526ae9ed2d5f192ae14068302e806c1e8b44576f4b4eb4b5f83a8e8039,configs/doxorubicin_parameters.json,b14b641f69afb70af9ff7557a062c2ce00e0b0cb74381ba69fcfaad4f17f04af,configs/parameter_provenance.csv,86c4261fcb9616a643db79340fe0b7398ba10a5c46464e67e8b697bcfc3a4ec9
illustrative_benchmark,doublet,doublet-manifold mixture,,0.9999999999999999,6.266666666666667e-06,6.2666666666666675,3.9225518135392994e-05,0.0001143262459088845,0.00015355176404427748,0.4333628166018061,0.012101892275667228,0.5543817393584769,0.4454647088774733,1000000.0,8e-06,1.0,1000000.0,0.1,100000.0,0.1,100000.0,1.0,1000000.0,1.0,1000000.0,0.1,100000.0,constant-generator matrix exponential Pade(13),61,True,dimensionless populations/per-encounter cumulative yields,dimensionless except time_s and reference_rate_s^-1,"Illustrative one-factor-at-a-time grid; bounds are not measured ranges or probability priors. Results are populations and per-encounter yields, not concentrations or biological fluxes. No encounter yield is converted to molarity, and no continuous biological ROS source is modeled.",1d8208b504af787754e184f77640f85675b5b634,01e64b526ae9ed2d5f192ae14068302e806c1e8b44576f4b4eb4b5f83a8e8039,configs/doxorubicin_parameters.json,b14b641f69afb70af9ff7557a062c2ce00e0b0cb74381ba69fcfaad4f17f04af,configs/parameter_provenance.csv,86c4261fcb9616a643db79340fe0b7398ba10a5c46464e67e8b697bcfc3a4ec9
illustrative_benchmark,doublet,doublet-manifold mixture,,0.9999999999999999,6.4e-06,6.3999999999999995,3.1853885123230144e-05,9.68076204367899e-05,0.00012866150556002003,0.4333675388427371,0.01210329643717834,0.5544005032145187,0.44547083527991543,1000000.0,8e-06,1.0,1000000.0,0.1,100000.0,0.1,100000.0,1.0,1000000.0,1.0,1000000.0,0.1,100000.0,constant-generator matrix exponential Pade(13),61,True,dimensionless populations/per-encounter cumulative yields,dimensionless except time_s and reference_rate_s^-1,"Illustrative one-factor-at-a-time grid; bounds are not measured ranges or probability priors. Results are populations and per-encounter yields, not concentrations or biological fluxes. No encounter yield is converted to molarity, and no continuous biological ROS source is modeled.",1d8208b504af787754e184f77640f85675b5b634,01e64b526ae9ed2d5f192ae14068302e806c1e8b44576f4b4eb4b5f83a8e8039,configs/doxorubicin_parameters.json,b14b641f69afb70af9ff7557a062c2ce00e0b0cb74381ba69fcfaad4f17f04af,configs/parameter_provenance.csv,86c4261fcb9616a643db79340fe0b7398ba10a5c46464e67e8b697bcfc3a4ec9
illustrative_benchmark,doublet,doublet-manifold mixture,,0.9999999999999999,6.533333333333333e-06,6.533333333333333,2.5830075207924535e-05,8.20800721195931e-05,0.00010791014732751763,0.4333713708177397,0.012104486201562634,0.554416232833364,0.4454758570193023,1000000.0,8e-06,1.0,1000000.0,0.1,100000.0,0.1,100000.0,1.0,1000000.0,1.0,1000000.0,0.1,100000.0,constant-generator matrix exponential Pade(13),61,True,dimensionless populations/per-encounter cumulative yields,dimensionless except time_s and reference_rate_s^-1,"Illustrative one-factor-at-a-time grid; bounds are not measured ranges or probability priors. Results are populations and per-encounter yields, not concentrations or biological fluxes. No encounter yield is converted to molarity, and no continuous biological ROS source is modeled.",1d8208b504af787754e184f77640f85675b5b634,01e64b526ae9ed2d5f192ae14068302e806c1e8b44576f4b4eb4b5f83a8e8039,configs/doxorubicin_parameters.json,b14b641f69afb70af9ff7557a062c2ce00e0b0cb74381ba69fcfaad4f17f04af,configs/parameter_provenance.csv,86c4261fcb9616a643db79340fe0b7398ba10a5c46464e67e8b697bcfc3a4ec9
illustrative_benchmark,doublet,doublet-manifold mixture,,0.9999999999999999,6.666666666666667e-06,6.666666666666667,2.0923813622991594e-05,6.96723206323605e-05,9.05961342553521e-05,0.43337447648048744,0.012105495536796854,0.5544294318484542,0.4454799720172843,1000000.0,8e-06,1.0,1000000.0,0.1,100000.0,0.1,100000.0,1.0,1000000.0,1.0,1000000.0,0.1,100000.0,constant-generator matrix exponential Pade(13),61,True,dimensionless populations/per-encounter cumulative yields,dimensionless except time_s and reference_rate_s^-1,"Illustrative one-factor-at-a-time grid; bounds are not measured ranges or probability priors. Results are populations and per-encounter yields, not concentrations or biological fluxes. No encounter yield is converted to molarity, and no continuous biological ROS source is modeled.",1d8208b504af787754e184f77640f85675b5b634,01e64b526ae9ed2d5f192ae14068302e806c1e8b44576f4b4eb4b5f83a8e8039,configs/doxorubicin_parameters.json,b14b641f69afb70af9ff7557a062c2ce00e0b0cb74381ba69fcfaad4f17f04af,configs/parameter_provenance.csv,86c4261fcb9616a643db79340fe0b7398ba10a5c46464e67e8b697bcfc3a4ec9
illustrative_benchmark,doublet,doublet-manifold mixture,,0.9999999999999999,6.8e-06,6.8,1.6939317533603163e-05,5.919799316628627e-05,7.613731069988945e-05,0.43337699142334557,0.012106352712964041,0.5544405185529842,0.44548334413630963,1000000.0,8e-06,1.0,1000000.0,0.1,100000.0,0.1,100000.0,1.0,1000000.0,1.0,1000000.0,0.1,100000.0,constant-generator matrix exponential Pade(13),61,True,dimensionless populations/per-encounter cumulative yields,dimensionless except time_s and reference_rate_s^-1,"Illustrative one-factor-at-a-time grid; bounds are not measured ranges or probability priors. Results are populations and per-encounter yields, not concentrations or biological fluxes. No encounter yield is converted to molarity, and no continuous biological ROS source is modeled.",1d8208b504af787754e184f77640f85675b5b634,01e64b526ae9ed2d5f192ae14068302e806c1e8b44576f4b4eb4b5f83a8e8039,configs/doxorubicin_parameters.json,b14b641f69afb70af9ff7557a062c2ce00e0b0cb74381ba69fcfaad4f17f04af,configs/parameter_provenance.csv,86c4261fcb9616a643db79340fe0b7398ba10a5c46464e67e8b697bcfc3a4ec9
illustrative_benchmark,doublet,doublet-manifold mixture,,0.9999999999999999,6.933333333333334e-06,6.933333333333334,1.3711445549181848e-05,5.033955679698205e-05,6.405100234616389e-05,0.43337902721982,0.012107081323455372,0.5544498404543717,0.4454861085432754,1000000.0,8e-06,1.0,1000000.0,0.1,100000.0,0.1,100000.0,1.0,1000000.0,1.0,1000000.0,0.1,100000.0,constant-generator matrix exponential Pade(13),61,True,dimensionless populations/per-encounter cumulative yields,dimensionless except time_s and reference_rate_s^-1,"Illustrative one-factor-at-a-time grid; bounds are not measured ranges or probability priors. Results are populations and per-encounter yields, not concentrations or biological fluxes. No encounter yield is converted to molarity, and no continuous biological ROS source is modeled.",1d8208b504af787754e184f77640f85675b5b634,01e64b526ae9ed2d5f192ae14068302e806c1e8b44576f4b4eb4b5f83a8e8039,configs/doxorubicin_parameters.json,b14b641f69afb70af9ff7557a062c2ce00e0b0cb74381ba69fcfaad4f17f04af,configs/parameter_provenance.csv,86c4261fcb9616a643db79340fe0b7398ba10a5c46464e67e8b697bcfc3a4ec9
illustrative_benchmark,doublet,doublet-manifold mixture,,0.9999999999999999,7.066666666666667e-06,7.066666666666667,1.1101909490125817e-05,4.28353334614025e-05,5.3937242951528316e-05,0.4333806752560176,0.01210770111318259,0.5544576863878414,0.4454883763692002,1000000.0,8e-06,1.0,1000000.0,0.1,100000.0,0.1,100000.0,1.0,1000000.0,1.0,1000000.0,0.1,100000.0,constant-generator matrix exponential Pade(13),61,True,dimensionless populations/per-encounter cumulative yields,dimensionless except time_s and reference_rate_s^-1,"Illustrative one-factor-at-a-time grid; bounds are not measured ranges or probability priors. Results are populations and per-encounter yields, not concentrations or biological fluxes. No encounter yield is converted to molarity, and no continuous biological ROS source is modeled.",1d8208b504af787754e184f77640f85675b5b634,01e64b526ae9ed2d5f192ae14068302e806c1e8b44576f4b4eb4b5f83a8e8039,configs/doxorubicin_parameters.json,b14b641f69afb70af9ff7557a062c2ce00e0b0cb74381ba69fcfaad4f17f04af,configs/parameter_provenance.csv,86c4261fcb9616a643db79340fe0b7398ba10a5c46464e67e8b697bcfc3a4ec9
illustrative_benchmark,doublet,doublet-manifold mixture,,0.9999999999999999,7.2000000000000005e-06,7.2,8.995677084847215e-06,3.6469025040555525e-05,4.546470212540274e-05,0.43338201006859883,0.012108228650970197,0.5544642965782985,0.44549023871956905,1000000.0,8e-06,1.0,1000000.0,0.1,100000.0,0.1,100000.0,1.0,1000000.0,1.0,1000000.0,0.1,100000.0,constant-generator matrix exponential Pade(13),61,True,dimensionless populations/per-encounter cumulative yields,dimensionless except time_s and reference_rate_s^-1,"Illustrative one-factor-at-a-time grid; bounds are not measured ranges or probability priors. Results are populations and per-encounter yields, not concentrations or biological fluxes. No encounter yield is converted to molarity, and no continuous biological ROS source is modeled.",1d8208b504af787754e184f77640f85675b5b634,01e64b526ae9ed2d5f192ae14068302e806c1e8b44576f4b4eb4b5f83a8e8039,configs/doxorubicin_parameters.json,b14b641f69afb70af9ff7557a062c2ce00e0b0cb74381ba69fcfaad4f17f04af,configs/parameter_provenance.csv,86c4261fcb9616a643db79340fe0b7398ba10a5c46464e67e8b697bcfc3a4ec9
illustrative_benchmark,doublet,doublet-manifold mixture,,0.9999999999999999,7.333333333333333e-06,7.333333333333333,7.297646255903149e-06,3.106127310708254e-05,3.835891936298569e-05,0.43338309222052473,0.012108677876325694,0.5544698709837793,0.4454917700968504,1000000.0,8e-06,1.0,1000000.0,0.1,100000.0,0.1,100000.0,1.0,1000000.0,1.0,1000000.0,0.1,100000.0,constant-generator matrix exponential Pade(13),61,True,dimensionless populations/per-encounter cumulative yields,dimensionless except time_s and reference_rate_s^-1,"Illustrative one-factor-at-a-time grid; bounds are not measured ranges or probability priors. Results are populations and per-encounter yields, not concentrations or biological fluxes. No encounter yield is converted to molarity, and no continuous biological ROS source is modeled.",1d8208b504af787754e184f77640f85675b5b634,01e64b526ae9ed2d5f192ae14068302e806c1e8b44576f4b4eb4b5f83a8e8039,configs/doxorubicin_parameters.json,b14b641f69afb70af9ff7557a062c2ce00e0b0cb74381ba69fcfaad4f17f04af,configs/parameter_provenance.csv,86c4261fcb9616a643db79340fe0b7398ba10a5c46464e67e8b697bcfc3a4ec9
illustrative_benchmark,doublet,doublet-manifold mixture,,0.9999999999999999,7.466666666666667e-06,7.466666666666667,5.929635115319288e-06,2.6462861475048532e-05,3.239249659036782e-05,0.43338397075409985,0.012109060545018625,0.5544745762042838,0.4454930312991185,1000000.0,8e-06,1.0,1000000.0,0.1,100000.0,0.1,100000.0,1.0,1000000.0,1.0,1000000.0,0.1,100000.0,constant-generator matrix exponential Pade(13),61,True,dimensionless populations/per-encounter cumulative yields,dimensionless except time_s and reference_rate_s^-1,"Illustrative one-factor-at-a-time grid; bounds are not measured ranges or probability priors. Results are populations and per-encounter yields, not concentrations or biological fluxes. No encounter yield is converted to molarity, and no continuous biological ROS source is modeled.",1d8208b504af787754e184f77640f85675b5b634,01e64b526ae9ed2d5f192ae14068302e806c1e8b44576f4b4eb4b5f83a8e8039,configs/doxorubicin_parameters.json,b14b641f69afb70af9ff7557a062c2ce00e0b0cb74381ba69fcfaad4f17f04af,configs/parameter_provenance.csv,86c4261fcb9616a643db79340fe0b7398ba10a5c46464e67e8b697bcfc3a4ec9
illustrative_benchmark,doublet,doublet-manifold mixture,,0.9999999999999999,7.6e-06,7.6,4.8277048474159074e-06,2.25492407659615e-05,2.7376945613377406e-05,0.43338468526480284,0.012109386593161428,0.5544785511964146,0.44549407185796425,1000000.0,8e-06,1.0,1000000.0,0.1,100000.0,0.1,100000.0,1.0,1000000.0,1.0,1000000.0,0.1,100000.0,constant-generator matrix exponential Pade(13),61,True,dimensionless populations/per-encounter cumulative yields,dimensionless except time_s and reference_rate_s^-1,"Illustrative one-factor-at-a-time grid; bounds are not measured ranges or probability priors. Results are populations and per-encounter yields, not concentrations or biological fluxes. No encounter yield is converted to molarity, and no continuous biological ROS source is modeled.",1d8208b504af787754e184f77640f85675b5b634,01e64b526ae9ed2d5f192ae14068302e806c1e8b44576f4b4eb4b5f83a8e8039,configs/doxorubicin_parameters.json,b14b641f69afb70af9ff7557a062c2ce00e0b0cb74381ba69fcfaad4f17f04af,configs/parameter_provenance.csv,86c4261fcb9616a643db79340fe0b7398ba10a5c46464e67e8b697bcfc3a4ec9
illustrative_benchmark,doublet,doublet-manifold mixture,,0.9999999999999999,7.733333333333333e-06,7.7333333333333325,3.939813526635462e-06,1.921611399459812e-05,2.3155927521233583e-05,0.4333852676403356,0.0121096644356184,0.554481911996517,0.445494932075954,1000000.0,8e-06,1.0,1000000.0,0.1,100000.0,0.1,100000.0,1.0,1000000.0,1.0,1000000.0,0.1,100000.0,constant-generator matrix exponential Pade(13),61,True,dimensionless populations/per-encounter cumulative yields,dimensionless except time_s and reference_rate_s^-1,"Illustrative one-factor-at-a-time grid; bounds are not measured ranges or probability priors. Results are populations and per-encounter yields, not concentrations or biological fluxes. No encounter yield is converted to molarity, and no continuous biological ROS source is modeled.",1d8208b504af787754e184f77640f85675b5b634,01e64b526ae9ed2d5f192ae14068302e806c1e8b44576f4b4eb4b5f83a8e8039,configs/doxorubicin_parameters.json,b14b641f69afb70af9ff7557a062c2ce00e0b0cb74381ba69fcfaad4f17f04af,configs/parameter_provenance.csv,86c4261fcb9616a643db79340fe0b7398ba10a5c46464e67e8b697bcfc3a4ec9
illustrative_benchmark,doublet,doublet-manifold mixture,,0.9999999999999999,7.866666666666667e-06,7.866666666666667,3.2237859864845013e-06,1.6375871988574007e-05,1.9599657975058508e-05,0.43338574350813647,0.012109901211431524,0.5544847556224491,0.445495644719568,1000000.0,8e-06,1.0,1000000.0,0.1,100000.0,0.1,100000.0,1.0,1000000.0,1.0,1000000.0,0.1,100000.0,constant-generator matrix exponential Pade(13),61,True,dimensionless populations/per-encounter cumulative yields,dimensionless except time_s and reference_rate_s^-1,"Illustrative one-factor-at-a-time grid; bounds are not measured ranges or probability priors. Results are populations and per-encounter yields, not concentrations or biological fluxes. No encounter yield is converted to molarity, and no continuous biological ROS source is modeled.",1d8208b504af787754e184f77640f85675b5b634,01e64b526ae9ed2d5f192ae14068302e806c1e8b44576f4b4eb4b5f83a8e8039,configs/doxorubicin_parameters.json,b14b641f69afb70af9ff7557a062c2ce00e0b0cb74381ba69fcfaad4f17f04af,configs/parameter_provenance.csv,86c4261fcb9616a643db79340fe0b7398ba10a5c46464e67e8b697bcfc3a4ec9
illustrative_benchmark,doublet,doublet-manifold mixture,,0.9999999999999999,8e-06,8.0,2.645576722814284e-06,1.395470859349736e-05,1.6600285316311647e-05,0.4333861334320332,0.012110102986419275,0.5544871632962233,0.4454962364184525,1000000.0,8e-06,1.0,1000000.0,0.1,100000.0,0.1,100000.0,1.0,1000000.0,1.0,1000000.0,0.1,100000.0,constant-generator matrix exponential Pade(13),61,True,dimensionless populations/per-encounter cumulative yields,dimensionless except time_s and reference_rate_s^-1,"Illustrative one-factor-at-a-time grid; bounds are not measured ranges or probability priors. Results are populations and per-encounter yields, not concentrations or biological fluxes. No encounter yield is converted to molarity, and no continuous biological ROS source is modeled.",1d8208b504af787754e184f77640f85675b5b634,01e64b526ae9ed2d5f192ae14068302e806c1e8b44576f4b4eb4b5f83a8e8039,configs/doxorubicin_parameters.json,b14b641f69afb70af9ff7557a062c2ce00e0b0cb74381ba69fcfaad4f17f04af,configs/parameter_provenance.csv,86c4261fcb9616a643db79340fe0b7398ba10a5c46464e67e8b697bcfc3a4ec9
illustrative_benchmark,quartet,quartet-manifold mixture,,-1.008102552748629e-17,0.0,0.0,0.0,0.9999999999999999,0.9999999999999999,0.0,0.0,0.0,0.0,1000000.0,8e-06,1.0,1000000.0,0.1,100000.0,0.1,100000.0,1.0,1000000.0,1.0,1000000.0,0.1,100000.0,constant-generator matrix exponential Pade(13),61,True,dimensionless populations/per-encounter cumulative yields,dimensionless except time_s and reference_rate_s^-1,"Illustrative one-factor-at-a-time grid; bounds are not measured ranges or probability priors. Results are populations and per-encounter yields, not concentrations or biological fluxes. No encounter yield is converted to molarity, and no continuous biological ROS source is modeled.",1d8208b504af787754e184f77640f85675b5b634,01e64b526ae9ed2d5f192ae14068302e806c1e8b44576f4b4eb4b5f83a8e8039,configs/doxorubicin_parameters.json,b14b641f69afb70af9ff7557a062c2ce00e0b0cb74381ba69fcfaad4f17f04af,configs/parameter_provenance.csv,86c4261fcb9616a643db79340fe0b7398ba10a5c46464e67e8b697bcfc3a4ec9
illustrative_benchmark,quartet,quartet-manifold mixture,,-1.008102552748629e-17,1.3333333333333334e-07,0.13333333333333333,0.008701145916981755,0.8543779139306801,0.863079059847662,0.0005863520366421069,0.012340748734459452,0.12399383938123662,0.012927100771101558,1000000.0,8e-06,1.0,1000000.0,0.1,100000.0,0.1,100000.0,1.0,1000000.0,1.0,1000000.0,0.1,100000.0,constant-generator matrix exponential Pade(13),61,True,dimensionless populations/per-encounter cumulative yields,dimensionless except time_s and reference_rate_s^-1,"Illustrative one-factor-at-a-time grid; bounds are not measured ranges or probability priors. Results are populations and per-encounter yields, not concentrations or biological fluxes. No encounter yield is converted to molarity, and no continuous biological ROS source is modeled.",1d8208b504af787754e184f77640f85675b5b634,01e64b526ae9ed2d5f192ae14068302e806c1e8b44576f4b4eb4b5f83a8e8039,configs/doxorubicin_parameters.json,b14b641f69afb70af9ff7557a062c2ce00e0b0cb74381ba69fcfaad4f17f04af,configs/parameter_provenance.csv,86c4261fcb9616a643db79340fe0b7398ba10a5c46464e67e8b697bcfc3a4ec9
illustrative_benchmark,quartet,quartet-manifold mixture,,-1.008102552748629e-17,2.6666666666666667e-07,0.26666666666666666,0.016415657124879475,0.727499060104734,0.7439147172296136,0.0022756305700008085,0.02286672923912591,0.23094292296125987,0.025142359809126717,1000000.0,8e-06,1.0,1000000.0,0.1,100000.0,0.1,100000.0,1.0,1000000.0,1.0,1000000.0,0.1,100000.0,constant-generator matrix exponential Pade(13),61,True,dimensionless populations/per-encounter cumulative yields,dimensionless except time_s and reference_rate_s^-1,"Illustrative one-factor-at-a-time grid; bounds are not measured ranges or probability priors. Results are populations and per-encounter yields, not concentrations or biological fluxes. No encounter yield is converted to molarity, and no continuous biological ROS source is modeled.",1d8208b504af787754e184f77640f85675b5b634,01e64b526ae9ed2d5f192ae14068302e806c1e8b44576f4b4eb4b5f83a8e8039,configs/doxorubicin_parameters.json,b14b641f69afb70af9ff7557a062c2ce00e0b0cb74381ba69fcfaad4f17f04af,configs/parameter_provenance.csv,86c4261fcb9616a643db79340fe0b7398ba10a5c46464e67e8b697bcfc3a4ec9
illustrative_benchmark,quartet,quartet-manifold mixture,,-1.008102552748629e-17,4e-07,0.39999999999999997,0.022613876323548186,0.6176153852681402,0.6402292615916884,0.00489593927810437,0.031816259986554817,0.3230585391436525,0.036712199264659184,1000000.0,8e-06,1.0,1000000.0,0.1,100000.0,0.1,100000.0,1.0,1000000.0,1.0,1000000.0,0.1,100000.0,constant-generator matrix exponential Pade(13),61,True,dimensionless populations/per-encounter cumulative yields,dimensionless except time_s and reference_rate_s^-1,"Illustrative one-factor-at-a-time grid; bounds are not measured ranges or probability priors. Results are populations and per-encounter yields, not concentrations or biological fluxes. No encounter yield is converted to molarity, and no continuous biological ROS source is modeled.",1d8208b504af787754e184f77640f85675b5b634,01e64b526ae9ed2d5f192ae14068302e806c1e8b44576f4b4eb4b5f83a8e8039,configs/doxorubicin_parameters.json,b14b641f69afb70af9ff7557a062c2ce00e0b0cb74381ba69fcfaad4f17f04af,configs/parameter_provenance.csv,86c4261fcb9616a643db79340fe0b7398ba10a5c46464e67e8b697bcfc3a4ec9
illustrative_benchmark,quartet,quartet-manifold mixture,,-1.008102552748629e-17,5.333333333333333e-07,0.5333333333333333,0.027131145782415992,0.5229612425047083,0.5500923882871243,0.008230966523055177,0.03940415260606959,0.40227249258375103,0.04763511912912476,1000000.0,8e-06,1.0,1000000.0,0.1,100000.0,0.1,100000.0,1.0,1000000.0,1.0,1000000.0,0.1,100000.0,constant-generator matrix exponential Pade(13),61,True,dimensionless populations/per-encounter cumulative yields,dimensionless except time_s and reference_rate_s^-1,"Illustrative one-factor-at-a-time grid; bounds are not measured ranges or probability priors. Results are populations and per-encounter yields, not concentrations or biological fluxes. No encounter yield is converted to molarity, and no continuous biological ROS source is modeled.",1d8208b504af787754e184f77640f85675b5b634,01e64b526ae9ed2d5f192ae14068302e806c1e8b44576f4b4eb4b5f83a8e8039,configs/doxorubicin_parameters.json,b14b641f69afb70af9ff7557a062c2ce00e0b0cb74381ba69fcfaad4f17f04af,configs/parameter_provenance.csv,86c4261fcb9616a643db79340fe0b7398ba10a5c46464e67e8b697bcfc3a4ec9
illustrative_benchmark,quartet,quartet-manifold mixture,,-1.008102552748629e-17,6.666666666666667e-07,0.6666666666666667,0.030025430365507325,0.4418162439078165,0.47184167427332385,0.012058600832442418,0.04582192036925376,0.47027780452498,0.05788052120169618,1000000.0,8e-06,1.0,1000000.0,0.1,100000.0,0.1,100000.0,1.0,1000000.0,1.0,1000000.0,0.1,100000.0,constant-generator matrix exponential Pade(13),61,True,dimensionless populations/per-encounter cumulative yields,dimensionless except time_s and reference_rate_s^-1,"Illustrative one-factor-at-a-time grid; bounds are not measured ranges or probability priors. Results are populations and per-encounter yields, not concentrations or biological fluxes. No encounter yield is converted to molarity, and no continuous biological ROS source is modeled.",1d8208b504af787754e184f77640f85675b5b634,01e64b526ae9ed2d5f192ae14068302e806c1e8b44576f4b4eb4b5f83a8e8039,configs/doxorubicin_parameters.json,b14b641f69afb70af9ff7557a062c2ce00e0b0cb74381ba69fcfaad4f17f04af,configs/parameter_provenance.csv,86c4261fcb9616a643db79340fe0b7398ba10a5c46464e67e8b697bcfc3a4ec9
illustrative_benchmark,quartet,quartet-manifold mixture,,-1.008102552748629e-17,8e-07,0.7999999999999999,0.03147863801539703,0.3725485379593523,0.40402717597474935,0.016173618902884705,0.051238689656316484,0.5285605154660495,0.06741230855920119,1000000.0,8e-06,1.0,1000000.0,0.1,100000.0,0.1,100000.0,1.0,1000000.0,1.0,1000000.0,0.1,100000.0,constant-generator matrix exponential Pade(13),61,True,dimensionless populations/per-encounter cumulative yields,dimensionless except time_s and reference_rate_s^-1,"Illustrative one-factor-at-a-time grid; bounds are not measured ranges or probability priors. Results are populations and per-encounter yields, not concentrations or biological fluxes. No encounter yield is converted to molarity, and no continuous biological ROS source is modeled.",1d8208b504af787754e184f77640f85675b5b634,01e64b526ae9ed2d5f192ae14068302e806c1e8b44576f4b4eb4b5f83a8e8039,configs/doxorubicin_parameters.json,b14b641f69afb70af9ff7557a062c2ce00e0b0cb74381ba69fcfaad4f17f04af,configs/parameter_provenance.csv,86c4261fcb9616a643db79340fe0b7398ba10a5c46464e67e8b697bcfc3a4ec9
illustrative_benchmark,quartet,quartet-manifold mixture,,-1.008102552748629e-17,9.333333333333333e-07,0.9333333333333333,0.03173023406758856,0.31364242568585826,0.34537265975344683,0.020399480560377242,0.05580257992052716,0.5784252797656488,0.0762020604809044,1000000.0,8e-06,1.0,1000000.0,0.1,100000.0,0.1,100000.0,1.0,1000000.0,1.0,1000000.0,0.1,100000.0,constant-generator matrix exponential Pade(13),61,True,dimensionless populations/per-encounter cumulative yields,dimensionless except time_s and reference_rate_s^-1,"Illustrative one-factor-at-a-time grid; bounds are not measured ranges or probability priors. Results are populations and per-encounter yields, not concentrations or biological fluxes. No encounter yield is converted to molarity, and no continuous biological ROS source is modeled.",1d8208b504af787754e184f77640f85675b5b634,01e64b526ae9ed2d5f192ae14068302e806c1e8b44576f4b4eb4b5f83a8e8039,configs/doxorubicin_parameters.json,b14b641f69afb70af9ff7557a062c2ce00e0b0cb74381ba69fcfaad4f17f04af,configs/parameter_provenance.csv,86c4261fcb9616a643db79340fe0b7398ba10a5c46464e67e8b697bcfc3a4ec9
illustrative_benchmark,quartet,quartet-manifold mixture,,-1.008102552748629e-17,1.0666666666666667e-06,1.0666666666666667,0.03103432321125179,0.2637137944417715,0.29474811765302333,0.024592922372005856,0.05964236705481499,0.6210165929201557,0.08423528942682085,1000000.0,8e-06,1.0,1000000.0,0.1,100000.0,0.1,100000.0,1.0,1000000.0,1.0,1000000.0,0.1,100000.0,constant-generator matrix exponential Pade(13),61,True,dimensionless populations/per-encounter cumulative yields,dimensionless except time_s and reference_rate_s^-1,"Illustrative one-factor-at-a-time grid; bounds are not measured ranges or probability priors. Results are populations and per-encounter yields, not concentrations or biological fluxes. No encounter yield is converted to molarity, and no continuous biological ROS source is modeled.",1d8208b504af787754e184f77640f85675b5b634,01e64b526ae9ed2d5f192ae14068302e806c1e8b44576f4b4eb4b5f83a8e8039,configs/doxorubicin_parameters.json,b14b641f69afb70af9ff7557a062c2ce00e0b0cb74381ba69fcfaad4f17f04af,configs/parameter_provenance.csv,86c4261fcb9616a643db79340fe0b7398ba10a5c46464e67e8b697bcfc3a4ec9
illustrative_benchmark,quartet,quartet-manifold mixture,,-1.008102552748629e-17,1.2e-06,1.2,0.029633455688675404,0.22151635667560282,0.25114981236427825,0.028644008711989237,0.06286928820106756,0.6573368907226647,0.09151329691305679,1000000.0,8e-06,1.0,1000000.0,0.1,100000.0,0.1,100000.0,1.0,1000000.0,1.0,1000000.0,0.1,100000.0,constant-generator matrix exponential Pade(13),61,True,dimensionless populations/per-encounter cumulative yields,dimensionless except time_s and reference_rate_s^-1,"Illustrative one-factor-at-a-time grid; bounds are not measured ranges or probability priors. Results are populations and per-encounter yields, not concentrations or biological fluxes. No encounter yield is converted to molarity, and no continuous biological ROS source is modeled.",1d8208b504af787754e184f77640f85675b5b634,01e64b526ae9ed2d5f192ae14068302e806c1e8b44576f4b4eb4b5f83a8e8039,configs/doxorubicin_parameters.json,b14b641f69afb70af9ff7557a062c2ce00e0b0cb74381ba69fcfaad4f17f04af,configs/parameter_provenance.csv,86c4261fcb9616a643db79340fe0b7398ba10a5c46464e67e8b697bcfc3a4ec9
illustrative_benchmark,quartet,quartet-manifold mixture,,-1.008102552748629e-17,1.3333333333333334e-06,1.3333333333333335,0.02774407585724445,0.18594118598434636,0.2136852618415908,0.032473515020020355,0.0655788825562153,0.6882623405821731,0.09805239757623566,1000000.0,8e-06,1.0,1000000.0,0.1,100000.0,0.1,100000.0,1.0,1000000.0,1.0,1000000.0,0.1,100000.0,constant-generator matrix exponential Pade(13),61,True,dimensionless populations/per-encounter cumulative yields,dimensionless except time_s and reference_rate_s^-1,"Illustrative one-factor-at-a-time grid; bounds are not measured ranges or probability priors. Results are populations and per-encounter yields, not concentrations or biological fluxes. No encounter yield is converted to molarity, and no continuous biological ROS source is modeled.",1d8208b504af787754e184f77640f85675b5b634,01e64b526ae9ed2d5f192ae14068302e806c1e8b44576f4b4eb4b5f83a8e8039,configs/doxorubicin_parameters.json,b14b641f69afb70af9ff7557a062c2ce00e0b0cb74381ba69fcfaad4f17f04af,configs/parameter_provenance.csv,86c4261fcb9616a643db79340fe0b7398ba10a5c46464e67e8b697bcfc3a4ec9
illustrative_benchmark,quartet,quartet-manifold mixture,,-1.008102552748629e-17,1.4666666666666667e-06,1.4666666666666666,0.025549840095502742,0.1560115765748284,0.18156141667033113,0.036028931223600666,0.06785279280749702,0.7145568592985706,0.10388172403109769,1000000.0,8e-06,1.0,1000000.0,0.1,100000.0,0.1,100000.0,1.0,1000000.0,1.0,1000000.0,0.1,100000.0,constant-generator matrix exponential Pade(13),61,True,dimensionless populations/per-encounter cumulative yields,dimensionless except time_s and reference_rate_s^-1,"Illustrative one-factor-at-a-time grid; bounds are not measured ranges or probability priors. Results are populations and per-encounter yields, not concentrations or biological fluxes. No encounter yield is converted to molarity, and no continuous biological ROS source is modeled.",1d8208b504af787754e184f77640f85675b5b634,01e64b526ae9ed2d5f192ae14068302e806c1e8b44576f4b4eb4b5f83a8e8039,configs/doxorubicin_parameters.json,b14b641f69afb70af9ff7557a062c2ce00e0b0cb74381ba69fcfaad4f17f04af,configs/parameter_provenance.csv,86c4261fcb9616a643db79340fe0b7398ba10a5c46464e67e8b697bcfc3a4ec9
illustrative_benchmark,quartet,quartet-manifold mixture,,-1.008102552748629e-17,1.6e-06,1.5999999999999999,0.0232000490918937,0.13087483298741284,0.15407488207930659,0.03927994101085617,0.06976047599081642,0.73688470091902,0.10904041700167258,1000000.0,8e-06,1.0,1000000.0,0.1,100000.0,0.1,100000.0,1.0,1000000.0,1.0,1000000.0,0.1,100000.0,constant-generator matrix exponential Pade(13),61,True,dimensionless populations/per-encounter cumulative yields,dimensionless except time_s and reference_rate_s^-1,"Illustrative one-factor-at-a-time grid; bounds are not measured ranges or probability priors. Results are populations and per-encounter yields, not concentrations or biological fluxes. No encounter yield is converted to molarity, and no continuous biological ROS source is modeled.",1d8208b504af787754e184f77640f85675b5b634,01e64b526ae9ed2d5f192ae14068302e806c1e8b44576f4b4eb4b5f83a8e8039,configs/doxorubicin_parameters.json,b14b641f69afb70af9ff7557a062c2ce00e0b0cb74381ba69fcfaad4f17f04af,configs/parameter_provenance.csv,86c4261fcb9616a643db79340fe0b7398ba10a5c46464e67e8b697bcfc3a4ec9
illustrative_benchmark,quartet,quartet-manifold mixture,,-1.008102552748629e-17,1.7333333333333334e-06,1.7333333333333334,0.02081122117523946,0.10979223278101446,0.13060345395625392,0.04221391977222965,0.07136079149993511,0.7558218347715804,0.11357471127216476,1000000.0,8e-06,1.0,1000000.0,0.1,100000.0,0.1,100000.0,1.0,1000000.0,1.0,1000000.0,0.1,100000.0,constant-generator matrix exponential Pade(13),61,True,dimensionless populations/per-encounter cumulative yields,dimensionless except time_s and reference_rate_s^-1,"Illustrative one-factor-at-a-time grid; bounds are not measured ranges or probability priors. Results are populations and per-encounter yields, not concentrations or biological fluxes. No encounter yield is converted to molarity, and no continuous biological ROS source is modeled.",1d8208b504af787754e184f77640f85675b5b634,01e64b526ae9ed2d5f192ae14068302e806c1e8b44576f4b4eb4b5f83a8e8039,configs/doxorubicin_parameters.json,b14b641f69afb70af9ff7557a062c2ce00e0b0cb74381ba69fcfaad4f17f04af,configs/parameter_provenance.csv,86c4261fcb9616a643db79340fe0b7398ba10a5c46464e67e8b697bcfc3a4ec9
illustrative_benchmark,quartet,quartet-manifold mixture,,-1.008102552748629e-17,1.8666666666666667e-06,1.8666666666666667,0.018470425272821833,0.09212809747010246,0.11059852274292428,0.044831772253298194,0.0727034484318617,0.7718662565719147,0.1175352206851599,1000000.0,8e-06,1.0,1000000.0,0.1,100000.0,0.1,100000.0,1.0,1000000.0,1.0,1000000.0,0.1,100000.0,constant-generator matrix exponential Pade(13),61,True,dimensionless populations/per-encounter cumulative yields,dimensionless except time_s and reference_rate_s^-1,"Illustrative one-factor-at-a-time grid; bounds are not measured ranges or probability priors. Results are populations and per-encounter yields, not concentrations or biological fluxes. No encounter yield is converted to molarity, and no continuous biological ROS source is modeled.",1d8208b504af787754e184f77640f85675b5b634,01e64b526ae9ed2d5f192ae14068302e806c1e8b44576f4b4eb4b5f83a8e8039,configs/doxorubicin_parameters.json,b14b641f69afb70af9ff7557a062c2ce00e0b0cb74381ba69fcfaad4f17f04af,configs/parameter_provenance.csv,86c4261fcb9616a643db79340fe0b7398ba10a5c46464e67e8b697bcfc3a4ec9
illustrative_benchmark,quartet,quartet-manifold mixture,,-1.008102552748629e-17,2e-06,2.0,0.016239433771521733,0.07733865387564737,0.0935780876471691,0.04714427769272722,0.07383030517885235,0.7854473294812501,0.12097458287157957,1000000.0,8e-06,1.0,1000000.0,0.1,100000.0,0.1,100000.0,1.0,1000000.0,1.0,1000000.0,0.1,100000.0,constant-generator matrix exponential Pade(13),61,True,dimensionless populations/per-encounter cumulative yields,dimensionless except time_s and reference_rate_s^-1,"Illustrative one-factor-at-a-time grid; bounds are not measured ranges or probability priors. Results are populations and per-encounter yields, not concentrations or biological fluxes. No encounter yield is converted to molarity, and no continuous biological ROS source is modeled.",1d8208b504af787754e184f77640f85675b5b634,01e64b526ae9ed2d5f192ae14068302e806c1e8b44576f4b4eb4b5f83a8e8039,configs/doxorubicin_parameters.json,b14b641f69afb70af9ff7557a062c2ce00e0b0cb74381ba69fcfaad4f17f04af,configs/parameter_provenance.csv,86c4261fcb9616a643db79340fe0b7398ba10a5c46464e67e8b697bcfc3a4ec9
illustrative_benchmark,quartet,quartet-manifold mixture,,-1.008102552748629e-17,2.1333333333333334e-06,2.1333333333333333,0.014159079779203988,0.06496116436014837,0.07912024413935236,0.04916900768243093,0.07477652186325319,0.7969342263149622,0.12394552954568412,1000000.0,8e-06,1.0,1000000.0,0.1,100000.0,0.1,100000.0,1.0,1000000.0,1.0,1000000.0,0.1,100000.0,constant-generator matrix exponential Pade(13),61,True,dimensionless populations/per-encounter cumulative yields,dimensionless except time_s and reference_rate_s^-1,"Illustrative one-factor-at-a-time grid; bounds are not measured ranges or probability priors. Results are populations and per-encounter yields, not concentrations or biological fluxes. No encounter yield is converted to molarity, and no continuous biological ROS source is modeled.",1d8208b504af787754e184f77640f85675b5b634,01e64b526ae9ed2d5f192ae14068302e806c1e8b44576f4b4eb4b5f83a8e8039,configs/doxorubicin_parameters.json,b14b641f69afb70af9ff7557a062c2ce00e0b0cb74381ba69fcfaad4f17f04af,configs/parameter_provenance.csv,86c4261fcb9616a643db79340fe0b7398ba10a5c46464e67e8b697bcfc3a4ec9
illustrative_benchmark,quartet,quartet-manifold mixture,,-1.008102552748629e-17,2.266666666666667e-06,2.266666666666667,0.012253436853973398,0.054603644152384466,0.06685708100635787,0.050927816368581014,0.07557157147786175,0.806643531147198,0.12649938784644277,1000000.0,8e-06,1.0,1000000.0,0.1,100000.0,0.1,100000.0,1.0,1000000.0,1.0,1000000.0,0.1,100000.0,constant-generator matrix exponential Pade(13),61,True,dimensionless populations/per-encounter cumulative yields,dimensionless except time_s and reference_rate_s^-1,"Illustrative one-factor-at-a-time grid; bounds are not measured ranges or probability priors. Results are populations and per-encounter yields, not concentrations or biological fluxes. No encounter yield is converted to molarity, and no continuous biological ROS source is modeled.",1d8208b504af787754e184f77640f85675b5b634,01e64b526ae9ed2d5f192ae14068302e806c1e8b44576f4b4eb4b5f83a8e8039,configs/doxorubicin_parameters.json,b14b641f69afb70af9ff7557a062c2ce00e0b0cb74381ba69fcfaad4f17f04af,configs/parameter_provenance.csv,86c4261fcb9616a643db79340fe0b7398ba10a5c46464e67e8b697bcfc3a4ec9
illustrative_benchmark,quartet,quartet-manifold mixture,,-1.008102552748629e-17,2.4e-06,2.4,0.010533603832121884,0.04593536076468717,0.05646896459680906,0.05244486332142827,0.07624011897821213,0.814846053103549,0.1286849822996404,1000000.0,8e-06,1.0,1000000.0,0.1,100000.0,0.1,100000.0,1.0,1000000.0,1.0,1000000.0,0.1,100000.0,constant-generator matrix exponential Pade(13),61,True,dimensionless populations/per-encounter cumulative yields,dimensionless except time_s and reference_rate_s^-1,"Illustrative one-factor-at-a-time grid; bounds are not measured ranges or probability priors. Results are populations and per-encounter yields, not concentrations or biological fluxes. No encounter yield is converted to molarity, and no continuous biological ROS source is modeled.",1d8208b504af787754e184f77640f85675b5b634,01e64b526ae9ed2d5f192ae14068302e806c1e8b44576f4b4eb4b5f83a8e8039,configs/doxorubicin_parameters.json,b14b641f69afb70af9ff7557a062c2ce00e0b0cb74381ba69fcfaad4f17f04af,configs/parameter_provenance.csv,86c4261fcb9616a643db79340fe0b7398ba10a5c46464e67e8b697bcfc3a4ec9
illustrative_benchmark,quartet,quartet-manifold mixture,,-1.008102552748629e-17,2.5333333333333334e-06,2.533333333333333,0.009000990180535452,0.03867821816246673,0.04767920834300218,0.053745108432102846,0.07680277952661738,0.8217729036982759,0.13054788795872022,1000000.0,8e-06,1.0,1000000.0,0.1,100000.0,0.1,100000.0,1.0,1000000.0,1.0,1000000.0,0.1,100000.0,constant-generator matrix exponential Pade(13),61,True,dimensionless populations/per-encounter cumulative yields,dimensionless except time_s and reference_rate_s^-1,"Illustrative one-factor-at-a-time grid; bounds are not measured ranges or probability priors. Results are populations and per-encounter yields, not concentrations or biological fluxes. No encounter yield is converted to molarity, and no continuous biological ROS source is modeled.",1d8208b504af787754e184f77640f85675b5b634,01e64b526ae9ed2d5f192ae14068302e806c1e8b44576f4b4eb4b5f83a8e8039,configs/doxorubicin_parameters.json,b14b641f69afb70af9ff7557a062c2ce00e0b0cb74381ba69fcfaad4f17f04af,configs/parameter_provenance.csv,86c4261fcb9616a643db79340fe0b7398ba10a5c46464e67e8b697bcfc3a4ec9
illustrative_benchmark,quartet,quartet-manifold mixture,,-1.008102552748629e-17,2.666666666666667e-06,2.666666666666667,0.007650071878356267,0.032599061134598976,0.04024913301295524,0.05485320958389688,0.07727676798356817,0.8276208894195779,0.13212997756746506,1000000.0,8e-06,1.0,1000000.0,0.1,100000.0,0.1,100000.0,1.0,1000000.0,1.0,1000000.0,0.1,100000.0,constant-generator matrix exponential Pade(13),61,True,dimensionless populations/per-encounter cumulative yields,dimensionless except time_s and reference_rate_s^-1,"Illustrative one-factor-at-a-time grid; bounds are not measured ranges or probability priors. Results are populations and per-encounter yields, not concentrations or biological fluxes. No encounter yield is converted to molarity, and no continuous biological ROS source is modeled.",1d8208b504af787754e184f77640f85675b5b634,01e64b526ae9ed2d5f192ae14068302e806c1e8b44576f4b4eb4b5f83a8e8039,configs/doxorubicin_parameters.json,b14b641f69afb70af9ff7557a062c2ce00e0b0cb74381ba69fcfaad4f17f04af,configs/parameter_provenance.csv,86c4261fcb9616a643db79340fe0b7398ba10a5c46464e67e8b697bcfc3a4ec9
illustrative_benchmark,quartet,quartet-manifold mixture,,-1.008102552748629e-17,2.8e-06,2.8,0.006470634710413639,0.027502888143266294,0.03397352285367993,0.055792753229945646,0.07767645188058434,0.8325572720357883,0.13346920511052998,1000000.0,8e-06,1.0,1000000.0,0.1,100000.0,0.1,100000.0,1.0,1000000.0,1.0,1000000.0,0.1,100000.0,constant-generator matrix exponential Pade(13),61,True,dimensionless populations/per-encounter cumulative yields,dimensionless except time_s and reference_rate_s^-1,"Illustrative one-factor-at-a-time grid; bounds are not measured ranges or probability priors. Results are populations and per-encounter yields, not concentrations or biological fluxes. No encounter yield is converted to molarity, and no continuous biological ROS source is modeled.",1d8208b504af787754e184f77640f85675b5b634,01e64b526ae9ed2d5f192ae14068302e806c1e8b44576f4b4eb4b5f83a8e8039,configs/doxorubicin_parameters.json,b14b641f69afb70af9ff7557a062c2ce00e0b0cb74381ba69fcfaad4f17f04af,configs/parameter_provenance.csv,86c4261fcb9616a643db79340fe0b7398ba10a5c46464e67e8b697bcfc3a4ec9
illustrative_benchmark,quartet,quartet-manifold mixture,,-1.008102552748629e-17,2.9333333333333333e-06,2.933333333333333,0.005449549078759608,0.023226929411807738,0.02867647849056735,0.05658575225622278,0.07801381972699871,0.8367239495262093,0.13459957198322148,1000000.0,8e-06,1.0,1000000.0,0.1,100000.0,0.1,100000.0,1.0,1000000.0,1.0,1000000.0,0.1,100000.0,constant-generator matrix exponential Pade(13),61,True,dimensionless populations/per-encounter cumulative yields,dimensionless except time_s and reference_rate_s^-1,"Illustrative one-factor-at-a-time grid; bounds are not measured ranges or probability priors. Results are populations and per-encounter yields, not concentrations or biological fluxes. No encounter yield is converted to molarity, and no continuous biological ROS source is modeled.",1d8208b504af787754e184f77640f85675b5b634,01e64b526ae9ed2d5f192ae14068302e806c1e8b44576f4b4eb4b5f83a8e8039,configs/doxorubicin_parameters.json,b14b641f69afb70af9ff7557a062c2ce00e0b0cb74381ba69fcfaad4f17f04af,configs/parameter_provenance.csv,86c4261fcb9616a643db79340fe0b7398ba10a5c46464e67e8b697bcfc3a4ec9
illustrative_benchmark,quartet,quartet-manifold mixture,,-1.008102552748629e-17,3.066666666666667e-06,3.066666666666667,0.004572134079324297,0.01963552744480202,0.02420766152412632,0.05725235242206288,0.07829887578470424,0.8402411102691046,0.13555122820676713,1000000.0,8e-06,1.0,1000000.0,0.1,100000.0,0.1,100000.0,1.0,1000000.0,1.0,1000000.0,0.1,100000.0,constant-generator matrix exponential Pade(13),61,True,dimensionless populations/per-encounter cumulative yields,dimensionless except time_s and reference_rate_s^-1,"Illustrative one-factor-at-a-time grid; bounds are not measured ranges or probability priors. Results are populations and per-encounter yields, not concentrations or biological fluxes. No encounter yield is converted to molarity, and no continuous biological ROS source is modeled.",1d8208b504af787754e184f77640f85675b5b634,01e64b526ae9ed2d5f192ae14068302e806c1e8b44576f4b4eb4b5f83a8e8039,configs/doxorubicin_parameters.json,b14b641f69afb70af9ff7557a062c2ce00e0b0cb74381ba69fcfaad4f17f04af,configs/parameter_provenance.csv,86c4261fcb9616a643db79340fe0b7398ba10a5c46464e67e8b697bcfc3a4ec9
illustrative_benchmark,quartet,quartet-manifold mixture,,-1.008102552748629e-17,3.2e-06,3.1999999999999997,0.00382317315627137,0.016615746525505154,0.020438919681776527,0.0578106967547878,0.07853997152805878,0.8432104120353747,0.1363506682828466,1000000.0,8e-06,1.0,1000000.0,0.1,100000.0,0.1,100000.0,1.0,1000000.0,1.0,1000000.0,0.1,100000.0,constant-generator matrix exponential Pade(13),61,True,dimensionless populations/per-encounter cumulative yields,dimensionless except time_s and reference_rate_s^-1,"Illustrative one-factor-at-a-time grid; bounds are not measured ranges or probability priors. Results are populations and per-encounter yields, not concentrations or biological fluxes. No encounter yield is converted to molarity, and no continuous biological ROS source is modeled.",1d8208b504af787754e184f77640f85675b5b634,01e64b526ae9ed2d5f192ae14068302e806c1e8b44576f4b4eb4b5f83a8e8039,configs/doxorubicin_parameters.json,b14b641f69afb70af9ff7557a062c2ce00e0b0cb74381ba69fcfaad4f17f04af,configs/parameter_provenance.csv,86c4261fcb9616a643db79340fe0b7398ba10a5c46464e67e8b697bcfc3a4ec9
illustrative_benchmark,quartet,quartet-manifold mixture,,-1.008102552748629e-17,3.3333333333333333e-06,3.3333333333333335,0.0031876424259393004,0.014073633549816986,0.017261275975756288,0.058276905551551225,0.0787440829928309,0.8457177354798593,0.1370209885443821,1000000.0,8e-06,1.0,1000000.0,0.1,100000.0,0.1,100000.0,1.0,1000000.0,1.0,1000000.0,0.1,100000.0,constant-generator matrix exponential Pade(13),61,True,dimensionless populations/per-encounter cumulative yields,dimensionless except time_s and reference_rate_s^-1,"Illustrative one-factor-at-a-time grid; bounds are not measured ranges or probability priors. Results are populations and per-encounter yields, not concentrations or biological fluxes. No encounter yield is converted to molarity, and no continuous biological ROS source is modeled.",1d8208b504af787754e184f77640f85675b5b634,01e64b526ae9ed2d5f192ae14068302e806c1e8b44576f4b4eb4b5f83a8e8039,configs/doxorubicin_parameters.json,b14b641f69afb70af9ff7557a062c2ce00e0b0cb74381ba69fcfaad4f17f04af,configs/parameter_provenance.csv,86c4261fcb9616a643db79340fe0b7398ba10a5c46464e67e8b697bcfc3a4ec9
illustrative_benchmark,quartet,quartet-manifold mixture,,-1.008102552748629e-17,3.466666666666667e-06,3.466666666666667,0.002651208105848137,0.011931052894135867,0.014582260999984005,0.058665137504495694,0.0789170421810021,0.8478355593145156,0.1375821796854978,1000000.0,8e-06,1.0,1000000.0,0.1,100000.0,0.1,100000.0,1.0,1000000.0,1.0,1000000.0,0.1,100000.0,constant-generator matrix exponential Pade(13),61,True,dimensionless populations/per-encounter cumulative yields,dimensionless except time_s and reference_rate_s^-1,"Illustrative one-factor-at-a-time grid; bounds are not measured ranges or probability priors. Results are populations and per-encounter yields, not concentrations or biological fluxes. No encounter yield is converted to molarity, and no continuous biological ROS source is modeled.",1d8208b504af787754e184f77640f85675b5b634,01e64b526ae9ed2d5f192ae14068302e806c1e8b44576f4b4eb4b5f83a8e8039,configs/doxorubicin_parameters.json,b14b641f69afb70af9ff7557a062c2ce00e0b0cb74381ba69fcfaad4f17f04af,configs/parameter_provenance.csv,86c4261fcb9616a643db79340fe0b7398ba10a5c46464e67e8b697bcfc3a4ec9
illustrative_benchmark,quartet,quartet-manifold mixture,,-1.008102552748629e-17,3.6000000000000003e-06,3.6,0.0022005430307842776,0.010123021373735618,0.012323564404519895,0.05898770457270972,0.07906372967727808,0.8496250013454896,0.1380514342499878,1000000.0,8e-06,1.0,1000000.0,0.1,100000.0,0.1,100000.0,1.0,1000000.0,1.0,1000000.0,0.1,100000.0,constant-generator matrix exponential Pade(13),61,True,dimensionless populations/per-encounter cumulative yields,dimensionless except time_s and reference_rate_s^-1,"Illustrative one-factor-at-a-time grid; bounds are not measured ranges or probability priors. Results are populations and per-encounter yields, not concentrations or biological fluxes. No encounter yield is converted to molarity, and no continuous biological ROS source is modeled.",1d8208b504af787754e184f77640f85675b5b634,01e64b526ae9ed2d5f192ae14068302e806c1e8b44576f4b4eb4b5f83a8e8039,configs/doxorubicin_parameters.json,b14b641f69afb70af9ff7557a062c2ce00e0b0cb74381ba69fcfaad4f17f04af,configs/parameter_provenance.csv,86c4261fcb9616a643db79340fe0b7398ba10a5c46464e67e8b697bcfc3a4ec9
illustrative_benchmark,quartet,quartet-manifold mixture,,-1.008102552748629e-17,3.7333333333333333e-06,3.7333333333333334,0.0018235050942413604,0.008595474587966402,0.010418979682207763,0.05925521941551022,0.07918823468061545,0.8511375662216637,0.13844345409612568,1000000.0,8e-06,1.0,1000000.0,0.1,100000.0,0.1,100000.0,1.0,1000000.0,1.0,1000000.0,0.1,100000.0,constant-generator matrix exponential Pade(13),61,True,dimensionless populations/per-encounter cumulative yields,dimensionless except time_s and reference_rate_s^-1,"Illustrative one-factor-at-a-time grid; bounds are not measured ranges or probability priors. Results are populations and per-encounter yields, not concentrations or biological fluxes. No encounter yield is converted to molarity, and no continuous biological ROS source is modeled.",1d8208b504af787754e184f77640f85675b5b634,01e64b526ae9ed2d5f192ae14068302e806c1e8b44576f4b4eb4b5f83a8e8039,configs/doxorubicin_parameters.json,b14b641f69afb70af9ff7557a062c2ce00e0b0cb74381ba69fcfaad4f17f04af,configs/parameter_provenance.csv,86c4261fcb9616a643db79340fe0b7398ba10a5c46464e67e8b697bcfc3a4ec9
illustrative_benchmark,quartet,quartet-manifold mixture,,-1.008102552748629e-17,3.866666666666666e-06,3.8666666666666663,0.0015092133356948802,0.007303402223111769,0.008812615558806651,0.05947675943564356,0.0792939877790822,0.8524166372264645,0.13877074721472576,1000000.0,8e-06,1.0,1000000.0,0.1,100000.0,0.1,100000.0,1.0,1000000.0,1.0,1000000.0,0.1,100000.0,constant-generator matrix exponential Pade(13),61,True,dimensionless populations/per-encounter cumulative yields,dimensionless except time_s and reference_rate_s^-1,"Illustrative one-factor-at-a-time grid; bounds are not measured ranges or probability priors. Results are populations and per-encounter yields, not concentrations or biological fluxes. No encounter yield is converted to molarity, and no continuous biological ROS source is modeled.",1d8208b504af787754e184f77640f85675b5b634,01e64b526ae9ed2d5f192ae14068302e806c1e8b44576f4b4eb4b5f83a8e8039,configs/doxorubicin_parameters.json,b14b641f69afb70af9ff7557a062c2ce00e0b0cb74381ba69fcfaad4f17f04af,configs/parameter_provenance.csv,86c4261fcb9616a643db79340fe0b7398ba10a5c46464e67e8b697bcfc3a4ec9
illustrative_benchmark,quartet,quartet-manifold mixture,,-1.008102552748629e-17,4e-06,4.0,0.0012480507372714224,0.006209296583518757,0.0074573473207901805,0.059660035793164215,0.07938387100844357,0.8534987458775988,0.13904390680160778,1000000.0,8e-06,1.0,1000000.0,0.1,100000.0,0.1,100000.0,1.0,1000000.0,1.0,1000000.0,0.1,100000.0,constant-generator matrix exponential Pade(13),61,True,dimensionless populations/per-encounter cumulative yields,dimensionless except time_s and reference_rate_s^-1,"Illustrative one-factor-at-a-time grid; bounds are not measured ranges or probability priors. Results are populations and per-encounter yields, not concentrations or biological fluxes. No encounter yield is converted to molarity, and no continuous biological ROS source is modeled.",1d8208b504af787754e184f77640f85675b5b634,01e64b526ae9ed2d5f192ae14068302e806c1e8b44576f4b4eb4b5f83a8e8039,configs/doxorubicin_parameters.json,b14b641f69afb70af9ff7557a062c2ce00e0b0cb74381ba69fcfaad4f17f04af,configs/parameter_provenance.csv,86c4261fcb9616a643db79340fe0b7398ba10a5c46464e67e8b697bcfc3a4ec9
illustrative_benchmark,quartet,quartet-manifold mixture,,-1.008102552748629e-17,4.133333333333333e-06,4.133333333333333,0.0010316168344828552,0.0052818653221148775,0.006313482156597733,0.059811559220087775,0.07946030903665677,0.8544146495866545,0.13927186825674454,1000000.0,8e-06,1.0,1000000.0,0.1,100000.0,0.1,100000.0,1.0,1000000.0,1.0,1000000.0,0.1,100000.0,constant-generator matrix exponential Pade(13),61,True,dimensionless populations/per-encounter cumulative yields,dimensionless except time_s and reference_rate_s^-1,"Illustrative one-factor-at-a-time grid; bounds are not measured ranges or probability priors. Results are populations and per-encounter yields, not concentrations or biological fluxes. No encounter yield is converted to molarity, and no continuous biological ROS source is modeled.",1d8208b504af787754e184f77640f85675b5b634,01e64b526ae9ed2d5f192ae14068302e806c1e8b44576f4b4eb4b5f83a8e8039,configs/doxorubicin_parameters.json,b14b641f69afb70af9ff7557a062c2ce00e0b0cb74381ba69fcfaad4f17f04af,configs/parameter_provenance.csv,86c4261fcb9616a643db79340fe0b7398ba10a5c46464e67e8b697bcfc3a4ec9
illustrative_benchmark,quartet,quartet-manifold mixture,,-1.008102552748629e-17,4.266666666666667e-06,4.266666666666667,0.0008526480868917225,0.0044949657604944435,0.005347613847386166,0.0599367971935117,0.07952534470596256,0.8551902442531362,0.13946214189947426,1000000.0,8e-06,1.0,1000000.0,0.1,100000.0,0.1,100000.0,1.0,1000000.0,1.0,1000000.0,0.1,100000.0,constant-generator matrix exponential Pade(13),61,True,dimensionless populations/per-encounter cumulative yields,dimensionless except time_s and reference_rate_s^-1,"Illustrative one-factor-at-a-time grid; bounds are not measured ranges or probability priors. Results are populations and per-encounter yields, not concentrations or biological fluxes. No encounter yield is converted to molarity, and no continuous biological ROS source is modeled.",1d8208b504af787754e184f77640f85675b5b634,01e64b526ae9ed2d5f192ae14068302e806c1e8b44576f4b4eb4b5f83a8e8039,configs/doxorubicin_parameters.json,b14b641f69afb70af9ff7557a062c2ce00e0b0cb74381ba69fcfaad4f17f04af,configs/parameter_provenance.csv,86c4261fcb9616a643db79340fe0b7398ba10a5c46464e67e8b697bcfc3a4ec9
illustrative_benchmark,quartet,quartet-manifold mixture,,-1.008102552748629e-17,4.4e-06,4.4,0.0007049196092091127,0.003826724151576007,0.004531643760785119,0.06004031911909718,0.0795807016364562,0.855847335483658,0.13962102075555338,1000000.0,8e-06,1.0,1000000.0,0.1,100000.0,0.1,100000.0,1.0,1000000.0,1.0,1000000.0,0.1,100000.0,constant-generator matrix exponential Pade(13),61,True,dimensionless populations/per-encounter cumulative yields,dimensionless except time_s and reference_rate_s^-1,"Illustrative one-factor-at-a-time grid; bounds are not measured ranges or probability priors. Results are populations and per-encounter yields, not concentrations or biological fluxes. No encounter yield is converted to molarity, and no continuous biological ROS source is modeled.",1d8208b504af787754e184f77640f85675b5b634,01e64b526ae9ed2d5f192ae14068302e806c1e8b44576f4b4eb4b5f83a8e8039,configs/doxorubicin_parameters.json,b14b641f69afb70af9ff7557a062c2ce00e0b0cb74381ba69fcfaad4f17f04af,configs/parameter_provenance.csv,86c4261fcb9616a643db79340fe0b7398ba10a5c46464e67e8b697bcfc3a4ec9
illustrative_benchmark,quartet,quartet-manifold mixture,,-1.008102552748629e-17,4.533333333333334e-06,4.533333333333334,0.0005831382896897952,0.0032588086485930753,0.0038419469382828713,0.060125927743749995,0.07962783614311042,0.8564042891748531,0.13975376388686042,1000000.0,8e-06,1.0,1000000.0,0.1,100000.0,0.1,100000.0,1.0,1000000.0,1.0,1000000.0,0.1,100000.0,constant-generator matrix exponential Pade(13),61,True,dimensionless populations/per-encounter cumulative yields,dimensionless except time_s and reference_rate_s^-1,"Illustrative one-factor-at-a-time grid; bounds are not measured ranges or probability priors. Results are populations and per-encounter yields, not concentrations or biological fluxes. No encounter yield is converted to molarity, and no continuous biological ROS source is modeled.",1d8208b504af787754e184f77640f85675b5b634,01e64b526ae9ed2d5f192ae14068302e806c1e8b44576f4b4eb4b5f83a8e8039,configs/doxorubicin_parameters.json,b14b641f69afb70af9ff7557a062c2ce00e0b0cb74381ba69fcfaad4f17f04af,configs/parameter_provenance.csv,86c4261fcb9616a643db79340fe0b7398ba10a5c46464e67e8b697bcfc3a4ec9
illustrative_benchmark,quartet,quartet-manifold mixture,,-1.008102552748629e-17,4.666666666666667e-06,4.666666666666667,0.0004828344478791365,0.0027758295636463393,0.0032586640115254755,0.060196776154304146,0.07966798033453305,0.8568765794996335,0.1398647564888372,1000000.0,8e-06,1.0,1000000.0,0.1,100000.0,0.1,100000.0,1.0,1000000.0,1.0,1000000.0,0.1,100000.0,constant-generator matrix exponential Pade(13),61,True,dimensionless populations/per-encounter cumulative yields,dimensionless except time_s and reference_rate_s^-1,"Illustrative one-factor-at-a-time grid; bounds are not measured ranges or probability priors. Results are populations and per-encounter yields, not concentrations or biological fluxes. No encounter yield is converted to molarity, and no continuous biological ROS source is modeled.",1d8208b504af787754e184f77640f85675b5b634,01e64b526ae9ed2d5f192ae14068302e806c1e8b44576f4b4eb4b5f83a8e8039,configs/doxorubicin_parameters.json,b14b641f69afb70af9ff7557a062c2ce00e0b0cb74381ba69fcfaad4f17f04af,configs/parameter_provenance.csv,86c4261fcb9616a643db79340fe0b7398ba10a5c46464e67e8b697bcfc3a4ec9
illustrative_benchmark,quartet,quartet-manifold mixture,,-1.008102552748629e-17,4.8e-06,4.8,0.0004002569201681528,0.002364844727094116,0.002765101647262269,0.06025547051543034,0.07970217793835221,0.8572772498989513,0.13995764845378256,1000000.0,8e-06,1.0,1000000.0,0.1,100000.0,0.1,100000.0,1.0,1000000.0,1.0,1000000.0,0.1,100000.0,constant-generator matrix exponential Pade(13),61,True,dimensionless populations/per-encounter cumulative yields,dimensionless except time_s and reference_rate_s^-1,"Illustrative one-factor-at-a-time grid; bounds are not measured ranges or probability priors. Results are populations and per-encounter yields, not concentrations or biological fluxes. No encounter yield is converted to molarity, and no continuous biological ROS source is modeled.",1d8208b504af787754e184f77640f85675b5b634,01e64b526ae9ed2d5f192ae14068302e806c1e8b44576f4b4eb4b5f83a8e8039,configs/doxorubicin_parameters.json,b14b641f69afb70af9ff7557a062c2ce00e0b0cb74381ba69fcfaad4f17f04af,configs/parameter_provenance.csv,86c4261fcb9616a643db79340fe0b7398ba10a5c46464e67e8b697bcfc3a4ec9
illustrative_benchmark,quartet,quartet-manifold mixture,,-1.008102552748629e-17,4.933333333333333e-06,4.933333333333334,0.0003322747178792901,0.002014951421341806,0.0023472261392210965,0.060304159230261604,0.07973131412729573,0.8576173005032175,0.14003547335755734,1000000.0,8e-06,1.0,1000000.0,0.1,100000.0,0.1,100000.0,1.0,1000000.0,1.0,1000000.0,0.1,100000.0,constant-generator matrix exponential Pade(13),61,True,dimensionless populations/per-encounter cumulative yields,dimensionless except time_s and reference_rate_s^-1,"Illustrative one-factor-at-a-time grid; bounds are not measured ranges or probability priors. Results are populations and per-encounter yields, not concentrations or biological fluxes. No encounter yield is converted to molarity, and no continuous biological ROS source is modeled.",1d8208b504af787754e184f77640f85675b5b634,01e64b526ae9ed2d5f192ae14068302e806c1e8b44576f4b4eb4b5f83a8e8039,configs/doxorubicin_parameters.json,b14b641f69afb70af9ff7557a062c2ce00e0b0cb74381ba69fcfaad4f17f04af,configs/parameter_provenance.csv,86c4261fcb9616a643db79340fe0b7398ba10a5c46464e67e8b697bcfc3a4ec9
illustrative_benchmark,quartet,quartet-manifold mixture,,-1.008102552748629e-17,5.066666666666667e-06,5.066666666666666,0.00027628709061134856,0.0017169495005637568,0.0019932365911751056,0.060344609534727645,0.07975614039448789,0.8579060134796052,0.14010074992921553,1000000.0,8e-06,1.0,1000000.0,0.1,100000.0,0.1,100000.0,1.0,1000000.0,1.0,1000000.0,0.1,100000.0,constant-generator matrix exponential Pade(13),61,True,dimensionless populations/per-encounter cumulative yields,dimensionless except time_s and reference_rate_s^-1,"Illustrative one-factor-at-a-time grid; bounds are not measured ranges or probability priors. Results are populations and per-encounter yields, not concentrations or biological fluxes. No encounter yield is converted to molarity, and no continuous biological ROS source is modeled.",1d8208b504af787754e184f77640f85675b5b634,01e64b526ae9ed2d5f192ae14068302e806c1e8b44576f4b4eb4b5f83a8e8039,configs/doxorubicin_parameters.json,b14b641f69afb70af9ff7557a062c2ce00e0b0cb74381ba69fcfaad4f17f04af,configs/parameter_provenance.csv,86c4261fcb9616a643db79340fe0b7398ba10a5c46464e67e8b697bcfc3a4ec9
illustrative_benchmark,quartet,quartet-manifold mixture,,-1.008102552748629e-17,5.2e-06,5.2,0.0002301428664940842,0.0014630629715165046,0.0016932058380105886,0.060378272713400225,0.07977729533956236,0.8581512261090225,0.1401555680529626,1000000.0,8e-06,1.0,1000000.0,0.1,100000.0,0.1,100000.0,1.0,1000000.0,1.0,1000000.0,0.1,100000.0,constant-generator matrix exponential Pade(13),61,True,dimensionless populations/per-encounter cumulative yields,dimensionless except time_s and reference_rate_s^-1,"Illustrative one-factor-at-a-time grid; bounds are not measured ranges or probability priors. Results are populations and per-encounter yields, not concentrations or biological fluxes. No encounter yield is converted to molarity, and no continuous biological ROS source is modeled.",1d8208b504af787754e184f77640f85675b5b634,01e64b526ae9ed2d5f192ae14068302e806c1e8b44576f4b4eb4b5f83a8e8039,configs/doxorubicin_parameters.json,b14b641f69afb70af9ff7557a062c2ce00e0b0cb74381ba69fcfaad4f17f04af,configs/parameter_provenance.csv,86c4261fcb9616a643db79340fe0b7398ba10a5c46464e67e8b697bcfc3a4ec9
illustrative_benchmark,quartet,quartet-manifold mixture,,-1.008102552748629e-17,5.333333333333334e-06,5.333333333333334,0.00019206925939002092,0.0012467095531802945,0.0014387788125703152,0.06040633919268693,0.07979532207291389,0.8583595599218246,0.14020166126560082,1000000.0,8e-06,1.0,1000000.0,0.1,100000.0,0.1,100000.0,1.0,1000000.0,1.0,1000000.0,0.1,100000.0,constant-generator matrix exponential Pade(13),61,True,dimensionless populations/per-encounter cumulative yields,dimensionless except time_s and reference_rate_s^-1,"Illustrative one-factor-at-a-time grid; bounds are not measured ranges or probability priors. Results are populations and per-encounter yields, not concentrations or biological fluxes. No encounter yield is converted to molarity, and no continuous biological ROS source is modeled.",1d8208b504af787754e184f77640f85675b5b634,01e64b526ae9ed2d5f192ae14068302e806c1e8b44576f4b4eb4b5f83a8e8039,configs/doxorubicin_parameters.json,b14b641f69afb70af9ff7557a062c2ce00e0b0cb74381ba69fcfaad4f17f04af,configs/parameter_provenance.csv,86c4261fcb9616a643db79340fe0b7398ba10a5c46464e67e8b697bcfc3a4ec9
illustrative_benchmark,quartet,quartet-manifold mixture,,-1.008102552748629e-17,5.466666666666667e-06,5.466666666666667,0.00016060986956771434,0.0010623096075856753,0.0012229194771533898,0.060429784759530564,0.07981068281852566,0.8585366129447859,0.14024046757805622,1000000.0,8e-06,1.0,1000000.0,0.1,100000.0,0.1,100000.0,1.0,1000000.0,1.0,1000000.0,0.1,100000.0,constant-generator matrix exponential Pade(13),61,True,dimensionless populations/per-encounter cumulative yields,dimensionless except time_s and reference_rate_s^-1,"Illustrative one-factor-at-a-time grid; bounds are not measured ranges or probability priors. Results are populations and per-encounter yields, not concentrations or biological fluxes. No encounter yield is converted to molarity, and no continuous biological ROS source is modeled.",1d8208b504af787754e184f77640f85675b5b634,01e64b526ae9ed2d5f192ae14068302e806c1e8b44576f4b4eb4b5f83a8e8039,configs/doxorubicin_parameters.json,b14b641f69afb70af9ff7557a062c2ce00e0b0cb74381ba69fcfaad4f17f04af,configs/parameter_provenance.csv,86c4261fcb9616a643db79340fe0b7398ba10a5c46464e67e8b697bcfc3a4ec9
illustrative_benchmark,quartet,quartet-manifold mixture,,-1.008102552748629e-17,5.6e-06,5.6,0.00013457130751656267,0.0009051273914153921,0.0010396986989319548,0.060449409095918206,0.07982377119174802,0.8586871210133971,0.14027318028766622,1000000.0,8e-06,1.0,1000000.0,0.1,100000.0,0.1,100000.0,1.0,1000000.0,1.0,1000000.0,0.1,100000.0,constant-generator matrix exponential Pade(13),61,True,dimensionless populations/per-encounter cumulative yields,dimensionless except time_s and reference_rate_s^-1,"Illustrative one-factor-at-a-time grid; bounds are not measured ranges or probability priors. Results are populations and per-encounter yields, not concentrations or biological fluxes. No encounter yield is converted to molarity, and no continuous biological ROS source is modeled.",1d8208b504af787754e184f77640f85675b5b634,01e64b526ae9ed2d5f192ae14068302e806c1e8b44576f4b4eb4b5f83a8e8039,configs/doxorubicin_parameters.json,b14b641f69afb70af9ff7557a062c2ce00e0b0cb74381ba69fcfaad4f17f04af,configs/parameter_provenance.csv,86c4261fcb9616a643db79340fe0b7398ba10a5c46464e67e8b697bcfc3a4ec9
illustrative_benchmark,quartet,quartet-manifold mixture,,-1.008102552748629e-17,5.733333333333333e-06,5.733333333333333,0.0001129776981710828,0.0007711388644807465,0.0008841165626518293,0.06046586773078808,0.07983492254325168,0.8588150931633035,0.14030079027403977,1000000.0,8e-06,1.0,1000000.0,0.1,100000.0,0.1,100000.0,1.0,1000000.0,1.0,1000000.0,0.1,100000.0,constant-generator matrix exponential Pade(13),61,True,dimensionless populations/per-encounter cumulative yields,dimensionless except time_s and reference_rate_s^-1,"Illustrative one-factor-at-a-time grid; bounds are not measured ranges or probability priors. Results are populations and per-encounter yields, not concentrations or biological fluxes. No encounter yield is converted to molarity, and no continuous biological ROS source is modeled.",1d8208b504af787754e184f77640f85675b5b634,01e64b526ae9ed2d5f192ae14068302e806c1e8b44576f4b4eb4b5f83a8e8039,configs/doxorubicin_parameters.json,b14b641f69afb70af9ff7557a062c2ce00e0b0cb74381ba69fcfaad4f17f04af,configs/parameter_provenance.csv,86c4261fcb9616a643db79340fe0b7398ba10a5c46464e67e8b697bcfc3a4ec9
illustrative_benchmark,quartet,quartet-manifold mixture,,-1.008102552748629e-17,5.866666666666667e-06,5.866666666666666,9.503224091224276e-05,0.0006569213489825293,0.000751953589894772,0.060479698405588186,0.07984442269081139,0.8589239253137007,0.14032412109639958,1000000.0,8e-06,1.0,1000000.0,0.1,100000.0,0.1,100000.0,1.0,1000000.0,1.0,1000000.0,0.1,100000.0,constant-generator matrix exponential Pade(13),61,True,dimensionless populations/per-encounter cumulative yields,dimensionless except time_s and reference_rate_s^-1,"Illustrative one-factor-at-a-time grid; bounds are not measured ranges or probability priors. Results are populations and per-encounter yields, not concentrations or biological fluxes. No encounter yield is converted to molarity, and no continuous biological ROS source is modeled.",1d8208b504af787754e184f77640f85675b5b634,01e64b526ae9ed2d5f192ae14068302e806c1e8b44576f4b4eb4b5f83a8e8039,configs/doxorubicin_parameters.json,b14b641f69afb70af9ff7557a062c2ce00e0b0cb74381ba69fcfaad4f17f04af,configs/parameter_provenance.csv,86c4261fcb9616a643db79340fe0b7398ba10a5c46464e67e8b697bcfc3a4ec9
illustrative_benchmark,quartet,quartet-manifold mixture,,-1.008102552748629e-17,6e-06,6.0,8.008498252729709e-05,0.0005595611997111564,0.0006396461822384535,0.06049134273799536,0.07985251530379701,0.859016495775964,0.1403438580417924,1000000.0,8e-06,1.0,1000000.0,0.1,100000.0,0.1,100000.0,1.0,1000000.0,1.0,1000000.0,0.1,100000.0,constant-generator matrix exponential Pade(13),61,True,dimensionless populations/per-encounter cumulative yields,dimensionless except time_s and reference_rate_s^-1,"Illustrative one-factor-at-a-time grid; bounds are not measured ranges or probability priors. Results are populations and per-encounter yields, not concentrations or biological fluxes. No encounter yield is converted to molarity, and no continuous biological ROS source is modeled.",1d8208b504af787754e184f77640f85675b5b634,01e64b526ae9ed2d5f192ae14068302e806c1e8b44576f4b4eb4b5f83a8e8039,configs/doxorubicin_parameters.json,b14b641f69afb70af9ff7557a062c2ce00e0b0cb74381ba69fcfaad4f17f04af,configs/parameter_provenance.csv,86c4261fcb9616a643db79340fe0b7398ba10a5c46464e67e8b697bcfc3a4ec9
illustrative_benchmark,quartet,quartet-manifold mixture,,-1.008102552748629e-17,6.133333333333334e-06,6.133333333333334,6.760598510956995e-05,0.0004765763523131143,0.0005441823374226842,0.060501163957200454,0.0798594081589248,0.8590952455464468,0.14036057211612524,1000000.0,8e-06,1.0,1000000.0,0.1,100000.0,0.1,100000.0,1.0,1000000.0,1.0,1000000.0,0.1,100000.0,constant-generator matrix exponential Pade(13),61,True,dimensionless populations/per-encounter cumulative yields,dimensionless except time_s and reference_rate_s^-1,"Illustrative one-factor-at-a-time grid; bounds are not measured ranges or probability priors. Results are populations and per-encounter yields, not concentrations or biological fluxes. No encounter yield is converted to molarity, and no continuous biological ROS source is modeled.",1d8208b504af787754e184f77640f85675b5b634,01e64b526ae9ed2d5f192ae14068302e806c1e8b44576f4b4eb4b5f83a8e8039,configs/doxorubicin_parameters.json,b14b641f69afb70af9ff7557a062c2ce00e0b0cb74381ba69fcfaad4f17f04af,configs/parameter_provenance.csv,86c4261fcb9616a643db79340fe0b7398ba10a5c46464e67e8b697bcfc3a4ec9
illustrative_benchmark,quartet,quartet-manifold mixture,,-1.008102552748629e-17,6.266666666666667e-06,6.2666666666666675,5.716312295444225e-05,0.0004058511921684658,0.00046301431512290806,0.06050946137833621,0.07986527844801826,0.8591622458585172,0.14037473982635446,1000000.0,8e-06,1.0,1000000.0,0.1,100000.0,0.1,100000.0,1.0,1000000.0,1.0,1000000.0,0.1,100000.0,constant-generator matrix exponential Pade(13),61,True,dimensionless populations/per-encounter cumulative yields,dimensionless except time_s and reference_rate_s^-1,"Illustrative one-factor-at-a-time grid; bounds are not measured ranges or probability priors. Results are populations and per-encounter yields, not concentrations or biological fluxes. No encounter yield is converted to molarity, and no continuous biological ROS source is modeled.",1d8208b504af787754e184f77640f85675b5b634,01e64b526ae9ed2d5f192ae14068302e806c1e8b44576f4b4eb4b5f83a8e8039,configs/doxorubicin_parameters.json,b14b641f69afb70af9ff7557a062c2ce00e0b0cb74381ba69fcfaad4f17f04af,configs/parameter_provenance.csv,86c4261fcb9616a643db79340fe0b7398ba10a5c46464e67e8b697bcfc3a4ec9
illustrative_benchmark,quartet,quartet-manifold mixture,,-1.008102552748629e-17,6.4e-06,6.3999999999999995,4.840381021839494e-05,0.00034558165380663147,0.00039398546402502643,0.06051648218589178,0.0798702772876534,0.8592192550624242,0.14038675947354518,1000000.0,8e-06,1.0,1000000.0,0.1,100000.0,0.1,100000.0,1.0,1000000.0,1.0,1000000.0,0.1,100000.0,constant-generator matrix exponential Pade(13),61,True,dimensionless populations/per-encounter cumulative yields,dimensionless except time_s and reference_rate_s^-1,"Illustrative one-factor-at-a-time grid; bounds are not measured ranges or probability priors. Results are populations and per-encounter yields, not concentrations or biological fluxes. No encounter yield is converted to molarity, and no continuous biological ROS source is modeled.",1d8208b504af787754e184f77640f85675b5b634,01e64b526ae9ed2d5f192ae14068302e806c1e8b44576f4b4eb4b5f83a8e8039,configs/doxorubicin_parameters.json,b14b641f69afb70af9ff7557a062c2ce00e0b0cb74381ba69fcfaad4f17f04af,configs/parameter_provenance.csv,86c4261fcb9616a643db79340fe0b7398ba10a5c46464e67e8b697bcfc3a4ec9
illustrative_benchmark,quartet,quartet-manifold mixture,,-1.008102552748629e-17,6.533333333333333e-06,6.533333333333333,4.104003605979655e-05,0.00029422883989585783,0.00033526887595565437,0.060522431007813245,0.07987453355531036,0.8592677665609151,0.14039696456312362,1000000.0,8e-06,1.0,1000000.0,0.1,100000.0,0.1,100000.0,1.0,1000000.0,1.0,1000000.0,0.1,100000.0,constant-generator matrix exponential Pade(13),61,True,dimensionless populations/per-encounter cumulative yields,dimensionless except time_s and reference_rate_s^-1,"Illustrative one-factor-at-a-time grid; bounds are not measured ranges or probability priors. Results are populations and per-encounter yields, not concentrations or biological fluxes. No encounter yield is converted to molarity, and no continuous biological ROS source is modeled.",1d8208b504af787754e184f77640f85675b5b634,01e64b526ae9ed2d5f192ae14068302e806c1e8b44576f4b4eb4b5f83a8e8039,configs/doxorubicin_parameters.json,b14b641f69afb70af9ff7557a062c2ce00e0b0cb74381ba69fcfaad4f17f04af,configs/parameter_provenance.csv,86c4261fcb9616a643db79340fe0b7398ba10a5c46464e67e8b697bcfc3a4ec9
illustrative_benchmark,quartet,quartet-manifold mixture,,-1.008102552748629e-17,6.666666666666667e-06,6.666666666666667,3.4836160316180256e-05,0.0002504797561343666,0.0002853159164505469,0.060527477683984345,0.07987815715596153,0.8593090492435977,0.14040563483994586,1000000.0,8e-06,1.0,1000000.0,0.1,100000.0,0.1,100000.0,1.0,1000000.0,1.0,1000000.0,0.1,100000.0,constant-generator matrix exponential Pade(13),61,True,dimensionless populations/per-encounter cumulative yields,dimensionless except time_s and reference_rate_s^-1,"Illustrative one-factor-at-a-time grid; bounds are not measured ranges or probability priors. Results are populations and per-encounter yields, not concentrations or biological fluxes. No encounter yield is converted to molarity, and no continuous biological ROS source is modeled.",1d8208b504af787754e184f77640f85675b5b634,01e64b526ae9ed2d5f192ae14068302e806c1e8b44576f4b4eb4b5f83a8e8039,configs/doxorubicin_parameters.json,b14b641f69afb70af9ff7557a062c2ce00e0b0cb74381ba69fcfaad4f17f04af,configs/parameter_provenance.csv,86c4261fcb9616a643db79340fe0b7398ba10a5c46464e67e8b697bcfc3a4ec9
illustrative_benchmark,quartet,quartet-manifold mixture,,-1.008102552748629e-17,6.8e-06,6.8,2.959899658314314e-05,0.00021321400745088193,0.0002428130040340251,0.060531763564820276,0.0798812418060292,0.8593441816251105,0.14041300537084947,1000000.0,8e-06,1.0,1000000.0,0.1,100000.0,0.1,100000.0,1.0,1000000.0,1.0,1000000.0,0.1,100000.0,constant-generator matrix exponential Pade(13),61,True,dimensionless populations/per-encounter cumulative yields,dimensionless except time_s and reference_rate_s^-1,"Illustrative one-factor-at-a-time grid; bounds are not measured ranges or probability priors. Results are populations and per-encounter yields, not concentrations or biological fluxes. No encounter yield is converted to molarity, and no continuous biological ROS source is modeled.",1d8208b504af787754e184f77640f85675b5b634,01e64b526ae9ed2d5f192ae14068302e806c1e8b44576f4b4eb4b5f83a8e8039,configs/doxorubicin_parameters.json,b14b641f69afb70af9ff7557a062c2ce00e0b0cb74381ba69fcfaad4f17f04af,configs/parameter_provenance.csv,86c4261fcb9616a643db79340fe0b7398ba10a5c46464e67e8b697bcfc3a4ec9
illustrative_benchmark,quartet,quartet-manifold mixture,,-1.008102552748629e-17,6.933333333333334e-06,6.933333333333334,2.5169778398491025e-05,0.000181475502954513,0.00020664528135300406,0.06053540661727694,0.07988386740764443,0.8593740806937197,0.14041927402492138,1000000.0,8e-06,1.0,1000000.0,0.1,100000.0,0.1,100000.0,1.0,1000000.0,1.0,1000000.0,0.1,100000.0,constant-generator matrix exponential Pade(13),61,True,dimensionless populations/per-encounter cumulative yields,dimensionless except time_s and reference_rate_s^-1,"Illustrative one-factor-at-a-time grid; bounds are not measured ranges or probability priors. Results are populations and per-encounter yields, not concentrations or biological fluxes. No encounter yield is converted to molarity, and no continuous biological ROS source is modeled.",1d8208b504af787754e184f77640f85675b5b634,01e64b526ae9ed2d5f192ae14068302e806c1e8b44576f4b4eb4b5f83a8e8039,configs/doxorubicin_parameters.json,b14b641f69afb70af9ff7557a062c2ce00e0b0cb74381ba69fcfaad4f17f04af,configs/parameter_provenance.csv,86c4261fcb9616a643db79340fe0b7398ba10a5c46464e67e8b697bcfc3a4ec9
illustrative_benchmark,quartet,quartet-manifold mixture,,-1.008102552748629e-17,7.066666666666667e-06,7.066666666666667,2.1417666730701246e-05,0.00015444838116813043,0.00017586604789883166,0.060538505565913024,0.07988610207457006,0.8593995263116121,0.1404246076404831,1000000.0,8e-06,1.0,1000000.0,0.1,100000.0,0.1,100000.0,1.0,1000000.0,1.0,1000000.0,0.1,100000.0,constant-generator matrix exponential Pade(13),61,True,dimensionless populations/per-encounter cumulative yields,dimensionless except time_s and reference_rate_s^-1,"Illustrative one-factor-at-a-time grid; bounds are not measured ranges or probability priors. Results are populations and per-encounter yields, not concentrations or biological fluxes. No encounter yield is converted to molarity, and no continuous biological ROS source is modeled.",1d8208b504af787754e184f77640f85675b5b634,01e64b526ae9ed2d5f192ae14068302e806c1e8b44576f4b4eb4b5f83a8e8039,configs/doxorubicin_parameters.json,b14b641f69afb70af9ff7557a062c2ce00e0b0cb74381ba69fcfaad4f17f04af,configs/parameter_provenance.csv,86c4261fcb9616a643db79340fe0b7398ba10a5c46464e67e8b697bcfc3a4ec9
illustrative_benchmark,quartet,quartet-manifold mixture,,-1.008102552748629e-17,7.2000000000000005e-06,7.2,1.8234512520277766e-05,0.00013143650062743647,0.00014967101314771424,0.06054114325485105,0.0798880038615587,0.8594211818704365,0.14042914711640975,1000000.0,8e-06,1.0,1000000.0,0.1,100000.0,0.1,100000.0,1.0,1000000.0,1.0,1000000.0,0.1,100000.0,constant-generator matrix exponential Pade(13),61,True,dimensionless populations/per-encounter cumulative yields,dimensionless except time_s and reference_rate_s^-1,"Illustrative one-factor-at-a-time grid; bounds are not measured ranges or probability priors. Results are populations and per-encounter yields, not concentrations or biological fluxes. No encounter yield is converted to molarity, and no continuous biological ROS source is modeled.",1d8208b504af787754e184f77640f85675b5b634,01e64b526ae9ed2d5f192ae14068302e806c1e8b44576f4b4eb4b5f83a8e8039,configs/doxorubicin_parameters.json,b14b641f69afb70af9ff7557a062c2ce00e0b0cb74381ba69fcfaad4f17f04af,configs/parameter_provenance.csv,86c4261fcb9616a643db79340fe0b7398ba10a5c46464e67e8b697bcfc3a4ec9
illustrative_benchmark,quartet,quartet-manifold mixture,,-1.008102552748629e-17,7.333333333333333e-06,7.333333333333333,1.553063655354127e-05,0.00011184594990050606,0.00012737658645404733,0.06054338938162854,0.07988962224093493,0.8594396117909763,0.14043301162256347,1000000.0,8e-06,1.0,1000000.0,0.1,100000.0,0.1,100000.0,1.0,1000000.0,1.0,1000000.0,0.1,100000.0,constant-generator matrix exponential Pade(13),61,True,dimensionless populations/per-encounter cumulative yields,dimensionless except time_s and reference_rate_s^-1,"Illustrative one-factor-at-a-time grid; bounds are not measured ranges or probability priors. Results are populations and per-encounter yields, not concentrations or biological fluxes. No encounter yield is converted to molarity, and no continuous biological ROS source is modeled.",1d8208b504af787754e184f77640f85675b5b634,01e64b526ae9ed2d5f192ae14068302e806c1e8b44576f4b4eb4b5f83a8e8039,configs/doxorubicin_parameters.json,b14b641f69afb70af9ff7557a062c2ce00e0b0cb74381ba69fcfaad4f17f04af,configs/parameter_provenance.csv,86c4261fcb9616a643db79340fe0b7398ba10a5c46464e67e8b697bcfc3a4ec9
illustrative_benchmark,quartet,quartet-manifold mixture,,-1.008102552748629e-17,7.466666666666667e-06,7.466666666666667,1.3231430737524264e-05,9.517012028306847e-05,0.00010840155102059273,0.06054530272509319,0.07989099936352621,0.8594552963603537,0.1404363020886194,1000000.0,8e-06,1.0,1000000.0,0.1,100000.0,0.1,100000.0,1.0,1000000.0,1.0,1000000.0,0.1,100000.0,constant-generator matrix exponential Pade(13),61,True,dimensionless populations/per-encounter cumulative yields,dimensionless except time_s and reference_rate_s^-1,"Illustrative one-factor-at-a-time grid; bounds are not measured ranges or probability priors. Results are populations and per-encounter yields, not concentrations or biological fluxes. No encounter yield is converted to molarity, and no continuous biological ROS source is modeled.",1d8208b504af787754e184f77640f85675b5b634,01e64b526ae9ed2d5f192ae14068302e806c1e8b44576f4b4eb4b5f83a8e8039,configs/doxorubicin_parameters.json,b14b641f69afb70af9ff7557a062c2ce00e0b0cb74381ba69fcfaad4f17f04af,configs/parameter_provenance.csv,86c4261fcb9616a643db79340fe0b7398ba10a5c46464e67e8b697bcfc3a4ec9
illustrative_benchmark,quartet,quartet-manifold mixture,,-1.008102552748629e-17,7.6e-06,7.6,1.127462038298075e-05,8.0976957705036e-05,9.225157808801675e-05,0.0605469329658072,0.07989217113548117,0.8594686443206173,0.14043910410128838,1000000.0,8e-06,1.0,1000000.0,0.1,100000.0,0.1,100000.0,1.0,1000000.0,1.0,1000000.0,0.1,100000.0,constant-generator matrix exponential Pade(13),61,True,dimensionless populations/per-encounter cumulative yields,dimensionless except time_s and reference_rate_s^-1,"Illustrative one-factor-at-a-time grid; bounds are not measured ranges or probability priors. Results are populations and per-encounter yields, not concentrations or biological fluxes. No encounter yield is converted to molarity, and no continuous biological ROS source is modeled.",1d8208b504af787754e184f77640f85675b5b634,01e64b526ae9ed2d5f192ae14068302e806c1e8b44576f4b4eb4b5f83a8e8039,configs/doxorubicin_parameters.json,b14b641f69afb70af9ff7557a062c2ce00e0b0cb74381ba69fcfaad4f17f04af,configs/parameter_provenance.csv,86c4261fcb9616a643db79340fe0b7398ba10a5c46464e67e8b697bcfc3a4ec9
illustrative_benchmark,quartet,quartet-manifold mixture,,-1.008102552748629e-17,7.733333333333333e-06,7.7333333333333325,9.608056997299062e-06,6.889807082474891e-05,7.8506127822048e-05,0.060548322178092064,0.07989316813781717,0.8594800035562623,0.14044149031590925,1000000.0,8e-06,1.0,1000000.0,0.1,100000.0,0.1,100000.0,1.0,1000000.0,1.0,1000000.0,0.1,100000.0,constant-generator matrix exponential Pade(13),61,True,dimensionless populations/per-encounter cumulative yields,dimensionless except time_s and reference_rate_s^-1,"Illustrative one-factor-at-a-time grid; bounds are not measured ranges or probability priors. Results are populations and per-encounter yields, not concentrations or biological fluxes. No encounter yield is converted to molarity, and no continuous biological ROS source is modeled.",1d8208b504af787754e184f77640f85675b5b634,01e64b526ae9ed2d5f192ae14068302e806c1e8b44576f4b4eb4b5f83a8e8039,configs/doxorubicin_parameters.json,b14b641f69afb70af9ff7557a062c2ce00e0b0cb74381ba69fcfaad4f17f04af,configs/parameter_provenance.csv,86c4261fcb9616a643db79340fe0b7398ba10a5c46464e67e8b697bcfc3a4ec9
illustrative_benchmark,quartet,quartet-manifold mixture,,-1.008102552748629e-17,7.866666666666667e-06,7.866666666666667,8.187935994287007e-06,5.8619422349229316e-05,6.680735834351632e-05,0.06054950605715768,0.07989401641157602,0.8594896701729163,0.1404435224687337,1000000.0,8e-06,1.0,1000000.0,0.1,100000.0,0.1,100000.0,1.0,1000000.0,1.0,1000000.0,0.1,100000.0,constant-generator matrix exponential Pade(13),61,True,dimensionless populations/per-encounter cumulative yields,dimensionless except time_s and reference_rate_s^-1,"Illustrative one-factor-at-a-time grid; bounds are not measured ranges or probability priors. Results are populations and per-encounter yields, not concentrations or biological fluxes. No encounter yield is converted to molarity, and no continuous biological ROS source is modeled.",1d8208b504af787754e184f77640f85675b5b634,01e64b526ae9ed2d5f192ae14068302e806c1e8b44576f4b4eb4b5f83a8e8039,configs/doxorubicin_parameters.json,b14b641f69afb70af9ff7557a062c2ce00e0b0cb74381ba69fcfaad4f17f04af,configs/parameter_provenance.csv,86c4261fcb9616a643db79340fe0b7398ba10a5c46464e67e8b697bcfc3a4ec9
illustrative_benchmark,quartet,quartet-manifold mixture,,-1.008102552748629e-17,8e-06,8.0,6.977354296748681e-06,4.987337226401105e-05,5.685072656075974e-05,0.060550514932096434,0.07989473812811285,0.8594978962132234,0.14044525306020927,1000000.0,8e-06,1.0,1000000.0,0.1,100000.0,0.1,100000.0,1.0,1000000.0,1.0,1000000.0,0.1,100000.0,constant-generator matrix exponential Pade(13),61,True,dimensionless populations/per-encounter cumulative yields,dimensionless except time_s and reference_rate_s^-1,"Illustrative one-factor-at-a-time grid; bounds are not measured ranges or probability priors. Results are populations and per-encounter yields, not concentrations or biological fluxes. No encounter yield is converted to molarity, and no continuous biological ROS source is modeled.",1d8208b504af787754e184f77640f85675b5b634,01e64b526ae9ed2d5f192ae14068302e806c1e8b44576f4b4eb4b5f83a8e8039,configs/doxorubicin_parameters.json,b14b641f69afb70af9ff7557a062c2ce00e0b0cb74381ba69fcfaad4f17f04af,configs/parameter_provenance.csv,86c4261fcb9616a643db79340fe0b7398ba10a5c46464e67e8b697bcfc3a4ec9
illustrative_benchmark,mixture,pD=0.25 manifold mixture,0.25,0.24999999999999994,0.0,0.0,0.25,0.75,0.9999999999999999,0.0,0.0,0.0,0.0,1000000.0,8e-06,1.0,1000000.0,0.1,100000.0,0.1,100000.0,1.0,1000000.0,1.0,1000000.0,0.1,100000.0,constant-generator matrix exponential Pade(13),61,True,dimensionless populations/per-encounter cumulative yields,dimensionless except time_s and reference_rate_s^-1,"Illustrative one-factor-at-a-time grid; bounds are not measured ranges or probability priors. Results are populations and per-encounter yields, not concentrations or biological fluxes. No encounter yield is converted to molarity, and no continuous biological ROS source is modeled.",1d8208b504af787754e184f77640f85675b5b634,01e64b526ae9ed2d5f192ae14068302e806c1e8b44576f4b4eb4b5f83a8e8039,configs/doxorubicin_parameters.json,b14b641f69afb70af9ff7557a062c2ce00e0b0cb74381ba69fcfaad4f17f04af,configs/parameter_provenance.csv,86c4261fcb9616a643db79340fe0b7398ba10a5c46464e67e8b697bcfc3a4ec9
illustrative_benchmark,mixture,pD=0.25 manifold mixture,0.25,0.24999999999999994,1.3333333333333334e-07,0.13333333333333333,0.19389916694622084,0.6451340084065009,0.8390331753527217,0.029416576983917267,0.009284879152676694,0.1222653685106842,0.03870145613659396,1000000.0,8e-06,1.0,1000000.0,0.1,100000.0,0.1,100000.0,1.0,1000000.0,1.0,1000000.0,0.1,100000.0,constant-generator matrix exponential Pade(13),61,True,dimensionless populations/per-encounter cumulative yields,dimensionless except time_s and reference_rate_s^-1,"Illustrative one-factor-at-a-time grid; bounds are not measured ranges or probability priors. Results are populations and per-encounter yields, not concentrations or biological fluxes. No encounter yield is converted to molarity, and no continuous biological ROS source is modeled.",1d8208b504af787754e184f77640f85675b5b634,01e64b526ae9ed2d5f192ae14068302e806c1e8b44576f4b4eb4b5f83a8e8039,configs/doxorubicin_parameters.json,b14b641f69afb70af9ff7557a062c2ce00e0b0cb74381ba69fcfaad4f17f04af,configs/parameter_provenance.csv,86c4261fcb9616a643db79340fe0b7398ba10a5c46464e67e8b697bcfc3a4ec9
illustrative_benchmark,mixture,pD=0.25 manifold mixture,0.25,0.24999999999999994,2.6666666666666667e-07,0.26666666666666666,0.1516269466313336,0.5538321236409902,0.7054590702723238,0.05231940834569349,0.01726382845784447,0.22495769292413814,0.06958323680353797,1000000.0,8e-06,1.0,1000000.0,0.1,100000.0,0.1,100000.0,1.0,1000000.0,1.0,1000000.0,0.1,100000.0,constant-generator matrix exponential Pade(13),61,True,dimensionless populations/per-encounter cumulative yields,dimensionless except time_s and reference_rate_s^-1,"Illustrative one-factor-at-a-time grid; bounds are not measured ranges or probability priors. Results are populations and per-encounter yields, not concentrations or biological fluxes. No encounter yield is converted to molarity, and no continuous biological ROS source is modeled.",1d8208b504af787754e184f77640f85675b5b634,01e64b526ae9ed2d5f192ae14068302e806c1e8b44576f4b4eb4b5f83a8e8039,configs/doxorubicin_parameters.json,b14b641f69afb70af9ff7557a062c2ce00e0b0cb74381ba69fcfaad4f17f04af,configs/parameter_provenance.csv,86c4261fcb9616a643db79340fe0b7398ba10a5c46464e67e8b697bcfc3a4ec9
illustrative_benchmark,mixture,pD=0.25 manifold mixture,0.25,0.24999999999999994,4e-07,0.39999999999999997,0.11968779127835516,0.47451847711287926,0.5942062683912345,0.07030841005836548,0.024106991953821322,0.3113783295965787,0.0944154020121868,1000000.0,8e-06,1.0,1000000.0,0.1,100000.0,0.1,100000.0,1.0,1000000.0,1.0,1000000.0,0.1,100000.0,constant-generator matrix exponential Pade(13),61,True,dimensionless populations/per-encounter cumulative yields,dimensionless except time_s and reference_rate_s^-1,"Illustrative one-factor-at-a-time grid; bounds are not measured ranges or probability priors. Results are populations and per-encounter yields, not concentrations or biological fluxes. No encounter yield is converted to molarity, and no continuous biological ROS source is modeled.",1d8208b504af787754e184f77640f85675b5b634,01e64b526ae9ed2d5f192ae14068302e806c1e8b44576f4b4eb4b5f83a8e8039,configs/doxorubicin_parameters.json,b14b641f69afb70af9ff7557a062c2ce00e0b0cb74381ba69fcfaad4f17f04af,configs/parameter_provenance.csv,86c4261fcb9616a643db79340fe0b7398ba10a5c46464e67e8b697bcfc3a4ec9
illustrative_benchmark,mixture,pD=0.25 manifold mixture,0.25,0.24999999999999994,5.333333333333333e-07,0.5333333333333333,0.09544749804313707,0.4057865047697392,0.5012340028128763,0.08457735329968463,0.029964662780704945,0.38422398110673406,0.11454201608038958,1000000.0,8e-06,1.0,1000000.0,0.1,100000.0,0.1,100000.0,1.0,1000000.0,1.0,1000000.0,0.1,100000.0,constant-generator matrix exponential Pade(13),61,True,dimensionless populations/per-encounter cumulative yields,dimensionless except time_s and reference_rate_s^-1,"Illustrative one-factor-at-a-time grid; bounds are not measured ranges or probability priors. Results are populations and per-encounter yields, not concentrations or biological fluxes. No encounter yield is converted to molarity, and no continuous biological ROS source is modeled.",1d8208b504af787754e184f77640f85675b5b634,01e64b526ae9ed2d5f192ae14068302e806c1e8b44576f4b4eb4b5f83a8e8039,configs/doxorubicin_parameters.json,b14b641f69afb70af9ff7557a062c2ce00e0b0cb74381ba69fcfaad4f17f04af,configs/parameter_provenance.csv,86c4261fcb9616a643db79340fe0b7398ba10a5c46464e67e8b697bcfc3a4ec9
illustrative_benchmark,mixture,pD=0.25 manifold mixture,0.25,0.24999999999999994,6.666666666666667e-07,0.6666666666666667,0.07693244441120463,0.34637489811361605,0.4233073425248207,0.09601479198549617,0.03496937031856243,0.44570849517112054,0.1309841623040586,1000000.0,8e-06,1.0,1000000.0,0.1,100000.0,0.1,100000.0,1.0,1000000.0,1.0,1000000.0,0.1,100000.0,constant-generator matrix exponential Pade(13),61,True,dimensionless populations/per-encounter cumulative yields,dimensionless except time_s and reference_rate_s^-1,"Illustrative one-factor-at-a-time grid; bounds are not measured ranges or probability priors. Results are populations and per-encounter yields, not concentrations or biological fluxes. No encounter yield is converted to molarity, and no continuous biological ROS source is modeled.",1d8208b504af787754e184f77640f85675b5b634,01e64b526ae9ed2d5f192ae14068302e806c1e8b44576f4b4eb4b5f83a8e8039,configs/doxorubicin_parameters.json,b14b641f69afb70af9ff7557a062c2ce00e0b0cb74381ba69fcfaad4f17f04af,configs/parameter_provenance.csv,86c4261fcb9616a643db79340fe0b7398ba10a5c46464e67e8b697bcfc3a4ec9
illustrative_benchmark,mixture,pD=0.25 manifold mixture,0.25,0.24999999999999994,8e-07,0.7999999999999999,0.06267216932414679,0.29515072247721275,0.35782289180135957,0.10528121406872139,0.03923769818738159,0.4976581959425372,0.14451891225610297,1000000.0,8e-06,1.0,1000000.0,0.1,100000.0,0.1,100000.0,1.0,1000000.0,1.0,1000000.0,0.1,100000.0,constant-generator matrix exponential Pade(13),61,True,dimensionless populations/per-encounter cumulative yields,dimensionless except time_s and reference_rate_s^-1,"Illustrative one-factor-at-a-time grid; bounds are not measured ranges or probability priors. Results are populations and per-encounter yields, not concentrations or biological fluxes. No encounter yield is converted to molarity, and no continuous biological ROS source is modeled.",1d8208b504af787754e184f77640f85675b5b634,01e64b526ae9ed2d5f192ae14068302e806c1e8b44576f4b4eb4b5f83a8e8039,configs/doxorubicin_parameters.json,b14b641f69afb70af9ff7557a062c2ce00e0b0cb74381ba69fcfaad4f17f04af,configs/parameter_provenance.csv,86c4261fcb9616a643db79340fe0b7398ba10a5c46464e67e8b697bcfc3a4ec9
illustrative_benchmark,mixture,pD=0.25 manifold mixture,0.25,0.24999999999999994,9.333333333333333e-07,0.9333333333333333,0.05157683548224464,0.25109693629818797,0.30267377178043264,0.11286761478350538,0.042871908968414224,0.5415867044676475,0.1557395237519196,1000000.0,8e-06,1.0,1000000.0,0.1,100000.0,0.1,100000.0,1.0,1000000.0,1.0,1000000.0,0.1,100000.0,constant-generator matrix exponential Pade(13),61,True,dimensionless populations/per-encounter cumulative yields,dimensionless except time_s and reference_rate_s^-1,"Illustrative one-factor-at-a-time grid; bounds are not measured ranges or probability priors. Results are populations and per-encounter yields, not concentrations or biological fluxes. No encounter yield is converted to molarity, and no continuous biological ROS source is modeled.",1d8208b504af787754e184f77640f85675b5b634,01e64b526ae9ed2d5f192ae14068302e806c1e8b44576f4b4eb4b5f83a8e8039,configs/doxorubicin_parameters.json,b14b641f69afb70af9ff7557a062c2ce00e0b0cb74381ba69fcfaad4f17f04af,configs/parameter_provenance.csv,86c4261fcb9616a643db79340fe0b7398ba10a5c46464e67e8b697bcfc3a4ec9
illustrative_benchmark,mixture,pD=0.25 manifold mixture,0.25,0.24999999999999994,1.0666666666666667e-06,1.0666666666666667,0.0428425392584791,0.21330250743695459,0.2561450466954337,0.11913965889886964,0.04596142140971154,0.5787538729959847,0.16510108030858117,1000000.0,8e-06,1.0,1000000.0,0.1,100000.0,0.1,100000.0,1.0,1000000.0,1.0,1000000.0,0.1,100000.0,constant-generator matrix exponential Pade(13),61,True,dimensionless populations/per-encounter cumulative yields,dimensionless except time_s and reference_rate_s^-1,"Illustrative one-factor-at-a-time grid; bounds are not measured ranges or probability priors. Results are populations and per-encounter yields, not concentrations or biological fluxes. No encounter yield is converted to molarity, and no continuous biological ROS source is modeled.",1d8208b504af787754e184f77640f85675b5b634,01e64b526ae9ed2d5f192ae14068302e806c1e8b44576f4b4eb4b5f83a8e8039,configs/doxorubicin_parameters.json,b14b641f69afb70af9ff7557a062c2ce00e0b0cb74381ba69fcfaad4f17f04af,configs/parameter_provenance.csv,86c4261fcb9616a643db79340fe0b7398ba10a5c46464e67e8b697bcfc3a4ec9
illustrative_benchmark,mixture,pD=0.25 manifold mixture,0.25,0.24999999999999994,1.2e-06,1.2,0.03587867966440696,0.18095399535103984,0.2168326750154468,0.12437074626707575,0.048584166586400135,0.6102124121310767,0.1729549128534759,1000000.0,8e-06,1.0,1000000.0,0.1,100000.0,0.1,100000.0,1.0,1000000.0,1.0,1000000.0,0.1,100000.0,constant-generator matrix exponential Pade(13),61,True,dimensionless populations/per-encounter cumulative yields,dimensionless except time_s and reference_rate_s^-1,"Illustrative one-factor-at-a-time grid; bounds are not measured ranges or probability priors. Results are populations and per-encounter yields, not concentrations or biological fluxes. No encounter yield is converted to molarity, and no continuous biological ROS source is modeled.",1d8208b504af787754e184f77640f85675b5b634,01e64b526ae9ed2d5f192ae14068302e806c1e8b44576f4b4eb4b5f83a8e8039,configs/doxorubicin_parameters.json,b14b641f69afb70af9ff7557a062c2ce00e0b0cb74381ba69fcfaad4f17f04af,configs/parameter_provenance.csv,86c4261fcb9616a643db79340fe0b7398ba10a5c46464e67e8b697bcfc3a4ec9
illustrative_benchmark,mixture,pD=0.25 manifold mixture,0.25,0.24999999999999994,1.3333333333333334e-06,1.3333333333333335,0.03025266575530789,0.153327927416882,0.18358059317218992,0.12876659623901116,0.05080783766816249,0.6368449729206356,0.17957443390717365,1000000.0,8e-06,1.0,1000000.0,0.1,100000.0,0.1,100000.0,1.0,1000000.0,1.0,1000000.0,0.1,100000.0,constant-generator matrix exponential Pade(13),61,True,dimensionless populations/per-encounter cumulative yields,dimensionless except time_s and reference_rate_s^-1,"Illustrative one-factor-at-a-time grid; bounds are not measured ranges or probability priors. Results are populations and per-encounter yields, not concentrations or biological fluxes. No encounter yield is converted to molarity, and no continuous biological ROS source is modeled.",1d8208b504af787754e184f77640f85675b5b634,01e64b526ae9ed2d5f192ae14068302e806c1e8b44576f4b4eb4b5f83a8e8039,configs/doxorubicin_parameters.json,b14b641f69afb70af9ff7557a062c2ce00e0b0cb74381ba69fcfaad4f17f04af,configs/parameter_provenance.csv,86c4261fcb9616a643db79340fe0b7398ba10a5c46464e67e8b697bcfc3a4ec9
illustrative_benchmark,mixture,pD=0.25 manifold mixture,0.25,0.24999999999999994,1.4666666666666667e-06,1.4666666666666666,0.025648146414134924,0.1297836024788727,0.1554317488930076,0.1324833991360806,0.0526910411668028,0.6593938108041079,0.18517444030288338,1000000.0,8e-06,1.0,1000000.0,0.1,100000.0,0.1,100000.0,1.0,1000000.0,1.0,1000000.0,0.1,100000.0,constant-generator matrix exponential Pade(13),61,True,dimensionless populations/per-encounter cumulative yields,dimensionless except time_s and reference_rate_s^-1,"Illustrative one-factor-at-a-time grid; bounds are not measured ranges or probability priors. Results are populations and per-encounter yields, not concentrations or biological fluxes. No encounter yield is converted to molarity, and no continuous biological ROS source is modeled.",1d8208b504af787754e184f77640f85675b5b634,01e64b526ae9ed2d5f192ae14068302e806c1e8b44576f4b4eb4b5f83a8e8039,configs/doxorubicin_parameters.json,b14b641f69afb70af9ff7557a062c2ce00e0b0cb74381ba69fcfaad4f17f04af,configs/parameter_provenance.csv,86c4261fcb9616a643db79340fe0b7398ba10a5c46464e67e8b697bcfc3a4ec9
illustrative_benchmark,mixture,pD=0.25 manifold mixture,0.25,0.24999999999999994,1.6e-06,1.5999999999999999,0.021833703847266205,0.10975614928650654,0.13158985313377272,0.1356411261930102,0.05428435404365513,0.6784846666295608,0.18992548023666533,1000000.0,8e-06,1.0,1000000.0,0.1,100000.0,0.1,100000.0,1.0,1000000.0,1.0,1000000.0,0.1,100000.0,constant-generator matrix exponential Pade(13),61,True,dimensionless populations/per-encounter cumulative yields,dimensionless except time_s and reference_rate_s^-1,"Illustrative one-factor-at-a-time grid; bounds are not measured ranges or probability priors. Results are populations and per-encounter yields, not concentrations or biological fluxes. No encounter yield is converted to molarity, and no continuous biological ROS source is modeled.",1d8208b504af787754e184f77640f85675b5b634,01e64b526ae9ed2d5f192ae14068302e806c1e8b44576f4b4eb4b5f83a8e8039,configs/doxorubicin_parameters.json,b14b641f69afb70af9ff7557a062c2ce00e0b0cb74381ba69fcfaad4f17f04af,configs/parameter_provenance.csv,86c4261fcb9616a643db79340fe0b7398ba10a5c46464e67e8b697bcfc3a4ec9
illustrative_benchmark,mixture,pD=0.25 manifold mixture,0.25,0.24999999999999994,1.7333333333333334e-06,1.7333333333333334,0.018639579592902668,0.09274978517338059,0.11138936476628328,0.13833322474226256,0.05563128961356281,0.6946461208778901,0.19396451435582537,1000000.0,8e-06,1.0,1000000.0,0.1,100000.0,0.1,100000.0,1.0,1000000.0,1.0,1000000.0,0.1,100000.0,constant-generator matrix exponential Pade(13),61,True,dimensionless populations/per-encounter cumulative yields,dimensionless except time_s and reference_rate_s^-1,"Illustrative one-factor-at-a-time grid; bounds are not measured ranges or probability priors. Results are populations and per-encounter yields, not concentrations or biological fluxes. No encounter yield is converted to molarity, and no continuous biological ROS source is modeled.",1d8208b504af787754e184f77640f85675b5b634,01e64b526ae9ed2d5f192ae14068302e806c1e8b44576f4b4eb4b5f83a8e8039,configs/doxorubicin_parameters.json,b14b641f69afb70af9ff7557a062c2ce00e0b0cb74381ba69fcfaad4f17f04af,configs/parameter_provenance.csv,86c4261fcb9616a643db79340fe0b7398ba10a5c46464e67e8b697bcfc3a4ec9
illustrative_benchmark,mixture,pD=0.25 manifold mixture,0.25,0.24999999999999994,1.8666666666666667e-06,1.8666666666666667,0.015940516513314438,0.07833128573898779,0.09427180225230221,0.14063363672276197,0.056769174936561174,0.7083253860883733,0.19740281165932314,1000000.0,8e-06,1.0,1000000.0,0.1,100000.0,0.1,100000.0,1.0,1000000.0,1.0,1000000.0,0.1,100000.0,constant-generator matrix exponential Pade(13),61,True,dimensionless populations/per-encounter cumulative yields,dimensionless except time_s and reference_rate_s^-1,"Illustrative one-factor-at-a-time grid; bounds are not measured ranges or probability priors. Results are populations and per-encounter yields, not concentrations or biological fluxes. No encounter yield is converted to molarity, and no continuous biological ROS source is modeled.",1d8208b504af787754e184f77640f85675b5b634,01e64b526ae9ed2d5f192ae14068302e806c1e8b44576f4b4eb4b5f83a8e8039,configs/doxorubicin_parameters.json,b14b641f69afb70af9ff7557a062c2ce00e0b0cb74381ba69fcfaad4f17f04af,configs/parameter_provenance.csv,86c4261fcb9616a643db79340fe0b7398ba10a5c46464e67e8b697bcfc3a4ec9
illustrative_benchmark,mixture,pD=0.25 manifold mixture,0.25,0.24999999999999994,2e-06,2.0,0.01364321840681006,0.06612370729249642,0.07976692569930648,0.1426018519220804,0.057729942768775605,0.7199012796098362,0.20033179469085602,1000000.0,8e-06,1.0,1000000.0,0.1,100000.0,0.1,100000.0,1.0,1000000.0,1.0,1000000.0,0.1,100000.0,constant-generator matrix exponential Pade(13),61,True,dimensionless populations/per-encounter cumulative yields,dimensionless except time_s and reference_rate_s^-1,"Illustrative one-factor-at-a-time grid; bounds are not measured ranges or probability priors. Results are populations and per-encounter yields, not concentrations or biological fluxes. No encounter yield is converted to molarity, and no continuous biological ROS source is modeled.",1d8208b504af787754e184f77640f85675b5b634,01e64b526ae9ed2d5f192ae14068302e806c1e8b44576f4b4eb4b5f83a8e8039,configs/doxorubicin_parameters.json,b14b641f69afb70af9ff7557a062c2ce00e0b0cb74381ba69fcfaad4f17f04af,configs/parameter_provenance.csv,86c4261fcb9616a643db79340fe0b7398ba10a5c46464e67e8b697bcfc3a4ec9
illustrative_benchmark,mixture,pD=0.25 manifold mixture,0.25,0.24999999999999994,2.1333333333333334e-06,2.1333333333333333,0.011677265540871161,0.055800413159713284,0.06747767870058444,0.14428653085111942,0.05854084178156142,0.7296949486667332,0.20282737263268086,1000000.0,8e-06,1.0,1000000.0,0.1,100000.0,0.1,100000.0,1.0,1000000.0,1.0,1000000.0,0.1,100000.0,constant-generator matrix exponential Pade(13),61,True,dimensionless populations/per-encounter cumulative yields,dimensionless except time_s and reference_rate_s^-1,"Illustrative one-factor-at-a-time grid; bounds are not measured ranges or probability priors. Results are populations and per-encounter yields, not concentrations or biological fluxes. No encounter yield is converted to molarity, and no continuous biological ROS source is modeled.",1d8208b504af787754e184f77640f85675b5b634,01e64b526ae9ed2d5f192ae14068302e806c1e8b44576f4b4eb4b5f83a8e8039,configs/doxorubicin_parameters.json,b14b641f69afb70af9ff7557a062c2ce00e0b0cb74381ba69fcfaad4f17f04af,configs/parameter_provenance.csv,86c4261fcb9616a643db79340fe0b7398ba10a5c46464e67e8b697bcfc3a4ec9
illustrative_benchmark,mixture,pD=0.25 manifold mixture,0.25,0.24999999999999994,2.266666666666667e-06,2.266666666666667,0.00998859305647104,0.047079451541275054,0.057068044597746094,0.14572809585358695,0.05922506942682535,0.7379787901218401,0.2049531652804123,1000000.0,8e-06,1.0,1000000.0,0.1,100000.0,0.1,100000.0,1.0,1000000.0,1.0,1000000.0,0.1,100000.0,constant-generator matrix exponential Pade(13),61,True,dimensionless populations/per-encounter cumulative yields,dimensionless except time_s and reference_rate_s^-1,"Illustrative one-factor-at-a-time grid; bounds are not measured ranges or probability priors. Results are populations and per-encounter yields, not concentrations or biological fluxes. No encounter yield is converted to molarity, and no continuous biological ROS source is modeled.",1d8208b504af787754e184f77640f85675b5b634,01e64b526ae9ed2d5f192ae14068302e806c1e8b44576f4b4eb4b5f83a8e8039,configs/doxorubicin_parameters.json,b14b641f69afb70af9ff7557a062c2ce00e0b0cb74381ba69fcfaad4f17f04af,configs/parameter_provenance.csv,86c4261fcb9616a643db79340fe0b7398ba10a5c46464e67e8b697bcfc3a4ec9
illustrative_benchmark,mixture,pD=0.25 manifold mixture,0.25,0.24999999999999994,2.4e-06,2.4,0.008534851694269707,0.03971832248957632,0.048253174183846025,0.1469605847095586,0.059802332399730505,0.7449839087068633,0.20676291710928912,1000000.0,8e-06,1.0,1000000.0,0.1,100000.0,0.1,100000.0,1.0,1000000.0,1.0,1000000.0,0.1,100000.0,constant-generator matrix exponential Pade(13),61,True,dimensionless populations/per-encounter cumulative yields,dimensionless except time_s and reference_rate_s^-1,"Illustrative one-factor-at-a-time grid; bounds are not measured ranges or probability priors. Results are populations and per-encounter yields, not concentrations or biological fluxes. No encounter yield is converted to molarity, and no continuous biological ROS source is modeled.",1d8208b504af787754e184f77640f85675b5b634,01e64b526ae9ed2d5f192ae14068302e806c1e8b44576f4b4eb4b5f83a8e8039,configs/doxorubicin_parameters.json,b14b641f69afb70af9ff7557a062c2ce00e0b0cb74381ba69fcfaad4f17f04af,configs/parameter_provenance.csv,86c4261fcb9616a643db79340fe0b7398ba10a5c46464e67e8b697bcfc3a4ec9
illustrative_benchmark,mixture,pD=0.25 manifold mixture,0.25,0.24999999999999994,2.5333333333333334e-06,2.533333333333333,0.007282136917807183,0.033509158712117765,0.04079129562992495,0.14801298181891193,0.06028934006656816,0.7509063824845931,0.2083023218854801,1000000.0,8e-06,1.0,1000000.0,0.1,100000.0,0.1,100000.0,1.0,1000000.0,1.0,1000000.0,0.1,100000.0,constant-generator matrix exponential Pade(13),61,True,dimensionless populations/per-encounter cumulative yields,dimensionless except time_s and reference_rate_s^-1,"Illustrative one-factor-at-a-time grid; bounds are not measured ranges or probability priors. Results are populations and per-encounter yields, not concentrations or biological fluxes. No encounter yield is converted to molarity, and no continuous biological ROS source is modeled.",1d8208b504af787754e184f77640f85675b5b634,01e64b526ae9ed2d5f192ae14068302e806c1e8b44576f4b4eb4b5f83a8e8039,configs/doxorubicin_parameters.json,b14b641f69afb70af9ff7557a062c2ce00e0b0cb74381ba69fcfaad4f17f04af,configs/parameter_provenance.csv,86c4261fcb9616a643db79340fe0b7398ba10a5c46464e67e8b697bcfc3a4ec9
illustrative_benchmark,mixture,pD=0.25 manifold mixture,0.25,0.24999999999999994,2.666666666666667e-06,2.666666666666667,0.00620270201499025,0.028274331790127366,0.034477033805117616,0.14891018252965013,0.060700236466870956,0.7559125471983593,0.20961041899652108,1000000.0,8e-06,1.0,1000000.0,0.1,100000.0,0.1,100000.0,1.0,1000000.0,1.0,1000000.0,0.1,100000.0,constant-generator matrix exponential Pade(13),61,True,dimensionless populations/per-encounter cumulative yields,dimensionless except time_s and reference_rate_s^-1,"Illustrative one-factor-at-a-time grid; bounds are not measured ranges or probability priors. Results are populations and per-encounter yields, not concentrations or biological fluxes. No encounter yield is converted to molarity, and no continuous biological ROS source is modeled.",1d8208b504af787754e184f77640f85675b5b634,01e64b526ae9ed2d5f192ae14068302e806c1e8b44576f4b4eb4b5f83a8e8039,configs/doxorubicin_parameters.json,b14b641f69afb70af9ff7557a062c2ce00e0b0cb74381ba69fcfaad4f17f04af,configs/parameter_provenance.csv,86c4261fcb9616a643db79340fe0b7398ba10a5c46464e67e8b697bcfc3a4ec9
illustrative_benchmark,mixture,pD=0.25 manifold mixture,0.25,0.24999999999999994,2.8e-06,2.8,0.005273370516233228,0.023862483462656542,0.029135853978889768,0.14967370186490897,0.061046976571935516,0.7601434675842638,0.2107206784368445,1000000.0,8e-06,1.0,1000000.0,0.1,100000.0,0.1,100000.0,1.0,1000000.0,1.0,1000000.0,0.1,100000.0,constant-generator matrix exponential Pade(13),61,True,dimensionless populations/per-encounter cumulative yields,dimensionless except time_s and reference_rate_s^-1,"Illustrative one-factor-at-a-time grid; bounds are not measured ranges or probability priors. Results are populations and per-encounter yields, not concentrations or biological fluxes. No encounter yield is converted to molarity, and no continuous biological ROS source is modeled.",1d8208b504af787754e184f77640f85675b5b634,01e64b526ae9ed2d5f192ae14068302e806c1e8b44576f4b4eb4b5f83a8e8039,configs/doxorubicin_parameters.json,b14b641f69afb70af9ff7557a062c2ce00e0b0cb74381ba69fcfaad4f17f04af,configs/parameter_provenance.csv,86c4261fcb9616a643db79340fe0b7398ba10a5c46464e67e8b697bcfc3a4ec9
illustrative_benchmark,mixture,pD=0.25 manifold mixture,0.25,0.24999999999999994,2.9333333333333333e-06,2.933333333333333,0.0044744394018910475,0.02014497159823561,0.02461941100012666,0.15032220625560494,0.06133965240806016,0.7637187303362062,0.2116618586636651,1000000.0,8e-06,1.0,1000000.0,0.1,100000.0,0.1,100000.0,1.0,1000000.0,1.0,1000000.0,0.1,100000.0,constant-generator matrix exponential Pade(13),61,True,dimensionless populations/per-encounter cumulative yields,dimensionless except time_s and reference_rate_s^-1,"Illustrative one-factor-at-a-time grid; bounds are not measured ranges or probability priors. Results are populations and per-encounter yields, not concentrations or biological fluxes. No encounter yield is converted to molarity, and no continuous biological ROS source is modeled.",1d8208b504af787754e184f77640f85675b5b634,01e64b526ae9ed2d5f192ae14068302e806c1e8b44576f4b4eb4b5f83a8e8039,configs/doxorubicin_parameters.json,b14b641f69afb70af9ff7557a062c2ce00e0b0cb74381ba69fcfaad4f17f04af,configs/parameter_provenance.csv,86c4261fcb9616a643db79340fe0b7398ba10a5c46464e67e8b697bcfc3a4ec9
illustrative_benchmark,mixture,pD=0.25 manifold mixture,0.25,0.24999999999999994,3.066666666666667e-06,3.066666666666667,0.0037889221196747936,0.017012712623263666,0.02080163474293846,0.1508719231005577,0.0615867744596313,0.7667396676968704,0.21245869756018898,1000000.0,8e-06,1.0,1000000.0,0.1,100000.0,0.1,100000.0,1.0,1000000.0,1.0,1000000.0,0.1,100000.0,constant-generator matrix exponential Pade(13),61,True,dimensionless populations/per-encounter cumulative yields,dimensionless except time_s and reference_rate_s^-1,"Illustrative one-factor-at-a-time grid; bounds are not measured ranges or probability priors. Results are populations and per-encounter yields, not concentrations or biological fluxes. No encounter yield is converted to molarity, and no continuous biological ROS source is modeled.",1d8208b504af787754e184f77640f85675b5b634,01e64b526ae9ed2d5f192ae14068302e806c1e8b44576f4b4eb4b5f83a8e8039,configs/doxorubicin_parameters.json,b14b641f69afb70af9ff7557a062c2ce00e0b0cb74381ba69fcfaad4f17f04af,configs/parameter_provenance.csv,86c4261fcb9616a643db79340fe0b7398ba10a5c46464e67e8b697bcfc3a4ec9
illustrative_benchmark,mixture,pD=0.25 manifold mixture,0.25,0.24999999999999994,3.2e-06,3.1999999999999997,0.003202023491870893,0.01437339647226455,0.017575419964135443,0.15133696585712236,0.06179551348378345,0.7692921006949565,0.21313247934090582,1000000.0,8e-06,1.0,1000000.0,0.1,100000.0,0.1,100000.0,1.0,1000000.0,1.0,1000000.0,0.1,100000.0,constant-generator matrix exponential Pade(13),61,True,dimensionless populations/per-encounter cumulative yields,dimensionless except time_s and reference_rate_s^-1,"Illustrative one-factor-at-a-time grid; bounds are not measured ranges or probability priors. Results are populations and per-encounter yields, not concentrations or biological fluxes. No encounter yield is converted to molarity, and no continuous biological ROS source is modeled.",1d8208b504af787754e184f77640f85675b5b634,01e64b526ae9ed2d5f192ae14068302e806c1e8b44576f4b4eb4b5f83a8e8039,configs/doxorubicin_parameters.json,b14b641f69afb70af9ff7557a062c2ce00e0b0cb74381ba69fcfaad4f17f04af,configs/parameter_provenance.csv,86c4261fcb9616a643db79340fe0b7398ba10a5c46464e67e8b697bcfc3a4ec9
illustrative_benchmark,mixture,pD=0.25 manifold mixture,0.25,0.24999999999999994,3.3333333333333333e-06,3.3333333333333335,0.002700770462172704,0.01214904637533239,0.014849816837505095,0.15172960020914253,0.061971907522200706,0.7714486754311493,0.21370150773134322,1000000.0,8e-06,1.0,1000000.0,0.1,100000.0,0.1,100000.0,1.0,1000000.0,1.0,1000000.0,0.1,100000.0,constant-generator matrix exponential Pade(13),61,True,dimensionless populations/per-encounter cumulative yields,dimensionless except time_s and reference_rate_s^-1,"Illustrative one-factor-at-a-time grid; bounds are not measured ranges or probability priors. Results are populations and per-encounter yields, not concentrations or biological fluxes. No encounter yield is converted to molarity, and no continuous biological ROS source is modeled.",1d8208b504af787754e184f77640f85675b5b634,01e64b526ae9ed2d5f192ae14068302e806c1e8b44576f4b4eb4b5f83a8e8039,configs/doxorubicin_parameters.json,b14b641f69afb70af9ff7557a062c2ce00e0b0cb74381ba69fcfaad4f17f04af,configs/parameter_provenance.csv,86c4261fcb9616a643db79340fe0b7398ba10a5c46464e67e8b697bcfc3a4ec9
illustrative_benchmark,mixture,pD=0.25 manifold mixture,0.25,0.24999999999999994,3.466666666666667e-06,3.466666666666667,0.002273745944353434,0.010273893723525968,0.012547639667879404,0.1520604683556894,0.062121038510976334,0.7732708534654522,0.21418150686666573,1000000.0,8e-06,1.0,1000000.0,0.1,100000.0,0.1,100000.0,1.0,1000000.0,1.0,1000000.0,0.1,100000.0,constant-generator matrix exponential Pade(13),61,True,dimensionless populations/per-encounter cumulative yields,dimensionless except time_s and reference_rate_s^-1,"Illustrative one-factor-at-a-time grid; bounds are not measured ranges or probability priors. Results are populations and per-encounter yields, not concentrations or biological fluxes. No encounter yield is converted to molarity, and no continuous biological ROS source is modeled.",1d8208b504af787754e184f77640f85675b5b634,01e64b526ae9ed2d5f192ae14068302e806c1e8b44576f4b4eb4b5f83a8e8039,configs/doxorubicin_parameters.json,b14b641f69afb70af9ff7557a062c2ce00e0b0cb74381ba69fcfaad4f17f04af,configs/parameter_provenance.csv,86c4261fcb9616a643db79340fe0b7398ba10a5c46464e67e8b697bcfc3a4ec9
illustrative_benchmark,mixture,pD=0.25 manifold mixture,0.25,0.24999999999999994,3.6000000000000003e-06,3.6,0.0019108898683670883,0.008692537545693851,0.01060342741406094,0.15233878261670128,0.06224718248659403,0.774810607482641,0.2145859651032953,1000000.0,8e-06,1.0,1000000.0,0.1,100000.0,0.1,100000.0,1.0,1000000.0,1.0,1000000.0,0.1,100000.0,constant-generator matrix exponential Pade(13),61,True,dimensionless populations/per-encounter cumulative yields,dimensionless except time_s and reference_rate_s^-1,"Illustrative one-factor-at-a-time grid; bounds are not measured ranges or probability priors. Results are populations and per-encounter yields, not concentrations or biological fluxes. No encounter yield is converted to molarity, and no continuous biological ROS source is modeled.",1d8208b504af787754e184f77640f85675b5b634,01e64b526ae9ed2d5f192ae14068302e806c1e8b44576f4b4eb4b5f83a8e8039,configs/doxorubicin_parameters.json,b14b641f69afb70af9ff7557a062c2ce00e0b0cb74381ba69fcfaad4f17f04af,configs/parameter_provenance.csv,86c4261fcb9616a643db79340fe0b7398ba10a5c46464e67e8b697bcfc3a4ec9
illustrative_benchmark,mixture,pD=0.25 manifold mixture,0.25,0.24999999999999994,3.7333333333333333e-06,3.7333333333333334,0.001603343499648203,0.0073583584880954804,0.008961701987743684,0.1525724956093231,0.06235393698123707,0.7761118654216934,0.21492643259056016,1000000.0,8e-06,1.0,1000000.0,0.1,100000.0,0.1,100000.0,1.0,1000000.0,1.0,1000000.0,0.1,100000.0,constant-generator matrix exponential Pade(13),61,True,dimensionless populations/per-encounter cumulative yields,dimensionless except time_s and reference_rate_s^-1,"Illustrative one-factor-at-a-time grid; bounds are not measured ranges or probability priors. Results are populations and per-encounter yields, not concentrations or biological fluxes. No encounter yield is converted to molarity, and no continuous biological ROS source is modeled.",1d8208b504af787754e184f77640f85675b5b634,01e64b526ae9ed2d5f192ae14068302e806c1e8b44576f4b4eb4b5f83a8e8039,configs/doxorubicin_parameters.json,b14b641f69afb70af9ff7557a062c2ce00e0b0cb74381ba69fcfaad4f17f04af,configs/parameter_provenance.csv,86c4261fcb9616a643db79340fe0b7398ba10a5c46464e67e8b697bcfc3a4ec9
illustrative_benchmark,mixture,pD=0.25 manifold mixture,0.25,0.24999999999999994,3.866666666666666e-06,3.8666666666666663,0.0013433214938299194,0.006232158335181267,0.007575479829011187,0.15276845165197725,0.062444328806093796,0.7772117397129147,0.21521278045807105,1000000.0,8e-06,1.0,1000000.0,0.1,100000.0,0.1,100000.0,1.0,1000000.0,1.0,1000000.0,0.1,100000.0,constant-generator matrix exponential Pade(13),61,True,dimensionless populations/per-encounter cumulative yields,dimensionless except time_s and reference_rate_s^-1,"Illustrative one-factor-at-a-time grid; bounds are not measured ranges or probability priors. Results are populations and per-encounter yields, not concentrations or biological fluxes. No encounter yield is converted to molarity, and no continuous biological ROS source is modeled.",1d8208b504af787754e184f77640f85675b5b634,01e64b526ae9ed2d5f192ae14068302e806c1e8b44576f4b4eb4b5f83a8e8039,configs/doxorubicin_parameters.json,b14b641f69afb70af9ff7557a062c2ce00e0b0cb74381ba69fcfaad4f17f04af,configs/parameter_provenance.csv,86c4261fcb9616a643db79340fe0b7398ba10a5c46464e67e8b697bcfc3a4ec9
illustrative_benchmark,mixture,pD=0.25 manifold mixture,0.25,0.24999999999999994,4e-06,4.0,0.0011240019076177677,0.0052809978062747795,0.006404999713892547,0.1529325223901027,0.06252090504599085,0.7781415728500105,0.21545342743609353,1000000.0,8e-06,1.0,1000000.0,0.1,100000.0,0.1,100000.0,1.0,1000000.0,1.0,1000000.0,0.1,100000.0,constant-generator matrix exponential Pade(13),61,True,dimensionless populations/per-encounter cumulative yields,dimensionless except time_s and reference_rate_s^-1,"Illustrative one-factor-at-a-time grid; bounds are not measured ranges or probability priors. Results are populations and per-encounter yields, not concentrations or biological fluxes. No encounter yield is converted to molarity, and no continuous biological ROS source is modeled.",1d8208b504af787754e184f77640f85675b5b634,01e64b526ae9ed2d5f192ae14068302e806c1e8b44576f4b4eb4b5f83a8e8039,configs/doxorubicin_parameters.json,b14b641f69afb70af9ff7557a062c2ce00e0b0cb74381ba69fcfaad4f17f04af,configs/parameter_provenance.csv,86c4261fcb9616a643db79340fe0b7398ba10a5c46464e67e8b697bcfc3a4ec9
illustrative_benchmark,mixture,pD=0.25 manifold mixture,0.25,0.24999999999999994,4.133333333333333e-06,4.133333333333333,0.0009394282500315794,0.004477207408827586,0.0054166356588591655,0.15306972860883586,0.06258580973849691,0.7789278259938045,0.21565553834733275,1000000.0,8e-06,1.0,1000000.0,0.1,100000.0,0.1,100000.0,1.0,1000000.0,1.0,1000000.0,0.1,100000.0,constant-generator matrix exponential Pade(13),61,True,dimensionless populations/per-encounter cumulative yields,dimensionless except time_s and reference_rate_s^-1,"Illustrative one-factor-at-a-time grid; bounds are not measured ranges or probability priors. Results are populations and per-encounter yields, not concentrations or biological fluxes. No encounter yield is converted to molarity, and no continuous biological ROS source is modeled.",1d8208b504af787754e184f77640f85675b5b634,01e64b526ae9ed2d5f192ae14068302e806c1e8b44576f4b4eb4b5f83a8e8039,configs/doxorubicin_parameters.json,b14b641f69afb70af9ff7557a062c2ce00e0b0cb74381ba69fcfaad4f17f04af,configs/parameter_provenance.csv,86c4261fcb9616a643db79340fe0b7398ba10a5c46464e67e8b697bcfc3a4ec9
illustrative_benchmark,mixture,pD=0.25 manifold mixture,0.25,0.24999999999999994,4.266666666666667e-06,4.266666666666667,0.0007844201766454549,0.003797548363816694,0.0045819685404621495,0.1531843495894564,0.06264084838914745,0.7795928334809303,0.21582519797860383,1000000.0,8e-06,1.0,1000000.0,0.1,100000.0,0.1,100000.0,1.0,1000000.0,1.0,1000000.0,0.1,100000.0,constant-generator matrix exponential Pade(13),61,True,dimensionless populations/per-encounter cumulative yields,dimensionless except time_s and reference_rate_s^-1,"Illustrative one-factor-at-a-time grid; bounds are not measured ranges or probability priors. Results are populations and per-encounter yields, not concentrations or biological fluxes. No encounter yield is converted to molarity, and no continuous biological ROS source is modeled.",1d8208b504af787754e184f77640f85675b5b634,01e64b526ae9ed2d5f192ae14068302e806c1e8b44576f4b4eb4b5f83a8e8039,configs/doxorubicin_parameters.json,b14b641f69afb70af9ff7557a062c2ce00e0b0cb74381ba69fcfaad4f17f04af,configs/parameter_provenance.csv,86c4261fcb9616a643db79340fe0b7398ba10a5c46464e67e8b697bcfc3a4ec9
illustrative_benchmark,mixture,pD=0.25 manifold mixture,0.25,0.24999999999999994,4.4e-06,4.4,0.0006544910106232246,0.0032225029182865617,0.0038769939289097863,0.1532800210274103,0.06268754218329693,0.7801554428603791,0.21596756321070726,1000000.0,8e-06,1.0,1000000.0,0.1,100000.0,0.1,100000.0,1.0,1000000.0,1.0,1000000.0,0.1,100000.0,constant-generator matrix exponential Pade(13),61,True,dimensionless populations/per-encounter cumulative yields,dimensionless except time_s and reference_rate_s^-1,"Illustrative one-factor-at-a-time grid; bounds are not measured ranges or probability priors. Results are populations and per-encounter yields, not concentrations or biological fluxes. No encounter yield is converted to molarity, and no continuous biological ROS source is modeled.",1d8208b504af787754e184f77640f85675b5b634,01e64b526ae9ed2d5f192ae14068302e806c1e8b44576f4b4eb4b5f83a8e8039,configs/doxorubicin_parameters.json,b14b641f69afb70af9ff7557a062c2ce00e0b0cb74381ba69fcfaad4f17f04af,configs/parameter_provenance.csv,86c4261fcb9616a643db79340fe0b7398ba10a5c46464e67e8b697bcfc3a4ec9
illustrative_benchmark,mixture,pD=0.25 manifold mixture,0.25,0.24999999999999994,4.533333333333334e-06,4.533333333333334,0.0005457712166965352,0.002735675631289705,0.00328144684798624,0.15335982235614382,0.06272717349452023,0.7806315573013455,0.21608699585066404,1000000.0,8e-06,1.0,1000000.0,0.1,100000.0,0.1,100000.0,1.0,1000000.0,1.0,1000000.0,0.1,100000.0,constant-generator matrix exponential Pade(13),61,True,dimensionless populations/per-encounter cumulative yields,dimensionless except time_s and reference_rate_s^-1,"Illustrative one-factor-at-a-time grid; bounds are not measured ranges or probability priors. Results are populations and per-encounter yields, not concentrations or biological fluxes. No encounter yield is converted to molarity, and no continuous biological ROS source is modeled.",1d8208b504af787754e184f77640f85675b5b634,01e64b526ae9ed2d5f192ae14068302e806c1e8b44576f4b4eb4b5f83a8e8039,configs/doxorubicin_parameters.json,b14b641f69afb70af9ff7557a062c2ce00e0b0cb74381ba69fcfaad4f17f04af,configs/parameter_provenance.csv,86c4261fcb9616a643db79340fe0b7398ba10a5c46464e67e8b697bcfc3a4ec9
illustrative_benchmark,mixture,pD=0.25 manifold mixture,0.25,0.24999999999999994,4.666666666666667e-06,4.666666666666667,0.00045493747296223154,0.002323289396674323,0.0027782268696365546,0.1534263542427978,0.06276082405861491,0.7810345948289462,0.2161871783014127,1000000.0,8e-06,1.0,1000000.0,0.1,100000.0,0.1,100000.0,1.0,1000000.0,1.0,1000000.0,0.1,100000.0,constant-generator matrix exponential Pade(13),61,True,dimensionless populations/per-encounter cumulative yields,dimensionless except time_s and reference_rate_s^-1,"Illustrative one-factor-at-a-time grid; bounds are not measured ranges or probability priors. Results are populations and per-encounter yields, not concentrations or biological fluxes. No encounter yield is converted to molarity, and no continuous biological ROS source is modeled.",1d8208b504af787754e184f77640f85675b5b634,01e64b526ae9ed2d5f192ae14068302e806c1e8b44576f4b4eb4b5f83a8e8039,configs/doxorubicin_parameters.json,b14b641f69afb70af9ff7557a062c2ce00e0b0cb74381ba69fcfaad4f17f04af,configs/parameter_provenance.csv,86c4261fcb9616a643db79340fe0b7398ba10a5c46464e67e8b697bcfc3a4ec9
illustrative_benchmark,mixture,pD=0.25 manifold mixture,0.25,0.24999999999999994,4.8e-06,4.8,0.00037914723306424806,0.0019737620054046637,0.0023529092384689115,0.15348180699331784,0.06278940697953558,0.7813758767886729,0.21627121397285343,1000000.0,8e-06,1.0,1000000.0,0.1,100000.0,0.1,100000.0,1.0,1000000.0,1.0,1000000.0,0.1,100000.0,constant-generator matrix exponential Pade(13),61,True,dimensionless populations/per-encounter cumulative yields,dimensionless except time_s and reference_rate_s^-1,"Illustrative one-factor-at-a-time grid; bounds are not measured ranges or probability priors. Results are populations and per-encounter yields, not concentrations or biological fluxes. No encounter yield is converted to molarity, and no continuous biological ROS source is modeled.",1d8208b504af787754e184f77640f85675b5b634,01e64b526ae9ed2d5f192ae14068302e806c1e8b44576f4b4eb4b5f83a8e8039,configs/doxorubicin_parameters.json,b14b641f69afb70af9ff7557a062c2ce00e0b0cb74381ba69fcfaad4f17f04af,configs/parameter_provenance.csv,86c4261fcb9616a643db79340fe0b7398ba10a5c46464e67e8b697bcfc3a4ec9
illustrative_benchmark,mixture,pD=0.25 manifold mixture,0.25,0.24999999999999994,4.933333333333333e-06,4.933333333333334,0.0003159787540219209,0.0016773509249460002,0.0019933296789679212,0.15352802059709778,0.06281369355698478,0.7816649561669448,0.21634171415408254,1000000.0,8e-06,1.0,1000000.0,0.1,100000.0,0.1,100000.0,1.0,1000000.0,1.0,1000000.0,0.1,100000.0,constant-generator matrix exponential Pade(13),61,True,dimensionless populations/per-encounter cumulative yields,dimensionless except time_s and reference_rate_s^-1,"Illustrative one-factor-at-a-time grid; bounds are not measured ranges or probability priors. Results are populations and per-encounter yields, not concentrations or biological fluxes. No encounter yield is converted to molarity, and no continuous biological ROS source is modeled.",1d8208b504af787754e184f77640f85675b5b634,01e64b526ae9ed2d5f192ae14068302e806c1e8b44576f4b4eb4b5f83a8e8039,configs/doxorubicin_parameters.json,b14b641f69afb70af9ff7557a062c2ce00e0b0cb74381ba69fcfaad4f17f04af,configs/parameter_provenance.csv,86c4261fcb9616a643db79340fe0b7398ba10a5c46464e67e8b697bcfc3a4ec9
illustrative_benchmark,mixture,pD=0.25 manifold mixture,0.25,0.24999999999999994,5.066666666666667e-06,5.066666666666666,0.0002633765546121296,0.0014258556707284916,0.0016892322253406213,0.1535665371380155,0.06283433577260221,0.7819098948640367,0.21640087291061771,1000000.0,8e-06,1.0,1000000.0,0.1,100000.0,0.1,100000.0,1.0,1000000.0,1.0,1000000.0,0.1,100000.0,constant-generator matrix exponential Pade(13),61,True,dimensionless populations/per-encounter cumulative yields,dimensionless except time_s and reference_rate_s^-1,"Illustrative one-factor-at-a-time grid; bounds are not measured ranges or probability priors. Results are populations and per-encounter yields, not concentrations or biological fluxes. No encounter yield is converted to molarity, and no continuous biological ROS source is modeled.",1d8208b504af787754e184f77640f85675b5b634,01e64b526ae9ed2d5f192ae14068302e806c1e8b44576f4b4eb4b5f83a8e8039,configs/doxorubicin_parameters.json,b14b641f69afb70af9ff7557a062c2ce00e0b0cb74381ba69fcfaad4f17f04af,configs/parameter_provenance.csv,86c4261fcb9616a643db79340fe0b7398ba10a5c46464e67e8b697bcfc3a4ec9
illustrative_benchmark,mixture,pD=0.25 manifold mixture,0.25,0.24999999999999994,5.2e-06,5.2,0.00021960221312363937,0.0012123686618844204,0.0014319708750080596,0.1535986462906145,0.06285188514034169,0.7821174976940306,0.21645053143095622,1000000.0,8e-06,1.0,1000000.0,0.1,100000.0,0.1,100000.0,1.0,1000000.0,1.0,1000000.0,0.1,100000.0,constant-generator matrix exponential Pade(13),61,True,dimensionless populations/per-encounter cumulative yields,dimensionless except time_s and reference_rate_s^-1,"Illustrative one-factor-at-a-time grid; bounds are not measured ranges or probability priors. Results are populations and per-encounter yields, not concentrations or biological fluxes. No encounter yield is converted to molarity, and no continuous biological ROS source is modeled.",1d8208b504af787754e184f77640f85675b5b634,01e64b526ae9ed2d5f192ae14068302e806c1e8b44576f4b4eb4b5f83a8e8039,configs/doxorubicin_parameters.json,b14b641f69afb70af9ff7557a062c2ce00e0b0cb74381ba69fcfaad4f17f04af,configs/parameter_provenance.csv,86c4261fcb9616a643db79340fe0b7398ba10a5c46464e67e8b697bcfc3a4ec9
illustrative_benchmark,mixture,pD=0.25 manifold mixture,0.25,0.24999999999999994,5.333333333333334e-06,5.333333333333334,0.00018319034132845935,0.0010310667945802312,0.0012142571359086904,0.15362542460328527,0.06286680851431967,0.782293509746481,0.21649223311760493,1000000.0,8e-06,1.0,1000000.0,0.1,100000.0,0.1,100000.0,1.0,1000000.0,1.0,1000000.0,0.1,100000.0,constant-generator matrix exponential Pade(13),61,True,dimensionless populations/per-encounter cumulative yields,dimensionless except time_s and reference_rate_s^-1,"Illustrative one-factor-at-a-time grid; bounds are not measured ranges or probability priors. Results are populations and per-encounter yields, not concentrations or biological fluxes. No encounter yield is converted to molarity, and no continuous biological ROS source is modeled.",1d8208b504af787754e184f77640f85675b5b634,01e64b526ae9ed2d5f192ae14068302e806c1e8b44576f4b4eb4b5f83a8e8039,configs/doxorubicin_parameters.json,b14b641f69afb70af9ff7557a062c2ce00e0b0cb74381ba69fcfaad4f17f04af,configs/parameter_provenance.csv,86c4261fcb9616a643db79340fe0b7398ba10a5c46464e67e8b697bcfc3a4ec9
illustrative_benchmark,mixture,pD=0.25 manifold mixture,0.25,0.24999999999999994,5.466666666666667e-06,5.466666666666667,0.00015290950137373307,0.0008770371404731136,0.0010299466418468466,0.15364776924378556,0.06287950135187069,0.7824427827624916,0.21652727059565624,1000000.0,8e-06,1.0,1000000.0,0.1,100000.0,0.1,100000.0,1.0,1000000.0,1.0,1000000.0,0.1,100000.0,constant-generator matrix exponential Pade(13),61,True,dimensionless populations/per-encounter cumulative yields,dimensionless except time_s and reference_rate_s^-1,"Illustrative one-factor-at-a-time grid; bounds are not measured ranges or probability priors. Results are populations and per-encounter yields, not concentrations or biological fluxes. No encounter yield is converted to molarity, and no continuous biological ROS source is modeled.",1d8208b504af787754e184f77640f85675b5b634,01e64b526ae9ed2d5f192ae14068302e806c1e8b44576f4b4eb4b5f83a8e8039,configs/doxorubicin_parameters.json,b14b641f69afb70af9ff7557a062c2ce00e0b0cb74381ba69fcfaad4f17f04af,configs/parameter_provenance.csv,86c4261fcb9616a643db79340fe0b7398ba10a5c46464e67e8b697bcfc3a4ec9
illustrative_benchmark,mixture,pD=0.25 manifold mixture,0.25,0.24999999999999994,5.6e-06,5.6,0.0001277277734918166,0.0007461311973198253,0.0008738589708116422,0.15366642684725423,0.06289029884860683,0.7825694153333218,0.21655672569586107,1000000.0,8e-06,1.0,1000000.0,0.1,100000.0,0.1,100000.0,1.0,1000000.0,1.0,1000000.0,0.1,100000.0,constant-generator matrix exponential Pade(13),61,True,dimensionless populations/per-encounter cumulative yields,dimensionless except time_s and reference_rate_s^-1,"Illustrative one-factor-at-a-time grid; bounds are not measured ranges or probability priors. Results are populations and per-encounter yields, not concentrations or biological fluxes. No encounter yield is converted to molarity, and no continuous biological ROS source is modeled.",1d8208b504af787754e184f77640f85675b5b634,01e64b526ae9ed2d5f192ae14068302e806c1e8b44576f4b4eb4b5f83a8e8039,configs/doxorubicin_parameters.json,b14b641f69afb70af9ff7557a062c2ce00e0b0cb74381ba69fcfaad4f17f04af,configs/parameter_provenance.csv,86c4261fcb9616a643db79340fe0b7398ba10a5c46464e67e8b697bcfc3a4ec9
illustrative_benchmark,mixture,pD=0.25 manifold mixture,0.25,0.24999999999999994,5.733333333333333e-06,5.733333333333333,0.00010678263908126833,0.0006348429974461013,0.0007416256365273696,0.15368201806485451,0.06289948529397807,0.7826768710046345,0.21658150335883258,1000000.0,8e-06,1.0,1000000.0,0.1,100000.0,0.1,100000.0,1.0,1000000.0,1.0,1000000.0,0.1,100000.0,constant-generator matrix exponential Pade(13),61,True,dimensionless populations/per-encounter cumulative yields,dimensionless except time_s and reference_rate_s^-1,"Illustrative one-factor-at-a-time grid; bounds are not measured ranges or probability priors. Results are populations and per-encounter yields, not concentrations or biological fluxes. No encounter yield is converted to molarity, and no continuous biological ROS source is modeled.",1d8208b504af787754e184f77640f85675b5b634,01e64b526ae9ed2d5f192ae14068302e806c1e8b44576f4b4eb4b5f83a8e8039,configs/doxorubicin_parameters.json,b14b641f69afb70af9ff7557a062c2ce00e0b0cb74381ba69fcfaad4f17f04af,configs/parameter_provenance.csv,86c4261fcb9616a643db79340fe0b7398ba10a5c46464e67e8b697bcfc3a4ec9
illustrative_benchmark,mixture,pD=0.25 manifold mixture,0.25,0.24999999999999994,5.866666666666667e-06,5.866666666666666,8.935481659052359e-05,0.0005402071321930185,0.000629561948783542,0.1536950583644726,0.06290730193838785,0.7827680777483501,0.21660236030286045,1000000.0,8e-06,1.0,1000000.0,0.1,100000.0,0.1,100000.0,1.0,1000000.0,1.0,1000000.0,0.1,100000.0,constant-generator matrix exponential Pade(13),61,True,dimensionless populations/per-encounter cumulative yields,dimensionless except time_s and reference_rate_s^-1,"Illustrative one-factor-at-a-time grid; bounds are not measured ranges or probability priors. Results are populations and per-encounter yields, not concentrations or biological fluxes. No encounter yield is converted to molarity, and no continuous biological ROS source is modeled.",1d8208b504af787754e184f77640f85675b5b634,01e64b526ae9ed2d5f192ae14068302e806c1e8b44576f4b4eb4b5f83a8e8039,configs/doxorubicin_parameters.json,b14b641f69afb70af9ff7557a062c2ce00e0b0cb74381ba69fcfaad4f17f04af,configs/parameter_provenance.csv,86c4261fcb9616a643db79340fe0b7398ba10a5c46464e67e8b697bcfc3a4ec9
illustrative_benchmark,mixture,pD=0.25 manifold mixture,0.25,0.24999999999999994,6e-06,6.0,7.484567554129348e-05,0.00045971339104701594,0.0005345590665883094,0.15370597558559246,0.06291395361474743,0.7828455117330658,0.2166199292003399,1000000.0,8e-06,1.0,1000000.0,0.1,100000.0,0.1,100000.0,1.0,1000000.0,1.0,1000000.0,0.1,100000.0,constant-generator matrix exponential Pade(13),61,True,dimensionless populations/per-encounter cumulative yields,dimensionless except time_s and reference_rate_s^-1,"Illustrative one-factor-at-a-time grid; bounds are not measured ranges or probability priors. Results are populations and per-encounter yields, not concentrations or biological fluxes. No encounter yield is converted to molarity, and no continuous biological ROS source is modeled.",1d8208b504af787754e184f77640f85675b5b634,01e64b526ae9ed2d5f192ae14068302e806c1e8b44576f4b4eb4b5f83a8e8039,configs/doxorubicin_parameters.json,b14b641f69afb70af9ff7557a062c2ce00e0b0cb74381ba69fcfaad4f17f04af,configs/parameter_provenance.csv,86c4261fcb9616a643db79340fe0b7398ba10a5c46464e67e8b697bcfc3a4ec9
illustrative_benchmark,mixture,pD=0.25 manifold mixture,0.25,0.24999999999999994,6.133333333333334e-06,6.133333333333334,6.275785475072301e-05,0.0003912352567896208,0.00045399311154034383,0.15371512470043294,0.06291961431705352,0.7829112678709672,0.21663473901748648,1000000.0,8e-06,1.0,1000000.0,0.1,100000.0,0.1,100000.0,1.0,1000000.0,1.0,1000000.0,0.1,100000.0,constant-generator matrix exponential Pade(13),61,True,dimensionless populations/per-encounter cumulative yields,dimensionless except time_s and reference_rate_s^-1,"Illustrative one-factor-at-a-time grid; bounds are not measured ranges or probability priors. Results are populations and per-encounter yields, not concentrations or biological fluxes. No encounter yield is converted to molarity, and no continuous biological ROS source is modeled.",1d8208b504af787754e184f77640f85675b5b634,01e64b526ae9ed2d5f192ae14068302e806c1e8b44576f4b4eb4b5f83a8e8039,configs/doxorubicin_parameters.json,b14b641f69afb70af9ff7557a062c2ce00e0b0cb74381ba69fcfaad4f17f04af,configs/parameter_provenance.csv,86c4261fcb9616a643db79340fe0b7398ba10a5c46464e67e8b697bcfc3a4ec9
illustrative_benchmark,mixture,pD=0.25 manifold mixture,0.25,0.24999999999999994,6.266666666666667e-06,6.2666666666666675,5.2678721749679905e-05,0.0003329699556035705,0.0003856486773532504,0.15372280018420356,0.06292443190493043,0.7829671192335068,0.216647232089134,1000000.0,8e-06,1.0,1000000.0,0.1,100000.0,0.1,100000.0,1.0,1000000.0,1.0,1000000.0,0.1,100000.0,constant-generator matrix exponential Pade(13),61,True,dimensionless populations/per-encounter cumulative yields,dimensionless except time_s and reference_rate_s^-1,"Illustrative one-factor-at-a-time grid; bounds are not measured ranges or probability priors. Results are populations and per-encounter yields, not concentrations or biological fluxes. No encounter yield is converted to molarity, and no continuous biological ROS source is modeled.",1d8208b504af787754e184f77640f85675b5b634,01e64b526ae9ed2d5f192ae14068302e806c1e8b44576f4b4eb4b5f83a8e8039,configs/doxorubicin_parameters.json,b14b641f69afb70af9ff7557a062c2ce00e0b0cb74381ba69fcfaad4f17f04af,configs/parameter_provenance.csv,86c4261fcb9616a643db79340fe0b7398ba10a5c46464e67e8b697bcfc3a4ec9
illustrative_benchmark,mixture,pD=0.25 manifold mixture,0.25,0.24999999999999994,6.4e-06,6.3999999999999995,4.426632894460372e-05,0.0002833881454641711,0.00032765447440877483,0.15372924635010296,0.06292853207503456,0.7830145671004476,0.2166577784251375,1000000.0,8e-06,1.0,1000000.0,0.1,100000.0,0.1,100000.0,1.0,1000000.0,1.0,1000000.0,0.1,100000.0,constant-generator matrix exponential Pade(13),61,True,dimensionless populations/per-encounter cumulative yields,dimensionless except time_s and reference_rate_s^-1,"Illustrative one-factor-at-a-time grid; bounds are not measured ranges or probability priors. Results are populations and per-encounter yields, not concentrations or biological fluxes. No encounter yield is converted to molarity, and no continuous biological ROS source is modeled.",1d8208b504af787754e184f77640f85675b5b634,01e64b526ae9ed2d5f192ae14068302e806c1e8b44576f4b4eb4b5f83a8e8039,configs/doxorubicin_parameters.json,b14b641f69afb70af9ff7557a062c2ce00e0b0cb74381ba69fcfaad4f17f04af,configs/parameter_provenance.csv,86c4261fcb9616a643db79340fe0b7398ba10a5c46464e67e8b697bcfc3a4ec9
illustrative_benchmark,mixture,pD=0.25 manifold mixture,0.25,0.24999999999999994,6.533333333333333e-06,6.533333333333333,3.723754584682853e-05,0.00024119164795179167,0.0002784291937986202,0.15373466596029475,0.06293202171687333,0.783054883129027,0.21666668767716807,1000000.0,8e-06,1.0,1000000.0,0.1,100000.0,0.1,100000.0,1.0,1000000.0,1.0,1000000.0,0.1,100000.0,constant-generator matrix exponential Pade(13),61,True,dimensionless populations/per-encounter cumulative yields,dimensionless except time_s and reference_rate_s^-1,"Illustrative one-factor-at-a-time grid; bounds are not measured ranges or probability priors. Results are populations and per-encounter yields, not concentrations or biological fluxes. No encounter yield is converted to molarity, and no continuous biological ROS source is modeled.",1d8208b504af787754e184f77640f85675b5b634,01e64b526ae9ed2d5f192ae14068302e806c1e8b44576f4b4eb4b5f83a8e8039,configs/doxorubicin_parameters.json,b14b641f69afb70af9ff7557a062c2ce00e0b0cb74381ba69fcfaad4f17f04af,configs/parameter_provenance.csv,86c4261fcb9616a643db79340fe0b7398ba10a5c46464e67e8b697bcfc3a4ec9
illustrative_benchmark,mixture,pD=0.25 manifold mixture,0.25,0.24999999999999994,6.666666666666667e-06,6.666666666666667,3.135807364288307e-05,0.0002052778972588651,0.0002366359709017482,0.15373922738311005,0.06293499175117027,0.7830891448948115,0.2166742191342803,1000000.0,8e-06,1.0,1000000.0,0.1,100000.0,0.1,100000.0,1.0,1000000.0,1.0,1000000.0,0.1,100000.0,constant-generator matrix exponential Pade(13),61,True,dimensionless populations/per-encounter cumulative yields,dimensionless except time_s and reference_rate_s^-1,"Illustrative one-factor-at-a-time grid; bounds are not measured ranges or probability priors. Results are populations and per-encounter yields, not concentrations or biological fluxes. No encounter yield is converted to molarity, and no continuous biological ROS source is modeled.",1d8208b504af787754e184f77640f85675b5b634,01e64b526ae9ed2d5f192ae14068302e806c1e8b44576f4b4eb4b5f83a8e8039,configs/doxorubicin_parameters.json,b14b641f69afb70af9ff7557a062c2ce00e0b0cb74381ba69fcfaad4f17f04af,configs/parameter_provenance.csv,86c4261fcb9616a643db79340fe0b7398ba10a5c46464e67e8b697bcfc3a4ec9
illustrative_benchmark,mixture,pD=0.25 manifold mixture,0.25,0.24999999999999994,6.8e-06,6.8,2.6434076820758134e-05,0.00017471000387973303,0.00020114408070049118,0.15374307052945152,0.06293751953276283,0.7831182658570786,0.21668059006221435,1000000.0,8e-06,1.0,1000000.0,0.1,100000.0,0.1,100000.0,1.0,1000000.0,1.0,1000000.0,0.1,100000.0,constant-generator matrix exponential Pade(13),61,True,dimensionless populations/per-encounter cumulative yields,dimensionless except time_s and reference_rate_s^-1,"Illustrative one-factor-at-a-time grid; bounds are not measured ranges or probability priors. Results are populations and per-encounter yields, not concentrations or biological fluxes. No encounter yield is converted to molarity, and no continuous biological ROS source is modeled.",1d8208b504af787754e184f77640f85675b5b634,01e64b526ae9ed2d5f192ae14068302e806c1e8b44576f4b4eb4b5f83a8e8039,configs/doxorubicin_parameters.json,b14b641f69afb70af9ff7557a062c2ce00e0b0cb74381ba69fcfaad4f17f04af,configs/parameter_provenance.csv,86c4261fcb9616a643db79340fe0b7398ba10a5c46464e67e8b697bcfc3a4ec9
illustrative_benchmark,mixture,pD=0.25 manifold mixture,0.25,0.24999999999999994,6.933333333333334e-06,6.933333333333334,2.2305195186163724e-05,0.00014869151641513028,0.000170996711601294,0.15374631176791262,0.0629396708865971,0.7831430206338823,0.21668598265450972,1000000.0,8e-06,1.0,1000000.0,0.1,100000.0,0.1,100000.0,1.0,1000000.0,1.0,1000000.0,0.1,100000.0,constant-generator matrix exponential Pade(13),61,True,dimensionless populations/per-encounter cumulative yields,dimensionless except time_s and reference_rate_s^-1,"Illustrative one-factor-at-a-time grid; bounds are not measured ranges or probability priors. Results are populations and per-encounter yields, not concentrations or biological fluxes. No encounter yield is converted to molarity, and no continuous biological ROS source is modeled.",1d8208b504af787754e184f77640f85675b5b634,01e64b526ae9ed2d5f192ae14068302e806c1e8b44576f4b4eb4b5f83a8e8039,configs/doxorubicin_parameters.json,b14b641f69afb70af9ff7557a062c2ce00e0b0cb74381ba69fcfaad4f17f04af,configs/parameter_provenance.csv,86c4261fcb9616a643db79340fe0b7398ba10a5c46464e67e8b697bcfc3a4ec9
illustrative_benchmark,mixture,pD=0.25 manifold mixture,0.25,0.24999999999999994,7.066666666666667e-06,7.066666666666667,1.8838727420557385e-05,0.00012654511924144846,0.00014538384666200585,0.15374904798843905,0.06294150183422313,0.783164066330669,0.21669054982266217,1000000.0,8e-06,1.0,1000000.0,0.1,100000.0,0.1,100000.0,1.0,1000000.0,1.0,1000000.0,0.1,100000.0,constant-generator matrix exponential Pade(13),61,True,dimensionless populations/per-encounter cumulative yields,dimensionless except time_s and reference_rate_s^-1,"Illustrative one-factor-at-a-time grid; bounds are not measured ranges or probability priors. Results are populations and per-encounter yields, not concentrations or biological fluxes. No encounter yield is converted to molarity, and no continuous biological ROS source is modeled.",1d8208b504af787754e184f77640f85675b5b634,01e64b526ae9ed2d5f192ae14068302e806c1e8b44576f4b4eb4b5f83a8e8039,configs/doxorubicin_parameters.json,b14b641f69afb70af9ff7557a062c2ce00e0b0cb74381ba69fcfaad4f17f04af,configs/parameter_provenance.csv,86c4261fcb9616a643db79340fe0b7398ba10a5c46464e67e8b697bcfc3a4ec9
illustrative_benchmark,mixture,pD=0.25 manifold mixture,0.25,0.24999999999999994,7.2000000000000005e-06,7.2,1.5924803661420122e-05,0.00010769463173071626,0.0001236194353921364,0.1537513599582879,0.06294306005891151,0.7831819605474014,0.2166944200171994,1000000.0,8e-06,1.0,1000000.0,0.1,100000.0,0.1,100000.0,1.0,1000000.0,1.0,1000000.0,0.1,100000.0,constant-generator matrix exponential Pade(13),61,True,dimensionless populations/per-encounter cumulative yields,dimensionless except time_s and reference_rate_s^-1,"Illustrative one-factor-at-a-time grid; bounds are not measured ranges or probability priors. Results are populations and per-encounter yields, not concentrations or biological fluxes. No encounter yield is converted to molarity, and no continuous biological ROS source is modeled.",1d8208b504af787754e184f77640f85675b5b634,01e64b526ae9ed2d5f192ae14068302e806c1e8b44576f4b4eb4b5f83a8e8039,configs/doxorubicin_parameters.json,b14b641f69afb70af9ff7557a062c2ce00e0b0cb74381ba69fcfaad4f17f04af,configs/parameter_provenance.csv,86c4261fcb9616a643db79340fe0b7398ba10a5c46464e67e8b697bcfc3a4ec9
illustrative_benchmark,mixture,pD=0.25 manifold mixture,0.25,0.24999999999999994,7.333333333333333e-06,7.333333333333333,1.3472388979131734e-05,9.16497807021502e-05,0.00010512216968128195,0.15375331509135248,0.06294438614978255,0.7831971765891765,0.21669770124113502,1000000.0,8e-06,1.0,1000000.0,0.1,100000.0,0.1,100000.0,1.0,1000000.0,1.0,1000000.0,0.1,100000.0,constant-generator matrix exponential Pade(13),61,True,dimensionless populations/per-encounter cumulative yields,dimensionless except time_s and reference_rate_s^-1,"Illustrative one-factor-at-a-time grid; bounds are not measured ranges or probability priors. Results are populations and per-encounter yields, not concentrations or biological fluxes. No encounter yield is converted to molarity, and no continuous biological ROS source is modeled.",1d8208b504af787754e184f77640f85675b5b634,01e64b526ae9ed2d5f192ae14068302e806c1e8b44576f4b4eb4b5f83a8e8039,configs/doxorubicin_parameters.json,b14b641f69afb70af9ff7557a062c2ce00e0b0cb74381ba69fcfaad4f17f04af,configs/parameter_provenance.csv,86c4261fcb9616a643db79340fe0b7398ba10a5c46464e67e8b697bcfc3a4ec9
illustrative_benchmark,mixture,pD=0.25 manifold mixture,0.25,0.24999999999999994,7.466666666666667e-06,7.466666666666667,1.1405981831973024e-05,7.799330558106352e-05,8.939928741303653e-05,0.1537549697323448,0.06294551465889926,0.7832101163213357,0.21670048439124406,1000000.0,8e-06,1.0,1000000.0,0.1,100000.0,0.1,100000.0,1.0,1000000.0,1.0,1000000.0,0.1,100000.0,constant-generator matrix exponential Pade(13),61,True,dimensionless populations/per-encounter cumulative yields,dimensionless except time_s and reference_rate_s^-1,"Illustrative one-factor-at-a-time grid; bounds are not measured ranges or probability priors. Results are populations and per-encounter yields, not concentrations or biological fluxes. No encounter yield is converted to molarity, and no continuous biological ROS source is modeled.",1d8208b504af787754e184f77640f85675b5b634,01e64b526ae9ed2d5f192ae14068302e806c1e8b44576f4b4eb4b5f83a8e8039,configs/doxorubicin_parameters.json,b14b641f69afb70af9ff7557a062c2ce00e0b0cb74381ba69fcfaad4f17f04af,configs/parameter_provenance.csv,86c4261fcb9616a643db79340fe0b7398ba10a5c46464e67e8b697bcfc3a4ec9
illustrative_benchmark,mixture,pD=0.25 manifold mixture,0.25,0.24999999999999994,7.6e-06,7.6,9.662891499089543e-06,6.63700284702674e-05,7.603291996935694e-05,0.15375637104055603,0.06294647499990118,0.7832211210395662,0.2167028460404572,1000000.0,8e-06,1.0,1000000.0,0.1,100000.0,0.1,100000.0,1.0,1000000.0,1.0,1000000.0,0.1,100000.0,constant-generator matrix exponential Pade(13),61,True,dimensionless populations/per-encounter cumulative yields,dimensionless except time_s and reference_rate_s^-1,"Illustrative one-factor-at-a-time grid; bounds are not measured ranges or probability priors. Results are populations and per-encounter yields, not concentrations or biological fluxes. No encounter yield is converted to molarity, and no continuous biological ROS source is modeled.",1d8208b504af787754e184f77640f85675b5b634,01e64b526ae9ed2d5f192ae14068302e806c1e8b44576f4b4eb4b5f83a8e8039,configs/doxorubicin_parameters.json,b14b641f69afb70af9ff7557a062c2ce00e0b0cb74381ba69fcfaad4f17f04af,configs/parameter_provenance.csv,86c4261fcb9616a643db79340fe0b7398ba10a5c46464e67e8b697bcfc3a4ec9
illustrative_benchmark,mixture,pD=0.25 manifold mixture,0.25,0.24999999999999994,7.733333333333333e-06,7.7333333333333325,8.190996129633164e-06,5.6477581617211256e-05,6.466857774684442e-05,0.1537575585436528,0.06294729221226741,0.7832304806663255,0.21670485075592022,1000000.0,8e-06,1.0,1000000.0,0.1,100000.0,0.1,100000.0,1.0,1000000.0,1.0,1000000.0,0.1,100000.0,constant-generator matrix exponential Pade(13),61,True,dimensionless populations/per-encounter cumulative yields,dimensionless except time_s and reference_rate_s^-1,"Illustrative one-factor-at-a-time grid; bounds are not measured ranges or probability priors. Results are populations and per-encounter yields, not concentrations or biological fluxes. No encounter yield is converted to molarity, and no continuous biological ROS source is modeled.",1d8208b504af787754e184f77640f85675b5b634,01e64b526ae9ed2d5f192ae14068302e806c1e8b44576f4b4eb4b5f83a8e8039,configs/doxorubicin_parameters.json,b14b641f69afb70af9ff7557a062c2ce00e0b0cb74381ba69fcfaad4f17f04af,configs/parameter_provenance.csv,86c4261fcb9616a643db79340fe0b7398ba10a5c46464e67e8b697bcfc3a4ec9
illustrative_benchmark,mixture,pD=0.25 manifold mixture,0.25,0.24999999999999994,7.866666666666667e-06,7.866666666666667,6.946898492336379e-06,4.8058534759065506e-05,5.500543325140189e-05,0.15375856541990227,0.06294798761153982,0.7832384415352989,0.2167065530314421,1000000.0,8e-06,1.0,1000000.0,0.1,100000.0,0.1,100000.0,1.0,1000000.0,1.0,1000000.0,0.1,100000.0,constant-generator matrix exponential Pade(13),61,True,dimensionless populations/per-encounter cumulative yields,dimensionless except time_s and reference_rate_s^-1,"Illustrative one-factor-at-a-time grid; bounds are not measured ranges or probability priors. Results are populations and per-encounter yields, not concentrations or biological fluxes. No encounter yield is converted to molarity, and no continuous biological ROS source is modeled.",1d8208b504af787754e184f77640f85675b5b634,01e64b526ae9ed2d5f192ae14068302e806c1e8b44576f4b4eb4b5f83a8e8039,configs/doxorubicin_parameters.json,b14b641f69afb70af9ff7557a062c2ce00e0b0cb74381ba69fcfaad4f17f04af,configs/parameter_provenance.csv,86c4261fcb9616a643db79340fe0b7398ba10a5c46464e67e8b697bcfc3a4ec9
illustrative_benchmark,mixture,pD=0.25 manifold mixture,0.25,0.24999999999999994,8e-06,8.0,5.894409903265083e-06,4.0893706346382646e-05,4.6788116249647725e-05,0.1537594195570805,0.06294857934268938,0.7832452129839726,0.21670799889976988,1000000.0,8e-06,1.0,1000000.0,0.1,100000.0,0.1,100000.0,1.0,1000000.0,1.0,1000000.0,0.1,100000.0,constant-generator matrix exponential Pade(13),61,True,dimensionless populations/per-encounter cumulative yields,dimensionless except time_s and reference_rate_s^-1,"Illustrative one-factor-at-a-time grid; bounds are not measured ranges or probability priors. Results are populations and per-encounter yields, not concentrations or biological fluxes. No encounter yield is converted to molarity, and no continuous biological ROS source is modeled.",1d8208b504af787754e184f77640f85675b5b634,01e64b526ae9ed2d5f192ae14068302e806c1e8b44576f4b4eb4b5f83a8e8039,configs/doxorubicin_parameters.json,b14b641f69afb70af9ff7557a062c2ce00e0b0cb74381ba69fcfaad4f17f04af,configs/parameter_provenance.csv,86c4261fcb9616a643db79340fe0b7398ba10a5c46464e67e8b697bcfc3a4ec9
illustrative_benchmark,mixture,pD=0.75 manifold mixture,0.75,0.7499999999999999,0.0,0.0,0.7499999999999999,0.25,0.9999999999999999,0.0,0.0,0.0,0.0,1000000.0,8e-06,1.0,1000000.0,0.1,100000.0,0.1,100000.0,1.0,1000000.0,1.0,1000000.0,0.1,100000.0,constant-generator matrix exponential Pade(13),61,True,dimensionless populations/per-encounter cumulative yields,dimensionless except time_s and reference_rate_s^-1,"Illustrative one-factor-at-a-time grid; bounds are not measured ranges or probability priors. Results are populations and per-encounter yields, not concentrations or biological fluxes. No encounter yield is converted to molarity, and no continuous biological ROS source is modeled.",1d8208b504af787754e184f77640f85675b5b634,01e64b526ae9ed2d5f192ae14068302e806c1e8b44576f4b4eb4b5f83a8e8039,configs/doxorubicin_parameters.json,b14b641f69afb70af9ff7557a062c2ce00e0b0cb74381ba69fcfaad4f17f04af,configs/parameter_provenance.csv,86c4261fcb9616a643db79340fe0b7398ba10a5c46464e67e8b697bcfc3a4ec9
illustrative_benchmark,mixture,pD=0.75 manifold mixture,0.75,0.7499999999999999,1.3333333333333334e-07,0.13333333333333333,0.5642952090046991,0.2266461973581427,0.7909414063628417,0.08707702687846758,0.003173139989111179,0.11880842676957937,0.09025016686757875,1000000.0,8e-06,1.0,1000000.0,0.1,100000.0,0.1,100000.0,1.0,1000000.0,1.0,1000000.0,0.1,100000.0,constant-generator matrix exponential Pade(13),61,True,dimensionless populations/per-encounter cumulative yields,dimensionless except time_s and reference_rate_s^-1,"Illustrative one-factor-at-a-time grid; bounds are not measured ranges or probability priors. Results are populations and per-encounter yields, not concentrations or biological fluxes. No encounter yield is converted to molarity, and no continuous biological ROS source is modeled.",1d8208b504af787754e184f77640f85675b5b634,01e64b526ae9ed2d5f192ae14068302e806c1e8b44576f4b4eb4b5f83a8e8039,configs/doxorubicin_parameters.json,b14b641f69afb70af9ff7557a062c2ce00e0b0cb74381ba69fcfaad4f17f04af,configs/parameter_provenance.csv,86c4261fcb9616a643db79340fe0b7398ba10a5c46464e67e8b697bcfc3a4ec9
illustrative_benchmark,mixture,pD=0.75 manifold mixture,0.75,0.7499999999999999,2.6666666666666667e-07,0.26666666666666666,0.42204952564424186,0.20649825071350275,0.6285477763577446,0.15240696389707883,0.006058026895281598,0.21298723284989485,0.15846499079236043,1000000.0,8e-06,1.0,1000000.0,0.1,100000.0,0.1,100000.0,1.0,1000000.0,1.0,1000000.0,0.1,100000.0,constant-generator matrix exponential Pade(13),61,True,dimensionless populations/per-encounter cumulative yields,dimensionless except time_s and reference_rate_s^-1,"Illustrative one-factor-at-a-time grid; bounds are not measured ranges or probability priors. Results are populations and per-encounter yields, not concentrations or biological fluxes. No encounter yield is converted to molarity, and no continuous biological ROS source is modeled.",1d8208b504af787754e184f77640f85675b5b634,01e64b526ae9ed2d5f192ae14068302e806c1e8b44576f4b4eb4b5f83a8e8039,configs/doxorubicin_parameters.json,b14b641f69afb70af9ff7557a062c2ce00e0b0cb74381ba69fcfaad4f17f04af,configs/parameter_provenance.csv,86c4261fcb9616a643db79340fe0b7398ba10a5c46464e67e8b697bcfc3a4ec9
illustrative_benchmark,mixture,pD=0.75 manifold mixture,0.75,0.7499999999999999,4e-07,0.39999999999999997,0.31383562118796915,0.18832466080235738,0.5021602819903266,0.20113335161888768,0.008688455888354358,0.2880179105024313,0.20982180750724203,1000000.0,8e-06,1.0,1000000.0,0.1,100000.0,0.1,100000.0,1.0,1000000.0,1.0,1000000.0,0.1,100000.0,constant-generator matrix exponential Pade(13),61,True,dimensionless populations/per-encounter cumulative yields,dimensionless except time_s and reference_rate_s^-1,"Illustrative one-factor-at-a-time grid; bounds are not measured ranges or probability priors. Results are populations and per-encounter yields, not concentrations or biological fluxes. No encounter yield is converted to molarity, and no continuous biological ROS source is modeled.",1d8208b504af787754e184f77640f85675b5b634,01e64b526ae9ed2d5f192ae14068302e806c1e8b44576f4b4eb4b5f83a8e8039,configs/doxorubicin_parameters.json,b14b641f69afb70af9ff7557a062c2ce00e0b0cb74381ba69fcfaad4f17f04af,configs/parameter_provenance.csv,86c4261fcb9616a643db79340fe0b7398ba10a5c46464e67e8b697bcfc3a4ec9
illustrative_benchmark,mixture,pD=0.75 manifold mixture,0.75,0.7499999999999999,5.333333333333333e-07,0.5333333333333333,0.23208020256457926,0.1714370292998011,0.4035172318643804,0.2372701268529435,0.011085683129975673,0.3481269581527003,0.24835580998291917,1000000.0,8e-06,1.0,1000000.0,0.1,100000.0,0.1,100000.0,1.0,1000000.0,1.0,1000000.0,0.1,100000.0,constant-generator matrix exponential Pade(13),61,True,dimensionless populations/per-encounter cumulative yields,dimensionless except time_s and reference_rate_s^-1,"Illustrative one-factor-at-a-time grid; bounds are not measured ranges or probability priors. Results are populations and per-encounter yields, not concentrations or biological fluxes. No encounter yield is converted to molarity, and no continuous biological ROS source is modeled.",1d8208b504af787754e184f77640f85675b5b634,01e64b526ae9ed2d5f192ae14068302e806c1e8b44576f4b4eb4b5f83a8e8039,configs/doxorubicin_parameters.json,b14b641f69afb70af9ff7557a062c2ce00e0b0cb74381ba69fcfaad4f17f04af,configs/parameter_provenance.csv,86c4261fcb9616a643db79340fe0b7398ba10a5c46464e67e8b697bcfc3a4ec9
illustrative_benchmark,mixture,pD=0.75 manifold mixture,0.75,0.7499999999999999,6.666666666666667e-07,0.6666666666666667,0.17074647250259925,0.15549220652521517,0.32623867902781445,0.26392717429160373,0.013264270217179804,0.3965698764634017,0.2771914445087835,1000000.0,8e-06,1.0,1000000.0,0.1,100000.0,0.1,100000.0,1.0,1000000.0,1.0,1000000.0,0.1,100000.0,constant-generator matrix exponential Pade(13),61,True,dimensionless populations/per-encounter cumulative yields,dimensionless except time_s and reference_rate_s^-1,"Illustrative one-factor-at-a-time grid; bounds are not measured ranges or probability priors. Results are populations and per-encounter yields, not concentrations or biological fluxes. No encounter yield is converted to molarity, and no continuous biological ROS source is modeled.",1d8208b504af787754e184f77640f85675b5b634,01e64b526ae9ed2d5f192ae14068302e806c1e8b44576f4b4eb4b5f83a8e8039,configs/doxorubicin_parameters.json,b14b641f69afb70af9ff7557a062c2ce00e0b0cb74381ba69fcfaad4f17f04af,configs/parameter_provenance.csv,86c4261fcb9616a643db79340fe0b7398ba10a5c46464e67e8b697bcfc3a4ec9
illustrative_benchmark,mixture,pD=0.75 manifold mixture,0.75,0.7499999999999999,8e-07,0.7999999999999999,0.12505923194164636,0.14035509151293366,0.26541432345458005,0.28349640440039475,0.015235715249511825,0.4358535568955129,0.2987321196499066,1000000.0,8e-06,1.0,1000000.0,0.1,100000.0,0.1,100000.0,1.0,1000000.0,1.0,1000000.0,0.1,100000.0,constant-generator matrix exponential Pade(13),61,True,dimensionless populations/per-encounter cumulative yields,dimensionless except time_s and reference_rate_s^-1,"Illustrative one-factor-at-a-time grid; bounds are not measured ranges or probability priors. Results are populations and per-encounter yields, not concentrations or biological fluxes. No encounter yield is converted to molarity, and no continuous biological ROS source is modeled.",1d8208b504af787754e184f77640f85675b5b634,01e64b526ae9ed2d5f192ae14068302e806c1e8b44576f4b4eb4b5f83a8e8039,configs/doxorubicin_parameters.json,b14b641f69afb70af9ff7557a062c2ce00e0b0cb74381ba69fcfaad4f17f04af,configs/parameter_provenance.csv,86c4261fcb9616a643db79340fe0b7398ba10a5c46464e67e8b697bcfc3a4ec9
illustrative_benchmark,mixture,pD=0.75 manifold mixture,0.75,0.7499999999999999,9.333333333333333e-07,0.9333333333333333,0.09127003831155682,0.1260059575228475,0.21727599583440427,0.2978038832297615,0.017010567064188374,0.4679095538716452,0.31481445029394983,1000000.0,8e-06,1.0,1000000.0,0.1,100000.0,0.1,100000.0,1.0,1000000.0,1.0,1000000.0,0.1,100000.0,constant-generator matrix exponential Pade(13),61,True,dimensionless populations/per-encounter cumulative yields,dimensionless except time_s and reference_rate_s^-1,"Illustrative one-factor-at-a-time grid; bounds are not measured ranges or probability priors. Results are populations and per-encounter yields, not concentrations or biological fluxes. No encounter yield is converted to molarity, and no continuous biological ROS source is modeled.",1d8208b504af787754e184f77640f85675b5b634,01e64b526ae9ed2d5f192ae14068302e806c1e8b44576f4b4eb4b5f83a8e8039,configs/doxorubicin_parameters.json,b14b641f69afb70af9ff7557a062c2ce00e0b0cb74381ba69fcfaad4f17f04af,configs/parameter_provenance.csv,86c4261fcb9616a643db79340fe0b7398ba10a5c46464e67e8b697bcfc3a4ec9
illustrative_benchmark,mixture,pD=0.75 manifold mixture,0.75,0.7499999999999999,1.0666666666666667e-06,1.0666666666666667,0.06645897135293369,0.11247993342732063,0.17893890478025432,0.30823313195259705,0.018599530119504624,0.49422843314764325,0.32683266207210165,1000000.0,8e-06,1.0,1000000.0,0.1,100000.0,0.1,100000.0,1.0,1000000.0,1.0,1000000.0,0.1,100000.0,constant-generator matrix exponential Pade(13),61,True,dimensionless populations/per-encounter cumulative yields,dimensionless except time_s and reference_rate_s^-1,"Illustrative one-factor-at-a-time grid; bounds are not measured ranges or probability priors. Results are populations and per-encounter yields, not concentrations or biological fluxes. No encounter yield is converted to molarity, and no continuous biological ROS source is modeled.",1d8208b504af787754e184f77640f85675b5b634,01e64b526ae9ed2d5f192ae14068302e806c1e8b44576f4b4eb4b5f83a8e8039,configs/doxorubicin_parameters.json,b14b641f69afb70af9ff7557a062c2ce00e0b0cb74381ba69fcfaad4f17f04af,configs/parameter_provenance.csv,86c4261fcb9616a643db79340fe0b7398ba10a5c46464e67e8b697bcfc3a4ec9
illustrative_benchmark,mixture,pD=0.75 manifold mixture,0.75,0.7499999999999999,1.2e-06,1.2,0.048369127615870096,0.09982927270191386,0.14819840031778397,0.31582422137724864,0.020013923357065276,0.5159634549479013,0.3358381447343139,1000000.0,8e-06,1.0,1000000.0,0.1,100000.0,0.1,100000.0,1.0,1000000.0,1.0,1000000.0,0.1,100000.0,constant-generator matrix exponential Pade(13),61,True,dimensionless populations/per-encounter cumulative yields,dimensionless except time_s and reference_rate_s^-1,"Illustrative one-factor-at-a-time grid; bounds are not measured ranges or probability priors. Results are populations and per-encounter yields, not concentrations or biological fluxes. No encounter yield is converted to molarity, and no continuous biological ROS source is modeled.",1d8208b504af787754e184f77640f85675b5b634,01e64b526ae9ed2d5f192ae14068302e806c1e8b44576f4b4eb4b5f83a8e8039,configs/doxorubicin_parameters.json,b14b641f69afb70af9ff7557a062c2ce00e0b0cb74381ba69fcfaad4f17f04af,configs/parameter_provenance.csv,86c4261fcb9616a643db79340fe0b7398ba10a5c46464e67e8b697bcfc3a4ec9
illustrative_benchmark,mixture,pD=0.75 manifold mixture,0.75,0.7499999999999999,1.3333333333333334e-06,1.3333333333333335,0.03526984555143481,0.08810141028195331,0.12337125583338812,0.32135275867699264,0.021265747892056878,0.5340102375975613,0.3426185065690495,1000000.0,8e-06,1.0,1000000.0,0.1,100000.0,0.1,100000.0,1.0,1000000.0,1.0,1000000.0,0.1,100000.0,constant-generator matrix exponential Pade(13),61,True,dimensionless populations/per-encounter cumulative yields,dimensionless except time_s and reference_rate_s^-1,"Illustrative one-factor-at-a-time grid; bounds are not measured ranges or probability priors. Results are populations and per-encounter yields, not concentrations or biological fluxes. No encounter yield is converted to molarity, and no continuous biological ROS source is modeled.",1d8208b504af787754e184f77640f85675b5b634,01e64b526ae9ed2d5f192ae14068302e806c1e8b44576f4b4eb4b5f83a8e8039,configs/doxorubicin_parameters.json,b14b641f69afb70af9ff7557a062c2ce00e0b0cb74381ba69fcfaad4f17f04af,configs/parameter_provenance.csv,86c4261fcb9616a643db79340fe0b7398ba10a5c46464e67e8b697bcfc3a4ec9
illustrative_benchmark,mixture,pD=0.75 manifold mixture,0.75,0.7499999999999999,1.4666666666666667e-06,1.4666666666666666,0.0258447590513993,0.07732765428696126,0.10317241333836055,0.32539233496104025,0.022367537885414353,0.5490677138151836,0.3477598728464546,1000000.0,8e-06,1.0,1000000.0,0.1,100000.0,0.1,100000.0,1.0,1000000.0,1.0,1000000.0,0.1,100000.0,constant-generator matrix exponential Pade(13),61,True,dimensionless populations/per-encounter cumulative yields,dimensionless except time_s and reference_rate_s^-1,"Illustrative one-factor-at-a-time grid; bounds are not measured ranges or probability priors. Results are populations and per-encounter yields, not concentrations or biological fluxes. No encounter yield is converted to molarity, and no continuous biological ROS source is modeled.",1d8208b504af787754e184f77640f85675b5b634,01e64b526ae9ed2d5f192ae14068302e806c1e8b44576f4b4eb4b5f83a8e8039,configs/doxorubicin_parameters.json,b14b641f69afb70af9ff7557a062c2ce00e0b0cb74381ba69fcfaad4f17f04af,configs/parameter_provenance.csv,86c4261fcb9616a643db79340fe0b7398ba10a5c46464e67e8b697bcfc3a4ec9
illustrative_benchmark,mixture,pD=0.75 manifold mixture,0.75,0.7499999999999999,1.6e-06,1.5999999999999999,0.01910101335801123,0.06751878188469382,0.08661979524270502,0.3283634965573179,0.02333211014933253,0.5616845980506432,0.3516956067066504,1000000.0,8e-06,1.0,1000000.0,0.1,100000.0,0.1,100000.0,1.0,1000000.0,1.0,1000000.0,0.1,100000.0,constant-generator matrix exponential Pade(13),61,True,dimensionless populations/per-encounter cumulative yields,dimensionless except time_s and reference_rate_s^-1,"Illustrative one-factor-at-a-time grid; bounds are not measured ranges or probability priors. Results are populations and per-encounter yields, not concentrations or biological fluxes. No encounter yield is converted to molarity, and no continuous biological ROS source is modeled.",1d8208b504af787754e184f77640f85675b5b634,01e64b526ae9ed2d5f192ae14068302e806c1e8b44576f4b4eb4b5f83a8e8039,configs/doxorubicin_parameters.json,b14b641f69afb70af9ff7557a062c2ce00e0b0cb74381ba69fcfaad4f17f04af,configs/parameter_provenance.csv,86c4261fcb9616a643db79340fe0b7398ba10a5c46464e67e8b697bcfc3a4ec9
illustrative_benchmark,mixture,pD=0.75 manifold mixture,0.75,0.7499999999999999,1.7333333333333334e-06,1.7333333333333334,0.014296296428229115,0.05866488995811284,0.07296118638634196,0.3305718346823281,0.024172285840818222,0.5722946930905102,0.3547441205231463,1000000.0,8e-06,1.0,1000000.0,0.1,100000.0,0.1,100000.0,1.0,1000000.0,1.0,1000000.0,0.1,100000.0,constant-generator matrix exponential Pade(13),61,True,dimensionless populations/per-encounter cumulative yields,dimensionless except time_s and reference_rate_s^-1,"Illustrative one-factor-at-a-time grid; bounds are not measured ranges or probability priors. Results are populations and per-encounter yields, not concentrations or biological fluxes. No encounter yield is converted to molarity, and no continuous biological ROS source is modeled.",1d8208b504af787754e184f77640f85675b5b634,01e64b526ae9ed2d5f192ae14068302e806c1e8b44576f4b4eb4b5f83a8e8039,configs/doxorubicin_parameters.json,b14b641f69afb70af9ff7557a062c2ce00e0b0cb74381ba69fcfaad4f17f04af,configs/parameter_provenance.csv,86c4261fcb9616a643db79340fe0b7398ba10a5c46464e67e8b697bcfc3a4ec9
illustrative_benchmark,mixture,pD=0.75 manifold mixture,0.75,0.7499999999999999,1.8666666666666667e-06,1.8666666666666667,0.010880698994299665,0.0507376622767584,0.06161836127105806,0.3322373656616894,0.024900627945960152,0.5812436451212907,0.35713799360764953,1000000.0,8e-06,1.0,1000000.0,0.1,100000.0,0.1,100000.0,1.0,1000000.0,1.0,1000000.0,0.1,100000.0,constant-generator matrix exponential Pade(13),61,True,dimensionless populations/per-encounter cumulative yields,dimensionless except time_s and reference_rate_s^-1,"Illustrative one-factor-at-a-time grid; bounds are not measured ranges or probability priors. Results are populations and per-encounter yields, not concentrations or biological fluxes. No encounter yield is converted to molarity, and no continuous biological ROS source is modeled.",1d8208b504af787754e184f77640f85675b5b634,01e64b526ae9ed2d5f192ae14068302e806c1e8b44576f4b4eb4b5f83a8e8039,configs/doxorubicin_parameters.json,b14b641f69afb70af9ff7557a062c2ce00e0b0cb74381ba69fcfaad4f17f04af,configs/parameter_provenance.csv,86c4261fcb9616a643db79340fe0b7398ba10a5c46464e67e8b697bcfc3a4ec9
illustrative_benchmark,mixture,pD=0.75 manifold mixture,0.75,0.7499999999999999,2e-06,2.0,0.00845078767738673,0.04369381412619447,0.05214460180358121,0.3335170003807867,0.025529217948622163,0.5888091798670081,0.35904621832940886,1000000.0,8e-06,1.0,1000000.0,0.1,100000.0,0.1,100000.0,1.0,1000000.0,1.0,1000000.0,0.1,100000.0,constant-generator matrix exponential Pade(13),61,True,dimensionless populations/per-encounter cumulative yields,dimensionless except time_s and reference_rate_s^-1,"Illustrative one-factor-at-a-time grid; bounds are not measured ranges or probability priors. Results are populations and per-encounter yields, not concentrations or biological fluxes. No encounter yield is converted to molarity, and no continuous biological ROS source is modeled.",1d8208b504af787754e184f77640f85675b5b634,01e64b526ae9ed2d5f192ae14068302e806c1e8b44576f4b4eb4b5f83a8e8039,configs/doxorubicin_parameters.json,b14b641f69afb70af9ff7557a062c2ce00e0b0cb74381ba69fcfaad4f17f04af,configs/parameter_provenance.csv,86c4261fcb9616a643db79340fe0b7398ba10a5c46464e67e8b697bcfc3a4ec9
illustrative_benchmark,mixture,pD=0.75 manifold mixture,0.75,0.7499999999999999,2.1333333333333334e-06,2.1333333333333333,0.006713637064205533,0.03747891075884309,0.04419254782304863,0.3345215771884962,0.02606948161817793,0.5952163933702751,0.3605910588066741,1000000.0,8e-06,1.0,1000000.0,0.1,100000.0,0.1,100000.0,1.0,1000000.0,1.0,1000000.0,0.1,100000.0,constant-generator matrix exponential Pade(13),61,True,dimensionless populations/per-encounter cumulative yields,dimensionless except time_s and reference_rate_s^-1,"Illustrative one-factor-at-a-time grid; bounds are not measured ranges or probability priors. Results are populations and per-encounter yields, not concentrations or biological fluxes. No encounter yield is converted to molarity, and no continuous biological ROS source is modeled.",1d8208b504af787754e184f77640f85675b5b634,01e64b526ae9ed2d5f192ae14068302e806c1e8b44576f4b4eb4b5f83a8e8039,configs/doxorubicin_parameters.json,b14b641f69afb70af9ff7557a062c2ce00e0b0cb74381ba69fcfaad4f17f04af,configs/parameter_provenance.csv,86c4261fcb9616a643db79340fe0b7398ba10a5c46464e67e8b697bcfc3a4ec9
illustrative_benchmark,mixture,pD=0.75 manifold mixture,0.75,0.7499999999999999,2.266666666666667e-06,2.266666666666667,0.005458905461466355,0.03203106631905622,0.03748997178052258,0.3353286548235986,0.026532065324752583,0.6006493080711242,0.3618607201483512,1000000.0,8e-06,1.0,1000000.0,0.1,100000.0,0.1,100000.0,1.0,1000000.0,1.0,1000000.0,0.1,100000.0,constant-generator matrix exponential Pade(13),61,True,dimensionless populations/per-encounter cumulative yields,dimensionless except time_s and reference_rate_s^-1,"Illustrative one-factor-at-a-time grid; bounds are not measured ranges or probability priors. Results are populations and per-encounter yields, not concentrations or biological fluxes. No encounter yield is converted to molarity, and no continuous biological ROS source is modeled.",1d8208b504af787754e184f77640f85675b5b634,01e64b526ae9ed2d5f192ae14068302e806c1e8b44576f4b4eb4b5f83a8e8039,configs/doxorubicin_parameters.json,b14b641f69afb70af9ff7557a062c2ce00e0b0cb74381ba69fcfaad4f17f04af,configs/parameter_provenance.csv,86c4261fcb9616a643db79340fe0b7398ba10a5c46464e67e8b697bcfc3a4ec9
illustrative_benchmark,mixture,pD=0.75 manifold mixture,0.75,0.7499999999999999,2.4e-06,2.4,0.0045373474185653765,0.027284245939354634,0.03182159335792001,0.335992027485819,0.026926759242767266,0.6052596199134913,0.3629187867285863,1000000.0,8e-06,1.0,1000000.0,0.1,100000.0,0.1,100000.0,1.0,1000000.0,1.0,1000000.0,0.1,100000.0,constant-generator matrix exponential Pade(13),61,True,dimensionless populations/per-encounter cumulative yields,dimensionless except time_s and reference_rate_s^-1,"Illustrative one-factor-at-a-time grid; bounds are not measured ranges or probability priors. Results are populations and per-encounter yields, not concentrations or biological fluxes. No encounter yield is converted to molarity, and no continuous biological ROS source is modeled.",1d8208b504af787754e184f77640f85675b5b634,01e64b526ae9ed2d5f192ae14068302e806c1e8b44576f4b4eb4b5f83a8e8039,configs/doxorubicin_parameters.json,b14b641f69afb70af9ff7557a062c2ce00e0b0cb74381ba69fcfaad4f17f04af,configs/parameter_provenance.csv,86c4261fcb9616a643db79340fe0b7398ba10a5c46464e67e8b697bcfc3a4ec9
illustrative_benchmark,mixture,pD=0.75 manifold mixture,0.75,0.7499999999999999,2.5333333333333334e-06,2.533333333333333,0.0038444303923506704,0.023171039811419866,0.027015470203770535,0.33654872859253,0.02726246114646976,0.6091733400572272,0.36381118973899973,1000000.0,8e-06,1.0,1000000.0,0.1,100000.0,0.1,100000.0,1.0,1000000.0,1.0,1000000.0,0.1,100000.0,constant-generator matrix exponential Pade(13),61,True,dimensionless populations/per-encounter cumulative yields,dimensionless except time_s and reference_rate_s^-1,"Illustrative one-factor-at-a-time grid; bounds are not measured ranges or probability priors. Results are populations and per-encounter yields, not concentrations or biological fluxes. No encounter yield is converted to molarity, and no continuous biological ROS source is modeled.",1d8208b504af787754e184f77640f85675b5b634,01e64b526ae9ed2d5f192ae14068302e806c1e8b44576f4b4eb4b5f83a8e8039,configs/doxorubicin_parameters.json,b14b641f69afb70af9ff7557a062c2ce00e0b0cb74381ba69fcfaad4f17f04af,configs/parameter_provenance.csv,86c4261fcb9616a643db79340fe0b7398ba10a5c46464e67e8b697bcfc3a4ec9
illustrative_benchmark,mixture,pD=0.75 manifold mixture,0.75,0.7499999999999999,2.666666666666667e-06,2.666666666666667,0.0033079622882582235,0.019624873101184156,0.022932835389442376,0.3370241284211566,0.02754717343347657,0.6124958627559218,0.36457130185463316,1000000.0,8e-06,1.0,1000000.0,0.1,100000.0,0.1,100000.0,1.0,1000000.0,1.0,1000000.0,0.1,100000.0,constant-generator matrix exponential Pade(13),61,True,dimensionless populations/per-encounter cumulative yields,dimensionless except time_s and reference_rate_s^-1,"Illustrative one-factor-at-a-time grid; bounds are not measured ranges or probability priors. Results are populations and per-encounter yields, not concentrations or biological fluxes. No encounter yield is converted to molarity, and no continuous biological ROS source is modeled.",1d8208b504af787754e184f77640f85675b5b634,01e64b526ae9ed2d5f192ae14068302e806c1e8b44576f4b4eb4b5f83a8e8039,configs/doxorubicin_parameters.json,b14b641f69afb70af9ff7557a062c2ce00e0b0cb74381ba69fcfaad4f17f04af,configs/parameter_provenance.csv,86c4261fcb9616a643db79340fe0b7398ba10a5c46464e67e8b697bcfc3a4ec9
illustrative_benchmark,mixture,pD=0.75 manifold mixture,0.75,0.7499999999999999,2.8e-06,2.8,0.0028788421278724136,0.016581674101437037,0.01946051622930945,0.3374355991348355,0.02778802595463792,0.6153158586812143,0.3652236250894734,1000000.0,8e-06,1.0,1000000.0,0.1,100000.0,0.1,100000.0,1.0,1000000.0,1.0,1000000.0,0.1,100000.0,constant-generator matrix exponential Pade(13),61,True,dimensionless populations/per-encounter cumulative yields,dimensionless except time_s and reference_rate_s^-1,"Illustrative one-factor-at-a-time grid; bounds are not measured ranges or probability priors. Results are populations and per-encounter yields, not concentrations or biological fluxes. No encounter yield is converted to molarity, and no continuous biological ROS source is modeled.",1d8208b504af787754e184f77640f85675b5b634,01e64b526ae9ed2d5f192ae14068302e806c1e8b44576f4b4eb4b5f83a8e8039,configs/doxorubicin_parameters.json,b14b641f69afb70af9ff7557a062c2ce00e0b0cb74381ba69fcfaad4f17f04af,configs/parameter_provenance.csv,86c4261fcb9616a643db79340fe0b7398ba10a5c46464e67e8b697bcfc3a4ec9
illustrative_benchmark,mixture,pD=0.75 manifold mixture,0.75,0.7499999999999999,2.9333333333333333e-06,2.933333333333333,0.002524220048153932,0.013981055971091352,0.016505276019245285,0.33779511425436914,0.02799131777018309,0.6177082919561995,0.36578643202455224,1000000.0,8e-06,1.0,1000000.0,0.1,100000.0,0.1,100000.0,1.0,1000000.0,1.0,1000000.0,0.1,100000.0,constant-generator matrix exponential Pade(13),61,True,dimensionless populations/per-encounter cumulative yields,dimensionless except time_s and reference_rate_s^-1,"Illustrative one-factor-at-a-time grid; bounds are not measured ranges or probability priors. Results are populations and per-encounter yields, not concentrations or biological fluxes. No encounter yield is converted to molarity, and no continuous biological ROS source is modeled.",1d8208b504af787754e184f77640f85675b5b634,01e64b526ae9ed2d5f192ae14068302e806c1e8b44576f4b4eb4b5f83a8e8039,configs/doxorubicin_parameters.json,b14b641f69afb70af9ff7557a062c2ce00e0b0cb74381ba69fcfaad4f17f04af,configs/parameter_provenance.csv,86c4261fcb9616a643db79340fe0b7398ba10a5c46464e67e8b697bcfc3a4ec9
illustrative_benchmark,mixture,pD=0.75 manifold mixture,0.75,0.7499999999999999,3.066666666666667e-06,3.066666666666667,0.0022224982003757883,0.011767082980186958,0.013989581180562746,0.3381110644575472,0.028162571809485483,0.6197367825524015,0.3662736362670327,1000000.0,8e-06,1.0,1000000.0,0.1,100000.0,0.1,100000.0,1.0,1000000.0,1.0,1000000.0,0.1,100000.0,constant-generator matrix exponential Pade(13),61,True,dimensionless populations/per-encounter cumulative yields,dimensionless except time_s and reference_rate_s^-1,"Illustrative one-factor-at-a-time grid; bounds are not measured ranges or probability priors. Results are populations and per-encounter yields, not concentrations or biological fluxes. No encounter yield is converted to molarity, and no continuous biological ROS source is modeled.",1d8208b504af787754e184f77640f85675b5b634,01e64b526ae9ed2d5f192ae14068302e806c1e8b44576f4b4eb4b5f83a8e8039,configs/doxorubicin_parameters.json,b14b641f69afb70af9ff7557a062c2ce00e0b0cb74381ba69fcfaad4f17f04af,configs/parameter_provenance.csv,86c4261fcb9616a643db79340fe0b7398ba10a5c46464e67e8b697bcfc3a4ec9
illustrative_benchmark,mixture,pD=0.75 manifold mixture,0.75,0.7499999999999999,3.2e-06,3.1999999999999997,0.001959724163069943,0.009888696365783349,0.011848420528853293,0.3383895040617914,0.028306597395232853,0.6214554780141194,0.36669610145702425,1000000.0,8e-06,1.0,1000000.0,0.1,100000.0,0.1,100000.0,1.0,1000000.0,1.0,1000000.0,0.1,100000.0,constant-generator matrix exponential Pade(13),61,True,dimensionless populations/per-encounter cumulative yields,dimensionless except time_s and reference_rate_s^-1,"Illustrative one-factor-at-a-time grid; bounds are not measured ranges or probability priors. Results are populations and per-encounter yields, not concentrations or biological fluxes. No encounter yield is converted to molarity, and no continuous biological ROS source is modeled.",1d8208b504af787754e184f77640f85675b5b634,01e64b526ae9ed2d5f192ae14068302e806c1e8b44576f4b4eb4b5f83a8e8039,configs/doxorubicin_parameters.json,b14b641f69afb70af9ff7557a062c2ce00e0b0cb74381ba69fcfaad4f17f04af,configs/parameter_provenance.csv,86c4261fcb9616a643db79340fe0b7398ba10a5c46464e67e8b697bcfc3a4ec9
illustrative_benchmark,mixture,pD=0.75 manifold mixture,0.75,0.7499999999999999,3.3333333333333333e-06,3.3333333333333335,0.001727026534639515,0.008299872026363201,0.010026898561002718,0.3386349895243252,0.028427556580940393,0.6229105553337284,0.36706254610526556,1000000.0,8e-06,1.0,1000000.0,0.1,100000.0,0.1,100000.0,1.0,1000000.0,1.0,1000000.0,0.1,100000.0,constant-generator matrix exponential Pade(13),61,True,dimensionless populations/per-encounter cumulative yields,dimensionless except time_s and reference_rate_s^-1,"Illustrative one-factor-at-a-time grid; bounds are not measured ranges or probability priors. Results are populations and per-encounter yields, not concentrations or biological fluxes. No encounter yield is converted to molarity, and no continuous biological ROS source is modeled.",1d8208b504af787754e184f77640f85675b5b634,01e64b526ae9ed2d5f192ae14068302e806c1e8b44576f4b4eb4b5f83a8e8039,configs/doxorubicin_parameters.json,b14b641f69afb70af9ff7557a062c2ce00e0b0cb74381ba69fcfaad4f17f04af,configs/parameter_provenance.csv,86c4261fcb9616a643db79340fe0b7398ba10a5c46464e67e8b697bcfc3a4ec9
illustrative_benchmark,mixture,pD=0.75 manifold mixture,0.75,0.7499999999999999,3.466666666666667e-06,3.466666666666667,0.0015188216213640297,0.006959575382306177,0.008478397003670207,0.3388511300580768,0.028529031170924864,0.6241414417673247,0.3673801612290017,1000000.0,8e-06,1.0,1000000.0,0.1,100000.0,0.1,100000.0,1.0,1000000.0,1.0,1000000.0,0.1,100000.0,constant-generator matrix exponential Pade(13),61,True,dimensionless populations/per-encounter cumulative yields,dimensionless except time_s and reference_rate_s^-1,"Illustrative one-factor-at-a-time grid; bounds are not measured ranges or probability priors. Results are populations and per-encounter yields, not concentrations or biological fluxes. No encounter yield is converted to molarity, and no continuous biological ROS source is modeled.",1d8208b504af787754e184f77640f85675b5b634,01e64b526ae9ed2d5f192ae14068302e806c1e8b44576f4b4eb4b5f83a8e8039,configs/doxorubicin_parameters.json,b14b641f69afb70af9ff7557a062c2ce00e0b0cb74381ba69fcfaad4f17f04af,configs/parameter_provenance.csv,86c4261fcb9616a643db79340fe0b7398ba10a5c46464e67e8b697bcfc3a4ec9
illustrative_benchmark,mixture,pD=0.75 manifold mixture,0.75,0.7499999999999999,3.6000000000000003e-06,3.6,0.001331583543532711,0.005831569889610324,0.007163153433143035,0.3390409387046844,0.028614088105225963,0.6251818197569432,0.36765502680991036,1000000.0,8e-06,1.0,1000000.0,0.1,100000.0,0.1,100000.0,1.0,1000000.0,1.0,1000000.0,0.1,100000.0,constant-generator matrix exponential Pade(13),61,True,dimensionless populations/per-encounter cumulative yields,dimensionless except time_s and reference_rate_s^-1,"Illustrative one-factor-at-a-time grid; bounds are not measured ranges or probability priors. Results are populations and per-encounter yields, not concentrations or biological fluxes. No encounter yield is converted to molarity, and no continuous biological ROS source is modeled.",1d8208b504af787754e184f77640f85675b5b634,01e64b526ae9ed2d5f192ae14068302e806c1e8b44576f4b4eb4b5f83a8e8039,configs/doxorubicin_parameters.json,b14b641f69afb70af9ff7557a062c2ce00e0b0cb74381ba69fcfaad4f17f04af,configs/parameter_provenance.csv,86c4261fcb9616a643db79340fe0b7398ba10a5c46464e67e8b697bcfc3a4ec9
illustrative_benchmark,mixture,pD=0.75 manifold mixture,0.75,0.7499999999999999,3.7333333333333333e-06,3.7333333333333334,0.0011630203104618878,0.004884126288353643,0.006047146598815532,0.33920704799694884,0.02868534158248038,0.6260604638217517,0.3678923895794292,1000000.0,8e-06,1.0,1000000.0,0.1,100000.0,0.1,100000.0,1.0,1000000.0,1.0,1000000.0,0.1,100000.0,constant-generator matrix exponential Pade(13),61,True,dimensionless populations/per-encounter cumulative yields,dimensionless except time_s and reference_rate_s^-1,"Illustrative one-factor-at-a-time grid; bounds are not measured ranges or probability priors. Results are populations and per-encounter yields, not concentrations or biological fluxes. No encounter yield is converted to molarity, and no continuous biological ROS source is modeled.",1d8208b504af787754e184f77640f85675b5b634,01e64b526ae9ed2d5f192ae14068302e806c1e8b44576f4b4eb4b5f83a8e8039,configs/doxorubicin_parameters.json,b14b641f69afb70af9ff7557a062c2ce00e0b0cb74381ba69fcfaad4f17f04af,configs/parameter_provenance.csv,86c4261fcb9616a643db79340fe0b7398ba10a5c46464e67e8b697bcfc3a4ec9
illustrative_benchmark,mixture,pD=0.75 manifold mixture,0.75,0.7499999999999999,3.866666666666666e-06,3.8666666666666663,0.001011537810099998,0.004089670559320265,0.005101208369420263,0.3393518360846446,0.028745010860117073,0.6268019446858144,0.36809684694476164,1000000.0,8e-06,1.0,1000000.0,0.1,100000.0,0.1,100000.0,1.0,1000000.0,1.0,1000000.0,0.1,100000.0,constant-generator matrix exponential Pade(13),61,True,dimensionless populations/per-encounter cumulative yields,dimensionless except time_s and reference_rate_s^-1,"Illustrative one-factor-at-a-time grid; bounds are not measured ranges or probability priors. Results are populations and per-encounter yields, not concentrations or biological fluxes. No encounter yield is converted to molarity, and no continuous biological ROS source is modeled.",1d8208b504af787754e184f77640f85675b5b634,01e64b526ae9ed2d5f192ae14068302e806c1e8b44576f4b4eb4b5f83a8e8039,configs/doxorubicin_parameters.json,b14b641f69afb70af9ff7557a062c2ce00e0b0cb74381ba69fcfaad4f17f04af,configs/parameter_provenance.csv,86c4261fcb9616a643db79340fe0b7398ba10a5c46464e67e8b697bcfc3a4ec9
illustrative_benchmark,mixture,pD=0.75 manifold mixture,0.75,0.7499999999999999,4e-06,4.0,0.0008759042483104582,0.003424400251786824,0.004300304500097283,0.33947749558397966,0.02879497312108551,0.6274272267948338,0.3682724687050652,1000000.0,8e-06,1.0,1000000.0,0.1,100000.0,0.1,100000.0,1.0,1000000.0,1.0,1000000.0,0.1,100000.0,constant-generator matrix exponential Pade(13),61,True,dimensionless populations/per-encounter cumulative yields,dimensionless except time_s and reference_rate_s^-1,"Illustrative one-factor-at-a-time grid; bounds are not measured ranges or probability priors. Results are populations and per-encounter yields, not concentrations or biological fluxes. No encounter yield is converted to molarity, and no continuous biological ROS source is modeled.",1d8208b504af787754e184f77640f85675b5b634,01e64b526ae9ed2d5f192ae14068302e806c1e8b44576f4b4eb4b5f83a8e8039,configs/doxorubicin_parameters.json,b14b641f69afb70af9ff7557a062c2ce00e0b0cb74381ba69fcfaad4f17f04af,configs/parameter_provenance.csv,86c4261fcb9616a643db79340fe0b7398ba10a5c46464e67e8b697bcfc3a4ec9
illustrative_benchmark,mixture,pD=0.75 manifold mixture,0.75,0.7499999999999999,4.133333333333333e-06,4.133333333333333,0.0007550510811290278,0.002867891582253003,0.0036229426633820313,0.3395860673863322,0.028836811142177347,0.6279541788081046,0.3684228785285095,1000000.0,8e-06,1.0,1000000.0,0.1,100000.0,0.1,100000.0,1.0,1000000.0,1.0,1000000.0,0.1,100000.0,constant-generator matrix exponential Pade(13),61,True,dimensionless populations/per-encounter cumulative yields,dimensionless except time_s and reference_rate_s^-1,"Illustrative one-factor-at-a-time grid; bounds are not measured ranges or probability priors. Results are populations and per-encounter yields, not concentrations or biological fluxes. No encounter yield is converted to molarity, and no continuous biological ROS source is modeled.",1d8208b504af787754e184f77640f85675b5b634,01e64b526ae9ed2d5f192ae14068302e806c1e8b44576f4b4eb4b5f83a8e8039,configs/doxorubicin_parameters.json,b14b641f69afb70af9ff7557a062c2ce00e0b0cb74381ba69fcfaad4f17f04af,configs/parameter_provenance.csv,86c4261fcb9616a643db79340fe0b7398ba10a5c46464e67e8b697bcfc3a4ec9
illustrative_benchmark,mixture,pD=0.75 manifold mixture,0.75,0.7499999999999999,4.266666666666667e-06,4.266666666666667,0.0006479643561529198,0.0024027135704611955,0.003050677926614115,0.33967945438134584,0.028871855755517383,0.6283980119365187,0.3685513101368632,1000000.0,8e-06,1.0,1000000.0,0.1,100000.0,0.1,100000.0,1.0,1000000.0,1.0,1000000.0,0.1,100000.0,constant-generator matrix exponential Pade(13),61,True,dimensionless populations/per-encounter cumulative yields,dimensionless except time_s and reference_rate_s^-1,"Illustrative one-factor-at-a-time grid; bounds are not measured ranges or probability priors. Results are populations and per-encounter yields, not concentrations or biological fluxes. No encounter yield is converted to molarity, and no continuous biological ROS source is modeled.",1d8208b504af787754e184f77640f85675b5b634,01e64b526ae9ed2d5f192ae14068302e806c1e8b44576f4b4eb4b5f83a8e8039,configs/doxorubicin_parameters.json,b14b641f69afb70af9ff7557a062c2ce00e0b0cb74381ba69fcfaad4f17f04af,configs/parameter_provenance.csv,86c4261fcb9616a643db79340fe0b7398ba10a5c46464e67e8b697bcfc3a4ec9
illustrative_benchmark,mixture,pD=0.75 manifold mixture,0.75,0.7499999999999999,4.4e-06,4.4,0.000553633813451448,0.0020140604517076715,0.002567694265159119,0.3397594248440365,0.02890122327697862,0.6287716576138217,0.3686606481210151,1000000.0,8e-06,1.0,1000000.0,0.1,100000.0,0.1,100000.0,1.0,1000000.0,1.0,1000000.0,0.1,100000.0,constant-generator matrix exponential Pade(13),61,True,dimensionless populations/per-encounter cumulative yields,dimensionless except time_s and reference_rate_s^-1,"Illustrative one-factor-at-a-time grid; bounds are not measured ranges or probability priors. Results are populations and per-encounter yields, not concentrations or biological fluxes. No encounter yield is converted to molarity, and no continuous biological ROS source is modeled.",1d8208b504af787754e184f77640f85675b5b634,01e64b526ae9ed2d5f192ae14068302e806c1e8b44576f4b4eb4b5f83a8e8039,configs/doxorubicin_parameters.json,b14b641f69afb70af9ff7557a062c2ce00e0b0cb74381ba69fcfaad4f17f04af,configs/parameter_provenance.csv,86c4261fcb9616a643db79340fe0b7398ba10a5c46464e67e8b697bcfc3a4ec9
illustrative_benchmark,mixture,pD=0.75 manifold mixture,0.75,0.7499999999999999,4.533333333333334e-06,4.533333333333334,0.00047103707071001445,0.0016894095966829624,0.0021604466673929767,0.3398276115809314,0.028925848197340103,0.6290860935543313,0.3687534597782715,1000000.0,8e-06,1.0,1000000.0,0.1,100000.0,0.1,100000.0,1.0,1000000.0,1.0,1000000.0,0.1,100000.0,constant-generator matrix exponential Pade(13),61,True,dimensionless populations/per-encounter cumulative yields,dimensionless except time_s and reference_rate_s^-1,"Illustrative one-factor-at-a-time grid; bounds are not measured ranges or probability priors. Results are populations and per-encounter yields, not concentrations or biological fluxes. No encounter yield is converted to molarity, and no continuous biological ROS source is modeled.",1d8208b504af787754e184f77640f85675b5b634,01e64b526ae9ed2d5f192ae14068302e806c1e8b44576f4b4eb4b5f83a8e8039,configs/doxorubicin_parameters.json,b14b641f69afb70af9ff7557a062c2ce00e0b0cb74381ba69fcfaad4f17f04af,configs/parameter_provenance.csv,86c4261fcb9616a643db79340fe0b7398ba10a5c46464e67e8b697bcfc3a4ec9
illustrative_benchmark,mixture,pD=0.75 manifold mixture,0.75,0.7499999999999999,4.666666666666667e-06,4.666666666666667,0.0003991435231284211,0.0014182090627302898,0.0018173525858587109,0.3398855104197852,0.02894651150677888,0.6293506254875729,0.3688320219265641,1000000.0,8e-06,1.0,1000000.0,0.1,100000.0,0.1,100000.0,1.0,1000000.0,1.0,1000000.0,0.1,100000.0,constant-generator matrix exponential Pade(13),61,True,dimensionless populations/per-encounter cumulative yields,dimensionless except time_s and reference_rate_s^-1,"Illustrative one-factor-at-a-time grid; bounds are not measured ranges or probability priors. Results are populations and per-encounter yields, not concentrations or biological fluxes. No encounter yield is converted to molarity, and no continuous biological ROS source is modeled.",1d8208b504af787754e184f77640f85675b5b634,01e64b526ae9ed2d5f192ae14068302e806c1e8b44576f4b4eb4b5f83a8e8039,configs/doxorubicin_parameters.json,b14b641f69afb70af9ff7557a062c2ce00e0b0cb74381ba69fcfaad4f17f04af,configs/parameter_provenance.csv,86c4261fcb9616a643db79340fe0b7398ba10a5c46464e67e8b697bcfc3a4ec9
illustrative_benchmark,mixture,pD=0.75 manifold mixture,0.75,0.7499999999999999,4.8e-06,4.8,0.00033692785885643795,0.0011915965620257585,0.0015285244208821964,0.3399344799490929,0.0289638650619026,0.6295731305681179,0.3688983450109955,1000000.0,8e-06,1.0,1000000.0,0.1,100000.0,0.1,100000.0,1.0,1000000.0,1.0,1000000.0,0.1,100000.0,constant-generator matrix exponential Pade(13),61,True,dimensionless populations/per-encounter cumulative yields,dimensionless except time_s and reference_rate_s^-1,"Illustrative one-factor-at-a-time grid; bounds are not measured ranges or probability priors. Results are populations and per-encounter yields, not concentrations or biological fluxes. No encounter yield is converted to molarity, and no continuous biological ROS source is modeled.",1d8208b504af787754e184f77640f85675b5b634,01e64b526ae9ed2d5f192ae14068302e806c1e8b44576f4b4eb4b5f83a8e8039,configs/doxorubicin_parameters.json,b14b641f69afb70af9ff7557a062c2ce00e0b0cb74381ba69fcfaad4f17f04af,configs/parameter_provenance.csv,86c4261fcb9616a643db79340fe0b7398ba10a5c46464e67e8b697bcfc3a4ec9
illustrative_benchmark,mixture,pD=0.75 manifold mixture,0.75,0.7499999999999999,4.933333333333333e-06,4.933333333333334,0.0002833868263071821,0.001002149932154387,0.0012855367584615695,0.3399757433307702,0.028978452416363168,0.6297602674944005,0.36895419574713334,1000000.0,8e-06,1.0,1000000.0,0.1,100000.0,0.1,100000.0,1.0,1000000.0,1.0,1000000.0,0.1,100000.0,constant-generator matrix exponential Pade(13),61,True,dimensionless populations/per-encounter cumulative yields,dimensionless except time_s and reference_rate_s^-1,"Illustrative one-factor-at-a-time grid; bounds are not measured ranges or probability priors. Results are populations and per-encounter yields, not concentrations or biological fluxes. No encounter yield is converted to molarity, and no continuous biological ROS source is modeled.",1d8208b504af787754e184f77640f85675b5b634,01e64b526ae9ed2d5f192ae14068302e806c1e8b44576f4b4eb4b5f83a8e8039,configs/doxorubicin_parameters.json,b14b641f69afb70af9ff7557a062c2ce00e0b0cb74381ba69fcfaad4f17f04af,configs/parameter_provenance.csv,86c4261fcb9616a643db79340fe0b7398ba10a5c46464e67e8b697bcfc3a4ec9
illustrative_benchmark,mixture,pD=0.75 manifold mixture,0.75,0.7499999999999999,5.066666666666667e-06,5.066666666666666,0.0002375554826136917,0.0008436680110579622,0.001081223493671654,0.34001039234459135,0.028990726528831116,0.6299176576329012,0.36900111887342246,1000000.0,8e-06,1.0,1000000.0,0.1,100000.0,0.1,100000.0,1.0,1000000.0,1.0,1000000.0,0.1,100000.0,constant-generator matrix exponential Pade(13),61,True,dimensionless populations/per-encounter cumulative yields,dimensionless except time_s and reference_rate_s^-1,"Illustrative one-factor-at-a-time grid; bounds are not measured ranges or probability priors. Results are populations and per-encounter yields, not concentrations or biological fluxes. No encounter yield is converted to molarity, and no continuous biological ROS source is modeled.",1d8208b504af787754e184f77640f85675b5b634,01e64b526ae9ed2d5f192ae14068302e806c1e8b44576f4b4eb4b5f83a8e8039,configs/doxorubicin_parameters.json,b14b641f69afb70af9ff7557a062c2ce00e0b0cb74381ba69fcfaad4f17f04af,configs/parameter_provenance.csv,86c4261fcb9616a643db79340fe0b7398ba10a5c46464e67e8b697bcfc3a4ec9
illustrative_benchmark,mixture,pD=0.75 manifold mixture,0.75,0.7499999999999999,5.2e-06,5.2,0.00019852090638274963,0.0007109800426202525,0.0009095009490030022,0.3400393934450433,0.029001064741900624,0.6300500408640481,0.3690404581869439,1000000.0,8e-06,1.0,1000000.0,0.1,100000.0,0.1,100000.0,1.0,1000000.0,1.0,1000000.0,0.1,100000.0,constant-generator matrix exponential Pade(13),61,True,dimensionless populations/per-encounter cumulative yields,dimensionless except time_s and reference_rate_s^-1,"Illustrative one-factor-at-a-time grid; bounds are not measured ranges or probability priors. Results are populations and per-encounter yields, not concentrations or biological fluxes. No encounter yield is converted to molarity, and no continuous biological ROS source is modeled.",1d8208b504af787754e184f77640f85675b5b634,01e64b526ae9ed2d5f192ae14068302e806c1e8b44576f4b4eb4b5f83a8e8039,configs/doxorubicin_parameters.json,b14b641f69afb70af9ff7557a062c2ce00e0b0cb74381ba69fcfaad4f17f04af,configs/parameter_provenance.csv,86c4261fcb9616a643db79340fe0b7398ba10a5c46464e67e8b697bcfc3a4ec9
illustrative_benchmark,mixture,pD=0.75 manifold mixture,0.75,0.7499999999999999,5.333333333333334e-06,5.333333333333334,0.00016543250520533617,0.0005997812773801051,0.0007652137825854413,0.34006359542448217,0.02900978139713151,0.6301614093957958,0.3690733768216137,1000000.0,8e-06,1.0,1000000.0,0.1,100000.0,0.1,100000.0,1.0,1000000.0,1.0,1000000.0,0.1,100000.0,constant-generator matrix exponential Pade(13),61,True,dimensionless populations/per-encounter cumulative yields,dimensionless except time_s and reference_rate_s^-1,"Illustrative one-factor-at-a-time grid; bounds are not measured ranges or probability priors. Results are populations and per-encounter yields, not concentrations or biological fluxes. No encounter yield is converted to molarity, and no continuous biological ROS source is modeled.",1d8208b504af787754e184f77640f85675b5b634,01e64b526ae9ed2d5f192ae14068302e806c1e8b44576f4b4eb4b5f83a8e8039,configs/doxorubicin_parameters.json,b14b641f69afb70af9ff7557a062c2ce00e0b0cb74381ba69fcfaad4f17f04af,configs/parameter_provenance.csv,86c4261fcb9616a643db79340fe0b7398ba10a5c46464e67e8b697bcfc3a4ec9
illustrative_benchmark,mixture,pD=0.75 manifold mixture,0.75,0.7499999999999999,5.466666666666667e-06,5.466666666666667,0.00013750876498577037,0.0005064922062479905,0.0006440009712337608,0.3400837382122958,0.029017138418561,0.6302551223979043,0.36910087663085683,1000000.0,8e-06,1.0,1000000.0,0.1,100000.0,0.1,100000.0,1.0,1000000.0,1.0,1000000.0,0.1,100000.0,constant-generator matrix exponential Pade(13),61,True,dimensionless populations/per-encounter cumulative yields,dimensionless except time_s and reference_rate_s^-1,"Illustrative one-factor-at-a-time grid; bounds are not measured ranges or probability priors. Results are populations and per-encounter yields, not concentrations or biological fluxes. No encounter yield is converted to molarity, and no continuous biological ROS source is modeled.",1d8208b504af787754e184f77640f85675b5b634,01e64b526ae9ed2d5f192ae14068302e806c1e8b44576f4b4eb4b5f83a8e8039,configs/doxorubicin_parameters.json,b14b641f69afb70af9ff7557a062c2ce00e0b0cb74381ba69fcfaad4f17f04af,configs/parameter_provenance.csv,86c4261fcb9616a643db79340fe0b7398ba10a5c46464e67e8b697bcfc3a4ec9
illustrative_benchmark,mixture,pD=0.75 manifold mixture,0.75,0.7499999999999999,5.6e-06,5.6,0.00011404070544232454,0.0004281388091286921,0.0005421795145710167,0.3401004623499265,0.029023354162324735,0.6303340039731725,0.36912381651225123,1000000.0,8e-06,1.0,1000000.0,0.1,100000.0,0.1,100000.0,1.0,1000000.0,1.0,1000000.0,0.1,100000.0,constant-generator matrix exponential Pade(13),61,True,dimensionless populations/per-encounter cumulative yields,dimensionless except time_s and reference_rate_s^-1,"Illustrative one-factor-at-a-time grid; bounds are not measured ranges or probability priors. Results are populations and per-encounter yields, not concentrations or biological fluxes. No encounter yield is converted to molarity, and no continuous biological ROS source is modeled.",1d8208b504af787754e184f77640f85675b5b634,01e64b526ae9ed2d5f192ae14068302e806c1e8b44576f4b4eb4b5f83a8e8039,configs/doxorubicin_parameters.json,b14b641f69afb70af9ff7557a062c2ce00e0b0cb74381ba69fcfaad4f17f04af,configs/parameter_provenance.csv,86c4261fcb9616a643db79340fe0b7398ba10a5c46464e67e8b697bcfc3a4ec9
illustrative_benchmark,mixture,pD=0.75 manifold mixture,0.75,0.7499999999999999,5.733333333333333e-06,5.733333333333333,9.439252090163956e-05,0.0003622512633768109,0.00045664378427845046,0.3401143187329876,0.029028610795431134,0.6304004266872975,0.3691429295284187,1000000.0,8e-06,1.0,1000000.0,0.1,100000.0,0.1,100000.0,1.0,1000000.0,1.0,1000000.0,0.1,100000.0,constant-generator matrix exponential Pade(13),61,True,dimensionless populations/per-encounter cumulative yields,dimensionless except time_s and reference_rate_s^-1,"Illustrative one-factor-at-a-time grid; bounds are not measured ranges or probability priors. Results are populations and per-encounter yields, not concentrations or biological fluxes. No encounter yield is converted to molarity, and no continuous biological ROS source is modeled.",1d8208b504af787754e184f77640f85675b5b634,01e64b526ae9ed2d5f192ae14068302e806c1e8b44576f4b4eb4b5f83a8e8039,configs/doxorubicin_parameters.json,b14b641f69afb70af9ff7557a062c2ce00e0b0cb74381ba69fcfaad4f17f04af,configs/parameter_provenance.csv,86c4261fcb9616a643db79340fe0b7398ba10a5c46464e67e8b697bcfc3a4ec9
illustrative_benchmark,mixture,pD=0.75 manifold mixture,0.75,0.7499999999999999,5.866666666666667e-06,5.866666666666666,7.799996794708542e-05,0.00030677869861399647,0.0003847786665610819,0.3401257782822415,0.029033060433541074,0.6304563826176508,0.3691588387157826,1000000.0,8e-06,1.0,1000000.0,0.1,100000.0,0.1,100000.0,1.0,1000000.0,1.0,1000000.0,0.1,100000.0,constant-generator matrix exponential Pade(13),61,True,dimensionless populations/per-encounter cumulative yields,dimensionless except time_s and reference_rate_s^-1,"Illustrative one-factor-at-a-time grid; bounds are not measured ranges or probability priors. Results are populations and per-encounter yields, not concentrations or biological fluxes. No encounter yield is converted to molarity, and no continuous biological ROS source is modeled.",1d8208b504af787754e184f77640f85675b5b634,01e64b526ae9ed2d5f192ae14068302e806c1e8b44576f4b4eb4b5f83a8e8039,configs/doxorubicin_parameters.json,b14b641f69afb70af9ff7557a062c2ce00e0b0cb74381ba69fcfaad4f17f04af,configs/parameter_provenance.csv,86c4261fcb9616a643db79340fe0b7398ba10a5c46464e67e8b697bcfc3a4ec9
illustrative_benchmark,mixture,pD=0.75 manifold mixture,0.75,0.7499999999999999,6e-06,6.0,6.436706156928635e-05,0.0002600177737187348,0.00032438483528802114,0.34013524128078687,0.029036830236648555,0.6305035436472708,0.3691720715174354,1000000.0,8e-06,1.0,1000000.0,0.1,100000.0,0.1,100000.0,1.0,1000000.0,1.0,1000000.0,0.1,100000.0,constant-generator matrix exponential Pade(13),61,True,dimensionless populations/per-encounter cumulative yields,dimensionless except time_s and reference_rate_s^-1,"Illustrative one-factor-at-a-time grid; bounds are not measured ranges or probability priors. Results are populations and per-encounter yields, not concentrations or biological fluxes. No encounter yield is converted to molarity, and no continuous biological ROS source is modeled.",1d8208b504af787754e184f77640f85675b5b634,01e64b526ae9ed2d5f192ae14068302e806c1e8b44576f4b4eb4b5f83a8e8039,configs/doxorubicin_parameters.json,b14b641f69afb70af9ff7557a062c2ce00e0b0cb74381ba69fcfaad4f17f04af,configs/parameter_provenance.csv,86c4261fcb9616a643db79340fe0b7398ba10a5c46464e67e8b697bcfc3a4ec9
illustrative_benchmark,mixture,pD=0.75 manifold mixture,0.75,0.7499999999999999,6.133333333333334e-06,6.133333333333334,5.3061594033029254e-05,0.00022055306574263357,0.00027361465977566285,0.3401430461868981,0.029040026633311258,0.6305433125200092,0.36918307282020935,1000000.0,8e-06,1.0,1000000.0,0.1,100000.0,0.1,100000.0,1.0,1000000.0,1.0,1000000.0,0.1,100000.0,constant-generator matrix exponential Pade(13),61,True,dimensionless populations/per-encounter cumulative yields,dimensionless except time_s and reference_rate_s^-1,"Illustrative one-factor-at-a-time grid; bounds are not measured ranges or probability priors. Results are populations and per-encounter yields, not concentrations or biological fluxes. No encounter yield is converted to molarity, and no continuous biological ROS source is modeled.",1d8208b504af787754e184f77640f85675b5b634,01e64b526ae9ed2d5f192ae14068302e806c1e8b44576f4b4eb4b5f83a8e8039,configs/doxorubicin_parameters.json,b14b641f69afb70af9ff7557a062c2ce00e0b0cb74381ba69fcfaad4f17f04af,configs/parameter_provenance.csv,86c4261fcb9616a643db79340fe0b7398ba10a5c46464e67e8b697bcfc3a4ec9
illustrative_benchmark,mixture,pD=0.75 manifold mixture,0.75,0.7499999999999999,6.266666666666667e-06,6.2666666666666675,4.37099193401553e-05,0.00018720748247377987,0.00023091740181393515,0.3401494777959384,0.029042738818754986,0.6305768659834867,0.36919221661469337,1000000.0,8e-06,1.0,1000000.0,0.1,100000.0,0.1,100000.0,1.0,1000000.0,1.0,1000000.0,0.1,100000.0,constant-generator matrix exponential Pade(13),61,True,dimensionless populations/per-encounter cumulative yields,dimensionless except time_s and reference_rate_s^-1,"Illustrative one-factor-at-a-time grid; bounds are not measured ranges or probability priors. Results are populations and per-encounter yields, not concentrations or biological fluxes. No encounter yield is converted to molarity, and no continuous biological ROS source is modeled.",1d8208b504af787754e184f77640f85675b5b634,01e64b526ae9ed2d5f192ae14068302e806c1e8b44576f4b4eb4b5f83a8e8039,configs/doxorubicin_parameters.json,b14b641f69afb70af9ff7557a062c2ce00e0b0cb74381ba69fcfaad4f17f04af,configs/parameter_provenance.csv,86c4261fcb9616a643db79340fe0b7398ba10a5c46464e67e8b697bcfc3a4ec9
illustrative_benchmark,mixture,pD=0.75 manifold mixture,0.75,0.7499999999999999,6.4e-06,6.3999999999999995,3.599136639702134e-05,0.00015900112877925032,0.00019499249517627168,0.3401547746785255,0.029045041649797106,0.6306051911764949,0.3691998163283226,1000000.0,8e-06,1.0,1000000.0,0.1,100000.0,0.1,100000.0,1.0,1000000.0,1.0,1000000.0,0.1,100000.0,constant-generator matrix exponential Pade(13),61,True,dimensionless populations/per-encounter cumulative yields,dimensionless except time_s and reference_rate_s^-1,"Illustrative one-factor-at-a-time grid; bounds are not measured ranges or probability priors. Results are populations and per-encounter yields, not concentrations or biological fluxes. No encounter yield is converted to molarity, and no continuous biological ROS source is modeled.",1d8208b504af787754e184f77640f85675b5b634,01e64b526ae9ed2d5f192ae14068302e806c1e8b44576f4b4eb4b5f83a8e8039,configs/doxorubicin_parameters.json,b14b641f69afb70af9ff7557a062c2ce00e0b0cb74381ba69fcfaad4f17f04af,configs/parameter_provenance.csv,86c4261fcb9616a643db79340fe0b7398ba10a5c46464e67e8b697bcfc3a4ec9
illustrative_benchmark,mixture,pD=0.75 manifold mixture,0.75,0.7499999999999999,6.533333333333333e-06,6.533333333333333,2.9632565420892534e-05,0.0001351172640636593,0.00016474982948455185,0.3401591358652578,0.02904699803999956,0.6306291162652516,0.36920613390525736,1000000.0,8e-06,1.0,1000000.0,0.1,100000.0,0.1,100000.0,1.0,1000000.0,1.0,1000000.0,0.1,100000.0,constant-generator matrix exponential Pade(13),61,True,dimensionless populations/per-encounter cumulative yields,dimensionless except time_s and reference_rate_s^-1,"Illustrative one-factor-at-a-time grid; bounds are not measured ranges or probability priors. Results are populations and per-encounter yields, not concentrations or biological fluxes. No encounter yield is converted to molarity, and no continuous biological ROS source is modeled.",1d8208b504af787754e184f77640f85675b5b634,01e64b526ae9ed2d5f192ae14068302e806c1e8b44576f4b4eb4b5f83a8e8039,configs/doxorubicin_parameters.json,b14b641f69afb70af9ff7557a062c2ce00e0b0cb74381ba69fcfaad4f17f04af,configs/parameter_provenance.csv,86c4261fcb9616a643db79340fe0b7398ba10a5c46464e67e8b697bcfc3a4ec9
illustrative_benchmark,mixture,pD=0.75 manifold mixture,0.75,0.7499999999999999,6.666666666666667e-06,6.666666666666667,2.4401900296288748e-05,0.00011487417950786204,0.0001392760798041508,0.3401627267813615,0.029048660941588016,0.6306493361972397,0.36921138772294954,1000000.0,8e-06,1.0,1000000.0,0.1,100000.0,0.1,100000.0,1.0,1000000.0,1.0,1000000.0,0.1,100000.0,constant-generator matrix exponential Pade(13),61,True,dimensionless populations/per-encounter cumulative yields,dimensionless except time_s and reference_rate_s^-1,"Illustrative one-factor-at-a-time grid; bounds are not measured ranges or probability priors. Results are populations and per-encounter yields, not concentrations or biological fluxes. No encounter yield is converted to molarity, and no continuous biological ROS source is modeled.",1d8208b504af787754e184f77640f85675b5b634,01e64b526ae9ed2d5f192ae14068302e806c1e8b44576f4b4eb4b5f83a8e8039,configs/doxorubicin_parameters.json,b14b641f69afb70af9ff7557a062c2ce00e0b0cb74381ba69fcfaad4f17f04af,configs/parameter_provenance.csv,86c4261fcb9616a643db79340fe0b7398ba10a5c46464e67e8b697bcfc3a4ec9
illustrative_benchmark,mixture,pD=0.75 manifold mixture,0.75,0.7499999999999999,6.8e-06,6.8,2.0104237295988153e-05,9.77019967374352e-05,0.00011780623403342335,0.34016568445871415,0.02905007498623033,0.6306664343210153,0.36921575944494445,1000000.0,8e-06,1.0,1000000.0,0.1,100000.0,0.1,100000.0,1.0,1000000.0,1.0,1000000.0,0.1,100000.0,constant-generator matrix exponential Pade(13),61,True,dimensionless populations/per-encounter cumulative yields,dimensionless except time_s and reference_rate_s^-1,"Illustrative one-factor-at-a-time grid; bounds are not measured ranges or probability priors. Results are populations and per-encounter yields, not concentrations or biological fluxes. No encounter yield is converted to molarity, and no continuous biological ROS source is modeled.",1d8208b504af787754e184f77640f85675b5b634,01e64b526ae9ed2d5f192ae14068302e806c1e8b44576f4b4eb4b5f83a8e8039,configs/doxorubicin_parameters.json,b14b641f69afb70af9ff7557a062c2ce00e0b0cb74381ba69fcfaad4f17f04af,configs/parameter_provenance.csv,86c4261fcb9616a643db79340fe0b7398ba10a5c46464e67e8b697bcfc3a4ec9
illustrative_benchmark,mixture,pD=0.75 manifold mixture,0.75,0.7499999999999999,6.933333333333334e-06,6.933333333333334,1.6576028761509134e-05,8.31235433363648e-05,9.969957209787393e-05,0.3401681220691841,0.02905127784450264,0.6306809005142083,0.36921939991368674,1000000.0,8e-06,1.0,1000000.0,0.1,100000.0,0.1,100000.0,1.0,1000000.0,1.0,1000000.0,0.1,100000.0,constant-generator matrix exponential Pade(13),61,True,dimensionless populations/per-encounter cumulative yields,dimensionless except time_s and reference_rate_s^-1,"Illustrative one-factor-at-a-time grid; bounds are not measured ranges or probability priors. Results are populations and per-encounter yields, not concentrations or biological fluxes. No encounter yield is converted to molarity, and no continuous biological ROS source is modeled.",1d8208b504af787754e184f77640f85675b5b634,01e64b526ae9ed2d5f192ae14068302e806c1e8b44576f4b4eb4b5f83a8e8039,configs/doxorubicin_parameters.json,b14b641f69afb70af9ff7557a062c2ce00e0b0cb74381ba69fcfaad4f17f04af,configs/parameter_provenance.csv,86c4261fcb9616a643db79340fe0b7398ba10a5c46464e67e8b697bcfc3a4ec9
illustrative_benchmark,mixture,pD=0.75 manifold mixture,0.75,0.7499999999999999,7.066666666666667e-06,7.066666666666667,1.3680848800269669e-05,7.073859538808447e-05,8.441944418835414e-05,0.3401701328334914,0.02905230135352946,0.6306931463687837,0.36922243418702083,1000000.0,8e-06,1.0,1000000.0,0.1,100000.0,0.1,100000.0,1.0,1000000.0,1.0,1000000.0,0.1,100000.0,constant-generator matrix exponential Pade(13),61,True,dimensionless populations/per-encounter cumulative yields,dimensionless except time_s and reference_rate_s^-1,"Illustrative one-factor-at-a-time grid; bounds are not measured ranges or probability priors. Results are populations and per-encounter yields, not concentrations or biological fluxes. No encounter yield is converted to molarity, and no continuous biological ROS source is modeled.",1d8208b504af787754e184f77640f85675b5b634,01e64b526ae9ed2d5f192ae14068302e806c1e8b44576f4b4eb4b5f83a8e8039,configs/doxorubicin_parameters.json,b14b641f69afb70af9ff7557a062c2ce00e0b0cb74381ba69fcfaad4f17f04af,configs/parameter_provenance.csv,86c4261fcb9616a643db79340fe0b7398ba10a5c46464e67e8b697bcfc3a4ec9
illustrative_benchmark,mixture,pD=0.75 manifold mixture,0.75,0.7499999999999999,7.2000000000000005e-06,7.2,1.1305385943704844e-05,6.021089393727577e-05,7.151627988098061e-05,0.3401717933651618,0.02905317245361732,0.6307035179013328,0.3692249658187791,1000000.0,8e-06,1.0,1000000.0,0.1,100000.0,0.1,100000.0,1.0,1000000.0,1.0,1000000.0,0.1,100000.0,constant-generator matrix exponential Pade(13),61,True,dimensionless populations/per-encounter cumulative yields,dimensionless except time_s and reference_rate_s^-1,"Illustrative one-factor-at-a-time grid; bounds are not measured ranges or probability priors. Results are populations and per-encounter yields, not concentrations or biological fluxes. No encounter yield is converted to molarity, and no continuous biological ROS source is modeled.",1d8208b504af787754e184f77640f85675b5b634,01e64b526ae9ed2d5f192ae14068302e806c1e8b44576f4b4eb4b5f83a8e8039,configs/doxorubicin_parameters.json,b14b641f69afb70af9ff7557a062c2ce00e0b0cb74381ba69fcfaad4f17f04af,configs/parameter_provenance.csv,86c4261fcb9616a643db79340fe0b7398ba10a5c46464e67e8b697bcfc3a4ec9
illustrative_benchmark,mixture,pD=0.75 manifold mixture,0.75,0.7499999999999999,7.333333333333333e-06,7.333333333333333,9.355893830312673e-06,5.1257442305438424e-05,6.0613336135751094e-05,0.3401731665108006,0.029053913967478005,0.6307123061855784,0.3692270804782786,1000000.0,8e-06,1.0,1000000.0,0.1,100000.0,0.1,100000.0,1.0,1000000.0,1.0,1000000.0,0.1,100000.0,constant-generator matrix exponential Pade(13),61,True,dimensionless populations/per-encounter cumulative yields,dimensionless except time_s and reference_rate_s^-1,"Illustrative one-factor-at-a-time grid; bounds are not measured ranges or probability priors. Results are populations and per-encounter yields, not concentrations or biological fluxes. No encounter yield is converted to molarity, and no continuous biological ROS source is modeled.",1d8208b504af787754e184f77640f85675b5b634,01e64b526ae9ed2d5f192ae14068302e806c1e8b44576f4b4eb4b5f83a8e8039,configs/doxorubicin_parameters.json,b14b641f69afb70af9ff7557a062c2ce00e0b0cb74381ba69fcfaad4f17f04af,configs/parameter_provenance.csv,86c4261fcb9616a643db79340fe0b7398ba10a5c46464e67e8b697bcfc3a4ec9
illustrative_benchmark,mixture,pD=0.75 manifold mixture,0.75,0.7499999999999999,7.466666666666667e-06,7.466666666666667,7.755084020870529e-06,4.3639676177053524e-05,5.139476019792405e-05,0.34017430374684804,0.029054545249645524,0.6307197562433012,0.36922884899649355,1000000.0,8e-06,1.0,1000000.0,0.1,100000.0,0.1,100000.0,1.0,1000000.0,1.0,1000000.0,0.1,100000.0,constant-generator matrix exponential Pade(13),61,True,dimensionless populations/per-encounter cumulative yields,dimensionless except time_s and reference_rate_s^-1,"Illustrative one-factor-at-a-time grid; bounds are not measured ranges or probability priors. Results are populations and per-encounter yields, not concentrations or biological fluxes. No encounter yield is converted to molarity, and no continuous biological ROS source is modeled.",1d8208b504af787754e184f77640f85675b5b634,01e64b526ae9ed2d5f192ae14068302e806c1e8b44576f4b4eb4b5f83a8e8039,configs/doxorubicin_parameters.json,b14b641f69afb70af9ff7557a062c2ce00e0b0cb74381ba69fcfaad4f17f04af,configs/parameter_provenance.csv,86c4261fcb9616a643db79340fe0b7398ba10a5c46464e67e8b697bcfc3a4ec9
illustrative_benchmark,mixture,pD=0.75 manifold mixture,0.75,0.7499999999999999,7.6e-06,7.6,6.439433731307115e-06,3.715617000073013e-05,4.359560373203724e-05,0.3401752471900538,0.02905508272874136,0.6307260744774654,0.3692303299187952,1000000.0,8e-06,1.0,1000000.0,0.1,100000.0,0.1,100000.0,1.0,1000000.0,1.0,1000000.0,0.1,100000.0,constant-generator matrix exponential Pade(13),61,True,dimensionless populations/per-encounter cumulative yields,dimensionless except time_s and reference_rate_s^-1,"Illustrative one-factor-at-a-time grid; bounds are not measured ranges or probability priors. Results are populations and per-encounter yields, not concentrations or biological fluxes. No encounter yield is converted to molarity, and no continuous biological ROS source is modeled.",1d8208b504af787754e184f77640f85675b5b634,01e64b526ae9ed2d5f192ae14068302e806c1e8b44576f4b4eb4b5f83a8e8039,configs/doxorubicin_parameters.json,b14b641f69afb70af9ff7557a062c2ce00e0b0cb74381ba69fcfaad4f17f04af,configs/parameter_provenance.csv,86c4261fcb9616a643db79340fe0b7398ba10a5c46464e67e8b697bcfc3a4ec9
illustrative_benchmark,mixture,pD=0.75 manifold mixture,0.75,0.7499999999999999,7.733333333333333e-06,7.7333333333333325,5.356874394301362e-06,3.163660320213583e-05,3.6993477596437194e-05,0.3401760312747745,0.029055540361168093,0.6307314348864536,0.3692315716359426,1000000.0,8e-06,1.0,1000000.0,0.1,100000.0,0.1,100000.0,1.0,1000000.0,1.0,1000000.0,0.1,100000.0,constant-generator matrix exponential Pade(13),61,True,dimensionless populations/per-encounter cumulative yields,dimensionless except time_s and reference_rate_s^-1,"Illustrative one-factor-at-a-time grid; bounds are not measured ranges or probability priors. Results are populations and per-encounter yields, not concentrations or biological fluxes. No encounter yield is converted to molarity, and no continuous biological ROS source is modeled.",1d8208b504af787754e184f77640f85675b5b634,01e64b526ae9ed2d5f192ae14068302e806c1e8b44576f4b4eb4b5f83a8e8039,configs/doxorubicin_parameters.json,b14b641f69afb70af9ff7557a062c2ce00e0b0cb74381ba69fcfaad4f17f04af,configs/parameter_provenance.csv,86c4261fcb9616a643db79340fe0b7398ba10a5c46464e67e8b697bcfc3a4ec9
illustrative_benchmark,mixture,pD=0.75 manifold mixture,0.75,0.7499999999999999,7.866666666666667e-06,7.866666666666667,4.464823488435127e-06,2.6936759578737837e-05,3.140158306717296e-05,0.3401766841453915,0.029055930011467643,0.630735984260066,0.36923261415685915,1000000.0,8e-06,1.0,1000000.0,0.1,100000.0,0.1,100000.0,1.0,1000000.0,1.0,1000000.0,0.1,100000.0,constant-generator matrix exponential Pade(13),61,True,dimensionless populations/per-encounter cumulative yields,dimensionless except time_s and reference_rate_s^-1,"Illustrative one-factor-at-a-time grid; bounds are not measured ranges or probability priors. Results are populations and per-encounter yields, not concentrations or biological fluxes. No encounter yield is converted to molarity, and no continuous biological ROS source is modeled.",1d8208b504af787754e184f77640f85675b5b634,01e64b526ae9ed2d5f192ae14068302e806c1e8b44576f4b4eb4b5f83a8e8039,configs/doxorubicin_parameters.json,b14b641f69afb70af9ff7557a062c2ce00e0b0cb74381ba69fcfaad4f17f04af,configs/parameter_provenance.csv,86c4261fcb9616a643db79340fe0b7398ba10a5c46464e67e8b697bcfc3a4ec9
illustrative_benchmark,mixture,pD=0.75 manifold mixture,0.75,0.7499999999999999,8e-06,8.0,3.7285211162978853e-06,2.293437451112579e-05,2.666289562742368e-05,0.3401772288070486,0.029056261771842666,0.6307398465254733,0.36923349057889127,1000000.0,8e-06,1.0,1000000.0,0.1,100000.0,0.1,100000.0,1.0,1000000.0,1.0,1000000.0,0.1,100000.0,constant-generator matrix exponential Pade(13),61,True,dimensionless populations/per-encounter cumulative yields,dimensionless except time_s and reference_rate_s^-1,"Illustrative one-factor-at-a-time grid; bounds are not measured ranges or probability priors. Results are populations and per-encounter yields, not concentrations or biological fluxes. No encounter yield is converted to molarity, and no continuous biological ROS source is modeled.",1d8208b504af787754e184f77640f85675b5b634,01e64b526ae9ed2d5f192ae14068302e806c1e8b44576f4b4eb4b5f83a8e8039,configs/doxorubicin_parameters.json,b14b641f69afb70af9ff7557a062c2ce00e0b0cb74381ba69fcfaad4f17f04af,configs/parameter_provenance.csv,86c4261fcb9616a643db79340fe0b7398ba10a5c46464e67e8b697bcfc3a4ec9
