scenario_id,scenario_label,time_s,initial_radical_pulse_m,radical_pool_m,ho2_m,o2minus_m,hydrogen_peroxide_m,accumulated_hydrogen_peroxide_loss_m,radical_equivalent_balance_m,radical_equivalent_balance_error_m,pH,pKa_HO2,k_HO2_HO2_m^-1_s^-1,k_HO2_O2minus_m^-1_s^-1,k_SOD_m^-1_s^-1,SOD_m,k_H2O2_loss_s^-1,solver,solver_samples,assumptions,non_predictive,output_class,units,limitations,git_commit,source_fingerprint_sha256,config_path,config_sha256,provenance_path,provenance_sha256
spontaneous_only,Spontaneous only,0.0,1e-05,1e-05,3.010859071369541e-08,9.969891409286304e-06,0.0,0.0,1e-05,0.0,7.4,4.88,760000.0,85000000.0,,0.0,,analytic Riccati radical-pool solution plus integrating-factor adaptive quadrature for H2O2,61,"[""fixed pH"", ""rapid HO2/O2-minus acid-base equilibrium"", ""constant SOD concentration"", ""constant elementary rate coefficients"", ""single-pulse radical decay with no continuous source"", ""first-order H2O2 loss when enabled""]",True,illustrative single-pulse molar concentration,M except time_s and rate fields,"Fixed pH, rapid equilibrium, constant SOD and rates, single pulse; not continuously driven cellular ROS.",ae188e2ba41fafda0a98499db6e2918fccc0fc4f,1afbda6f7c930e34dd90ab95767796d038c4429c4f4c40c50f3e68f50bf98a71,configs/doxorubicin_parameters.json,0b7d200aedee3aed703b810ad54927a2126d9ee0952f6ef87cf5ebb57992d345,configs/parameter_provenance.csv,86c4261fcb9616a643db79340fe0b7398ba10a5c46464e67e8b697bcfc3a4ec9
spontaneous_only,Spontaneous only,0.0016666666666666668,1e-05,9.915664181613964e-06,2.985466744986644e-08,9.885809514164097e-06,4.2167909193018213e-08,0.0,1e-05,0.0,7.4,4.88,760000.0,85000000.0,,0.0,,analytic Riccati radical-pool solution plus integrating-factor adaptive quadrature for H2O2,61,"[""fixed pH"", ""rapid HO2/O2-minus acid-base equilibrium"", ""constant SOD concentration"", ""constant elementary rate coefficients"", ""single-pulse radical decay with no continuous source"", ""first-order H2O2 loss when enabled""]",True,illustrative single-pulse molar concentration,M except time_s and rate fields,"Fixed pH, rapid equilibrium, constant SOD and rates, single pulse; not continuously driven cellular ROS.",ae188e2ba41fafda0a98499db6e2918fccc0fc4f,1afbda6f7c930e34dd90ab95767796d038c4429c4f4c40c50f3e68f50bf98a71,configs/doxorubicin_parameters.json,0b7d200aedee3aed703b810ad54927a2126d9ee0952f6ef87cf5ebb57992d345,configs/parameter_provenance.csv,86c4261fcb9616a643db79340fe0b7398ba10a5c46464e67e8b697bcfc3a4ec9
spontaneous_only,Spontaneous only,0.0033333333333333335,1e-05,9.832738972789314e-06,2.9604991332631526e-08,9.803133981456683e-06,8.36305136053435e-08,0.0,1e-05,0.0,7.4,4.88,760000.0,85000000.0,,0.0,,analytic Riccati radical-pool solution plus integrating-factor adaptive quadrature for H2O2,61,"[""fixed pH"", ""rapid HO2/O2-minus acid-base equilibrium"", ""constant SOD concentration"", ""constant elementary rate coefficients"", ""single-pulse radical decay with no continuous source"", ""first-order H2O2 loss when enabled""]",True,illustrative single-pulse molar concentration,M except time_s and rate fields,"Fixed pH, rapid equilibrium, constant SOD and rates, single pulse; not continuously driven cellular ROS.",ae188e2ba41fafda0a98499db6e2918fccc0fc4f,1afbda6f7c930e34dd90ab95767796d038c4429c4f4c40c50f3e68f50bf98a71,configs/doxorubicin_parameters.json,0b7d200aedee3aed703b810ad54927a2126d9ee0952f6ef87cf5ebb57992d345,configs/parameter_provenance.csv,86c4261fcb9616a643db79340fe0b7398ba10a5c46464e67e8b697bcfc3a4ec9
spontaneous_only,Spontaneous only,0.005,1e-05,9.75118927604744e-06,2.935945668842882e-08,9.721829819359012e-06,1.2440536197628032e-07,0.0,1e-05,0.0,7.4,4.88,760000.0,85000000.0,,0.0,,analytic Riccati radical-pool solution plus integrating-factor adaptive quadrature for H2O2,61,"[""fixed pH"", ""rapid HO2/O2-minus acid-base equilibrium"", ""constant SOD concentration"", ""constant elementary rate coefficients"", ""single-pulse radical decay with no continuous source"", ""first-order H2O2 loss when enabled""]",True,illustrative single-pulse molar concentration,M except time_s and rate fields,"Fixed pH, rapid equilibrium, constant SOD and rates, single pulse; not continuously driven cellular ROS.",ae188e2ba41fafda0a98499db6e2918fccc0fc4f,1afbda6f7c930e34dd90ab95767796d038c4429c4f4c40c50f3e68f50bf98a71,configs/doxorubicin_parameters.json,0b7d200aedee3aed703b810ad54927a2126d9ee0952f6ef87cf5ebb57992d345,configs/parameter_provenance.csv,86c4261fcb9616a643db79340fe0b7398ba10a5c46464e67e8b697bcfc3a4ec9
spontaneous_only,Spontaneous only,0.006666666666666667,1e-05,9.670981148682926e-06,2.911796132055581e-08,9.64186318736237e-06,1.6450942565853727e-07,0.0,1e-05,0.0,7.4,4.88,760000.0,85000000.0,,0.0,,analytic Riccati radical-pool solution plus integrating-factor adaptive quadrature for H2O2,61,"[""fixed pH"", ""rapid HO2/O2-minus acid-base equilibrium"", ""constant SOD concentration"", ""constant elementary rate coefficients"", ""single-pulse radical decay with no continuous source"", ""first-order H2O2 loss when enabled""]",True,illustrative single-pulse molar concentration,M except time_s and rate fields,"Fixed pH, rapid equilibrium, constant SOD and rates, single pulse; not continuously driven cellular ROS.",ae188e2ba41fafda0a98499db6e2918fccc0fc4f,1afbda6f7c930e34dd90ab95767796d038c4429c4f4c40c50f3e68f50bf98a71,configs/doxorubicin_parameters.json,0b7d200aedee3aed703b810ad54927a2126d9ee0952f6ef87cf5ebb57992d345,configs/parameter_provenance.csv,86c4261fcb9616a643db79340fe0b7398ba10a5c46464e67e8b697bcfc3a4ec9
spontaneous_only,Spontaneous only,0.008333333333333333,1e-05,9.592081755658273e-06,2.888040636734198e-08,9.56320134929093e-06,2.0395912217086415e-07,0.0,1e-05,0.0,7.4,4.88,760000.0,85000000.0,,0.0,,analytic Riccati radical-pool solution plus integrating-factor adaptive quadrature for H2O2,61,"[""fixed pH"", ""rapid HO2/O2-minus acid-base equilibrium"", ""constant SOD concentration"", ""constant elementary rate coefficients"", ""single-pulse radical decay with no continuous source"", ""first-order H2O2 loss when enabled""]",True,illustrative single-pulse molar concentration,M except time_s and rate fields,"Fixed pH, rapid equilibrium, constant SOD and rates, single pulse; not continuously driven cellular ROS.",ae188e2ba41fafda0a98499db6e2918fccc0fc4f,1afbda6f7c930e34dd90ab95767796d038c4429c4f4c40c50f3e68f50bf98a71,configs/doxorubicin_parameters.json,0b7d200aedee3aed703b810ad54927a2126d9ee0952f6ef87cf5ebb57992d345,configs/parameter_provenance.csv,86c4261fcb9616a643db79340fe0b7398ba10a5c46464e67e8b697bcfc3a4ec9
spontaneous_only,Spontaneous only,0.01,1e-05,9.514459324785725e-06,2.8646696167207617e-08,9.485812628618517e-06,2.4277033760713787e-07,0.0,1e-05,0.0,7.4,4.88,760000.0,85000000.0,,0.0,,analytic Riccati radical-pool solution plus integrating-factor adaptive quadrature for H2O2,61,"[""fixed pH"", ""rapid HO2/O2-minus acid-base equilibrium"", ""constant SOD concentration"", ""constant elementary rate coefficients"", ""single-pulse radical decay with no continuous source"", ""first-order H2O2 loss when enabled""]",True,illustrative single-pulse molar concentration,M except time_s and rate fields,"Fixed pH, rapid equilibrium, constant SOD and rates, single pulse; not continuously driven cellular ROS.",ae188e2ba41fafda0a98499db6e2918fccc0fc4f,1afbda6f7c930e34dd90ab95767796d038c4429c4f4c40c50f3e68f50bf98a71,configs/doxorubicin_parameters.json,0b7d200aedee3aed703b810ad54927a2126d9ee0952f6ef87cf5ebb57992d345,configs/parameter_provenance.csv,86c4261fcb9616a643db79340fe0b7398ba10a5c46464e67e8b697bcfc3a4ec9
spontaneous_only,Spontaneous only,0.011666666666666667,1e-05,9.438083104067766e-06,2.8416738130222026e-08,9.409666365937543e-06,2.809584479661174e-07,0.0,1e-05,0.0,7.4,4.88,760000.0,85000000.0,,0.0,,analytic Riccati radical-pool solution plus integrating-factor adaptive quadrature for H2O2,61,"[""fixed pH"", ""rapid HO2/O2-minus acid-base equilibrium"", ""constant SOD concentration"", ""constant elementary rate coefficients"", ""single-pulse radical decay with no continuous source"", ""first-order H2O2 loss when enabled""]",True,illustrative single-pulse molar concentration,M except time_s and rate fields,"Fixed pH, rapid equilibrium, constant SOD and rates, single pulse; not continuously driven cellular ROS.",ae188e2ba41fafda0a98499db6e2918fccc0fc4f,1afbda6f7c930e34dd90ab95767796d038c4429c4f4c40c50f3e68f50bf98a71,configs/doxorubicin_parameters.json,0b7d200aedee3aed703b810ad54927a2126d9ee0952f6ef87cf5ebb57992d345,configs/parameter_provenance.csv,86c4261fcb9616a643db79340fe0b7398ba10a5c46464e67e8b697bcfc3a4ec9
spontaneous_only,Spontaneous only,0.013333333333333334,1e-05,9.362923321075903e-06,2.819044261579881e-08,9.334732878460104e-06,3.185383394620487e-07,0.0,1e-05,0.0,7.4,4.88,760000.0,85000000.0,,0.0,,analytic Riccati radical-pool solution plus integrating-factor adaptive quadrature for H2O2,61,"[""fixed pH"", ""rapid HO2/O2-minus acid-base equilibrium"", ""constant SOD concentration"", ""constant elementary rate coefficients"", ""single-pulse radical decay with no continuous source"", ""first-order H2O2 loss when enabled""]",True,illustrative single-pulse molar concentration,M except time_s and rate fields,"Fixed pH, rapid equilibrium, constant SOD and rates, single pulse; not continuously driven cellular ROS.",ae188e2ba41fafda0a98499db6e2918fccc0fc4f,1afbda6f7c930e34dd90ab95767796d038c4429c4f4c40c50f3e68f50bf98a71,configs/doxorubicin_parameters.json,0b7d200aedee3aed703b810ad54927a2126d9ee0952f6ef87cf5ebb57992d345,configs/parameter_provenance.csv,86c4261fcb9616a643db79340fe0b7398ba10a5c46464e67e8b697bcfc3a4ec9
spontaneous_only,Spontaneous only,0.015000000000000001,1e-05,9.288951144255025e-06,2.7967722816188716e-08,9.260983421438836e-06,3.55524427872488e-07,0.0,1e-05,0.0,7.4,4.88,760000.0,85000000.0,,0.0,,analytic Riccati radical-pool solution plus integrating-factor adaptive quadrature for H2O2,61,"[""fixed pH"", ""rapid HO2/O2-minus acid-base equilibrium"", ""constant SOD concentration"", ""constant elementary rate coefficients"", ""single-pulse radical decay with no continuous source"", ""first-order H2O2 loss when enabled""]",True,illustrative single-pulse molar concentration,M except time_s and rate fields,"Fixed pH, rapid equilibrium, constant SOD and rates, single pulse; not continuously driven cellular ROS.",ae188e2ba41fafda0a98499db6e2918fccc0fc4f,1afbda6f7c930e34dd90ab95767796d038c4429c4f4c40c50f3e68f50bf98a71,configs/doxorubicin_parameters.json,0b7d200aedee3aed703b810ad54927a2126d9ee0952f6ef87cf5ebb57992d345,configs/parameter_provenance.csv,86c4261fcb9616a643db79340fe0b7398ba10a5c46464e67e8b697bcfc3a4ec9
spontaneous_only,Spontaneous only,0.016666666666666666,1e-05,9.2161386460477e-06,2.7748494645452112e-08,9.188390151402248e-06,3.9193067697615074e-07,0.0,1e-05,0.0,7.4,4.88,760000.0,85000000.0,,0.0,,analytic Riccati radical-pool solution plus integrating-factor adaptive quadrature for H2O2,61,"[""fixed pH"", ""rapid HO2/O2-minus acid-base equilibrium"", ""constant SOD concentration"", ""constant elementary rate coefficients"", ""single-pulse radical decay with no continuous source"", ""first-order H2O2 loss when enabled""]",True,illustrative single-pulse molar concentration,M except time_s and rate fields,"Fixed pH, rapid equilibrium, constant SOD and rates, single pulse; not continuously driven cellular ROS.",ae188e2ba41fafda0a98499db6e2918fccc0fc4f,1afbda6f7c930e34dd90ab95767796d038c4429c4f4c40c50f3e68f50bf98a71,configs/doxorubicin_parameters.json,0b7d200aedee3aed703b810ad54927a2126d9ee0952f6ef87cf5ebb57992d345,configs/parameter_provenance.csv,86c4261fcb9616a643db79340fe0b7398ba10a5c46464e67e8b697bcfc3a4ec9
spontaneous_only,Spontaneous only,0.018333333333333333,1e-05,9.14445876773929e-06,2.7532676633612572e-08,9.116926091105676e-06,4.277706161303555e-07,0.0,1e-05,0.0,7.4,4.88,760000.0,85000000.0,,0.0,,analytic Riccati radical-pool solution plus integrating-factor adaptive quadrature for H2O2,61,"[""fixed pH"", ""rapid HO2/O2-minus acid-base equilibrium"", ""constant SOD concentration"", ""constant elementary rate coefficients"", ""single-pulse radical decay with no continuous source"", ""first-order H2O2 loss when enabled""]",True,illustrative single-pulse molar concentration,M except time_s and rate fields,"Fixed pH, rapid equilibrium, constant SOD and rates, single pulse; not continuously driven cellular ROS.",ae188e2ba41fafda0a98499db6e2918fccc0fc4f,1afbda6f7c930e34dd90ab95767796d038c4429c4f4c40c50f3e68f50bf98a71,configs/doxorubicin_parameters.json,0b7d200aedee3aed703b810ad54927a2126d9ee0952f6ef87cf5ebb57992d345,configs/parameter_provenance.csv,86c4261fcb9616a643db79340fe0b7398ba10a5c46464e67e8b697bcfc3a4ec9
spontaneous_only,Spontaneous only,0.02,1e-05,9.073885285930945e-06,2.7320189825711788e-08,9.046565096105234e-06,4.6305735703452767e-07,0.0,1e-05,0.0,7.4,4.88,760000.0,85000000.0,,0.0,,analytic Riccati radical-pool solution plus integrating-factor adaptive quadrature for H2O2,61,"[""fixed pH"", ""rapid HO2/O2-minus acid-base equilibrium"", ""constant SOD concentration"", ""constant elementary rate coefficients"", ""single-pulse radical decay with no continuous source"", ""first-order H2O2 loss when enabled""]",True,illustrative single-pulse molar concentration,M except time_s and rate fields,"Fixed pH, rapid equilibrium, constant SOD and rates, single pulse; not continuously driven cellular ROS.",ae188e2ba41fafda0a98499db6e2918fccc0fc4f,1afbda6f7c930e34dd90ab95767796d038c4429c4f4c40c50f3e68f50bf98a71,configs/doxorubicin_parameters.json,0b7d200aedee3aed703b810ad54927a2126d9ee0952f6ef87cf5ebb57992d345,configs/parameter_provenance.csv,86c4261fcb9616a643db79340fe0b7398ba10a5c46464e67e8b697bcfc3a4ec9
spontaneous_only,Spontaneous only,0.021666666666666667,1e-05,9.004392780553217e-06,2.7110957685503056e-08,8.977281822867713e-06,4.97803609723392e-07,0.0,1e-05,0.0,7.4,4.88,760000.0,85000000.0,,0.0,,analytic Riccati radical-pool solution plus integrating-factor adaptive quadrature for H2O2,61,"[""fixed pH"", ""rapid HO2/O2-minus acid-base equilibrium"", ""constant SOD concentration"", ""constant elementary rate coefficients"", ""single-pulse radical decay with no continuous source"", ""first-order H2O2 loss when enabled""]",True,illustrative single-pulse molar concentration,M except time_s and rate fields,"Fixed pH, rapid equilibrium, constant SOD and rates, single pulse; not continuously driven cellular ROS.",ae188e2ba41fafda0a98499db6e2918fccc0fc4f,1afbda6f7c930e34dd90ab95767796d038c4429c4f4c40c50f3e68f50bf98a71,configs/doxorubicin_parameters.json,0b7d200aedee3aed703b810ad54927a2126d9ee0952f6ef87cf5ebb57992d345,configs/parameter_provenance.csv,86c4261fcb9616a643db79340fe0b7398ba10a5c46464e67e8b697bcfc3a4ec9
spontaneous_only,Spontaneous only,0.023333333333333334,1e-05,8.935956604338274e-06,2.690490600353645e-08,8.909051698334738e-06,5.320216978308635e-07,0.0,1e-05,0.0,7.4,4.88,760000.0,85000000.0,,0.0,,analytic Riccati radical-pool solution plus integrating-factor adaptive quadrature for H2O2,61,"[""fixed pH"", ""rapid HO2/O2-minus acid-base equilibrium"", ""constant SOD concentration"", ""constant elementary rate coefficients"", ""single-pulse radical decay with no continuous source"", ""first-order H2O2 loss when enabled""]",True,illustrative single-pulse molar concentration,M except time_s and rate fields,"Fixed pH, rapid equilibrium, constant SOD and rates, single pulse; not continuously driven cellular ROS.",ae188e2ba41fafda0a98499db6e2918fccc0fc4f,1afbda6f7c930e34dd90ab95767796d038c4429c4f4c40c50f3e68f50bf98a71,configs/doxorubicin_parameters.json,0b7d200aedee3aed703b810ad54927a2126d9ee0952f6ef87cf5ebb57992d345,configs/parameter_provenance.csv,86c4261fcb9616a643db79340fe0b7398ba10a5c46464e67e8b697bcfc3a4ec9
spontaneous_only,Spontaneous only,0.025,1e-05,8.868552853673786e-06,2.6701962809403946e-08,8.841850890864382e-06,5.657235731631074e-07,0.0,1e-05,0.0,7.4,4.88,760000.0,85000000.0,,0.0,,analytic Riccati radical-pool solution plus integrating-factor adaptive quadrature for H2O2,61,"[""fixed pH"", ""rapid HO2/O2-minus acid-base equilibrium"", ""constant SOD concentration"", ""constant elementary rate coefficients"", ""single-pulse radical decay with no continuous source"", ""first-order H2O2 loss when enabled""]",True,illustrative single-pulse molar concentration,M except time_s and rate fields,"Fixed pH, rapid equilibrium, constant SOD and rates, single pulse; not continuously driven cellular ROS.",ae188e2ba41fafda0a98499db6e2918fccc0fc4f,1afbda6f7c930e34dd90ab95767796d038c4429c4f4c40c50f3e68f50bf98a71,configs/doxorubicin_parameters.json,0b7d200aedee3aed703b810ad54927a2126d9ee0952f6ef87cf5ebb57992d345,configs/parameter_provenance.csv,86c4261fcb9616a643db79340fe0b7398ba10a5c46464e67e8b697bcfc3a4ec9
spontaneous_only,Spontaneous only,0.02666666666666667,1e-05,8.802158340765978e-06,2.650205828792631e-08,8.775656282478052e-06,5.989208296170114e-07,0.0,1e-05,0.0,7.4,4.88,760000.0,85000000.0,,0.0,,analytic Riccati radical-pool solution plus integrating-factor adaptive quadrature for H2O2,61,"[""fixed pH"", ""rapid HO2/O2-minus acid-base equilibrium"", ""constant SOD concentration"", ""constant elementary rate coefficients"", ""single-pulse radical decay with no continuous source"", ""first-order H2O2 loss when enabled""]",True,illustrative single-pulse molar concentration,M except time_s and rate fields,"Fixed pH, rapid equilibrium, constant SOD and rates, single pulse; not continuously driven cellular ROS.",ae188e2ba41fafda0a98499db6e2918fccc0fc4f,1afbda6f7c930e34dd90ab95767796d038c4429c4f4c40c50f3e68f50bf98a71,configs/doxorubicin_parameters.json,0b7d200aedee3aed703b810ad54927a2126d9ee0952f6ef87cf5ebb57992d345,configs/parameter_provenance.csv,86c4261fcb9616a643db79340fe0b7398ba10a5c46464e67e8b697bcfc3a4ec9
spontaneous_only,Spontaneous only,0.028333333333333335,1e-05,8.736750567043842e-06,2.630512469907693e-08,8.710445442344766e-06,6.316247164780793e-07,0.0,1e-05,0.0,7.4,4.88,760000.0,85000000.0,,0.0,,analytic Riccati radical-pool solution plus integrating-factor adaptive quadrature for H2O2,61,"[""fixed pH"", ""rapid HO2/O2-minus acid-base equilibrium"", ""constant SOD concentration"", ""constant elementary rate coefficients"", ""single-pulse radical decay with no continuous source"", ""first-order H2O2 loss when enabled""]",True,illustrative single-pulse molar concentration,M except time_s and rate fields,"Fixed pH, rapid equilibrium, constant SOD and rates, single pulse; not continuously driven cellular ROS.",ae188e2ba41fafda0a98499db6e2918fccc0fc4f,1afbda6f7c930e34dd90ab95767796d038c4429c4f4c40c50f3e68f50bf98a71,configs/doxorubicin_parameters.json,0b7d200aedee3aed703b810ad54927a2126d9ee0952f6ef87cf5ebb57992d345,configs/parameter_provenance.csv,86c4261fcb9616a643db79340fe0b7398ba10a5c46464e67e8b697bcfc3a4ec9
spontaneous_only,Spontaneous only,0.030000000000000002,1e-05,8.672307697740362e-06,2.6111096301449466e-08,8.646196601438913e-06,6.638461511298194e-07,0.0,1e-05,0.0,7.4,4.88,760000.0,85000000.0,,0.0,,analytic Riccati radical-pool solution plus integrating-factor adaptive quadrature for H2O2,61,"[""fixed pH"", ""rapid HO2/O2-minus acid-base equilibrium"", ""constant SOD concentration"", ""constant elementary rate coefficients"", ""single-pulse radical decay with no continuous source"", ""first-order H2O2 loss when enabled""]",True,illustrative single-pulse molar concentration,M except time_s and rate fields,"Fixed pH, rapid equilibrium, constant SOD and rates, single pulse; not continuously driven cellular ROS.",ae188e2ba41fafda0a98499db6e2918fccc0fc4f,1afbda6f7c930e34dd90ab95767796d038c4429c4f4c40c50f3e68f50bf98a71,configs/doxorubicin_parameters.json,0b7d200aedee3aed703b810ad54927a2126d9ee0952f6ef87cf5ebb57992d345,configs/parameter_provenance.csv,86c4261fcb9616a643db79340fe0b7398ba10a5c46464e67e8b697bcfc3a4ec9
spontaneous_only,Spontaneous only,0.03166666666666667,1e-05,8.608808537590439e-06,2.5919909279087725e-08,8.582888628311352e-06,6.955957312047808e-07,0.0,1e-05,0.0,7.4,4.88,760000.0,85000000.0,,0.0,,analytic Riccati radical-pool solution plus integrating-factor adaptive quadrature for H2O2,61,"[""fixed pH"", ""rapid HO2/O2-minus acid-base equilibrium"", ""constant SOD concentration"", ""constant elementary rate coefficients"", ""single-pulse radical decay with no continuous source"", ""first-order H2O2 loss when enabled""]",True,illustrative single-pulse molar concentration,M except time_s and rate fields,"Fixed pH, rapid equilibrium, constant SOD and rates, single pulse; not continuously driven cellular ROS.",ae188e2ba41fafda0a98499db6e2918fccc0fc4f,1afbda6f7c930e34dd90ab95767796d038c4429c4f4c40c50f3e68f50bf98a71,configs/doxorubicin_parameters.json,0b7d200aedee3aed703b810ad54927a2126d9ee0952f6ef87cf5ebb57992d345,configs/parameter_provenance.csv,86c4261fcb9616a643db79340fe0b7398ba10a5c46464e67e8b697bcfc3a4ec9
spontaneous_only,Spontaneous only,0.03333333333333333,1e-05,8.546232507588733e-06,2.5731501671506794e-08,8.520501005917225e-06,7.268837462056341e-07,0.0,1e-05,0.0,7.4,4.88,760000.0,85000000.0,,0.0,,analytic Riccati radical-pool solution plus integrating-factor adaptive quadrature for H2O2,61,"[""fixed pH"", ""rapid HO2/O2-minus acid-base equilibrium"", ""constant SOD concentration"", ""constant elementary rate coefficients"", ""single-pulse radical decay with no continuous source"", ""first-order H2O2 loss when enabled""]",True,illustrative single-pulse molar concentration,M except time_s and rate fields,"Fixed pH, rapid equilibrium, constant SOD and rates, single pulse; not continuously driven cellular ROS.",ae188e2ba41fafda0a98499db6e2918fccc0fc4f,1afbda6f7c930e34dd90ab95767796d038c4429c4f4c40c50f3e68f50bf98a71,configs/doxorubicin_parameters.json,0b7d200aedee3aed703b810ad54927a2126d9ee0952f6ef87cf5ebb57992d345,configs/parameter_provenance.csv,86c4261fcb9616a643db79340fe0b7398ba10a5c46464e67e8b697bcfc3a4ec9
spontaneous_only,Spontaneous only,0.035,1e-05,8.484559622753808e-06,2.554581330674403e-08,8.459013809447063e-06,7.577201886230964e-07,0.0,1e-05,0.0,7.4,4.88,760000.0,85000000.0,,0.0,,analytic Riccati radical-pool solution plus integrating-factor adaptive quadrature for H2O2,61,"[""fixed pH"", ""rapid HO2/O2-minus acid-base equilibrium"", ""constant SOD concentration"", ""constant elementary rate coefficients"", ""single-pulse radical decay with no continuous source"", ""first-order H2O2 loss when enabled""]",True,illustrative single-pulse molar concentration,M except time_s and rate fields,"Fixed pH, rapid equilibrium, constant SOD and rates, single pulse; not continuously driven cellular ROS.",ae188e2ba41fafda0a98499db6e2918fccc0fc4f,1afbda6f7c930e34dd90ab95767796d038c4429c4f4c40c50f3e68f50bf98a71,configs/doxorubicin_parameters.json,0b7d200aedee3aed703b810ad54927a2126d9ee0952f6ef87cf5ebb57992d345,configs/parameter_provenance.csv,86c4261fcb9616a643db79340fe0b7398ba10a5c46464e67e8b697bcfc3a4ec9
spontaneous_only,Spontaneous only,0.03666666666666667,1e-05,8.4237704708482e-06,2.5362785737288173e-08,8.398407685110912e-06,7.881147645759001e-07,0.0,1e-05,0.0,7.4,4.88,760000.0,85000000.0,,0.0,,analytic Riccati radical-pool solution plus integrating-factor adaptive quadrature for H2O2,61,"[""fixed pH"", ""rapid HO2/O2-minus acid-base equilibrium"", ""constant SOD concentration"", ""constant elementary rate coefficients"", ""single-pulse radical decay with no continuous source"", ""first-order H2O2 loss when enabled""]",True,illustrative single-pulse molar concentration,M except time_s and rate fields,"Fixed pH, rapid equilibrium, constant SOD and rates, single pulse; not continuously driven cellular ROS.",ae188e2ba41fafda0a98499db6e2918fccc0fc4f,1afbda6f7c930e34dd90ab95767796d038c4429c4f4c40c50f3e68f50bf98a71,configs/doxorubicin_parameters.json,0b7d200aedee3aed703b810ad54927a2126d9ee0952f6ef87cf5ebb57992d345,configs/parameter_provenance.csv,86c4261fcb9616a643db79340fe0b7398ba10a5c46464e67e8b697bcfc3a4ec9
spontaneous_only,Spontaneous only,0.03833333333333334,1e-05,8.363846192006725e-06,2.5182362178743036e-08,8.338663829827981e-06,8.18076903996638e-07,0.0,1e-05,0.0,7.4,4.88,760000.0,85000000.0,,0.0,,analytic Riccati radical-pool solution plus integrating-factor adaptive quadrature for H2O2,61,"[""fixed pH"", ""rapid HO2/O2-minus acid-base equilibrium"", ""constant SOD concentration"", ""constant elementary rate coefficients"", ""single-pulse radical decay with no continuous source"", ""first-order H2O2 loss when enabled""]",True,illustrative single-pulse molar concentration,M except time_s and rate fields,"Fixed pH, rapid equilibrium, constant SOD and rates, single pulse; not continuously driven cellular ROS.",ae188e2ba41fafda0a98499db6e2918fccc0fc4f,1afbda6f7c930e34dd90ab95767796d038c4429c4f4c40c50f3e68f50bf98a71,configs/doxorubicin_parameters.json,0b7d200aedee3aed703b810ad54927a2126d9ee0952f6ef87cf5ebb57992d345,configs/parameter_provenance.csv,86c4261fcb9616a643db79340fe0b7398ba10a5c46464e67e8b697bcfc3a4ec9
spontaneous_only,Spontaneous only,0.04,1e-05,8.304768459228165e-06,2.5004487451090764e-08,8.279763971777074e-06,8.476157703859179e-07,0.0,1e-05,0.0,7.4,4.88,760000.0,85000000.0,,0.0,,analytic Riccati radical-pool solution plus integrating-factor adaptive quadrature for H2O2,61,"[""fixed pH"", ""rapid HO2/O2-minus acid-base equilibrium"", ""constant SOD concentration"", ""constant elementary rate coefficients"", ""single-pulse radical decay with no continuous source"", ""first-order H2O2 loss when enabled""]",True,illustrative single-pulse molar concentration,M except time_s and rate fields,"Fixed pH, rapid equilibrium, constant SOD and rates, single pulse; not continuously driven cellular ROS.",ae188e2ba41fafda0a98499db6e2918fccc0fc4f,1afbda6f7c930e34dd90ab95767796d038c4429c4f4c40c50f3e68f50bf98a71,configs/doxorubicin_parameters.json,0b7d200aedee3aed703b810ad54927a2126d9ee0952f6ef87cf5ebb57992d345,configs/parameter_provenance.csv,86c4261fcb9616a643db79340fe0b7398ba10a5c46464e67e8b697bcfc3a4ec9
spontaneous_only,Spontaneous only,0.04166666666666667,1e-05,8.24651945968795e-06,2.4829107922426908e-08,8.221690351765523e-06,8.767402701560253e-07,0.0,1e-05,0.0,7.4,4.88,760000.0,85000000.0,,0.0,,analytic Riccati radical-pool solution plus integrating-factor adaptive quadrature for H2O2,61,"[""fixed pH"", ""rapid HO2/O2-minus acid-base equilibrium"", ""constant SOD concentration"", ""constant elementary rate coefficients"", ""single-pulse radical decay with no continuous source"", ""first-order H2O2 loss when enabled""]",True,illustrative single-pulse molar concentration,M except time_s and rate fields,"Fixed pH, rapid equilibrium, constant SOD and rates, single pulse; not continuously driven cellular ROS.",ae188e2ba41fafda0a98499db6e2918fccc0fc4f,1afbda6f7c930e34dd90ab95767796d038c4429c4f4c40c50f3e68f50bf98a71,configs/doxorubicin_parameters.json,0b7d200aedee3aed703b810ad54927a2126d9ee0952f6ef87cf5ebb57992d345,configs/parameter_provenance.csv,86c4261fcb9616a643db79340fe0b7398ba10a5c46464e67e8b697bcfc3a4ec9
spontaneous_only,Spontaneous only,0.043333333333333335,1e-05,8.189081876831765e-06,2.4656171455046826e-08,8.164425705376718e-06,9.054590615841178e-07,0.0,1e-05,0.0,7.4,4.88,760000.0,85000000.0,,0.0,,analytic Riccati radical-pool solution plus integrating-factor adaptive quadrature for H2O2,61,"[""fixed pH"", ""rapid HO2/O2-minus acid-base equilibrium"", ""constant SOD concentration"", ""constant elementary rate coefficients"", ""single-pulse radical decay with no continuous source"", ""first-order H2O2 loss when enabled""]",True,illustrative single-pulse molar concentration,M except time_s and rate fields,"Fixed pH, rapid equilibrium, constant SOD and rates, single pulse; not continuously driven cellular ROS.",ae188e2ba41fafda0a98499db6e2918fccc0fc4f,1afbda6f7c930e34dd90ab95767796d038c4429c4f4c40c50f3e68f50bf98a71,configs/doxorubicin_parameters.json,0b7d200aedee3aed703b810ad54927a2126d9ee0952f6ef87cf5ebb57992d345,configs/parameter_provenance.csv,86c4261fcb9616a643db79340fe0b7398ba10a5c46464e67e8b697bcfc3a4ec9
spontaneous_only,Spontaneous only,0.045000000000000005,1e-05,8.132438873212309e-06,2.4485627353769566e-08,8.107953245858539e-06,9.337805633938459e-07,0.0,1e-05,0.0,7.4,4.88,760000.0,85000000.0,,0.0,,analytic Riccati radical-pool solution plus integrating-factor adaptive quadrature for H2O2,61,"[""fixed pH"", ""rapid HO2/O2-minus acid-base equilibrium"", ""constant SOD concentration"", ""constant elementary rate coefficients"", ""single-pulse radical decay with no continuous source"", ""first-order H2O2 loss when enabled""]",True,illustrative single-pulse molar concentration,M except time_s and rate fields,"Fixed pH, rapid equilibrium, constant SOD and rates, single pulse; not continuously driven cellular ROS.",ae188e2ba41fafda0a98499db6e2918fccc0fc4f,1afbda6f7c930e34dd90ab95767796d038c4429c4f4c40c50f3e68f50bf98a71,configs/doxorubicin_parameters.json,0b7d200aedee3aed703b810ad54927a2126d9ee0952f6ef87cf5ebb57992d345,configs/parameter_provenance.csv,86c4261fcb9616a643db79340fe0b7398ba10a5c46464e67e8b697bcfc3a4ec9
spontaneous_only,Spontaneous only,0.04666666666666667,1e-05,8.076574074033472e-06,2.431742631639173e-08,8.05225664771708e-06,9.617129629832645e-07,0.0,1e-05,0.0,7.4,4.88,760000.0,85000000.0,,0.0,,analytic Riccati radical-pool solution plus integrating-factor adaptive quadrature for H2O2,61,"[""fixed pH"", ""rapid HO2/O2-minus acid-base equilibrium"", ""constant SOD concentration"", ""constant elementary rate coefficients"", ""single-pulse radical decay with no continuous source"", ""first-order H2O2 loss when enabled""]",True,illustrative single-pulse molar concentration,M except time_s and rate fields,"Fixed pH, rapid equilibrium, constant SOD and rates, single pulse; not continuously driven cellular ROS.",ae188e2ba41fafda0a98499db6e2918fccc0fc4f,1afbda6f7c930e34dd90ab95767796d038c4429c4f4c40c50f3e68f50bf98a71,configs/doxorubicin_parameters.json,0b7d200aedee3aed703b810ad54927a2126d9ee0952f6ef87cf5ebb57992d345,configs/parameter_provenance.csv,86c4261fcb9616a643db79340fe0b7398ba10a5c46464e67e8b697bcfc3a4ec9
spontaneous_only,Spontaneous only,0.04833333333333334,1e-05,8.0214715513681e-06,2.4151520386169344e-08,7.99732003098193e-06,9.892642243159507e-07,0.0,1e-05,0.0,7.4,4.88,760000.0,85000000.0,,0.0,,analytic Riccati radical-pool solution plus integrating-factor adaptive quadrature for H2O2,61,"[""fixed pH"", ""rapid HO2/O2-minus acid-base equilibrium"", ""constant SOD concentration"", ""constant elementary rate coefficients"", ""single-pulse radical decay with no continuous source"", ""first-order H2O2 loss when enabled""]",True,illustrative single-pulse molar concentration,M except time_s and rate fields,"Fixed pH, rapid equilibrium, constant SOD and rates, single pulse; not continuously driven cellular ROS.",ae188e2ba41fafda0a98499db6e2918fccc0fc4f,1afbda6f7c930e34dd90ab95767796d038c4429c4f4c40c50f3e68f50bf98a71,configs/doxorubicin_parameters.json,0b7d200aedee3aed703b810ad54927a2126d9ee0952f6ef87cf5ebb57992d345,configs/parameter_provenance.csv,86c4261fcb9616a643db79340fe0b7398ba10a5c46464e67e8b697bcfc3a4ec9
spontaneous_only,Spontaneous only,0.05,1e-05,7.967115809017458e-06,2.398786290623189e-08,7.943127946111225e-06,1.0164420954912715e-06,0.0,1e-05,0.0,7.4,4.88,760000.0,85000000.0,,0.0,,analytic Riccati radical-pool solution plus integrating-factor adaptive quadrature for H2O2,61,"[""fixed pH"", ""rapid HO2/O2-minus acid-base equilibrium"", ""constant SOD concentration"", ""constant elementary rate coefficients"", ""single-pulse radical decay with no continuous source"", ""first-order H2O2 loss when enabled""]",True,illustrative single-pulse molar concentration,M except time_s and rate fields,"Fixed pH, rapid equilibrium, constant SOD and rates, single pulse; not continuously driven cellular ROS.",ae188e2ba41fafda0a98499db6e2918fccc0fc4f,1afbda6f7c930e34dd90ab95767796d038c4429c4f4c40c50f3e68f50bf98a71,configs/doxorubicin_parameters.json,0b7d200aedee3aed703b810ad54927a2126d9ee0952f6ef87cf5ebb57992d345,configs/parameter_provenance.csv,86c4261fcb9616a643db79340fe0b7398ba10a5c46464e67e8b697bcfc3a4ec9
spontaneous_only,Spontaneous only,0.05166666666666667,1e-05,7.913491767982119e-06,2.3826408475837148e-08,7.889665359506281e-06,1.043254116008941e-06,0.0,1e-05,0.0,7.4,4.88,760000.0,85000000.0,,0.0,,analytic Riccati radical-pool solution plus integrating-factor adaptive quadrature for H2O2,61,"[""fixed pH"", ""rapid HO2/O2-minus acid-base equilibrium"", ""constant SOD concentration"", ""constant elementary rate coefficients"", ""single-pulse radical decay with no continuous source"", ""first-order H2O2 loss when enabled""]",True,illustrative single-pulse molar concentration,M except time_s and rate fields,"Fixed pH, rapid equilibrium, constant SOD and rates, single pulse; not continuously driven cellular ROS.",ae188e2ba41fafda0a98499db6e2918fccc0fc4f,1afbda6f7c930e34dd90ab95767796d038c4429c4f4c40c50f3e68f50bf98a71,configs/doxorubicin_parameters.json,0b7d200aedee3aed703b810ad54927a2126d9ee0952f6ef87cf5ebb57992d345,configs/parameter_provenance.csv,86c4261fcb9616a643db79340fe0b7398ba10a5c46464e67e8b697bcfc3a4ec9
spontaneous_only,Spontaneous only,0.05333333333333334,1e-05,7.860584752515675e-06,2.3667112908380915e-08,7.836917639607293e-06,1.069707623742163e-06,0.0,1e-05,0.0,7.4,4.88,760000.0,85000000.0,,0.0,,analytic Riccati radical-pool solution plus integrating-factor adaptive quadrature for H2O2,61,"[""fixed pH"", ""rapid HO2/O2-minus acid-base equilibrium"", ""constant SOD concentration"", ""constant elementary rate coefficients"", ""single-pulse radical decay with no continuous source"", ""first-order H2O2 loss when enabled""]",True,illustrative single-pulse molar concentration,M except time_s and rate fields,"Fixed pH, rapid equilibrium, constant SOD and rates, single pulse; not continuously driven cellular ROS.",ae188e2ba41fafda0a98499db6e2918fccc0fc4f,1afbda6f7c930e34dd90ab95767796d038c4429c4f4c40c50f3e68f50bf98a71,configs/doxorubicin_parameters.json,0b7d200aedee3aed703b810ad54927a2126d9ee0952f6ef87cf5ebb57992d345,configs/parameter_provenance.csv,86c4261fcb9616a643db79340fe0b7398ba10a5c46464e67e8b697bcfc3a4ec9
spontaneous_only,Spontaneous only,0.055,1e-05,7.808380476734163e-06,2.3509933191079875e-08,7.784870543543082e-06,1.095809761632919e-06,0.0,1e-05,0.0,7.4,4.88,760000.0,85000000.0,,0.0,,analytic Riccati radical-pool solution plus integrating-factor adaptive quadrature for H2O2,61,"[""fixed pH"", ""rapid HO2/O2-minus acid-base equilibrium"", ""constant SOD concentration"", ""constant elementary rate coefficients"", ""single-pulse radical decay with no continuous source"", ""first-order H2O2 loss when enabled""]",True,illustrative single-pulse molar concentration,M except time_s and rate fields,"Fixed pH, rapid equilibrium, constant SOD and rates, single pulse; not continuously driven cellular ROS.",ae188e2ba41fafda0a98499db6e2918fccc0fc4f,1afbda6f7c930e34dd90ab95767796d038c4429c4f4c40c50f3e68f50bf98a71,configs/doxorubicin_parameters.json,0b7d200aedee3aed703b810ad54927a2126d9ee0952f6ef87cf5ebb57992d345,configs/parameter_provenance.csv,86c4261fcb9616a643db79340fe0b7398ba10a5c46464e67e8b697bcfc3a4ec9
spontaneous_only,Spontaneous only,0.05666666666666667,1e-05,7.756865031755575e-06,2.335482744625045e-08,7.733510204309324e-06,1.121567484122213e-06,0.0,1e-05,0.0,7.4,4.88,760000.0,85000000.0,,0.0,,analytic Riccati radical-pool solution plus integrating-factor adaptive quadrature for H2O2,61,"[""fixed pH"", ""rapid HO2/O2-minus acid-base equilibrium"", ""constant SOD concentration"", ""constant elementary rate coefficients"", ""single-pulse radical decay with no continuous source"", ""first-order H2O2 loss when enabled""]",True,illustrative single-pulse molar concentration,M except time_s and rate fields,"Fixed pH, rapid equilibrium, constant SOD and rates, single pulse; not continuously driven cellular ROS.",ae188e2ba41fafda0a98499db6e2918fccc0fc4f,1afbda6f7c930e34dd90ab95767796d038c4429c4f4c40c50f3e68f50bf98a71,configs/doxorubicin_parameters.json,0b7d200aedee3aed703b810ad54927a2126d9ee0952f6ef87cf5ebb57992d345,configs/parameter_provenance.csv,86c4261fcb9616a643db79340fe0b7398ba10a5c46464e67e8b697bcfc3a4ec9
spontaneous_only,Spontaneous only,0.058333333333333334,1e-05,7.7060248733451e-06,2.3201754894110412e-08,7.68282311845099e-06,1.1469875633274503e-06,0.0,1e-05,0.0,7.4,4.88,760000.0,85000000.0,,0.0,,analytic Riccati radical-pool solution plus integrating-factor adaptive quadrature for H2O2,61,"[""fixed pH"", ""rapid HO2/O2-minus acid-base equilibrium"", ""constant SOD concentration"", ""constant elementary rate coefficients"", ""single-pulse radical decay with no continuous source"", ""first-order H2O2 loss when enabled""]",True,illustrative single-pulse molar concentration,M except time_s and rate fields,"Fixed pH, rapid equilibrium, constant SOD and rates, single pulse; not continuously driven cellular ROS.",ae188e2ba41fafda0a98499db6e2918fccc0fc4f,1afbda6f7c930e34dd90ab95767796d038c4429c4f4c40c50f3e68f50bf98a71,configs/doxorubicin_parameters.json,0b7d200aedee3aed703b810ad54927a2126d9ee0952f6ef87cf5ebb57992d345,configs/parameter_provenance.csv,86c4261fcb9616a643db79340fe0b7398ba10a5c46464e67e8b697bcfc3a4ec9
spontaneous_only,Spontaneous only,0.060000000000000005,1e-05,7.655846810043045e-06,2.3050675817033665e-08,7.632796134226011e-06,1.1720765949784778e-06,0.0,1e-05,0.0,7.4,4.88,760000.0,85000000.0,,0.0,,analytic Riccati radical-pool solution plus integrating-factor adaptive quadrature for H2O2,61,"[""fixed pH"", ""rapid HO2/O2-minus acid-base equilibrium"", ""constant SOD concentration"", ""constant elementary rate coefficients"", ""single-pulse radical decay with no continuous source"", ""first-order H2O2 loss when enabled""]",True,illustrative single-pulse molar concentration,M except time_s and rate fields,"Fixed pH, rapid equilibrium, constant SOD and rates, single pulse; not continuously driven cellular ROS.",ae188e2ba41fafda0a98499db6e2918fccc0fc4f,1afbda6f7c930e34dd90ab95767796d038c4429c4f4c40c50f3e68f50bf98a71,configs/doxorubicin_parameters.json,0b7d200aedee3aed703b810ad54927a2126d9ee0952f6ef87cf5ebb57992d345,configs/parameter_provenance.csv,86c4261fcb9616a643db79340fe0b7398ba10a5c46464e67e8b697bcfc3a4ec9
spontaneous_only,Spontaneous only,0.06166666666666667,1e-05,7.606317991753611e-06,2.290155152519271e-08,7.583416440228418e-06,1.1968410041231948e-06,0.0,1e-05,0.0,7.4,4.88,760000.0,85000000.0,,0.0,,analytic Riccati radical-pool solution plus integrating-factor adaptive quadrature for H2O2,61,"[""fixed pH"", ""rapid HO2/O2-minus acid-base equilibrium"", ""constant SOD concentration"", ""constant elementary rate coefficients"", ""single-pulse radical decay with no continuous source"", ""first-order H2O2 loss when enabled""]",True,illustrative single-pulse molar concentration,M except time_s and rate fields,"Fixed pH, rapid equilibrium, constant SOD and rates, single pulse; not continuously driven cellular ROS.",ae188e2ba41fafda0a98499db6e2918fccc0fc4f,1afbda6f7c930e34dd90ab95767796d038c4429c4f4c40c50f3e68f50bf98a71,configs/doxorubicin_parameters.json,0b7d200aedee3aed703b810ad54927a2126d9ee0952f6ef87cf5ebb57992d345,configs/parameter_provenance.csv,86c4261fcb9616a643db79340fe0b7398ba10a5c46464e67e8b697bcfc3a4ec9
spontaneous_only,Spontaneous only,0.06333333333333334,1e-05,7.557425898773746e-06,2.2754344323526038e-08,7.53467155445022e-06,1.2212870506131272e-06,0.0,1e-05,0.0,7.4,4.88,760000.0,85000000.0,,0.0,,analytic Riccati radical-pool solution plus integrating-factor adaptive quadrature for H2O2,61,"[""fixed pH"", ""rapid HO2/O2-minus acid-base equilibrium"", ""constant SOD concentration"", ""constant elementary rate coefficients"", ""single-pulse radical decay with no continuous source"", ""first-order H2O2 loss when enabled""]",True,illustrative single-pulse molar concentration,M except time_s and rate fields,"Fixed pH, rapid equilibrium, constant SOD and rates, single pulse; not continuously driven cellular ROS.",ae188e2ba41fafda0a98499db6e2918fccc0fc4f,1afbda6f7c930e34dd90ab95767796d038c4429c4f4c40c50f3e68f50bf98a71,configs/doxorubicin_parameters.json,0b7d200aedee3aed703b810ad54927a2126d9ee0952f6ef87cf5ebb57992d345,configs/parameter_provenance.csv,86c4261fcb9616a643db79340fe0b7398ba10a5c46464e67e8b697bcfc3a4ec9
spontaneous_only,Spontaneous only,0.065,1e-05,7.50915833124243e-06,2.2609017479971434e-08,7.486549313762458e-06,1.2454208343787855e-06,0.0,1e-05,0.0,7.4,4.88,760000.0,85000000.0,,0.0,,analytic Riccati radical-pool solution plus integrating-factor adaptive quadrature for H2O2,61,"[""fixed pH"", ""rapid HO2/O2-minus acid-base equilibrium"", ""constant SOD concentration"", ""constant elementary rate coefficients"", ""single-pulse radical decay with no continuous source"", ""first-order H2O2 loss when enabled""]",True,illustrative single-pulse molar concentration,M except time_s and rate fields,"Fixed pH, rapid equilibrium, constant SOD and rates, single pulse; not continuously driven cellular ROS.",ae188e2ba41fafda0a98499db6e2918fccc0fc4f,1afbda6f7c930e34dd90ab95767796d038c4429c4f4c40c50f3e68f50bf98a71,configs/doxorubicin_parameters.json,0b7d200aedee3aed703b810ad54927a2126d9ee0952f6ef87cf5ebb57992d345,configs/parameter_provenance.csv,86c4261fcb9616a643db79340fe0b7398ba10a5c46464e67e8b697bcfc3a4ec9
spontaneous_only,Spontaneous only,0.06666666666666667,1e-05,7.4615033989917006e-06,2.2465535194908824e-08,7.439037863796791e-06,1.2692483005041501e-06,0.0,1e-05,0.0,7.4,4.88,760000.0,85000000.0,,0.0,,analytic Riccati radical-pool solution plus integrating-factor adaptive quadrature for H2O2,61,"[""fixed pH"", ""rapid HO2/O2-minus acid-base equilibrium"", ""constant SOD concentration"", ""constant elementary rate coefficients"", ""single-pulse radical decay with no continuous source"", ""first-order H2O2 loss when enabled""]",True,illustrative single-pulse molar concentration,M except time_s and rate fields,"Fixed pH, rapid equilibrium, constant SOD and rates, single pulse; not continuously driven cellular ROS.",ae188e2ba41fafda0a98499db6e2918fccc0fc4f,1afbda6f7c930e34dd90ab95767796d038c4429c4f4c40c50f3e68f50bf98a71,configs/doxorubicin_parameters.json,0b7d200aedee3aed703b810ad54927a2126d9ee0952f6ef87cf5ebb57992d345,configs/parameter_provenance.csv,86c4261fcb9616a643db79340fe0b7398ba10a5c46464e67e8b697bcfc3a4ec9
spontaneous_only,Spontaneous only,0.06833333333333334,1e-05,7.4144495117816854e-06,2.232386257175935e-08,7.392125649209926e-06,1.2927752441091577e-06,0.0,1e-05,0.0,7.4,4.88,760000.0,85000000.0,,0.0,,analytic Riccati radical-pool solution plus integrating-factor adaptive quadrature for H2O2,61,"[""fixed pH"", ""rapid HO2/O2-minus acid-base equilibrium"", ""constant SOD concentration"", ""constant elementary rate coefficients"", ""single-pulse radical decay with no continuous source"", ""first-order H2O2 loss when enabled""]",True,illustrative single-pulse molar concentration,M except time_s and rate fields,"Fixed pH, rapid equilibrium, constant SOD and rates, single pulse; not continuously driven cellular ROS.",ae188e2ba41fafda0a98499db6e2918fccc0fc4f,1afbda6f7c930e34dd90ab95767796d038c4429c4f4c40c50f3e68f50bf98a71,configs/doxorubicin_parameters.json,0b7d200aedee3aed703b810ad54927a2126d9ee0952f6ef87cf5ebb57992d345,configs/parameter_provenance.csv,86c4261fcb9616a643db79340fe0b7398ba10a5c46464e67e8b697bcfc3a4ec9
spontaneous_only,Spontaneous only,0.07,1e-05,7.367985369902814e-06,2.2183965588689947e-08,7.3458014043141235e-06,1.3160073150485936e-06,0.0,1e-05,0.0,7.4,4.88,760000.0,85000000.0,,0.0,,analytic Riccati radical-pool solution plus integrating-factor adaptive quadrature for H2O2,61,"[""fixed pH"", ""rapid HO2/O2-minus acid-base equilibrium"", ""constant SOD concentration"", ""constant elementary rate coefficients"", ""single-pulse radical decay with no continuous source"", ""first-order H2O2 loss when enabled""]",True,illustrative single-pulse molar concentration,M except time_s and rate fields,"Fixed pH, rapid equilibrium, constant SOD and rates, single pulse; not continuously driven cellular ROS.",ae188e2ba41fafda0a98499db6e2918fccc0fc4f,1afbda6f7c930e34dd90ab95767796d038c4429c4f4c40c50f3e68f50bf98a71,configs/doxorubicin_parameters.json,0b7d200aedee3aed703b810ad54927a2126d9ee0952f6ef87cf5ebb57992d345,configs/parameter_provenance.csv,86c4261fcb9616a643db79340fe0b7398ba10a5c46464e67e8b697bcfc3a4ec9
spontaneous_only,Spontaneous only,0.07166666666666667,1e-05,7.322099955129162e-06,2.2045811071375146e-08,7.300054144057787e-06,1.3389500224354194e-06,0.0,1e-05,0.0,7.4,4.88,760000.0,85000000.0,,0.0,,analytic Riccati radical-pool solution plus integrating-factor adaptive quadrature for H2O2,61,"[""fixed pH"", ""rapid HO2/O2-minus acid-base equilibrium"", ""constant SOD concentration"", ""constant elementary rate coefficients"", ""single-pulse radical decay with no continuous source"", ""first-order H2O2 loss when enabled""]",True,illustrative single-pulse molar concentration,M except time_s and rate fields,"Fixed pH, rapid equilibrium, constant SOD and rates, single pulse; not continuously driven cellular ROS.",ae188e2ba41fafda0a98499db6e2918fccc0fc4f,1afbda6f7c930e34dd90ab95767796d038c4429c4f4c40c50f3e68f50bf98a71,configs/doxorubicin_parameters.json,0b7d200aedee3aed703b810ad54927a2126d9ee0952f6ef87cf5ebb57992d345,configs/parameter_provenance.csv,86c4261fcb9616a643db79340fe0b7398ba10a5c46464e67e8b697bcfc3a4ec9
spontaneous_only,Spontaneous only,0.07333333333333333,1e-05,7.276782522007767e-06,2.190936666677041e-08,7.254873155340996e-06,1.361608738996117e-06,0.0,1e-05,0.0,7.4,4.88,760000.0,85000000.0,,0.0,,analytic Riccati radical-pool solution plus integrating-factor adaptive quadrature for H2O2,61,"[""fixed pH"", ""rapid HO2/O2-minus acid-base equilibrium"", ""constant SOD concentration"", ""constant elementary rate coefficients"", ""single-pulse radical decay with no continuous source"", ""first-order H2O2 loss when enabled""]",True,illustrative single-pulse molar concentration,M except time_s and rate fields,"Fixed pH, rapid equilibrium, constant SOD and rates, single pulse; not continuously driven cellular ROS.",ae188e2ba41fafda0a98499db6e2918fccc0fc4f,1afbda6f7c930e34dd90ab95767796d038c4429c4f4c40c50f3e68f50bf98a71,configs/doxorubicin_parameters.json,0b7d200aedee3aed703b810ad54927a2126d9ee0952f6ef87cf5ebb57992d345,configs/parameter_provenance.csv,86c4261fcb9616a643db79340fe0b7398ba10a5c46464e67e8b697bcfc3a4ec9
spontaneous_only,Spontaneous only,0.07500000000000001,1e-05,7.232022589469409e-06,2.1774600817853406e-08,7.2102479886515556e-06,1.383988705265296e-06,0.0,1e-05,0.0,7.4,4.88,760000.0,85000000.0,,0.0,,analytic Riccati radical-pool solution plus integrating-factor adaptive quadrature for H2O2,61,"[""fixed pH"", ""rapid HO2/O2-minus acid-base equilibrium"", ""constant SOD concentration"", ""constant elementary rate coefficients"", ""single-pulse radical decay with no continuous source"", ""first-order H2O2 loss when enabled""]",True,illustrative single-pulse molar concentration,M except time_s and rate fields,"Fixed pH, rapid equilibrium, constant SOD and rates, single pulse; not continuously driven cellular ROS.",ae188e2ba41fafda0a98499db6e2918fccc0fc4f,1afbda6f7c930e34dd90ab95767796d038c4429c4f4c40c50f3e68f50bf98a71,configs/doxorubicin_parameters.json,0b7d200aedee3aed703b810ad54927a2126d9ee0952f6ef87cf5ebb57992d345,configs/parameter_provenance.csv,86c4261fcb9616a643db79340fe0b7398ba10a5c46464e67e8b697bcfc3a4ec9
spontaneous_only,Spontaneous only,0.07666666666666667,1e-05,7.187809932747117e-06,2.1641482739291746e-08,7.1661684500078255e-06,1.406095033626442e-06,0.0,1e-05,0.0,7.4,4.88,760000.0,85000000.0,,0.0,,analytic Riccati radical-pool solution plus integrating-factor adaptive quadrature for H2O2,61,"[""fixed pH"", ""rapid HO2/O2-minus acid-base equilibrium"", ""constant SOD concentration"", ""constant elementary rate coefficients"", ""single-pulse radical decay with no continuous source"", ""first-order H2O2 loss when enabled""]",True,illustrative single-pulse molar concentration,M except time_s and rate fields,"Fixed pH, rapid equilibrium, constant SOD and rates, single pulse; not continuously driven cellular ROS.",ae188e2ba41fafda0a98499db6e2918fccc0fc4f,1afbda6f7c930e34dd90ab95767796d038c4429c4f4c40c50f3e68f50bf98a71,configs/doxorubicin_parameters.json,0b7d200aedee3aed703b810ad54927a2126d9ee0952f6ef87cf5ebb57992d345,configs/parameter_provenance.csv,86c4261fcb9616a643db79340fe0b7398ba10a5c46464e67e8b697bcfc3a4ec9
spontaneous_only,Spontaneous only,0.07833333333333334,1e-05,7.144134575589311e-06,2.150998239399786e-08,7.122624593195313e-06,1.427932712205345e-06,0.0,1e-05,0.0,7.4,4.88,760000.0,85000000.0,,0.0,,analytic Riccati radical-pool solution plus integrating-factor adaptive quadrature for H2O2,61,"[""fixed pH"", ""rapid HO2/O2-minus acid-base equilibrium"", ""constant SOD concentration"", ""constant elementary rate coefficients"", ""single-pulse radical decay with no continuous source"", ""first-order H2O2 loss when enabled""]",True,illustrative single-pulse molar concentration,M except time_s and rate fields,"Fixed pH, rapid equilibrium, constant SOD and rates, single pulse; not continuously driven cellular ROS.",ae188e2ba41fafda0a98499db6e2918fccc0fc4f,1afbda6f7c930e34dd90ab95767796d038c4429c4f4c40c50f3e68f50bf98a71,configs/doxorubicin_parameters.json,0b7d200aedee3aed703b810ad54927a2126d9ee0952f6ef87cf5ebb57992d345,configs/parameter_provenance.csv,86c4261fcb9616a643db79340fe0b7398ba10a5c46464e67e8b697bcfc3a4ec9
spontaneous_only,Spontaneous only,0.08,1e-05,7.100986782755126e-06,2.1380070470533482e-08,7.079606712284592e-06,1.4495066086224376e-06,0.0,1e-05,0.0,7.4,4.88,760000.0,85000000.0,,0.0,,analytic Riccati radical-pool solution plus integrating-factor adaptive quadrature for H2O2,61,"[""fixed pH"", ""rapid HO2/O2-minus acid-base equilibrium"", ""constant SOD concentration"", ""constant elementary rate coefficients"", ""single-pulse radical decay with no continuous source"", ""first-order H2O2 loss when enabled""]",True,illustrative single-pulse molar concentration,M except time_s and rate fields,"Fixed pH, rapid equilibrium, constant SOD and rates, single pulse; not continuously driven cellular ROS.",ae188e2ba41fafda0a98499db6e2918fccc0fc4f,1afbda6f7c930e34dd90ab95767796d038c4429c4f4c40c50f3e68f50bf98a71,configs/doxorubicin_parameters.json,0b7d200aedee3aed703b810ad54927a2126d9ee0952f6ef87cf5ebb57992d345,configs/parameter_provenance.csv,86c4261fcb9616a643db79340fe0b7398ba10a5c46464e67e8b697bcfc3a4ec9
spontaneous_only,Spontaneous only,0.08166666666666667,1e-05,7.0583570527800366e-06,2.125171836132795e-08,7.037105334418709e-06,1.4708214736099821e-06,0.0,1e-05,0.0,7.4,4.88,760000.0,85000000.0,,0.0,,analytic Riccati radical-pool solution plus integrating-factor adaptive quadrature for H2O2,61,"[""fixed pH"", ""rapid HO2/O2-minus acid-base equilibrium"", ""constant SOD concentration"", ""constant elementary rate coefficients"", ""single-pulse radical decay with no continuous source"", ""first-order H2O2 loss when enabled""]",True,illustrative single-pulse molar concentration,M except time_s and rate fields,"Fixed pH, rapid equilibrium, constant SOD and rates, single pulse; not continuously driven cellular ROS.",ae188e2ba41fafda0a98499db6e2918fccc0fc4f,1afbda6f7c930e34dd90ab95767796d038c4429c4f4c40c50f3e68f50bf98a71,configs/doxorubicin_parameters.json,0b7d200aedee3aed703b810ad54927a2126d9ee0952f6ef87cf5ebb57992d345,configs/parameter_provenance.csv,86c4261fcb9616a643db79340fe0b7398ba10a5c46464e67e8b697bcfc3a4ec9
spontaneous_only,Spontaneous only,0.08333333333333334,1e-05,7.016236111000536e-06,2.1124898141676514e-08,6.99511121285886e-06,1.4918819444997323e-06,0.0,1e-05,0.0,7.4,4.88,760000.0,85000000.0,,0.0,,analytic Riccati radical-pool solution plus integrating-factor adaptive quadrature for H2O2,61,"[""fixed pH"", ""rapid HO2/O2-minus acid-base equilibrium"", ""constant SOD concentration"", ""constant elementary rate coefficients"", ""single-pulse radical decay with no continuous source"", ""first-order H2O2 loss when enabled""]",True,illustrative single-pulse molar concentration,M except time_s and rate fields,"Fixed pH, rapid equilibrium, constant SOD and rates, single pulse; not continuously driven cellular ROS.",ae188e2ba41fafda0a98499db6e2918fccc0fc4f,1afbda6f7c930e34dd90ab95767796d038c4429c4f4c40c50f3e68f50bf98a71,configs/doxorubicin_parameters.json,0b7d200aedee3aed703b810ad54927a2126d9ee0952f6ef87cf5ebb57992d345,configs/parameter_provenance.csv,86c4261fcb9616a643db79340fe0b7398ba10a5c46464e67e8b697bcfc3a4ec9
spontaneous_only,Spontaneous only,0.085,1e-05,6.974614902827069e-06,2.099958254948607e-08,6.953615320277583e-06,1.5126925485864657e-06,0.0,1e-05,0.0,7.4,4.88,760000.0,85000000.0,,0.0,,analytic Riccati radical-pool solution plus integrating-factor adaptive quadrature for H2O2,61,"[""fixed pH"", ""rapid HO2/O2-minus acid-base equilibrium"", ""constant SOD concentration"", ""constant elementary rate coefficients"", ""single-pulse radical decay with no continuous source"", ""first-order H2O2 loss when enabled""]",True,illustrative single-pulse molar concentration,M except time_s and rate fields,"Fixed pH, rapid equilibrium, constant SOD and rates, single pulse; not continuously driven cellular ROS.",ae188e2ba41fafda0a98499db6e2918fccc0fc4f,1afbda6f7c930e34dd90ab95767796d038c4429c4f4c40c50f3e68f50bf98a71,configs/doxorubicin_parameters.json,0b7d200aedee3aed703b810ad54927a2126d9ee0952f6ef87cf5ebb57992d345,configs/parameter_provenance.csv,86c4261fcb9616a643db79340fe0b7398ba10a5c46464e67e8b697bcfc3a4ec9
spontaneous_only,Spontaneous only,0.08666666666666667,1e-05,6.933484587254992e-06,2.087574496573759e-08,6.912608842289254e-06,1.5332577063725042e-06,0.0,1e-05,0.0,7.4,4.88,760000.0,85000000.0,,0.0,,analytic Riccati radical-pool solution plus integrating-factor adaptive quadrature for H2O2,61,"[""fixed pH"", ""rapid HO2/O2-minus acid-base equilibrium"", ""constant SOD concentration"", ""constant elementary rate coefficients"", ""single-pulse radical decay with no continuous source"", ""first-order H2O2 loss when enabled""]",True,illustrative single-pulse molar concentration,M except time_s and rate fields,"Fixed pH, rapid equilibrium, constant SOD and rates, single pulse; not continuously driven cellular ROS.",ae188e2ba41fafda0a98499db6e2918fccc0fc4f,1afbda6f7c930e34dd90ab95767796d038c4429c4f4c40c50f3e68f50bf98a71,configs/doxorubicin_parameters.json,0b7d200aedee3aed703b810ad54927a2126d9ee0952f6ef87cf5ebb57992d345,configs/parameter_provenance.csv,86c4261fcb9616a643db79340fe0b7398ba10a5c46464e67e8b697bcfc3a4ec9
spontaneous_only,Spontaneous only,0.08833333333333333,1e-05,6.892836530603785e-06,2.0753359395635758e-08,6.872083171208149e-06,1.5535817346981079e-06,0.0,1e-05,0.0,7.4,4.88,760000.0,85000000.0,,0.0,,analytic Riccati radical-pool solution plus integrating-factor adaptive quadrature for H2O2,61,"[""fixed pH"", ""rapid HO2/O2-minus acid-base equilibrium"", ""constant SOD concentration"", ""constant elementary rate coefficients"", ""single-pulse radical decay with no continuous source"", ""first-order H2O2 loss when enabled""]",True,illustrative single-pulse molar concentration,M except time_s and rate fields,"Fixed pH, rapid equilibrium, constant SOD and rates, single pulse; not continuously driven cellular ROS.",ae188e2ba41fafda0a98499db6e2918fccc0fc4f,1afbda6f7c930e34dd90ab95767796d038c4429c4f4c40c50f3e68f50bf98a71,configs/doxorubicin_parameters.json,0b7d200aedee3aed703b810ad54927a2126d9ee0952f6ef87cf5ebb57992d345,configs/parameter_provenance.csv,86c4261fcb9616a643db79340fe0b7398ba10a5c46464e67e8b697bcfc3a4ec9
spontaneous_only,Spontaneous only,0.09000000000000001,1e-05,6.852662300475208e-06,2.0632400450417847e-08,6.83202990002479e-06,1.5736688497623964e-06,0.0,1e-05,0.0,7.4,4.88,760000.0,85000000.0,,0.0,,analytic Riccati radical-pool solution plus integrating-factor adaptive quadrature for H2O2,61,"[""fixed pH"", ""rapid HO2/O2-minus acid-base equilibrium"", ""constant SOD concentration"", ""constant elementary rate coefficients"", ""single-pulse radical decay with no continuous source"", ""first-order H2O2 loss when enabled""]",True,illustrative single-pulse molar concentration,M except time_s and rate fields,"Fixed pH, rapid equilibrium, constant SOD and rates, single pulse; not continuously driven cellular ROS.",ae188e2ba41fafda0a98499db6e2918fccc0fc4f,1afbda6f7c930e34dd90ab95767796d038c4429c4f4c40c50f3e68f50bf98a71,configs/doxorubicin_parameters.json,0b7d200aedee3aed703b810ad54927a2126d9ee0952f6ef87cf5ebb57992d345,configs/parameter_provenance.csv,86c4261fcb9616a643db79340fe0b7398ba10a5c46464e67e8b697bcfc3a4ec9
spontaneous_only,Spontaneous only,0.09166666666666667,1e-05,6.81295365992153e-06,2.051284332979505e-08,6.792440816591735e-06,1.5935231700392355e-06,0.0,1e-05,0.0,7.4,4.88,760000.0,85000000.0,,0.0,,analytic Riccati radical-pool solution plus integrating-factor adaptive quadrature for H2O2,61,"[""fixed pH"", ""rapid HO2/O2-minus acid-base equilibrium"", ""constant SOD concentration"", ""constant elementary rate coefficients"", ""single-pulse radical decay with no continuous source"", ""first-order H2O2 loss when enabled""]",True,illustrative single-pulse molar concentration,M except time_s and rate fields,"Fixed pH, rapid equilibrium, constant SOD and rates, single pulse; not continuously driven cellular ROS.",ae188e2ba41fafda0a98499db6e2918fccc0fc4f,1afbda6f7c930e34dd90ab95767796d038c4429c4f4c40c50f3e68f50bf98a71,configs/doxorubicin_parameters.json,0b7d200aedee3aed703b810ad54927a2126d9ee0952f6ef87cf5ebb57992d345,configs/parameter_provenance.csv,86c4261fcb9616a643db79340fe0b7398ba10a5c46464e67e8b697bcfc3a4ec9
spontaneous_only,Spontaneous only,0.09333333333333334,1e-05,6.773702561815324e-06,2.0394663805000764e-08,6.753307898010323e-06,1.6131487190923385e-06,0.0,1e-05,0.0,7.4,4.88,760000.0,85000000.0,,0.0,,analytic Riccati radical-pool solution plus integrating-factor adaptive quadrature for H2O2,61,"[""fixed pH"", ""rapid HO2/O2-minus acid-base equilibrium"", ""constant SOD concentration"", ""constant elementary rate coefficients"", ""single-pulse radical decay with no continuous source"", ""first-order H2O2 loss when enabled""]",True,illustrative single-pulse molar concentration,M except time_s and rate fields,"Fixed pH, rapid equilibrium, constant SOD and rates, single pulse; not continuously driven cellular ROS.",ae188e2ba41fafda0a98499db6e2918fccc0fc4f,1afbda6f7c930e34dd90ab95767796d038c4429c4f4c40c50f3e68f50bf98a71,configs/doxorubicin_parameters.json,0b7d200aedee3aed703b810ad54927a2126d9ee0952f6ef87cf5ebb57992d345,configs/parameter_provenance.csv,86c4261fcb9616a643db79340fe0b7398ba10a5c46464e67e8b697bcfc3a4ec9
spontaneous_only,Spontaneous only,0.095,1e-05,6.734901143412788e-06,2.0277838202421485e-08,6.714623305210367e-06,1.6325494282936064e-06,0.0,1e-05,0.0,7.4,4.88,760000.0,85000000.0,,0.0,,analytic Riccati radical-pool solution plus integrating-factor adaptive quadrature for H2O2,61,"[""fixed pH"", ""rapid HO2/O2-minus acid-base equilibrium"", ""constant SOD concentration"", ""constant elementary rate coefficients"", ""single-pulse radical decay with no continuous source"", ""first-order H2O2 loss when enabled""]",True,illustrative single-pulse molar concentration,M except time_s and rate fields,"Fixed pH, rapid equilibrium, constant SOD and rates, single pulse; not continuously driven cellular ROS.",ae188e2ba41fafda0a98499db6e2918fccc0fc4f,1afbda6f7c930e34dd90ab95767796d038c4429c4f4c40c50f3e68f50bf98a71,configs/doxorubicin_parameters.json,0b7d200aedee3aed703b810ad54927a2126d9ee0952f6ef87cf5ebb57992d345,configs/parameter_provenance.csv,86c4261fcb9616a643db79340fe0b7398ba10a5c46464e67e8b697bcfc3a4ec9
spontaneous_only,Spontaneous only,0.09666666666666668,1e-05,6.6965417211028554e-06,2.016234338778713e-08,6.676379377715068e-06,1.6517291394485727e-06,0.0,1e-05,0.0,7.4,4.88,760000.0,85000000.0,,0.0,,analytic Riccati radical-pool solution plus integrating-factor adaptive quadrature for H2O2,61,"[""fixed pH"", ""rapid HO2/O2-minus acid-base equilibrium"", ""constant SOD concentration"", ""constant elementary rate coefficients"", ""single-pulse radical decay with no continuous source"", ""first-order H2O2 loss when enabled""]",True,illustrative single-pulse molar concentration,M except time_s and rate fields,"Fixed pH, rapid equilibrium, constant SOD and rates, single pulse; not continuously driven cellular ROS.",ae188e2ba41fafda0a98499db6e2918fccc0fc4f,1afbda6f7c930e34dd90ab95767796d038c4429c4f4c40c50f3e68f50bf98a71,configs/doxorubicin_parameters.json,0b7d200aedee3aed703b810ad54927a2126d9ee0952f6ef87cf5ebb57992d345,configs/parameter_provenance.csv,86c4261fcb9616a643db79340fe0b7398ba10a5c46464e67e8b697bcfc3a4ec9
spontaneous_only,Spontaneous only,0.09833333333333334,1e-05,6.6586167853347215e-06,2.0048156750898535e-08,6.638568628583823e-06,1.6706916073326397e-06,0.0,1e-05,0.0,7.4,4.88,760000.0,85000000.0,,0.0,,analytic Riccati radical-pool solution plus integrating-factor adaptive quadrature for H2O2,61,"[""fixed pH"", ""rapid HO2/O2-minus acid-base equilibrium"", ""constant SOD concentration"", ""constant elementary rate coefficients"", ""single-pulse radical decay with no continuous source"", ""first-order H2O2 loss when enabled""]",True,illustrative single-pulse molar concentration,M except time_s and rate fields,"Fixed pH, rapid equilibrium, constant SOD and rates, single pulse; not continuously driven cellular ROS.",ae188e2ba41fafda0a98499db6e2918fccc0fc4f,1afbda6f7c930e34dd90ab95767796d038c4429c4f4c40c50f3e68f50bf98a71,configs/doxorubicin_parameters.json,0b7d200aedee3aed703b810ad54927a2126d9ee0952f6ef87cf5ebb57992d345,configs/parameter_provenance.csv,86c4261fcb9616a643db79340fe0b7398ba10a5c46464e67e8b697bcfc3a4ec9
spontaneous_only,Spontaneous only,0.1,1e-05,6.621118995716774e-06,1.993525619087103e-08,6.601183739525903e-06,1.6894405021416134e-06,0.0,1e-05,0.0,7.4,4.88,760000.0,85000000.0,,0.0,,analytic Riccati radical-pool solution plus integrating-factor adaptive quadrature for H2O2,61,"[""fixed pH"", ""rapid HO2/O2-minus acid-base equilibrium"", ""constant SOD concentration"", ""constant elementary rate coefficients"", ""single-pulse radical decay with no continuous source"", ""first-order H2O2 loss when enabled""]",True,illustrative single-pulse molar concentration,M except time_s and rate fields,"Fixed pH, rapid equilibrium, constant SOD and rates, single pulse; not continuously driven cellular ROS.",ae188e2ba41fafda0a98499db6e2918fccc0fc4f,1afbda6f7c930e34dd90ab95767796d038c4429c4f4c40c50f3e68f50bf98a71,configs/doxorubicin_parameters.json,0b7d200aedee3aed703b810ad54927a2126d9ee0952f6ef87cf5ebb57992d345,configs/parameter_provenance.csv,86c4261fcb9616a643db79340fe0b7398ba10a5c46464e67e8b697bcfc3a4ec9
sod_mediated,SOD-mediated,0.0,1e-05,1e-05,3.010859071369541e-08,9.969891409286304e-06,0.0,0.0,1e-05,0.0,7.4,4.88,760000.0,85000000.0,2370000000.0,1e-08,,analytic Riccati radical-pool solution plus integrating-factor adaptive quadrature for H2O2,61,"[""fixed pH"", ""rapid HO2/O2-minus acid-base equilibrium"", ""constant SOD concentration"", ""constant elementary rate coefficients"", ""single-pulse radical decay with no continuous source"", ""first-order H2O2 loss when enabled""]",True,illustrative single-pulse molar concentration,M except time_s and rate fields,"Fixed pH, rapid equilibrium, constant SOD and rates, single pulse; not continuously driven cellular ROS.",ae188e2ba41fafda0a98499db6e2918fccc0fc4f,1afbda6f7c930e34dd90ab95767796d038c4429c4f4c40c50f3e68f50bf98a71,configs/doxorubicin_parameters.json,0b7d200aedee3aed703b810ad54927a2126d9ee0952f6ef87cf5ebb57992d345,configs/parameter_provenance.csv,86c4261fcb9616a643db79340fe0b7398ba10a5c46464e67e8b697bcfc3a4ec9
sod_mediated,SOD-mediated,0.0016666666666666668,1e-05,9.534326411690136e-06,2.870651316603545e-08,9.5056198985241e-06,2.3283679415493247e-07,0.0,1e-05,0.0,7.4,4.88,760000.0,85000000.0,2370000000.0,1e-08,,analytic Riccati radical-pool solution plus integrating-factor adaptive quadrature for H2O2,61,"[""fixed pH"", ""rapid HO2/O2-minus acid-base equilibrium"", ""constant SOD concentration"", ""constant elementary rate coefficients"", ""single-pulse radical decay with no continuous source"", ""first-order H2O2 loss when enabled""]",True,illustrative single-pulse molar concentration,M except time_s and rate fields,"Fixed pH, rapid equilibrium, constant SOD and rates, single pulse; not continuously driven cellular ROS.",ae188e2ba41fafda0a98499db6e2918fccc0fc4f,1afbda6f7c930e34dd90ab95767796d038c4429c4f4c40c50f3e68f50bf98a71,configs/doxorubicin_parameters.json,0b7d200aedee3aed703b810ad54927a2126d9ee0952f6ef87cf5ebb57992d345,configs/parameter_provenance.csv,86c4261fcb9616a643db79340fe0b7398ba10a5c46464e67e8b697bcfc3a4ec9
sod_mediated,SOD-mediated,0.0033333333333333335,1e-05,9.093840598150083e-06,2.738027245852879e-08,9.066460325691555e-06,4.530797009249587e-07,0.0,1e-05,0.0,7.4,4.88,760000.0,85000000.0,2370000000.0,1e-08,,analytic Riccati radical-pool solution plus integrating-factor adaptive quadrature for H2O2,61,"[""fixed pH"", ""rapid HO2/O2-minus acid-base equilibrium"", ""constant SOD concentration"", ""constant elementary rate coefficients"", ""single-pulse radical decay with no continuous source"", ""first-order H2O2 loss when enabled""]",True,illustrative single-pulse molar concentration,M except time_s and rate fields,"Fixed pH, rapid equilibrium, constant SOD and rates, single pulse; not continuously driven cellular ROS.",ae188e2ba41fafda0a98499db6e2918fccc0fc4f,1afbda6f7c930e34dd90ab95767796d038c4429c4f4c40c50f3e68f50bf98a71,configs/doxorubicin_parameters.json,0b7d200aedee3aed703b810ad54927a2126d9ee0952f6ef87cf5ebb57992d345,configs/parameter_provenance.csv,86c4261fcb9616a643db79340fe0b7398ba10a5c46464e67e8b697bcfc3a4ec9
sod_mediated,SOD-mediated,0.005,1e-05,8.676867664183211e-06,2.612482571777906e-08,8.650742838465433e-06,6.615661679083949e-07,0.0,1e-05,0.0,7.4,4.88,760000.0,85000000.0,2370000000.0,1e-08,,analytic Riccati radical-pool solution plus integrating-factor adaptive quadrature for H2O2,61,"[""fixed pH"", ""rapid HO2/O2-minus acid-base equilibrium"", ""constant SOD concentration"", ""constant elementary rate coefficients"", ""single-pulse radical decay with no continuous source"", ""first-order H2O2 loss when enabled""]",True,illustrative single-pulse molar concentration,M except time_s and rate fields,"Fixed pH, rapid equilibrium, constant SOD and rates, single pulse; not continuously driven cellular ROS.",ae188e2ba41fafda0a98499db6e2918fccc0fc4f,1afbda6f7c930e34dd90ab95767796d038c4429c4f4c40c50f3e68f50bf98a71,configs/doxorubicin_parameters.json,0b7d200aedee3aed703b810ad54927a2126d9ee0952f6ef87cf5ebb57992d345,configs/parameter_provenance.csv,86c4261fcb9616a643db79340fe0b7398ba10a5c46464e67e8b697bcfc3a4ec9
sod_mediated,SOD-mediated,0.006666666666666667,1e-05,8.281872264320993e-06,2.4935550234954662e-08,8.256936714086038e-06,8.59063867839504e-07,0.0,1e-05,0.0,7.4,4.88,760000.0,85000000.0,2370000000.0,1e-08,,analytic Riccati radical-pool solution plus integrating-factor adaptive quadrature for H2O2,61,"[""fixed pH"", ""rapid HO2/O2-minus acid-base equilibrium"", ""constant SOD concentration"", ""constant elementary rate coefficients"", ""single-pulse radical decay with no continuous source"", ""first-order H2O2 loss when enabled""]",True,illustrative single-pulse molar concentration,M except time_s and rate fields,"Fixed pH, rapid equilibrium, constant SOD and rates, single pulse; not continuously driven cellular ROS.",ae188e2ba41fafda0a98499db6e2918fccc0fc4f,1afbda6f7c930e34dd90ab95767796d038c4429c4f4c40c50f3e68f50bf98a71,configs/doxorubicin_parameters.json,0b7d200aedee3aed703b810ad54927a2126d9ee0952f6ef87cf5ebb57992d345,configs/parameter_provenance.csv,86c4261fcb9616a643db79340fe0b7398ba10a5c46464e67e8b697bcfc3a4ec9
sod_mediated,SOD-mediated,0.008333333333333333,1e-05,7.907444373643431e-06,2.380820062373436e-08,7.883636173019697e-06,1.0462778131782847e-06,0.0,1e-05,0.0,7.4,4.88,760000.0,85000000.0,2370000000.0,1e-08,,analytic Riccati radical-pool solution plus integrating-factor adaptive quadrature for H2O2,61,"[""fixed pH"", ""rapid HO2/O2-minus acid-base equilibrium"", ""constant SOD concentration"", ""constant elementary rate coefficients"", ""single-pulse radical decay with no continuous source"", ""first-order H2O2 loss when enabled""]",True,illustrative single-pulse molar concentration,M except time_s and rate fields,"Fixed pH, rapid equilibrium, constant SOD and rates, single pulse; not continuously driven cellular ROS.",ae188e2ba41fafda0a98499db6e2918fccc0fc4f,1afbda6f7c930e34dd90ab95767796d038c4429c4f4c40c50f3e68f50bf98a71,configs/doxorubicin_parameters.json,0b7d200aedee3aed703b810ad54927a2126d9ee0952f6ef87cf5ebb57992d345,configs/parameter_provenance.csv,86c4261fcb9616a643db79340fe0b7398ba10a5c46464e67e8b697bcfc3a4ec9
sod_mediated,SOD-mediated,0.01,1e-05,7.552286769500123e-06,2.273887112953361e-08,7.529547898370589e-06,1.2238566152499388e-06,0.0,1e-05,0.0,7.4,4.88,760000.0,85000000.0,2370000000.0,1e-08,,analytic Riccati radical-pool solution plus integrating-factor adaptive quadrature for H2O2,61,"[""fixed pH"", ""rapid HO2/O2-minus acid-base equilibrium"", ""constant SOD concentration"", ""constant elementary rate coefficients"", ""single-pulse radical decay with no continuous source"", ""first-order H2O2 loss when enabled""]",True,illustrative single-pulse molar concentration,M except time_s and rate fields,"Fixed pH, rapid equilibrium, constant SOD and rates, single pulse; not continuously driven cellular ROS.",ae188e2ba41fafda0a98499db6e2918fccc0fc4f,1afbda6f7c930e34dd90ab95767796d038c4429c4f4c40c50f3e68f50bf98a71,configs/doxorubicin_parameters.json,0b7d200aedee3aed703b810ad54927a2126d9ee0952f6ef87cf5ebb57992d345,configs/parameter_provenance.csv,86c4261fcb9616a643db79340fe0b7398ba10a5c46464e67e8b697bcfc3a4ec9
sod_mediated,SOD-mediated,0.011666666666666667,1e-05,7.215203988712867e-06,2.172396238119783e-08,7.1934800263316685e-06,1.392398005643567e-06,0.0,1e-05,0.0,7.4,4.88,760000.0,85000000.0,2370000000.0,1e-08,,analytic Riccati radical-pool solution plus integrating-factor adaptive quadrature for H2O2,61,"[""fixed pH"", ""rapid HO2/O2-minus acid-base equilibrium"", ""constant SOD concentration"", ""constant elementary rate coefficients"", ""single-pulse radical decay with no continuous source"", ""first-order H2O2 loss when enabled""]",True,illustrative single-pulse molar concentration,M except time_s and rate fields,"Fixed pH, rapid equilibrium, constant SOD and rates, single pulse; not continuously driven cellular ROS.",ae188e2ba41fafda0a98499db6e2918fccc0fc4f,1afbda6f7c930e34dd90ab95767796d038c4429c4f4c40c50f3e68f50bf98a71,configs/doxorubicin_parameters.json,0b7d200aedee3aed703b810ad54927a2126d9ee0952f6ef87cf5ebb57992d345,configs/parameter_provenance.csv,86c4261fcb9616a643db79340fe0b7398ba10a5c46464e67e8b697bcfc3a4ec9
sod_mediated,SOD-mediated,0.013333333333333334,1e-05,6.895092561143814e-06,2.0760151985652493e-08,6.874332409158162e-06,1.5524537194280933e-06,0.0,1e-05,0.0,7.4,4.88,760000.0,85000000.0,2370000000.0,1e-08,,analytic Riccati radical-pool solution plus integrating-factor adaptive quadrature for H2O2,61,"[""fixed pH"", ""rapid HO2/O2-minus acid-base equilibrium"", ""constant SOD concentration"", ""constant elementary rate coefficients"", ""single-pulse radical decay with no continuous source"", ""first-order H2O2 loss when enabled""]",True,illustrative single-pulse molar concentration,M except time_s and rate fields,"Fixed pH, rapid equilibrium, constant SOD and rates, single pulse; not continuously driven cellular ROS.",ae188e2ba41fafda0a98499db6e2918fccc0fc4f,1afbda6f7c930e34dd90ab95767796d038c4429c4f4c40c50f3e68f50bf98a71,configs/doxorubicin_parameters.json,0b7d200aedee3aed703b810ad54927a2126d9ee0952f6ef87cf5ebb57992d345,configs/parameter_provenance.csv,86c4261fcb9616a643db79340fe0b7398ba10a5c46464e67e8b697bcfc3a4ec9
sod_mediated,SOD-mediated,0.015000000000000001,1e-05,6.590932350637514e-06,1.984436845669993e-08,6.571087982180814e-06,1.7045338246812434e-06,0.0,1e-05,0.0,7.4,4.88,760000.0,85000000.0,2370000000.0,1e-08,,analytic Riccati radical-pool solution plus integrating-factor adaptive quadrature for H2O2,61,"[""fixed pH"", ""rapid HO2/O2-minus acid-base equilibrium"", ""constant SOD concentration"", ""constant elementary rate coefficients"", ""single-pulse radical decay with no continuous source"", ""first-order H2O2 loss when enabled""]",True,illustrative single-pulse molar concentration,M except time_s and rate fields,"Fixed pH, rapid equilibrium, constant SOD and rates, single pulse; not continuously driven cellular ROS.",ae188e2ba41fafda0a98499db6e2918fccc0fc4f,1afbda6f7c930e34dd90ab95767796d038c4429c4f4c40c50f3e68f50bf98a71,configs/doxorubicin_parameters.json,0b7d200aedee3aed703b810ad54927a2126d9ee0952f6ef87cf5ebb57992d345,configs/parameter_provenance.csv,86c4261fcb9616a643db79340fe0b7398ba10a5c46464e67e8b697bcfc3a4ec9
sod_mediated,SOD-mediated,0.016666666666666666,1e-05,6.3017788594383345e-06,1.897376804470471e-08,6.28280509139363e-06,1.8491105702808332e-06,0.0,1e-05,0.0,7.4,4.88,760000.0,85000000.0,2370000000.0,1e-08,,analytic Riccati radical-pool solution plus integrating-factor adaptive quadrature for H2O2,61,"[""fixed pH"", ""rapid HO2/O2-minus acid-base equilibrium"", ""constant SOD concentration"", ""constant elementary rate coefficients"", ""single-pulse radical decay with no continuous source"", ""first-order H2O2 loss when enabled""]",True,illustrative single-pulse molar concentration,M except time_s and rate fields,"Fixed pH, rapid equilibrium, constant SOD and rates, single pulse; not continuously driven cellular ROS.",ae188e2ba41fafda0a98499db6e2918fccc0fc4f,1afbda6f7c930e34dd90ab95767796d038c4429c4f4c40c50f3e68f50bf98a71,configs/doxorubicin_parameters.json,0b7d200aedee3aed703b810ad54927a2126d9ee0952f6ef87cf5ebb57992d345,configs/parameter_provenance.csv,86c4261fcb9616a643db79340fe0b7398ba10a5c46464e67e8b697bcfc3a4ec9
sod_mediated,SOD-mediated,0.018333333333333333,1e-05,6.026756373162504e-06,1.814571409707052e-08,6.0086106590654335e-06,1.9866218134187485e-06,0.0,1e-05,0.0,7.4,4.88,760000.0,85000000.0,2370000000.0,1e-08,,analytic Riccati radical-pool solution plus integrating-factor adaptive quadrature for H2O2,61,"[""fixed pH"", ""rapid HO2/O2-minus acid-base equilibrium"", ""constant SOD concentration"", ""constant elementary rate coefficients"", ""single-pulse radical decay with no continuous source"", ""first-order H2O2 loss when enabled""]",True,illustrative single-pulse molar concentration,M except time_s and rate fields,"Fixed pH, rapid equilibrium, constant SOD and rates, single pulse; not continuously driven cellular ROS.",ae188e2ba41fafda0a98499db6e2918fccc0fc4f,1afbda6f7c930e34dd90ab95767796d038c4429c4f4c40c50f3e68f50bf98a71,configs/doxorubicin_parameters.json,0b7d200aedee3aed703b810ad54927a2126d9ee0952f6ef87cf5ebb57992d345,configs/parameter_provenance.csv,86c4261fcb9616a643db79340fe0b7398ba10a5c46464e67e8b697bcfc3a4ec9
sod_mediated,SOD-mediated,0.02,1e-05,5.765051841003645e-06,1.7357758632401497e-08,5.747694082371243e-06,2.117474079498178e-06,0.0,1e-05,0.0,7.4,4.88,760000.0,85000000.0,2370000000.0,1e-08,,analytic Riccati radical-pool solution plus integrating-factor adaptive quadrature for H2O2,61,"[""fixed pH"", ""rapid HO2/O2-minus acid-base equilibrium"", ""constant SOD concentration"", ""constant elementary rate coefficients"", ""single-pulse radical decay with no continuous source"", ""first-order H2O2 loss when enabled""]",True,illustrative single-pulse molar concentration,M except time_s and rate fields,"Fixed pH, rapid equilibrium, constant SOD and rates, single pulse; not continuously driven cellular ROS.",ae188e2ba41fafda0a98499db6e2918fccc0fc4f,1afbda6f7c930e34dd90ab95767796d038c4429c4f4c40c50f3e68f50bf98a71,configs/doxorubicin_parameters.json,0b7d200aedee3aed703b810ad54927a2126d9ee0952f6ef87cf5ebb57992d345,configs/parameter_provenance.csv,86c4261fcb9616a643db79340fe0b7398ba10a5c46464e67e8b697bcfc3a4ec9
sod_mediated,SOD-mediated,0.021666666666666667,1e-05,5.515909400665467e-06,1.6607625855846148e-08,5.499301774809621e-06,2.2420452996672667e-06,0.0,1e-05,0.0,7.4,4.88,760000.0,85000000.0,2370000000.0,1e-08,,analytic Riccati radical-pool solution plus integrating-factor adaptive quadrature for H2O2,61,"[""fixed pH"", ""rapid HO2/O2-minus acid-base equilibrium"", ""constant SOD concentration"", ""constant elementary rate coefficients"", ""single-pulse radical decay with no continuous source"", ""first-order H2O2 loss when enabled""]",True,illustrative single-pulse molar concentration,M except time_s and rate fields,"Fixed pH, rapid equilibrium, constant SOD and rates, single pulse; not continuously driven cellular ROS.",ae188e2ba41fafda0a98499db6e2918fccc0fc4f,1afbda6f7c930e34dd90ab95767796d038c4429c4f4c40c50f3e68f50bf98a71,configs/doxorubicin_parameters.json,0b7d200aedee3aed703b810ad54927a2126d9ee0952f6ef87cf5ebb57992d345,configs/parameter_provenance.csv,86c4261fcb9616a643db79340fe0b7398ba10a5c46464e67e8b697bcfc3a4ec9
sod_mediated,SOD-mediated,0.023333333333333334,1e-05,5.27862547002652e-06,1.5893197380791654e-08,5.262732272645728e-06,2.3606872649867405e-06,0.0,1e-05,0.0,7.4,4.88,760000.0,85000000.0,2370000000.0,1e-08,,analytic Riccati radical-pool solution plus integrating-factor adaptive quadrature for H2O2,61,"[""fixed pH"", ""rapid HO2/O2-minus acid-base equilibrium"", ""constant SOD concentration"", ""constant elementary rate coefficients"", ""single-pulse radical decay with no continuous source"", ""first-order H2O2 loss when enabled""]",True,illustrative single-pulse molar concentration,M except time_s and rate fields,"Fixed pH, rapid equilibrium, constant SOD and rates, single pulse; not continuously driven cellular ROS.",ae188e2ba41fafda0a98499db6e2918fccc0fc4f,1afbda6f7c930e34dd90ab95767796d038c4429c4f4c40c50f3e68f50bf98a71,configs/doxorubicin_parameters.json,0b7d200aedee3aed703b810ad54927a2126d9ee0952f6ef87cf5ebb57992d345,configs/parameter_provenance.csv,86c4261fcb9616a643db79340fe0b7398ba10a5c46464e67e8b697bcfc3a4ec9
sod_mediated,SOD-mediated,0.025,1e-05,5.052544338141066e-06,1.521249895398884e-08,5.0373318391870766e-06,2.4737278309294675e-06,0.0,1e-05,0.0,7.4,4.88,760000.0,85000000.0,2370000000.0,1e-08,,analytic Riccati radical-pool solution plus integrating-factor adaptive quadrature for H2O2,61,"[""fixed pH"", ""rapid HO2/O2-minus acid-base equilibrium"", ""constant SOD concentration"", ""constant elementary rate coefficients"", ""single-pulse radical decay with no continuous source"", ""first-order H2O2 loss when enabled""]",True,illustrative single-pulse molar concentration,M except time_s and rate fields,"Fixed pH, rapid equilibrium, constant SOD and rates, single pulse; not continuously driven cellular ROS.",ae188e2ba41fafda0a98499db6e2918fccc0fc4f,1afbda6f7c930e34dd90ab95767796d038c4429c4f4c40c50f3e68f50bf98a71,configs/doxorubicin_parameters.json,0b7d200aedee3aed703b810ad54927a2126d9ee0952f6ef87cf5ebb57992d345,configs/parameter_provenance.csv,86c4261fcb9616a643db79340fe0b7398ba10a5c46464e67e8b697bcfc3a4ec9
sod_mediated,SOD-mediated,0.02666666666666667,1e-05,4.837054197185928e-06,1.4563688508303364e-08,4.822490508677625e-06,2.5814729014070362e-06,0.0,1e-05,0.0,7.4,4.88,760000.0,85000000.0,2370000000.0,1e-08,,analytic Riccati radical-pool solution plus integrating-factor adaptive quadrature for H2O2,61,"[""fixed pH"", ""rapid HO2/O2-minus acid-base equilibrium"", ""constant SOD concentration"", ""constant elementary rate coefficients"", ""single-pulse radical decay with no continuous source"", ""first-order H2O2 loss when enabled""]",True,illustrative single-pulse molar concentration,M except time_s and rate fields,"Fixed pH, rapid equilibrium, constant SOD and rates, single pulse; not continuously driven cellular ROS.",ae188e2ba41fafda0a98499db6e2918fccc0fc4f,1afbda6f7c930e34dd90ab95767796d038c4429c4f4c40c50f3e68f50bf98a71,configs/doxorubicin_parameters.json,0b7d200aedee3aed703b810ad54927a2126d9ee0952f6ef87cf5ebb57992d345,configs/parameter_provenance.csv,86c4261fcb9616a643db79340fe0b7398ba10a5c46464e67e8b697bcfc3a4ec9
sod_mediated,SOD-mediated,0.028333333333333335,1e-05,4.631583564637983e-06,1.3945045390396343e-08,4.617638519247586e-06,2.684208217681009e-06,0.0,1e-05,0.0,7.4,4.88,760000.0,85000000.0,2370000000.0,1e-08,,analytic Riccati radical-pool solution plus integrating-factor adaptive quadrature for H2O2,61,"[""fixed pH"", ""rapid HO2/O2-minus acid-base equilibrium"", ""constant SOD concentration"", ""constant elementary rate coefficients"", ""single-pulse radical decay with no continuous source"", ""first-order H2O2 loss when enabled""]",True,illustrative single-pulse molar concentration,M except time_s and rate fields,"Fixed pH, rapid equilibrium, constant SOD and rates, single pulse; not continuously driven cellular ROS.",ae188e2ba41fafda0a98499db6e2918fccc0fc4f,1afbda6f7c930e34dd90ab95767796d038c4429c4f4c40c50f3e68f50bf98a71,configs/doxorubicin_parameters.json,0b7d200aedee3aed703b810ad54927a2126d9ee0952f6ef87cf5ebb57992d345,configs/parameter_provenance.csv,86c4261fcb9616a643db79340fe0b7398ba10a5c46464e67e8b697bcfc3a4ec9
sod_mediated,SOD-mediated,0.030000000000000002,1e-05,4.43559805152529e-06,1.335496063038398e-08,4.422243090894906e-06,2.7822009742373553e-06,0.0,1e-05,0.0,7.4,4.88,760000.0,85000000.0,2370000000.0,1e-08,,analytic Riccati radical-pool solution plus integrating-factor adaptive quadrature for H2O2,61,"[""fixed pH"", ""rapid HO2/O2-minus acid-base equilibrium"", ""constant SOD concentration"", ""constant elementary rate coefficients"", ""single-pulse radical decay with no continuous source"", ""first-order H2O2 loss when enabled""]",True,illustrative single-pulse molar concentration,M except time_s and rate fields,"Fixed pH, rapid equilibrium, constant SOD and rates, single pulse; not continuously driven cellular ROS.",ae188e2ba41fafda0a98499db6e2918fccc0fc4f,1afbda6f7c930e34dd90ab95767796d038c4429c4f4c40c50f3e68f50bf98a71,configs/doxorubicin_parameters.json,0b7d200aedee3aed703b810ad54927a2126d9ee0952f6ef87cf5ebb57992d345,configs/parameter_provenance.csv,86c4261fcb9616a643db79340fe0b7398ba10a5c46464e67e8b697bcfc3a4ec9
sod_mediated,SOD-mediated,0.03166666666666667,1e-05,4.2485974382146505e-06,1.2791928137445973e-08,4.2358055100772046e-06,2.875701280892675e-06,0.0,1e-05,0.0,7.4,4.88,760000.0,85000000.0,2370000000.0,1e-08,,analytic Riccati radical-pool solution plus integrating-factor adaptive quadrature for H2O2,61,"[""fixed pH"", ""rapid HO2/O2-minus acid-base equilibrium"", ""constant SOD concentration"", ""constant elementary rate coefficients"", ""single-pulse radical decay with no continuous source"", ""first-order H2O2 loss when enabled""]",True,illustrative single-pulse molar concentration,M except time_s and rate fields,"Fixed pH, rapid equilibrium, constant SOD and rates, single pulse; not continuously driven cellular ROS.",ae188e2ba41fafda0a98499db6e2918fccc0fc4f,1afbda6f7c930e34dd90ab95767796d038c4429c4f4c40c50f3e68f50bf98a71,configs/doxorubicin_parameters.json,0b7d200aedee3aed703b810ad54927a2126d9ee0952f6ef87cf5ebb57992d345,configs/parameter_provenance.csv,86c4261fcb9616a643db79340fe0b7398ba10a5c46464e67e8b697bcfc3a4ec9
sod_mediated,SOD-mediated,0.03333333333333333,1e-05,4.070113024026301e-06,1.2254536719888903e-08,4.057858487306412e-06,2.9649434879868498e-06,0.0,1e-05,0.0,7.4,4.88,760000.0,85000000.0,2370000000.0,1e-08,,analytic Riccati radical-pool solution plus integrating-factor adaptive quadrature for H2O2,61,"[""fixed pH"", ""rapid HO2/O2-minus acid-base equilibrium"", ""constant SOD concentration"", ""constant elementary rate coefficients"", ""single-pulse radical decay with no continuous source"", ""first-order H2O2 loss when enabled""]",True,illustrative single-pulse molar concentration,M except time_s and rate fields,"Fixed pH, rapid equilibrium, constant SOD and rates, single pulse; not continuously driven cellular ROS.",ae188e2ba41fafda0a98499db6e2918fccc0fc4f,1afbda6f7c930e34dd90ab95767796d038c4429c4f4c40c50f3e68f50bf98a71,configs/doxorubicin_parameters.json,0b7d200aedee3aed703b810ad54927a2126d9ee0952f6ef87cf5ebb57992d345,configs/parameter_provenance.csv,86c4261fcb9616a643db79340fe0b7398ba10a5c46464e67e8b697bcfc3a4ec9
sod_mediated,SOD-mediated,0.035,1e-05,3.899705221124701e-06,1.1741462840690468e-08,3.887963758284011e-06,3.0501473894376497e-06,0.0,1e-05,0.0,7.4,4.88,760000.0,85000000.0,2370000000.0,1e-08,,analytic Riccati radical-pool solution plus integrating-factor adaptive quadrature for H2O2,61,"[""fixed pH"", ""rapid HO2/O2-minus acid-base equilibrium"", ""constant SOD concentration"", ""constant elementary rate coefficients"", ""single-pulse radical decay with no continuous source"", ""first-order H2O2 loss when enabled""]",True,illustrative single-pulse molar concentration,M except time_s and rate fields,"Fixed pH, rapid equilibrium, constant SOD and rates, single pulse; not continuously driven cellular ROS.",ae188e2ba41fafda0a98499db6e2918fccc0fc4f,1afbda6f7c930e34dd90ab95767796d038c4429c4f4c40c50f3e68f50bf98a71,configs/doxorubicin_parameters.json,0b7d200aedee3aed703b810ad54927a2126d9ee0952f6ef87cf5ebb57992d345,configs/parameter_provenance.csv,86c4261fcb9616a643db79340fe0b7398ba10a5c46464e67e8b697bcfc3a4ec9
sod_mediated,SOD-mediated,0.03666666666666667,1e-05,3.736961366724455e-06,1.1251464030359841e-08,3.725709902694095e-06,3.1315193166377732e-06,0.0,1e-05,0.0,7.4,4.88,760000.0,85000000.0,2370000000.0,1e-08,,analytic Riccati radical-pool solution plus integrating-factor adaptive quadrature for H2O2,61,"[""fixed pH"", ""rapid HO2/O2-minus acid-base equilibrium"", ""constant SOD concentration"", ""constant elementary rate coefficients"", ""single-pulse radical decay with no continuous source"", ""first-order H2O2 loss when enabled""]",True,illustrative single-pulse molar concentration,M except time_s and rate fields,"Fixed pH, rapid equilibrium, constant SOD and rates, single pulse; not continuously driven cellular ROS.",ae188e2ba41fafda0a98499db6e2918fccc0fc4f,1afbda6f7c930e34dd90ab95767796d038c4429c4f4c40c50f3e68f50bf98a71,configs/doxorubicin_parameters.json,0b7d200aedee3aed703b810ad54927a2126d9ee0952f6ef87cf5ebb57992d345,configs/parameter_provenance.csv,86c4261fcb9616a643db79340fe0b7398ba10a5c46464e67e8b697bcfc3a4ec9
sod_mediated,SOD-mediated,0.03833333333333334,1e-05,3.581493730757432e-06,1.0783372888304154e-08,3.570710357869128e-06,3.2092531346212846e-06,0.0,1e-05,0.0,7.4,4.88,760000.0,85000000.0,2370000000.0,1e-08,,analytic Riccati radical-pool solution plus integrating-factor adaptive quadrature for H2O2,61,"[""fixed pH"", ""rapid HO2/O2-minus acid-base equilibrium"", ""constant SOD concentration"", ""constant elementary rate coefficients"", ""single-pulse radical decay with no continuous source"", ""first-order H2O2 loss when enabled""]",True,illustrative single-pulse molar concentration,M except time_s and rate fields,"Fixed pH, rapid equilibrium, constant SOD and rates, single pulse; not continuously driven cellular ROS.",ae188e2ba41fafda0a98499db6e2918fccc0fc4f,1afbda6f7c930e34dd90ab95767796d038c4429c4f4c40c50f3e68f50bf98a71,configs/doxorubicin_parameters.json,0b7d200aedee3aed703b810ad54927a2126d9ee0952f6ef87cf5ebb57992d345,configs/parameter_provenance.csv,86c4261fcb9616a643db79340fe0b7398ba10a5c46464e67e8b697bcfc3a4ec9
sod_mediated,SOD-mediated,0.04,1e-05,3.4329376988421095e-06,1.0336091612005241e-08,3.422601607230104e-06,3.283531150578946e-06,0.0,1e-05,0.0,7.4,4.88,760000.0,85000000.0,2370000000.0,1e-08,,analytic Riccati radical-pool solution plus integrating-factor adaptive quadrature for H2O2,61,"[""fixed pH"", ""rapid HO2/O2-minus acid-base equilibrium"", ""constant SOD concentration"", ""constant elementary rate coefficients"", ""single-pulse radical decay with no continuous source"", ""first-order H2O2 loss when enabled""]",True,illustrative single-pulse molar concentration,M except time_s and rate fields,"Fixed pH, rapid equilibrium, constant SOD and rates, single pulse; not continuously driven cellular ROS.",ae188e2ba41fafda0a98499db6e2918fccc0fc4f,1afbda6f7c930e34dd90ab95767796d038c4429c4f4c40c50f3e68f50bf98a71,configs/doxorubicin_parameters.json,0b7d200aedee3aed703b810ad54927a2126d9ee0952f6ef87cf5ebb57992d345,configs/parameter_provenance.csv,86c4261fcb9616a643db79340fe0b7398ba10a5c46464e67e8b697bcfc3a4ec9
sod_mediated,SOD-mediated,0.04166666666666667,1e-05,3.290950112738965e-06,9.908587000364726e-09,3.2810415257386002e-06,3.354524943630518e-06,0.0,1e-05,0.0,7.4,4.88,760000.0,85000000.0,2370000000.0,1e-08,,analytic Riccati radical-pool solution plus integrating-factor adaptive quadrature for H2O2,61,"[""fixed pH"", ""rapid HO2/O2-minus acid-base equilibrium"", ""constant SOD concentration"", ""constant elementary rate coefficients"", ""single-pulse radical decay with no continuous source"", ""first-order H2O2 loss when enabled""]",True,illustrative single-pulse molar concentration,M except time_s and rate fields,"Fixed pH, rapid equilibrium, constant SOD and rates, single pulse; not continuously driven cellular ROS.",ae188e2ba41fafda0a98499db6e2918fccc0fc4f,1afbda6f7c930e34dd90ab95767796d038c4429c4f4c40c50f3e68f50bf98a71,configs/doxorubicin_parameters.json,0b7d200aedee3aed703b810ad54927a2126d9ee0952f6ef87cf5ebb57992d345,configs/parameter_provenance.csv,86c4261fcb9616a643db79340fe0b7398ba10a5c46464e67e8b697bcfc3a4ec9
sod_mediated,SOD-mediated,0.043333333333333335,1e-05,3.15520775251682e-06,9.499885883720769e-09,3.1457078666330993e-06,3.42239612374159e-06,0.0,1e-05,0.0,7.4,4.88,760000.0,85000000.0,2370000000.0,1e-08,,analytic Riccati radical-pool solution plus integrating-factor adaptive quadrature for H2O2,61,"[""fixed pH"", ""rapid HO2/O2-minus acid-base equilibrium"", ""constant SOD concentration"", ""constant elementary rate coefficients"", ""single-pulse radical decay with no continuous source"", ""first-order H2O2 loss when enabled""]",True,illustrative single-pulse molar concentration,M except time_s and rate fields,"Fixed pH, rapid equilibrium, constant SOD and rates, single pulse; not continuously driven cellular ROS.",ae188e2ba41fafda0a98499db6e2918fccc0fc4f,1afbda6f7c930e34dd90ab95767796d038c4429c4f4c40c50f3e68f50bf98a71,configs/doxorubicin_parameters.json,0b7d200aedee3aed703b810ad54927a2126d9ee0952f6ef87cf5ebb57992d345,configs/parameter_provenance.csv,86c4261fcb9616a643db79340fe0b7398ba10a5c46464e67e8b697bcfc3a4ec9
sod_mediated,SOD-mediated,0.045000000000000005,1e-05,3.0254059464368213e-06,9.109070938404654e-09,3.0162968754984167e-06,3.48729702678159e-06,0.0,1e-05,0.0,7.4,4.88,760000.0,85000000.0,2370000000.0,1e-08,,analytic Riccati radical-pool solution plus integrating-factor adaptive quadrature for H2O2,61,"[""fixed pH"", ""rapid HO2/O2-minus acid-base equilibrium"", ""constant SOD concentration"", ""constant elementary rate coefficients"", ""single-pulse radical decay with no continuous source"", ""first-order H2O2 loss when enabled""]",True,illustrative single-pulse molar concentration,M except time_s and rate fields,"Fixed pH, rapid equilibrium, constant SOD and rates, single pulse; not continuously driven cellular ROS.",ae188e2ba41fafda0a98499db6e2918fccc0fc4f,1afbda6f7c930e34dd90ab95767796d038c4429c4f4c40c50f3e68f50bf98a71,configs/doxorubicin_parameters.json,0b7d200aedee3aed703b810ad54927a2126d9ee0952f6ef87cf5ebb57992d345,configs/parameter_provenance.csv,86c4261fcb9616a643db79340fe0b7398ba10a5c46464e67e8b697bcfc3a4ec9
sod_mediated,SOD-mediated,0.04666666666666667,1e-05,2.901257296119439e-06,8.735276848398279e-09,2.8925220192710406e-06,3.549371351940281e-06,0.0,1e-05,0.0,7.4,4.88,760000.0,85000000.0,2370000000.0,1e-08,,analytic Riccati radical-pool solution plus integrating-factor adaptive quadrature for H2O2,61,"[""fixed pH"", ""rapid HO2/O2-minus acid-base equilibrium"", ""constant SOD concentration"", ""constant elementary rate coefficients"", ""single-pulse radical decay with no continuous source"", ""first-order H2O2 loss when enabled""]",True,illustrative single-pulse molar concentration,M except time_s and rate fields,"Fixed pH, rapid equilibrium, constant SOD and rates, single pulse; not continuously driven cellular ROS.",ae188e2ba41fafda0a98499db6e2918fccc0fc4f,1afbda6f7c930e34dd90ab95767796d038c4429c4f4c40c50f3e68f50bf98a71,configs/doxorubicin_parameters.json,0b7d200aedee3aed703b810ad54927a2126d9ee0952f6ef87cf5ebb57992d345,configs/parameter_provenance.csv,86c4261fcb9616a643db79340fe0b7398ba10a5c46464e67e8b697bcfc3a4ec9
sod_mediated,SOD-mediated,0.04833333333333334,1e-05,2.782490505925998e-06,8.377686780766913e-09,2.774112819145231e-06,3.6087547470370013e-06,0.0,1e-05,0.0,7.4,4.88,760000.0,85000000.0,2370000000.0,1e-08,,analytic Riccati radical-pool solution plus integrating-factor adaptive quadrature for H2O2,61,"[""fixed pH"", ""rapid HO2/O2-minus acid-base equilibrium"", ""constant SOD concentration"", ""constant elementary rate coefficients"", ""single-pulse radical decay with no continuous source"", ""first-order H2O2 loss when enabled""]",True,illustrative single-pulse molar concentration,M except time_s and rate fields,"Fixed pH, rapid equilibrium, constant SOD and rates, single pulse; not continuously driven cellular ROS.",ae188e2ba41fafda0a98499db6e2918fccc0fc4f,1afbda6f7c930e34dd90ab95767796d038c4429c4f4c40c50f3e68f50bf98a71,configs/doxorubicin_parameters.json,0b7d200aedee3aed703b810ad54927a2126d9ee0952f6ef87cf5ebb57992d345,configs/parameter_provenance.csv,86c4261fcb9616a643db79340fe0b7398ba10a5c46464e67e8b697bcfc3a4ec9
sod_mediated,SOD-mediated,0.05,1e-05,2.6688493066859126e-06,8.03552914515359e-09,2.660813777540759e-06,3.665575346657044e-06,0.0,1e-05,0.0,7.4,4.88,760000.0,85000000.0,2370000000.0,1e-08,,analytic Riccati radical-pool solution plus integrating-factor adaptive quadrature for H2O2,61,"[""fixed pH"", ""rapid HO2/O2-minus acid-base equilibrium"", ""constant SOD concentration"", ""constant elementary rate coefficients"", ""single-pulse radical decay with no continuous source"", ""first-order H2O2 loss when enabled""]",True,illustrative single-pulse molar concentration,M except time_s and rate fields,"Fixed pH, rapid equilibrium, constant SOD and rates, single pulse; not continuously driven cellular ROS.",ae188e2ba41fafda0a98499db6e2918fccc0fc4f,1afbda6f7c930e34dd90ab95767796d038c4429c4f4c40c50f3e68f50bf98a71,configs/doxorubicin_parameters.json,0b7d200aedee3aed703b810ad54927a2126d9ee0952f6ef87cf5ebb57992d345,configs/parameter_provenance.csv,86c4261fcb9616a643db79340fe0b7398ba10a5c46464e67e8b697bcfc3a4ec9
sod_mediated,SOD-mediated,0.05166666666666667,1e-05,2.5600914649562437e-06,7.708074610799242e-09,2.5523833903454446e-06,3.7199542675218784e-06,0.0,1e-05,0.0,7.4,4.88,760000.0,85000000.0,2370000000.0,1e-08,,analytic Riccati radical-pool solution plus integrating-factor adaptive quadrature for H2O2,61,"[""fixed pH"", ""rapid HO2/O2-minus acid-base equilibrium"", ""constant SOD concentration"", ""constant elementary rate coefficients"", ""single-pulse radical decay with no continuous source"", ""first-order H2O2 loss when enabled""]",True,illustrative single-pulse molar concentration,M except time_s and rate fields,"Fixed pH, rapid equilibrium, constant SOD and rates, single pulse; not continuously driven cellular ROS.",ae188e2ba41fafda0a98499db6e2918fccc0fc4f,1afbda6f7c930e34dd90ab95767796d038c4429c4f4c40c50f3e68f50bf98a71,configs/doxorubicin_parameters.json,0b7d200aedee3aed703b810ad54927a2126d9ee0952f6ef87cf5ebb57992d345,configs/parameter_provenance.csv,86c4261fcb9616a643db79340fe0b7398ba10a5c46464e67e8b697bcfc3a4ec9
sod_mediated,SOD-mediated,0.05333333333333334,1e-05,2.4559878699303236e-06,7.394633357353271e-09,2.44859323657297e-06,3.7720060650348384e-06,0.0,1e-05,0.0,7.4,4.88,760000.0,85000000.0,2370000000.0,1e-08,,analytic Riccati radical-pool solution plus integrating-factor adaptive quadrature for H2O2,61,"[""fixed pH"", ""rapid HO2/O2-minus acid-base equilibrium"", ""constant SOD concentration"", ""constant elementary rate coefficients"", ""single-pulse radical decay with no continuous source"", ""first-order H2O2 loss when enabled""]",True,illustrative single-pulse molar concentration,M except time_s and rate fields,"Fixed pH, rapid equilibrium, constant SOD and rates, single pulse; not continuously driven cellular ROS.",ae188e2ba41fafda0a98499db6e2918fccc0fc4f,1afbda6f7c930e34dd90ab95767796d038c4429c4f4c40c50f3e68f50bf98a71,configs/doxorubicin_parameters.json,0b7d200aedee3aed703b810ad54927a2126d9ee0952f6ef87cf5ebb57992d345,configs/parameter_provenance.csv,86c4261fcb9616a643db79340fe0b7398ba10a5c46464e67e8b697bcfc3a4ec9
sod_mediated,SOD-mediated,0.055,1e-05,2.356321690933508e-06,7.094552538211969e-09,2.349227138395296e-06,3.821839154533246e-06,0.0,1e-05,0.0,7.4,4.88,760000.0,85000000.0,2370000000.0,1e-08,,analytic Riccati radical-pool solution plus integrating-factor adaptive quadrature for H2O2,61,"[""fixed pH"", ""rapid HO2/O2-minus acid-base equilibrium"", ""constant SOD concentration"", ""constant elementary rate coefficients"", ""single-pulse radical decay with no continuous source"", ""first-order H2O2 loss when enabled""]",True,illustrative single-pulse molar concentration,M except time_s and rate fields,"Fixed pH, rapid equilibrium, constant SOD and rates, single pulse; not continuously driven cellular ROS.",ae188e2ba41fafda0a98499db6e2918fccc0fc4f,1afbda6f7c930e34dd90ab95767796d038c4429c4f4c40c50f3e68f50bf98a71,configs/doxorubicin_parameters.json,0b7d200aedee3aed703b810ad54927a2126d9ee0952f6ef87cf5ebb57992d345,configs/parameter_provenance.csv,86c4261fcb9616a643db79340fe0b7398ba10a5c46464e67e8b697bcfc3a4ec9
sod_mediated,SOD-mediated,0.05666666666666667,1e-05,2.260887599170318e-06,6.807213937308854e-09,2.254080385233009e-06,3.869556200414842e-06,0.0,1e-05,0.0,7.4,4.88,760000.0,85000000.0,2370000000.0,1e-08,,analytic Riccati radical-pool solution plus integrating-factor adaptive quadrature for H2O2,61,"[""fixed pH"", ""rapid HO2/O2-minus acid-base equilibrium"", ""constant SOD concentration"", ""constant elementary rate coefficients"", ""single-pulse radical decay with no continuous source"", ""first-order H2O2 loss when enabled""]",True,illustrative single-pulse molar concentration,M except time_s and rate fields,"Fixed pH, rapid equilibrium, constant SOD and rates, single pulse; not continuously driven cellular ROS.",ae188e2ba41fafda0a98499db6e2918fccc0fc4f,1afbda6f7c930e34dd90ab95767796d038c4429c4f4c40c50f3e68f50bf98a71,configs/doxorubicin_parameters.json,0b7d200aedee3aed703b810ad54927a2126d9ee0952f6ef87cf5ebb57992d345,configs/parameter_provenance.csv,86c4261fcb9616a643db79340fe0b7398ba10a5c46464e67e8b697bcfc3a4ec9
sod_mediated,SOD-mediated,0.058333333333333334,1e-05,2.1694910480306464e-06,6.5320318022180836e-09,2.162959016228428e-06,3.915254475984677e-06,0.0,1e-05,0.0,7.4,4.88,760000.0,85000000.0,2370000000.0,1e-08,,analytic Riccati radical-pool solution plus integrating-factor adaptive quadrature for H2O2,61,"[""fixed pH"", ""rapid HO2/O2-minus acid-base equilibrium"", ""constant SOD concentration"", ""constant elementary rate coefficients"", ""single-pulse radical decay with no continuous source"", ""first-order H2O2 loss when enabled""]",True,illustrative single-pulse molar concentration,M except time_s and rate fields,"Fixed pH, rapid equilibrium, constant SOD and rates, single pulse; not continuously driven cellular ROS.",ae188e2ba41fafda0a98499db6e2918fccc0fc4f,1afbda6f7c930e34dd90ab95767796d038c4429c4f4c40c50f3e68f50bf98a71,configs/doxorubicin_parameters.json,0b7d200aedee3aed703b810ad54927a2126d9ee0952f6ef87cf5ebb57992d345,configs/parameter_provenance.csv,86c4261fcb9616a643db79340fe0b7398ba10a5c46464e67e8b697bcfc3a4ec9
sod_mediated,SOD-mediated,0.060000000000000005,1e-05,2.081947606833487e-06,6.26845083815071e-09,2.075679155995336e-06,3.959026196583257e-06,0.0,1e-05,0.0,7.4,4.88,760000.0,85000000.0,2370000000.0,1e-08,,analytic Riccati radical-pool solution plus integrating-factor adaptive quadrature for H2O2,61,"[""fixed pH"", ""rapid HO2/O2-minus acid-base equilibrium"", ""constant SOD concentration"", ""constant elementary rate coefficients"", ""single-pulse radical decay with no continuous source"", ""first-order H2O2 loss when enabled""]",True,illustrative single-pulse molar concentration,M except time_s and rate fields,"Fixed pH, rapid equilibrium, constant SOD and rates, single pulse; not continuously driven cellular ROS.",ae188e2ba41fafda0a98499db6e2918fccc0fc4f,1afbda6f7c930e34dd90ab95767796d038c4429c4f4c40c50f3e68f50bf98a71,configs/doxorubicin_parameters.json,0b7d200aedee3aed703b810ad54927a2126d9ee0952f6ef87cf5ebb57992d345,configs/parameter_provenance.csv,86c4261fcb9616a643db79340fe0b7398ba10a5c46464e67e8b697bcfc3a4ec9
sod_mediated,SOD-mediated,0.06166666666666667,1e-05,1.9980823433939156e-06,6.0159443489508806e-09,1.992066399044965e-06,4.000958828303043e-06,0.0,1e-05,0.0,7.4,4.88,760000.0,85000000.0,2370000000.0,1e-08,,analytic Riccati radical-pool solution plus integrating-factor adaptive quadrature for H2O2,61,"[""fixed pH"", ""rapid HO2/O2-minus acid-base equilibrium"", ""constant SOD concentration"", ""constant elementary rate coefficients"", ""single-pulse radical decay with no continuous source"", ""first-order H2O2 loss when enabled""]",True,illustrative single-pulse molar concentration,M except time_s and rate fields,"Fixed pH, rapid equilibrium, constant SOD and rates, single pulse; not continuously driven cellular ROS.",ae188e2ba41fafda0a98499db6e2918fccc0fc4f,1afbda6f7c930e34dd90ab95767796d038c4429c4f4c40c50f3e68f50bf98a71,configs/doxorubicin_parameters.json,0b7d200aedee3aed703b810ad54927a2126d9ee0952f6ef87cf5ebb57992d345,configs/parameter_provenance.csv,86c4261fcb9616a643db79340fe0b7398ba10a5c46464e67e8b697bcfc3a4ec9
sod_mediated,SOD-mediated,0.06333333333333334,1e-05,1.91772925125048e-06,5.7740125125582254e-09,1.9119552387379217e-06,4.04113537437476e-06,0.0,1e-05,0.0,7.4,4.88,760000.0,85000000.0,2370000000.0,1e-08,,analytic Riccati radical-pool solution plus integrating-factor adaptive quadrature for H2O2,61,"[""fixed pH"", ""rapid HO2/O2-minus acid-base equilibrium"", ""constant SOD concentration"", ""constant elementary rate coefficients"", ""single-pulse radical decay with no continuous source"", ""first-order H2O2 loss when enabled""]",True,illustrative single-pulse molar concentration,M except time_s and rate fields,"Fixed pH, rapid equilibrium, constant SOD and rates, single pulse; not continuously driven cellular ROS.",ae188e2ba41fafda0a98499db6e2918fccc0fc4f,1afbda6f7c930e34dd90ab95767796d038c4429c4f4c40c50f3e68f50bf98a71,configs/doxorubicin_parameters.json,0b7d200aedee3aed703b810ad54927a2126d9ee0952f6ef87cf5ebb57992d345,configs/parameter_provenance.csv,86c4261fcb9616a643db79340fe0b7398ba10a5c46464e67e8b697bcfc3a4ec9
sod_mediated,SOD-mediated,0.065,1e-05,1.8407307177925272e-06,5.5421807796141965e-09,1.8351885370129129e-06,4.079634641103737e-06,0.0,1e-05,0.0,7.4,4.88,760000.0,85000000.0,2370000000.0,1e-08,,analytic Riccati radical-pool solution plus integrating-factor adaptive quadrature for H2O2,61,"[""fixed pH"", ""rapid HO2/O2-minus acid-base equilibrium"", ""constant SOD concentration"", ""constant elementary rate coefficients"", ""single-pulse radical decay with no continuous source"", ""first-order H2O2 loss when enabled""]",True,illustrative single-pulse molar concentration,M except time_s and rate fields,"Fixed pH, rapid equilibrium, constant SOD and rates, single pulse; not continuously driven cellular ROS.",ae188e2ba41fafda0a98499db6e2918fccc0fc4f,1afbda6f7c930e34dd90ab95767796d038c4429c4f4c40c50f3e68f50bf98a71,configs/doxorubicin_parameters.json,0b7d200aedee3aed703b810ad54927a2126d9ee0952f6ef87cf5ebb57992d345,configs/parameter_provenance.csv,86c4261fcb9616a643db79340fe0b7398ba10a5c46464e67e8b697bcfc3a4ec9
sod_mediated,SOD-mediated,0.06666666666666667,1e-05,1.7669370298861472e-06,5.319998384971459e-09,1.7616170315011757e-06,4.116531485056927e-06,0.0,1e-05,0.0,7.4,4.88,760000.0,85000000.0,2370000000.0,1e-08,,analytic Riccati radical-pool solution plus integrating-factor adaptive quadrature for H2O2,61,"[""fixed pH"", ""rapid HO2/O2-minus acid-base equilibrium"", ""constant SOD concentration"", ""constant elementary rate coefficients"", ""single-pulse radical decay with no continuous source"", ""first-order H2O2 loss when enabled""]",True,illustrative single-pulse molar concentration,M except time_s and rate fields,"Fixed pH, rapid equilibrium, constant SOD and rates, single pulse; not continuously driven cellular ROS.",ae188e2ba41fafda0a98499db6e2918fccc0fc4f,1afbda6f7c930e34dd90ab95767796d038c4429c4f4c40c50f3e68f50bf98a71,configs/doxorubicin_parameters.json,0b7d200aedee3aed703b810ad54927a2126d9ee0952f6ef87cf5ebb57992d345,configs/parameter_provenance.csv,86c4261fcb9616a643db79340fe0b7398ba10a5c46464e67e8b697bcfc3a4ec9
sod_mediated,SOD-mediated,0.06833333333333334,1e-05,1.696205913918436e-06,5.107036962831986e-09,1.691098876955604e-06,4.1518970430407825e-06,0.0,1e-05,0.0,7.4,4.88,760000.0,85000000.0,2370000000.0,1e-08,,analytic Riccati radical-pool solution plus integrating-factor adaptive quadrature for H2O2,61,"[""fixed pH"", ""rapid HO2/O2-minus acid-base equilibrium"", ""constant SOD concentration"", ""constant elementary rate coefficients"", ""single-pulse radical decay with no continuous source"", ""first-order H2O2 loss when enabled""]",True,illustrative single-pulse molar concentration,M except time_s and rate fields,"Fixed pH, rapid equilibrium, constant SOD and rates, single pulse; not continuously driven cellular ROS.",ae188e2ba41fafda0a98499db6e2918fccc0fc4f,1afbda6f7c930e34dd90ab95767796d038c4429c4f4c40c50f3e68f50bf98a71,configs/doxorubicin_parameters.json,0b7d200aedee3aed703b810ad54927a2126d9ee0952f6ef87cf5ebb57992d345,configs/parameter_provenance.csv,86c4261fcb9616a643db79340fe0b7398ba10a5c46464e67e8b697bcfc3a4ec9
sod_mediated,SOD-mediated,0.07,1e-05,1.6284021074670998e-06,4.902889257104595e-09,1.6234992182099953e-06,4.18579894626645e-06,0.0,1e-05,0.0,7.4,4.88,760000.0,85000000.0,2370000000.0,1e-08,,analytic Riccati radical-pool solution plus integrating-factor adaptive quadrature for H2O2,61,"[""fixed pH"", ""rapid HO2/O2-minus acid-base equilibrium"", ""constant SOD concentration"", ""constant elementary rate coefficients"", ""single-pulse radical decay with no continuous source"", ""first-order H2O2 loss when enabled""]",True,illustrative single-pulse molar concentration,M except time_s and rate fields,"Fixed pH, rapid equilibrium, constant SOD and rates, single pulse; not continuously driven cellular ROS.",ae188e2ba41fafda0a98499db6e2918fccc0fc4f,1afbda6f7c930e34dd90ab95767796d038c4429c4f4c40c50f3e68f50bf98a71,configs/doxorubicin_parameters.json,0b7d200aedee3aed703b810ad54927a2126d9ee0952f6ef87cf5ebb57992d345,configs/parameter_provenance.csv,86c4261fcb9616a643db79340fe0b7398ba10a5c46464e67e8b697bcfc3a4ec9
sod_mediated,SOD-mediated,0.07166666666666667,1e-05,1.563396960059957e-06,4.707167919348085e-09,1.5586897921406088e-06,4.218301519970022e-06,0.0,1e-05,0.0,7.4,4.88,760000.0,85000000.0,2370000000.0,1e-08,,analytic Riccati radical-pool solution plus integrating-factor adaptive quadrature for H2O2,61,"[""fixed pH"", ""rapid HO2/O2-minus acid-base equilibrium"", ""constant SOD concentration"", ""constant elementary rate coefficients"", ""single-pulse radical decay with no continuous source"", ""first-order H2O2 loss when enabled""]",True,illustrative single-pulse molar concentration,M except time_s and rate fields,"Fixed pH, rapid equilibrium, constant SOD and rates, single pulse; not continuously driven cellular ROS.",ae188e2ba41fafda0a98499db6e2918fccc0fc4f,1afbda6f7c930e34dd90ab95767796d038c4429c4f4c40c50f3e68f50bf98a71,configs/doxorubicin_parameters.json,0b7d200aedee3aed703b810ad54927a2126d9ee0952f6ef87cf5ebb57992d345,configs/parameter_provenance.csv,86c4261fcb9616a643db79340fe0b7398ba10a5c46464e67e8b697bcfc3a4ec9
sod_mediated,SOD-mediated,0.07333333333333333,1e-05,1.50106806072e-06,4.519504387361896e-09,1.496548556332638e-06,4.2494659696400006e-06,0.0,1e-05,0.0,7.4,4.88,760000.0,85000000.0,2370000000.0,1e-08,,analytic Riccati radical-pool solution plus integrating-factor adaptive quadrature for H2O2,61,"[""fixed pH"", ""rapid HO2/O2-minus acid-base equilibrium"", ""constant SOD concentration"", ""constant elementary rate coefficients"", ""single-pulse radical decay with no continuous source"", ""first-order H2O2 loss when enabled""]",True,illustrative single-pulse molar concentration,M except time_s and rate fields,"Fixed pH, rapid equilibrium, constant SOD and rates, single pulse; not continuously driven cellular ROS.",ae188e2ba41fafda0a98499db6e2918fccc0fc4f,1afbda6f7c930e34dd90ab95767796d038c4429c4f4c40c50f3e68f50bf98a71,configs/doxorubicin_parameters.json,0b7d200aedee3aed703b810ad54927a2126d9ee0952f6ef87cf5ebb57992d345,configs/parameter_provenance.csv,86c4261fcb9616a643db79340fe0b7398ba10a5c46464e67e8b697bcfc3a4ec9
sod_mediated,SOD-mediated,0.07500000000000001,1e-05,1.441298890199339e-06,4.339547838111531e-09,1.4369593423612274e-06,4.279350554900331e-06,0.0,1e-05,0.0,7.4,4.88,760000.0,85000000.0,2370000000.0,1e-08,,analytic Riccati radical-pool solution plus integrating-factor adaptive quadrature for H2O2,61,"[""fixed pH"", ""rapid HO2/O2-minus acid-base equilibrium"", ""constant SOD concentration"", ""constant elementary rate coefficients"", ""single-pulse radical decay with no continuous source"", ""first-order H2O2 loss when enabled""]",True,illustrative single-pulse molar concentration,M except time_s and rate fields,"Fixed pH, rapid equilibrium, constant SOD and rates, single pulse; not continuously driven cellular ROS.",ae188e2ba41fafda0a98499db6e2918fccc0fc4f,1afbda6f7c930e34dd90ab95767796d038c4429c4f4c40c50f3e68f50bf98a71,configs/doxorubicin_parameters.json,0b7d200aedee3aed703b810ad54927a2126d9ee0952f6ef87cf5ebb57992d345,configs/parameter_provenance.csv,86c4261fcb9616a643db79340fe0b7398ba10a5c46464e67e8b697bcfc3a4ec9
sod_mediated,SOD-mediated,0.07666666666666667,1e-05,1.3839784959921947e-06,4.166964209238473e-09,1.3798115317829563e-06,4.308010752003903e-06,0.0,1e-05,0.0,7.4,4.88,760000.0,85000000.0,2370000000.0,1e-08,,analytic Riccati radical-pool solution plus integrating-factor adaptive quadrature for H2O2,61,"[""fixed pH"", ""rapid HO2/O2-minus acid-base equilibrium"", ""constant SOD concentration"", ""constant elementary rate coefficients"", ""single-pulse radical decay with no continuous source"", ""first-order H2O2 loss when enabled""]",True,illustrative single-pulse molar concentration,M except time_s and rate fields,"Fixed pH, rapid equilibrium, constant SOD and rates, single pulse; not continuously driven cellular ROS.",ae188e2ba41fafda0a98499db6e2918fccc0fc4f,1afbda6f7c930e34dd90ab95767796d038c4429c4f4c40c50f3e68f50bf98a71,configs/doxorubicin_parameters.json,0b7d200aedee3aed703b810ad54927a2126d9ee0952f6ef87cf5ebb57992d345,configs/parameter_provenance.csv,86c4261fcb9616a643db79340fe0b7398ba10a5c46464e67e8b697bcfc3a4ec9
sod_mediated,SOD-mediated,0.07833333333333334,1e-05,1.32900118838537e-06,4.001435283910992e-09,1.3249997531014592e-06,4.335499405807315e-06,0.0,1e-05,0.0,7.4,4.88,760000.0,85000000.0,2370000000.0,1e-08,,analytic Riccati radical-pool solution plus integrating-factor adaptive quadrature for H2O2,61,"[""fixed pH"", ""rapid HO2/O2-minus acid-base equilibrium"", ""constant SOD concentration"", ""constant elementary rate coefficients"", ""single-pulse radical decay with no continuous source"", ""first-order H2O2 loss when enabled""]",True,illustrative single-pulse molar concentration,M except time_s and rate fields,"Fixed pH, rapid equilibrium, constant SOD and rates, single pulse; not continuously driven cellular ROS.",ae188e2ba41fafda0a98499db6e2918fccc0fc4f,1afbda6f7c930e34dd90ab95767796d038c4429c4f4c40c50f3e68f50bf98a71,configs/doxorubicin_parameters.json,0b7d200aedee3aed703b810ad54927a2126d9ee0952f6ef87cf5ebb57992d345,configs/parameter_provenance.csv,86c4261fcb9616a643db79340fe0b7398ba10a5c46464e67e8b697bcfc3a4ec9
sod_mediated,SOD-mediated,0.08,1e-05,1.2762662559564502e-06,3.842657834229318e-09,1.2724235981222209e-06,4.361866872021775e-06,0.0,1e-05,0.0,7.4,4.88,760000.0,85000000.0,2370000000.0,1e-08,,analytic Riccati radical-pool solution plus integrating-factor adaptive quadrature for H2O2,61,"[""fixed pH"", ""rapid HO2/O2-minus acid-base equilibrium"", ""constant SOD concentration"", ""constant elementary rate coefficients"", ""single-pulse radical decay with no continuous source"", ""first-order H2O2 loss when enabled""]",True,illustrative single-pulse molar concentration,M except time_s and rate fields,"Fixed pH, rapid equilibrium, constant SOD and rates, single pulse; not continuously driven cellular ROS.",ae188e2ba41fafda0a98499db6e2918fccc0fc4f,1afbda6f7c930e34dd90ab95767796d038c4429c4f4c40c50f3e68f50bf98a71,configs/doxorubicin_parameters.json,0b7d200aedee3aed703b810ad54927a2126d9ee0952f6ef87cf5ebb57992d345,configs/parameter_provenance.csv,86c4261fcb9616a643db79340fe0b7398ba10a5c46464e67e8b697bcfc3a4ec9
sod_mediated,SOD-mediated,0.08166666666666667,1e-05,1.2256776990669654e-06,3.690342818811119e-09,1.2219873562481544e-06,4.387161150466518e-06,0.0,1e-05,0.0,7.4,4.88,760000.0,85000000.0,2370000000.0,1e-08,,analytic Riccati radical-pool solution plus integrating-factor adaptive quadrature for H2O2,61,"[""fixed pH"", ""rapid HO2/O2-minus acid-base equilibrium"", ""constant SOD concentration"", ""constant elementary rate coefficients"", ""single-pulse radical decay with no continuous source"", ""first-order H2O2 loss when enabled""]",True,illustrative single-pulse molar concentration,M except time_s and rate fields,"Fixed pH, rapid equilibrium, constant SOD and rates, single pulse; not continuously driven cellular ROS.",ae188e2ba41fafda0a98499db6e2918fccc0fc4f,1afbda6f7c930e34dd90ab95767796d038c4429c4f4c40c50f3e68f50bf98a71,configs/doxorubicin_parameters.json,0b7d200aedee3aed703b810ad54927a2126d9ee0952f6ef87cf5ebb57992d345,configs/parameter_provenance.csv,86c4261fcb9616a643db79340fe0b7398ba10a5c46464e67e8b697bcfc3a4ec9
sod_mediated,SOD-mediated,0.08333333333333334,1e-05,1.1771439800216485e-06,3.544214630556226e-09,1.1735997653910922e-06,4.411428009989176e-06,0.0,1e-05,0.0,7.4,4.88,760000.0,85000000.0,2370000000.0,1e-08,,analytic Riccati radical-pool solution plus integrating-factor adaptive quadrature for H2O2,61,"[""fixed pH"", ""rapid HO2/O2-minus acid-base equilibrium"", ""constant SOD concentration"", ""constant elementary rate coefficients"", ""single-pulse radical decay with no continuous source"", ""first-order H2O2 loss when enabled""]",True,illustrative single-pulse molar concentration,M except time_s and rate fields,"Fixed pH, rapid equilibrium, constant SOD and rates, single pulse; not continuously driven cellular ROS.",ae188e2ba41fafda0a98499db6e2918fccc0fc4f,1afbda6f7c930e34dd90ab95767796d038c4429c4f4c40c50f3e68f50bf98a71,configs/doxorubicin_parameters.json,0b7d200aedee3aed703b810ad54927a2126d9ee0952f6ef87cf5ebb57992d345,configs/parameter_provenance.csv,86c4261fcb9616a643db79340fe0b7398ba10a5c46464e67e8b697bcfc3a4ec9
sod_mediated,SOD-mediated,0.085,1e-05,1.1305777886769919e-06,3.4040103909270366e-09,1.1271737782860648e-06,4.434711105661505e-06,0.0,1e-05,0.0,7.4,4.88,760000.0,85000000.0,2370000000.0,1e-08,,analytic Riccati radical-pool solution plus integrating-factor adaptive quadrature for H2O2,61,"[""fixed pH"", ""rapid HO2/O2-minus acid-base equilibrium"", ""constant SOD concentration"", ""constant elementary rate coefficients"", ""single-pulse radical decay with no continuous source"", ""first-order H2O2 loss when enabled""]",True,illustrative single-pulse molar concentration,M except time_s and rate fields,"Fixed pH, rapid equilibrium, constant SOD and rates, single pulse; not continuously driven cellular ROS.",ae188e2ba41fafda0a98499db6e2918fccc0fc4f,1afbda6f7c930e34dd90ab95767796d038c4429c4f4c40c50f3e68f50bf98a71,configs/doxorubicin_parameters.json,0b7d200aedee3aed703b810ad54927a2126d9ee0952f6ef87cf5ebb57992d345,configs/parameter_provenance.csv,86c4261fcb9616a643db79340fe0b7398ba10a5c46464e67e8b697bcfc3a4ec9
sod_mediated,SOD-mediated,0.08666666666666667,1e-05,1.085895822383837e-06,3.269479287386663e-09,1.0826263430964503e-06,4.457052088808082e-06,0.0,1e-05,0.0,7.4,4.88,760000.0,85000000.0,2370000000.0,1e-08,,analytic Riccati radical-pool solution plus integrating-factor adaptive quadrature for H2O2,61,"[""fixed pH"", ""rapid HO2/O2-minus acid-base equilibrium"", ""constant SOD concentration"", ""constant elementary rate coefficients"", ""single-pulse radical decay with no continuous source"", ""first-order H2O2 loss when enabled""]",True,illustrative single-pulse molar concentration,M except time_s and rate fields,"Fixed pH, rapid equilibrium, constant SOD and rates, single pulse; not continuously driven cellular ROS.",ae188e2ba41fafda0a98499db6e2918fccc0fc4f,1afbda6f7c930e34dd90ab95767796d038c4429c4f4c40c50f3e68f50bf98a71,configs/doxorubicin_parameters.json,0b7d200aedee3aed703b810ad54927a2126d9ee0952f6ef87cf5ebb57992d345,configs/parameter_provenance.csv,86c4261fcb9616a643db79340fe0b7398ba10a5c46464e67e8b697bcfc3a4ec9
sod_mediated,SOD-mediated,0.08833333333333333,1e-05,1.0430185792408235e-06,3.140381950914204e-09,1.0398781972899093e-06,4.4784907103795884e-06,0.0,1e-05,0.0,7.4,4.88,760000.0,85000000.0,2370000000.0,1e-08,,analytic Riccati radical-pool solution plus integrating-factor adaptive quadrature for H2O2,61,"[""fixed pH"", ""rapid HO2/O2-minus acid-base equilibrium"", ""constant SOD concentration"", ""constant elementary rate coefficients"", ""single-pulse radical decay with no continuous source"", ""first-order H2O2 loss when enabled""]",True,illustrative single-pulse molar concentration,M except time_s and rate fields,"Fixed pH, rapid equilibrium, constant SOD and rates, single pulse; not continuously driven cellular ROS.",ae188e2ba41fafda0a98499db6e2918fccc0fc4f,1afbda6f7c930e34dd90ab95767796d038c4429c4f4c40c50f3e68f50bf98a71,configs/doxorubicin_parameters.json,0b7d200aedee3aed703b810ad54927a2126d9ee0952f6ef87cf5ebb57992d345,configs/parameter_provenance.csv,86c4261fcb9616a643db79340fe0b7398ba10a5c46464e67e8b697bcfc3a4ec9
sod_mediated,SOD-mediated,0.09000000000000001,1e-05,1.0018701637191024e-06,3.0164898707681462e-09,9.988536738483343e-07,4.499064918140449e-06,0.0,1e-05,0.0,7.4,4.88,760000.0,85000000.0,2370000000.0,1e-08,,analytic Riccati radical-pool solution plus integrating-factor adaptive quadrature for H2O2,61,"[""fixed pH"", ""rapid HO2/O2-minus acid-base equilibrium"", ""constant SOD concentration"", ""constant elementary rate coefficients"", ""single-pulse radical decay with no continuous source"", ""first-order H2O2 loss when enabled""]",True,illustrative single-pulse molar concentration,M except time_s and rate fields,"Fixed pH, rapid equilibrium, constant SOD and rates, single pulse; not continuously driven cellular ROS.",ae188e2ba41fafda0a98499db6e2918fccc0fc4f,1afbda6f7c930e34dd90ab95767796d038c4429c4f4c40c50f3e68f50bf98a71,configs/doxorubicin_parameters.json,0b7d200aedee3aed703b810ad54927a2126d9ee0952f6ef87cf5ebb57992d345,configs/parameter_provenance.csv,86c4261fcb9616a643db79340fe0b7398ba10a5c46464e67e8b697bcfc3a4ec9
sod_mediated,SOD-mediated,0.09166666666666667,1e-05,9.623781037946649e-07,2.8975848438975844e-09,9.594805189507673e-07,4.518810948102668e-06,0.0,1e-05,0.0,7.4,4.88,760000.0,85000000.0,2370000000.0,1e-08,,analytic Riccati radical-pool solution plus integrating-factor adaptive quadrature for H2O2,61,"[""fixed pH"", ""rapid HO2/O2-minus acid-base equilibrium"", ""constant SOD concentration"", ""constant elementary rate coefficients"", ""single-pulse radical decay with no continuous source"", ""first-order H2O2 loss when enabled""]",True,illustrative single-pulse molar concentration,M except time_s and rate fields,"Fixed pH, rapid equilibrium, constant SOD and rates, single pulse; not continuously driven cellular ROS.",ae188e2ba41fafda0a98499db6e2918fccc0fc4f,1afbda6f7c930e34dd90ab95767796d038c4429c4f4c40c50f3e68f50bf98a71,configs/doxorubicin_parameters.json,0b7d200aedee3aed703b810ad54927a2126d9ee0952f6ef87cf5ebb57992d345,configs/parameter_provenance.csv,86c4261fcb9616a643db79340fe0b7398ba10a5c46464e67e8b697bcfc3a4ec9
sod_mediated,SOD-mediated,0.09333333333333334,1e-05,9.244731787937429e-07,2.7834584566089764e-09,9.216897203371339e-07,4.537763410603129e-06,0.0,1e-05,0.0,7.4,4.88,760000.0,85000000.0,2370000000.0,1e-08,,analytic Riccati radical-pool solution plus integrating-factor adaptive quadrature for H2O2,61,"[""fixed pH"", ""rapid HO2/O2-minus acid-base equilibrium"", ""constant SOD concentration"", ""constant elementary rate coefficients"", ""single-pulse radical decay with no continuous source"", ""first-order H2O2 loss when enabled""]",True,illustrative single-pulse molar concentration,M except time_s and rate fields,"Fixed pH, rapid equilibrium, constant SOD and rates, single pulse; not continuously driven cellular ROS.",ae188e2ba41fafda0a98499db6e2918fccc0fc4f,1afbda6f7c930e34dd90ab95767796d038c4429c4f4c40c50f3e68f50bf98a71,configs/doxorubicin_parameters.json,0b7d200aedee3aed703b810ad54927a2126d9ee0952f6ef87cf5ebb57992d345,configs/parameter_provenance.csv,86c4261fcb9616a643db79340fe0b7398ba10a5c46464e67e8b697bcfc3a4ec9
sod_mediated,SOD-mediated,0.095,1e-05,8.880892572196371e-07,2.673911596285582e-09,8.854153456233516e-07,4.5559553713901816e-06,0.0,1e-05,0.0,7.4,4.88,760000.0,85000000.0,2370000000.0,1e-08,,analytic Riccati radical-pool solution plus integrating-factor adaptive quadrature for H2O2,61,"[""fixed pH"", ""rapid HO2/O2-minus acid-base equilibrium"", ""constant SOD concentration"", ""constant elementary rate coefficients"", ""single-pulse radical decay with no continuous source"", ""first-order H2O2 loss when enabled""]",True,illustrative single-pulse molar concentration,M except time_s and rate fields,"Fixed pH, rapid equilibrium, constant SOD and rates, single pulse; not continuously driven cellular ROS.",ae188e2ba41fafda0a98499db6e2918fccc0fc4f,1afbda6f7c930e34dd90ab95767796d038c4429c4f4c40c50f3e68f50bf98a71,configs/doxorubicin_parameters.json,0b7d200aedee3aed703b810ad54927a2126d9ee0952f6ef87cf5ebb57992d345,configs/parameter_provenance.csv,86c4261fcb9616a643db79340fe0b7398ba10a5c46464e67e8b697bcfc3a4ec9
sod_mediated,SOD-mediated,0.09666666666666668,1e-05,8.531631438866509e-07,2.5687539911292794e-09,8.505943898955216e-07,4.573418428056675e-06,0.0,1e-05,0.0,7.4,4.88,760000.0,85000000.0,2370000000.0,1e-08,,analytic Riccati radical-pool solution plus integrating-factor adaptive quadrature for H2O2,61,"[""fixed pH"", ""rapid HO2/O2-minus acid-base equilibrium"", ""constant SOD concentration"", ""constant elementary rate coefficients"", ""single-pulse radical decay with no continuous source"", ""first-order H2O2 loss when enabled""]",True,illustrative single-pulse molar concentration,M except time_s and rate fields,"Fixed pH, rapid equilibrium, constant SOD and rates, single pulse; not continuously driven cellular ROS.",ae188e2ba41fafda0a98499db6e2918fccc0fc4f,1afbda6f7c930e34dd90ab95767796d038c4429c4f4c40c50f3e68f50bf98a71,configs/doxorubicin_parameters.json,0b7d200aedee3aed703b810ad54927a2126d9ee0952f6ef87cf5ebb57992d345,configs/parameter_provenance.csv,86c4261fcb9616a643db79340fe0b7398ba10a5c46464e67e8b697bcfc3a4ec9
sod_mediated,SOD-mediated,0.09833333333333334,1e-05,8.196344357391227e-07,2.4678037760519922e-09,8.171666319630707e-07,4.590182782130439e-06,0.0,1e-05,0.0,7.4,4.88,760000.0,85000000.0,2370000000.0,1e-08,,analytic Riccati radical-pool solution plus integrating-factor adaptive quadrature for H2O2,61,"[""fixed pH"", ""rapid HO2/O2-minus acid-base equilibrium"", ""constant SOD concentration"", ""constant elementary rate coefficients"", ""single-pulse radical decay with no continuous source"", ""first-order H2O2 loss when enabled""]",True,illustrative single-pulse molar concentration,M except time_s and rate fields,"Fixed pH, rapid equilibrium, constant SOD and rates, single pulse; not continuously driven cellular ROS.",ae188e2ba41fafda0a98499db6e2918fccc0fc4f,1afbda6f7c930e34dd90ab95767796d038c4429c4f4c40c50f3e68f50bf98a71,configs/doxorubicin_parameters.json,0b7d200aedee3aed703b810ad54927a2126d9ee0952f6ef87cf5ebb57992d345,configs/parameter_provenance.csv,86c4261fcb9616a643db79340fe0b7398ba10a5c46464e67e8b697bcfc3a4ec9
sod_mediated,SOD-mediated,0.1,1e-05,7.874453857812864e-07,2.370887082987674e-09,7.850744986982988e-07,4.606277307109357e-06,0.0,1e-05,0.0,7.4,4.88,760000.0,85000000.0,2370000000.0,1e-08,,analytic Riccati radical-pool solution plus integrating-factor adaptive quadrature for H2O2,61,"[""fixed pH"", ""rapid HO2/O2-minus acid-base equilibrium"", ""constant SOD concentration"", ""constant elementary rate coefficients"", ""single-pulse radical decay with no continuous source"", ""first-order H2O2 loss when enabled""]",True,illustrative single-pulse molar concentration,M except time_s and rate fields,"Fixed pH, rapid equilibrium, constant SOD and rates, single pulse; not continuously driven cellular ROS.",ae188e2ba41fafda0a98499db6e2918fccc0fc4f,1afbda6f7c930e34dd90ab95767796d038c4429c4f4c40c50f3e68f50bf98a71,configs/doxorubicin_parameters.json,0b7d200aedee3aed703b810ad54927a2126d9ee0952f6ef87cf5ebb57992d345,configs/parameter_provenance.csv,86c4261fcb9616a643db79340fe0b7398ba10a5c46464e67e8b697bcfc3a4ec9
sod_plus_h2o2_loss,SOD + H2O2 loss,0.0,1e-05,1e-05,3.010859071369541e-08,9.969891409286304e-06,0.0,0.0,1e-05,0.0,7.4,4.88,760000.0,85000000.0,2370000000.0,1e-08,20.0,analytic Riccati radical-pool solution plus integrating-factor adaptive quadrature for H2O2,61,"[""fixed pH"", ""rapid HO2/O2-minus acid-base equilibrium"", ""constant SOD concentration"", ""constant elementary rate coefficients"", ""single-pulse radical decay with no continuous source"", ""first-order H2O2 loss when enabled""]",True,illustrative single-pulse molar concentration,M except time_s and rate fields,"Fixed pH, rapid equilibrium, constant SOD and rates, single pulse; not continuously driven cellular ROS.",ae188e2ba41fafda0a98499db6e2918fccc0fc4f,1afbda6f7c930e34dd90ab95767796d038c4429c4f4c40c50f3e68f50bf98a71,configs/doxorubicin_parameters.json,0b7d200aedee3aed703b810ad54927a2126d9ee0952f6ef87cf5ebb57992d345,configs/parameter_provenance.csv,86c4261fcb9616a643db79340fe0b7398ba10a5c46464e67e8b697bcfc3a4ec9
sod_plus_h2o2_loss,SOD + H2O2 loss,0.0016666666666666668,1e-05,9.534326411690136e-06,2.870651316603545e-08,9.5056198985241e-06,2.2896332842420718e-07,3.873465730725282e-09,1e-05,0.0,7.4,4.88,760000.0,85000000.0,2370000000.0,1e-08,20.0,analytic Riccati radical-pool solution plus integrating-factor adaptive quadrature for H2O2,61,"[""fixed pH"", ""rapid HO2/O2-minus acid-base equilibrium"", ""constant SOD concentration"", ""constant elementary rate coefficients"", ""single-pulse radical decay with no continuous source"", ""first-order H2O2 loss when enabled""]",True,illustrative single-pulse molar concentration,M except time_s and rate fields,"Fixed pH, rapid equilibrium, constant SOD and rates, single pulse; not continuously driven cellular ROS.",ae188e2ba41fafda0a98499db6e2918fccc0fc4f,1afbda6f7c930e34dd90ab95767796d038c4429c4f4c40c50f3e68f50bf98a71,configs/doxorubicin_parameters.json,0b7d200aedee3aed703b810ad54927a2126d9ee0952f6ef87cf5ebb57992d345,configs/parameter_provenance.csv,86c4261fcb9616a643db79340fe0b7398ba10a5c46464e67e8b697bcfc3a4ec9
sod_plus_h2o2_loss,SOD + H2O2 loss,0.0033333333333333335,1e-05,9.093840598150083e-06,2.738027245852879e-08,9.066460325691555e-06,4.380364337325887e-07,1.5043267192370023e-08,1e-05,0.0,7.4,4.88,760000.0,85000000.0,2370000000.0,1e-08,20.0,analytic Riccati radical-pool solution plus integrating-factor adaptive quadrature for H2O2,61,"[""fixed pH"", ""rapid HO2/O2-minus acid-base equilibrium"", ""constant SOD concentration"", ""constant elementary rate coefficients"", ""single-pulse radical decay with no continuous source"", ""first-order H2O2 loss when enabled""]",True,illustrative single-pulse molar concentration,M except time_s and rate fields,"Fixed pH, rapid equilibrium, constant SOD and rates, single pulse; not continuously driven cellular ROS.",ae188e2ba41fafda0a98499db6e2918fccc0fc4f,1afbda6f7c930e34dd90ab95767796d038c4429c4f4c40c50f3e68f50bf98a71,configs/doxorubicin_parameters.json,0b7d200aedee3aed703b810ad54927a2126d9ee0952f6ef87cf5ebb57992d345,configs/parameter_provenance.csv,86c4261fcb9616a643db79340fe0b7398ba10a5c46464e67e8b697bcfc3a4ec9
sod_plus_h2o2_loss,SOD + H2O2 loss,0.005,1e-05,8.676867664183211e-06,2.612482571777906e-08,8.650742838465433e-06,6.286948377894812e-07,3.2871330118913694e-08,1e-05,0.0,7.4,4.88,760000.0,85000000.0,2370000000.0,1e-08,20.0,analytic Riccati radical-pool solution plus integrating-factor adaptive quadrature for H2O2,61,"[""fixed pH"", ""rapid HO2/O2-minus acid-base equilibrium"", ""constant SOD concentration"", ""constant elementary rate coefficients"", ""single-pulse radical decay with no continuous source"", ""first-order H2O2 loss when enabled""]",True,illustrative single-pulse molar concentration,M except time_s and rate fields,"Fixed pH, rapid equilibrium, constant SOD and rates, single pulse; not continuously driven cellular ROS.",ae188e2ba41fafda0a98499db6e2918fccc0fc4f,1afbda6f7c930e34dd90ab95767796d038c4429c4f4c40c50f3e68f50bf98a71,configs/doxorubicin_parameters.json,0b7d200aedee3aed703b810ad54927a2126d9ee0952f6ef87cf5ebb57992d345,configs/parameter_provenance.csv,86c4261fcb9616a643db79340fe0b7398ba10a5c46464e67e8b697bcfc3a4ec9
sod_plus_h2o2_loss,SOD + H2O2 loss,0.006666666666666667,1e-05,8.281872264320993e-06,2.4935550234954662e-08,8.256936714086038e-06,8.02297085053076e-07,5.6766782786427976e-08,1e-05,0.0,7.4,4.88,760000.0,85000000.0,2370000000.0,1e-08,20.0,analytic Riccati radical-pool solution plus integrating-factor adaptive quadrature for H2O2,61,"[""fixed pH"", ""rapid HO2/O2-minus acid-base equilibrium"", ""constant SOD concentration"", ""constant elementary rate coefficients"", ""single-pulse radical decay with no continuous source"", ""first-order H2O2 loss when enabled""]",True,illustrative single-pulse molar concentration,M except time_s and rate fields,"Fixed pH, rapid equilibrium, constant SOD and rates, single pulse; not continuously driven cellular ROS.",ae188e2ba41fafda0a98499db6e2918fccc0fc4f,1afbda6f7c930e34dd90ab95767796d038c4429c4f4c40c50f3e68f50bf98a71,configs/doxorubicin_parameters.json,0b7d200aedee3aed703b810ad54927a2126d9ee0952f6ef87cf5ebb57992d345,configs/parameter_provenance.csv,86c4261fcb9616a643db79340fe0b7398ba10a5c46464e67e8b697bcfc3a4ec9
sod_plus_h2o2_loss,SOD + H2O2 loss,0.008333333333333333,1e-05,7.907444373643431e-06,2.380820062373436e-08,7.883636173019697e-06,9.600955723552975e-07,8.618224082298724e-08,1e-05,0.0,7.4,4.88,760000.0,85000000.0,2370000000.0,1e-08,20.0,analytic Riccati radical-pool solution plus integrating-factor adaptive quadrature for H2O2,61,"[""fixed pH"", ""rapid HO2/O2-minus acid-base equilibrium"", ""constant SOD concentration"", ""constant elementary rate coefficients"", ""single-pulse radical decay with no continuous source"", ""first-order H2O2 loss when enabled""]",True,illustrative single-pulse molar concentration,M except time_s and rate fields,"Fixed pH, rapid equilibrium, constant SOD and rates, single pulse; not continuously driven cellular ROS.",ae188e2ba41fafda0a98499db6e2918fccc0fc4f,1afbda6f7c930e34dd90ab95767796d038c4429c4f4c40c50f3e68f50bf98a71,configs/doxorubicin_parameters.json,0b7d200aedee3aed703b810ad54927a2126d9ee0952f6ef87cf5ebb57992d345,configs/parameter_provenance.csv,86c4261fcb9616a643db79340fe0b7398ba10a5c46464e67e8b697bcfc3a4ec9
sod_plus_h2o2_loss,SOD + H2O2 loss,0.01,1e-05,7.552286769500123e-06,2.273887112953361e-08,7.529547898370589e-06,1.1032461826388004e-06,1.206104326111384e-07,1e-05,0.0,7.4,4.88,760000.0,85000000.0,2370000000.0,1e-08,20.0,analytic Riccati radical-pool solution plus integrating-factor adaptive quadrature for H2O2,61,"[""fixed pH"", ""rapid HO2/O2-minus acid-base equilibrium"", ""constant SOD concentration"", ""constant elementary rate coefficients"", ""single-pulse radical decay with no continuous source"", ""first-order H2O2 loss when enabled""]",True,illustrative single-pulse molar concentration,M except time_s and rate fields,"Fixed pH, rapid equilibrium, constant SOD and rates, single pulse; not continuously driven cellular ROS.",ae188e2ba41fafda0a98499db6e2918fccc0fc4f,1afbda6f7c930e34dd90ab95767796d038c4429c4f4c40c50f3e68f50bf98a71,configs/doxorubicin_parameters.json,0b7d200aedee3aed703b810ad54927a2126d9ee0952f6ef87cf5ebb57992d345,configs/parameter_provenance.csv,86c4261fcb9616a643db79340fe0b7398ba10a5c46464e67e8b697bcfc3a4ec9
sod_plus_h2o2_loss,SOD + H2O2 loss,0.011666666666666667,1e-05,7.215203988712867e-06,2.172396238119783e-08,7.1934800263316685e-06,1.232816877576937e-06,1.5958112806663e-07,1.0000000000000003e-05,1.6940658945086007e-21,7.4,4.88,760000.0,85000000.0,2370000000.0,1e-08,20.0,analytic Riccati radical-pool solution plus integrating-factor adaptive quadrature for H2O2,61,"[""fixed pH"", ""rapid HO2/O2-minus acid-base equilibrium"", ""constant SOD concentration"", ""constant elementary rate coefficients"", ""single-pulse radical decay with no continuous source"", ""first-order H2O2 loss when enabled""]",True,illustrative single-pulse molar concentration,M except time_s and rate fields,"Fixed pH, rapid equilibrium, constant SOD and rates, single pulse; not continuously driven cellular ROS.",ae188e2ba41fafda0a98499db6e2918fccc0fc4f,1afbda6f7c930e34dd90ab95767796d038c4429c4f4c40c50f3e68f50bf98a71,configs/doxorubicin_parameters.json,0b7d200aedee3aed703b810ad54927a2126d9ee0952f6ef87cf5ebb57992d345,configs/parameter_provenance.csv,86c4261fcb9616a643db79340fe0b7398ba10a5c46464e67e8b697bcfc3a4ec9
sod_plus_h2o2_loss,SOD + H2O2 loss,0.013333333333333334,1e-05,6.895092561143814e-06,2.0760151985652493e-08,6.874332409158162e-06,1.3497953810805654e-06,2.0265833834752793e-07,1.0000000000000003e-05,1.6940658945086007e-21,7.4,4.88,760000.0,85000000.0,2370000000.0,1e-08,20.0,analytic Riccati radical-pool solution plus integrating-factor adaptive quadrature for H2O2,61,"[""fixed pH"", ""rapid HO2/O2-minus acid-base equilibrium"", ""constant SOD concentration"", ""constant elementary rate coefficients"", ""single-pulse radical decay with no continuous source"", ""first-order H2O2 loss when enabled""]",True,illustrative single-pulse molar concentration,M except time_s and rate fields,"Fixed pH, rapid equilibrium, constant SOD and rates, single pulse; not continuously driven cellular ROS.",ae188e2ba41fafda0a98499db6e2918fccc0fc4f,1afbda6f7c930e34dd90ab95767796d038c4429c4f4c40c50f3e68f50bf98a71,configs/doxorubicin_parameters.json,0b7d200aedee3aed703b810ad54927a2126d9ee0952f6ef87cf5ebb57992d345,configs/parameter_provenance.csv,86c4261fcb9616a643db79340fe0b7398ba10a5c46464e67e8b697bcfc3a4ec9
sod_plus_h2o2_loss,SOD + H2O2 loss,0.015000000000000001,1e-05,6.590932350637514e-06,1.984436845669993e-08,6.571087982180814e-06,1.455096066561541e-06,2.4943775811970233e-07,1e-05,0.0,7.4,4.88,760000.0,85000000.0,2370000000.0,1e-08,20.0,analytic Riccati radical-pool solution plus integrating-factor adaptive quadrature for H2O2,61,"[""fixed pH"", ""rapid HO2/O2-minus acid-base equilibrium"", ""constant SOD concentration"", ""constant elementary rate coefficients"", ""single-pulse radical decay with no continuous source"", ""first-order H2O2 loss when enabled""]",True,illustrative single-pulse molar concentration,M except time_s and rate fields,"Fixed pH, rapid equilibrium, constant SOD and rates, single pulse; not continuously driven cellular ROS.",ae188e2ba41fafda0a98499db6e2918fccc0fc4f,1afbda6f7c930e34dd90ab95767796d038c4429c4f4c40c50f3e68f50bf98a71,configs/doxorubicin_parameters.json,0b7d200aedee3aed703b810ad54927a2126d9ee0952f6ef87cf5ebb57992d345,configs/parameter_provenance.csv,86c4261fcb9616a643db79340fe0b7398ba10a5c46464e67e8b697bcfc3a4ec9
sod_plus_h2o2_loss,SOD + H2O2 loss,0.016666666666666666,1e-05,6.3017788594383345e-06,1.897376804470471e-08,6.28280509139363e-06,1.5495661447889754e-06,2.995444254918578e-07,1e-05,0.0,7.4,4.88,760000.0,85000000.0,2370000000.0,1e-08,20.0,analytic Riccati radical-pool solution plus integrating-factor adaptive quadrature for H2O2,61,"[""fixed pH"", ""rapid HO2/O2-minus acid-base equilibrium"", ""constant SOD concentration"", ""constant elementary rate coefficients"", ""single-pulse radical decay with no continuous source"", ""first-order H2O2 loss when enabled""]",True,illustrative single-pulse molar concentration,M except time_s and rate fields,"Fixed pH, rapid equilibrium, constant SOD and rates, single pulse; not continuously driven cellular ROS.",ae188e2ba41fafda0a98499db6e2918fccc0fc4f,1afbda6f7c930e34dd90ab95767796d038c4429c4f4c40c50f3e68f50bf98a71,configs/doxorubicin_parameters.json,0b7d200aedee3aed703b810ad54927a2126d9ee0952f6ef87cf5ebb57992d345,configs/parameter_provenance.csv,86c4261fcb9616a643db79340fe0b7398ba10a5c46464e67e8b697bcfc3a4ec9
sod_plus_h2o2_loss,SOD + H2O2 loss,0.018333333333333333,1e-05,6.026756373162504e-06,1.814571409707052e-08,6.0086106590654335e-06,1.633991235688644e-06,3.526305777301046e-07,1e-05,0.0,7.4,4.88,760000.0,85000000.0,2370000000.0,1e-08,20.0,analytic Riccati radical-pool solution plus integrating-factor adaptive quadrature for H2O2,61,"[""fixed pH"", ""rapid HO2/O2-minus acid-base equilibrium"", ""constant SOD concentration"", ""constant elementary rate coefficients"", ""single-pulse radical decay with no continuous source"", ""first-order H2O2 loss when enabled""]",True,illustrative single-pulse molar concentration,M except time_s and rate fields,"Fixed pH, rapid equilibrium, constant SOD and rates, single pulse; not continuously driven cellular ROS.",ae188e2ba41fafda0a98499db6e2918fccc0fc4f,1afbda6f7c930e34dd90ab95767796d038c4429c4f4c40c50f3e68f50bf98a71,configs/doxorubicin_parameters.json,0b7d200aedee3aed703b810ad54927a2126d9ee0952f6ef87cf5ebb57992d345,configs/parameter_provenance.csv,86c4261fcb9616a643db79340fe0b7398ba10a5c46464e67e8b697bcfc3a4ec9
sod_plus_h2o2_loss,SOD + H2O2 loss,0.02,1e-05,5.765051841003645e-06,1.7357758632401497e-08,5.747694082371243e-06,1.7091003960528835e-06,4.0837368344529445e-07,1e-05,0.0,7.4,4.88,760000.0,85000000.0,2370000000.0,1e-08,20.0,analytic Riccati radical-pool solution plus integrating-factor adaptive quadrature for H2O2,61,"[""fixed pH"", ""rapid HO2/O2-minus acid-base equilibrium"", ""constant SOD concentration"", ""constant elementary rate coefficients"", ""single-pulse radical decay with no continuous source"", ""first-order H2O2 loss when enabled""]",True,illustrative single-pulse molar concentration,M except time_s and rate fields,"Fixed pH, rapid equilibrium, constant SOD and rates, single pulse; not continuously driven cellular ROS.",ae188e2ba41fafda0a98499db6e2918fccc0fc4f,1afbda6f7c930e34dd90ab95767796d038c4429c4f4c40c50f3e68f50bf98a71,configs/doxorubicin_parameters.json,0b7d200aedee3aed703b810ad54927a2126d9ee0952f6ef87cf5ebb57992d345,configs/parameter_provenance.csv,86c4261fcb9616a643db79340fe0b7398ba10a5c46464e67e8b697bcfc3a4ec9
sod_plus_h2o2_loss,SOD + H2O2 loss,0.021666666666666667,1e-05,5.515909400665467e-06,1.6607625855846148e-08,5.499301774809621e-06,1.775570665487057e-06,4.6647463418020964e-07,1e-05,0.0,7.4,4.88,760000.0,85000000.0,2370000000.0,1e-08,20.0,analytic Riccati radical-pool solution plus integrating-factor adaptive quadrature for H2O2,61,"[""fixed pH"", ""rapid HO2/O2-minus acid-base equilibrium"", ""constant SOD concentration"", ""constant elementary rate coefficients"", ""single-pulse radical decay with no continuous source"", ""first-order H2O2 loss when enabled""]",True,illustrative single-pulse molar concentration,M except time_s and rate fields,"Fixed pH, rapid equilibrium, constant SOD and rates, single pulse; not continuously driven cellular ROS.",ae188e2ba41fafda0a98499db6e2918fccc0fc4f,1afbda6f7c930e34dd90ab95767796d038c4429c4f4c40c50f3e68f50bf98a71,configs/doxorubicin_parameters.json,0b7d200aedee3aed703b810ad54927a2126d9ee0952f6ef87cf5ebb57992d345,configs/parameter_provenance.csv,86c4261fcb9616a643db79340fe0b7398ba10a5c46464e67e8b697bcfc3a4ec9
sod_plus_h2o2_loss,SOD + H2O2 loss,0.023333333333333334,1e-05,5.27862547002652e-06,1.5893197380791654e-08,5.262732272645728e-06,1.834031184725696e-06,5.266560802610444e-07,1.0000000000000003e-05,1.6940658945086007e-21,7.4,4.88,760000.0,85000000.0,2370000000.0,1e-08,20.0,analytic Riccati radical-pool solution plus integrating-factor adaptive quadrature for H2O2,61,"[""fixed pH"", ""rapid HO2/O2-minus acid-base equilibrium"", ""constant SOD concentration"", ""constant elementary rate coefficients"", ""single-pulse radical decay with no continuous source"", ""first-order H2O2 loss when enabled""]",True,illustrative single-pulse molar concentration,M except time_s and rate fields,"Fixed pH, rapid equilibrium, constant SOD and rates, single pulse; not continuously driven cellular ROS.",ae188e2ba41fafda0a98499db6e2918fccc0fc4f,1afbda6f7c930e34dd90ab95767796d038c4429c4f4c40c50f3e68f50bf98a71,configs/doxorubicin_parameters.json,0b7d200aedee3aed703b810ad54927a2126d9ee0952f6ef87cf5ebb57992d345,configs/parameter_provenance.csv,86c4261fcb9616a643db79340fe0b7398ba10a5c46464e67e8b697bcfc3a4ec9
sod_plus_h2o2_loss,SOD + H2O2 loss,0.025,1e-05,5.052544338141066e-06,1.521249895398884e-08,5.0373318391870766e-06,1.885066933466969e-06,5.886608974624985e-07,1e-05,0.0,7.4,4.88,760000.0,85000000.0,2370000000.0,1e-08,20.0,analytic Riccati radical-pool solution plus integrating-factor adaptive quadrature for H2O2,61,"[""fixed pH"", ""rapid HO2/O2-minus acid-base equilibrium"", ""constant SOD concentration"", ""constant elementary rate coefficients"", ""single-pulse radical decay with no continuous source"", ""first-order H2O2 loss when enabled""]",True,illustrative single-pulse molar concentration,M except time_s and rate fields,"Fixed pH, rapid equilibrium, constant SOD and rates, single pulse; not continuously driven cellular ROS.",ae188e2ba41fafda0a98499db6e2918fccc0fc4f,1afbda6f7c930e34dd90ab95767796d038c4429c4f4c40c50f3e68f50bf98a71,configs/doxorubicin_parameters.json,0b7d200aedee3aed703b810ad54927a2126d9ee0952f6ef87cf5ebb57992d345,configs/parameter_provenance.csv,86c4261fcb9616a643db79340fe0b7398ba10a5c46464e67e8b697bcfc3a4ec9
sod_plus_h2o2_loss,SOD + H2O2 loss,0.02666666666666667,1e-05,4.837054197185928e-06,1.4563688508303364e-08,4.822490508677625e-06,1.9292221289016178e-06,6.522507725054184e-07,1.0000000000000003e-05,1.6940658945086007e-21,7.4,4.88,760000.0,85000000.0,2370000000.0,1e-08,20.0,analytic Riccati radical-pool solution plus integrating-factor adaptive quadrature for H2O2,61,"[""fixed pH"", ""rapid HO2/O2-minus acid-base equilibrium"", ""constant SOD concentration"", ""constant elementary rate coefficients"", ""single-pulse radical decay with no continuous source"", ""first-order H2O2 loss when enabled""]",True,illustrative single-pulse molar concentration,M except time_s and rate fields,"Fixed pH, rapid equilibrium, constant SOD and rates, single pulse; not continuously driven cellular ROS.",ae188e2ba41fafda0a98499db6e2918fccc0fc4f,1afbda6f7c930e34dd90ab95767796d038c4429c4f4c40c50f3e68f50bf98a71,configs/doxorubicin_parameters.json,0b7d200aedee3aed703b810ad54927a2126d9ee0952f6ef87cf5ebb57992d345,configs/parameter_provenance.csv,86c4261fcb9616a643db79340fe0b7398ba10a5c46464e67e8b697bcfc3a4ec9
sod_plus_h2o2_loss,SOD + H2O2 loss,0.028333333333333335,1e-05,4.631583564637983e-06,1.3945045390396343e-08,4.617638519247586e-06,1.9670033209901783e-06,7.172048966908308e-07,1.0000000000000003e-05,1.6940658945086007e-21,7.4,4.88,760000.0,85000000.0,2370000000.0,1e-08,20.0,analytic Riccati radical-pool solution plus integrating-factor adaptive quadrature for H2O2,61,"[""fixed pH"", ""rapid HO2/O2-minus acid-base equilibrium"", ""constant SOD concentration"", ""constant elementary rate coefficients"", ""single-pulse radical decay with no continuous source"", ""first-order H2O2 loss when enabled""]",True,illustrative single-pulse molar concentration,M except time_s and rate fields,"Fixed pH, rapid equilibrium, constant SOD and rates, single pulse; not continuously driven cellular ROS.",ae188e2ba41fafda0a98499db6e2918fccc0fc4f,1afbda6f7c930e34dd90ab95767796d038c4429c4f4c40c50f3e68f50bf98a71,configs/doxorubicin_parameters.json,0b7d200aedee3aed703b810ad54927a2126d9ee0952f6ef87cf5ebb57992d345,configs/parameter_provenance.csv,86c4261fcb9616a643db79340fe0b7398ba10a5c46464e67e8b697bcfc3a4ec9
sod_plus_h2o2_loss,SOD + H2O2 loss,0.030000000000000002,1e-05,4.43559805152529e-06,1.335496063038398e-08,4.422243090894906e-06,1.9988822161365463e-06,7.83318758100809e-07,1e-05,0.0,7.4,4.88,760000.0,85000000.0,2370000000.0,1e-08,20.0,analytic Riccati radical-pool solution plus integrating-factor adaptive quadrature for H2O2,61,"[""fixed pH"", ""rapid HO2/O2-minus acid-base equilibrium"", ""constant SOD concentration"", ""constant elementary rate coefficients"", ""single-pulse radical decay with no continuous source"", ""first-order H2O2 loss when enabled""]",True,illustrative single-pulse molar concentration,M except time_s and rate fields,"Fixed pH, rapid equilibrium, constant SOD and rates, single pulse; not continuously driven cellular ROS.",ae188e2ba41fafda0a98499db6e2918fccc0fc4f,1afbda6f7c930e34dd90ab95767796d038c4429c4f4c40c50f3e68f50bf98a71,configs/doxorubicin_parameters.json,0b7d200aedee3aed703b810ad54927a2126d9ee0952f6ef87cf5ebb57992d345,configs/parameter_provenance.csv,86c4261fcb9616a643db79340fe0b7398ba10a5c46464e67e8b697bcfc3a4ec9
sod_plus_h2o2_loss,SOD + H2O2 loss,0.03166666666666667,1e-05,4.2485974382146505e-06,1.2791928137445973e-08,4.2358055100772046e-06,2.0252982571060242e-06,8.504030237866509e-07,1.0000000000000003e-05,1.6940658945086007e-21,7.4,4.88,760000.0,85000000.0,2370000000.0,1e-08,20.0,analytic Riccati radical-pool solution plus integrating-factor adaptive quadrature for H2O2,61,"[""fixed pH"", ""rapid HO2/O2-minus acid-base equilibrium"", ""constant SOD concentration"", ""constant elementary rate coefficients"", ""single-pulse radical decay with no continuous source"", ""first-order H2O2 loss when enabled""]",True,illustrative single-pulse molar concentration,M except time_s and rate fields,"Fixed pH, rapid equilibrium, constant SOD and rates, single pulse; not continuously driven cellular ROS.",ae188e2ba41fafda0a98499db6e2918fccc0fc4f,1afbda6f7c930e34dd90ab95767796d038c4429c4f4c40c50f3e68f50bf98a71,configs/doxorubicin_parameters.json,0b7d200aedee3aed703b810ad54927a2126d9ee0952f6ef87cf5ebb57992d345,configs/parameter_provenance.csv,86c4261fcb9616a643db79340fe0b7398ba10a5c46464e67e8b697bcfc3a4ec9
sod_plus_h2o2_loss,SOD + H2O2 loss,0.03333333333333333,1e-05,4.070113024026301e-06,1.2254536719888903e-08,4.057858487306412e-06,2.0466609837498184e-06,9.182825042370314e-07,1e-05,0.0,7.4,4.88,760000.0,85000000.0,2370000000.0,1e-08,20.0,analytic Riccati radical-pool solution plus integrating-factor adaptive quadrature for H2O2,61,"[""fixed pH"", ""rapid HO2/O2-minus acid-base equilibrium"", ""constant SOD concentration"", ""constant elementary rate coefficients"", ""single-pulse radical decay with no continuous source"", ""first-order H2O2 loss when enabled""]",True,illustrative single-pulse molar concentration,M except time_s and rate fields,"Fixed pH, rapid equilibrium, constant SOD and rates, single pulse; not continuously driven cellular ROS.",ae188e2ba41fafda0a98499db6e2918fccc0fc4f,1afbda6f7c930e34dd90ab95767796d038c4429c4f4c40c50f3e68f50bf98a71,configs/doxorubicin_parameters.json,0b7d200aedee3aed703b810ad54927a2126d9ee0952f6ef87cf5ebb57992d345,configs/parameter_provenance.csv,86c4261fcb9616a643db79340fe0b7398ba10a5c46464e67e8b697bcfc3a4ec9
sod_plus_h2o2_loss,SOD + H2O2 loss,0.035,1e-05,3.899705221124701e-06,1.1741462840690468e-08,3.887963758284011e-06,2.063352196248726e-06,9.867951931889238e-07,9.999999999999999e-06,1.6940658945086007e-21,7.4,4.88,760000.0,85000000.0,2370000000.0,1e-08,20.0,analytic Riccati radical-pool solution plus integrating-factor adaptive quadrature for H2O2,61,"[""fixed pH"", ""rapid HO2/O2-minus acid-base equilibrium"", ""constant SOD concentration"", ""constant elementary rate coefficients"", ""single-pulse radical decay with no continuous source"", ""first-order H2O2 loss when enabled""]",True,illustrative single-pulse molar concentration,M except time_s and rate fields,"Fixed pH, rapid equilibrium, constant SOD and rates, single pulse; not continuously driven cellular ROS.",ae188e2ba41fafda0a98499db6e2918fccc0fc4f,1afbda6f7c930e34dd90ab95767796d038c4429c4f4c40c50f3e68f50bf98a71,configs/doxorubicin_parameters.json,0b7d200aedee3aed703b810ad54927a2126d9ee0952f6ef87cf5ebb57992d345,configs/parameter_provenance.csv,86c4261fcb9616a643db79340fe0b7398ba10a5c46464e67e8b697bcfc3a4ec9
sod_plus_h2o2_loss,SOD + H2O2 loss,0.03666666666666667,1e-05,3.736961366724455e-06,1.1251464030359841e-08,3.725709902694095e-06,2.0757279401121523e-06,1.055791376525621e-06,1.0000000000000003e-05,1.6940658945086007e-21,7.4,4.88,760000.0,85000000.0,2370000000.0,1e-08,20.0,analytic Riccati radical-pool solution plus integrating-factor adaptive quadrature for H2O2,61,"[""fixed pH"", ""rapid HO2/O2-minus acid-base equilibrium"", ""constant SOD concentration"", ""constant elementary rate coefficients"", ""single-pulse radical decay with no continuous source"", ""first-order H2O2 loss when enabled""]",True,illustrative single-pulse molar concentration,M except time_s and rate fields,"Fixed pH, rapid equilibrium, constant SOD and rates, single pulse; not continuously driven cellular ROS.",ae188e2ba41fafda0a98499db6e2918fccc0fc4f,1afbda6f7c930e34dd90ab95767796d038c4429c4f4c40c50f3e68f50bf98a71,configs/doxorubicin_parameters.json,0b7d200aedee3aed703b810ad54927a2126d9ee0952f6ef87cf5ebb57992d345,configs/parameter_provenance.csv,86c4261fcb9616a643db79340fe0b7398ba10a5c46464e67e8b697bcfc3a4ec9
sod_plus_h2o2_loss,SOD + H2O2 loss,0.03833333333333334,1e-05,3.581493730757432e-06,1.0783372888304154e-08,3.570710357869128e-06,2.0841203300107026e-06,1.125132804610582e-06,1.0000000000000003e-05,1.6940658945086007e-21,7.4,4.88,760000.0,85000000.0,2370000000.0,1e-08,20.0,analytic Riccati radical-pool solution plus integrating-factor adaptive quadrature for H2O2,61,"[""fixed pH"", ""rapid HO2/O2-minus acid-base equilibrium"", ""constant SOD concentration"", ""constant elementary rate coefficients"", ""single-pulse radical decay with no continuous source"", ""first-order H2O2 loss when enabled""]",True,illustrative single-pulse molar concentration,M except time_s and rate fields,"Fixed pH, rapid equilibrium, constant SOD and rates, single pulse; not continuously driven cellular ROS.",ae188e2ba41fafda0a98499db6e2918fccc0fc4f,1afbda6f7c930e34dd90ab95767796d038c4429c4f4c40c50f3e68f50bf98a71,configs/doxorubicin_parameters.json,0b7d200aedee3aed703b810ad54927a2126d9ee0952f6ef87cf5ebb57992d345,configs/parameter_provenance.csv,86c4261fcb9616a643db79340fe0b7398ba10a5c46464e67e8b697bcfc3a4ec9
sod_plus_h2o2_loss,SOD + H2O2 loss,0.04,1e-05,3.4329376988421095e-06,1.0336091612005241e-08,3.422601607230104e-06,2.0888392276359285e-06,1.1946919229430173e-06,1.0000000000000003e-05,1.6940658945086007e-21,7.4,4.88,760000.0,85000000.0,2370000000.0,1e-08,20.0,analytic Riccati radical-pool solution plus integrating-factor adaptive quadrature for H2O2,61,"[""fixed pH"", ""rapid HO2/O2-minus acid-base equilibrium"", ""constant SOD concentration"", ""constant elementary rate coefficients"", ""single-pulse radical decay with no continuous source"", ""first-order H2O2 loss when enabled""]",True,illustrative single-pulse molar concentration,M except time_s and rate fields,"Fixed pH, rapid equilibrium, constant SOD and rates, single pulse; not continuously driven cellular ROS.",ae188e2ba41fafda0a98499db6e2918fccc0fc4f,1afbda6f7c930e34dd90ab95767796d038c4429c4f4c40c50f3e68f50bf98a71,configs/doxorubicin_parameters.json,0b7d200aedee3aed703b810ad54927a2126d9ee0952f6ef87cf5ebb57992d345,configs/parameter_provenance.csv,86c4261fcb9616a643db79340fe0b7398ba10a5c46464e67e8b697bcfc3a4ec9
sod_plus_h2o2_loss,SOD + H2O2 loss,0.04166666666666667,1e-05,3.290950112738965e-06,9.908587000364726e-09,3.2810415257386002e-06,2.0901737871310493e-06,1.2643511564994686e-06,1e-05,0.0,7.4,4.88,760000.0,85000000.0,2370000000.0,1e-08,20.0,analytic Riccati radical-pool solution plus integrating-factor adaptive quadrature for H2O2,61,"[""fixed pH"", ""rapid HO2/O2-minus acid-base equilibrium"", ""constant SOD concentration"", ""constant elementary rate coefficients"", ""single-pulse radical decay with no continuous source"", ""first-order H2O2 loss when enabled""]",True,illustrative single-pulse molar concentration,M except time_s and rate fields,"Fixed pH, rapid equilibrium, constant SOD and rates, single pulse; not continuously driven cellular ROS.",ae188e2ba41fafda0a98499db6e2918fccc0fc4f,1afbda6f7c930e34dd90ab95767796d038c4429c4f4c40c50f3e68f50bf98a71,configs/doxorubicin_parameters.json,0b7d200aedee3aed703b810ad54927a2126d9ee0952f6ef87cf5ebb57992d345,configs/parameter_provenance.csv,86c4261fcb9616a643db79340fe0b7398ba10a5c46464e67e8b697bcfc3a4ec9
sod_plus_h2o2_loss,SOD + H2O2 loss,0.043333333333333335,1e-05,3.15520775251682e-06,9.499885883720769e-09,3.1457078666330993e-06,2.0883938801891395e-06,1.3340022435524506e-06,9.999999999999999e-06,1.6940658945086007e-21,7.4,4.88,760000.0,85000000.0,2370000000.0,1e-08,20.0,analytic Riccati radical-pool solution plus integrating-factor adaptive quadrature for H2O2,61,"[""fixed pH"", ""rapid HO2/O2-minus acid-base equilibrium"", ""constant SOD concentration"", ""constant elementary rate coefficients"", ""single-pulse radical decay with no continuous source"", ""first-order H2O2 loss when enabled""]",True,illustrative single-pulse molar concentration,M except time_s and rate fields,"Fixed pH, rapid equilibrium, constant SOD and rates, single pulse; not continuously driven cellular ROS.",ae188e2ba41fafda0a98499db6e2918fccc0fc4f,1afbda6f7c930e34dd90ab95767796d038c4429c4f4c40c50f3e68f50bf98a71,configs/doxorubicin_parameters.json,0b7d200aedee3aed703b810ad54927a2126d9ee0952f6ef87cf5ebb57992d345,configs/parameter_provenance.csv,86c4261fcb9616a643db79340fe0b7398ba10a5c46464e67e8b697bcfc3a4ec9
sod_plus_h2o2_loss,SOD + H2O2 loss,0.045000000000000005,1e-05,3.0254059464368213e-06,9.109070938404654e-09,3.0162968754984167e-06,2.0837514116428034e-06,1.4035456151387865e-06,1e-05,0.0,7.4,4.88,760000.0,85000000.0,2370000000.0,1e-08,20.0,analytic Riccati radical-pool solution plus integrating-factor adaptive quadrature for H2O2,61,"[""fixed pH"", ""rapid HO2/O2-minus acid-base equilibrium"", ""constant SOD concentration"", ""constant elementary rate coefficients"", ""single-pulse radical decay with no continuous source"", ""first-order H2O2 loss when enabled""]",True,illustrative single-pulse molar concentration,M except time_s and rate fields,"Fixed pH, rapid equilibrium, constant SOD and rates, single pulse; not continuously driven cellular ROS.",ae188e2ba41fafda0a98499db6e2918fccc0fc4f,1afbda6f7c930e34dd90ab95767796d038c4429c4f4c40c50f3e68f50bf98a71,configs/doxorubicin_parameters.json,0b7d200aedee3aed703b810ad54927a2126d9ee0952f6ef87cf5ebb57992d345,configs/parameter_provenance.csv,86c4261fcb9616a643db79340fe0b7398ba10a5c46464e67e8b697bcfc3a4ec9
sod_plus_h2o2_loss,SOD + H2O2 loss,0.04666666666666667,1e-05,2.901257296119439e-06,8.735276848398279e-09,2.8925220192710406e-06,2.076481535248295e-06,1.472889816691986e-06,1e-05,0.0,7.4,4.88,760000.0,85000000.0,2370000000.0,1e-08,20.0,analytic Riccati radical-pool solution plus integrating-factor adaptive quadrature for H2O2,61,"[""fixed pH"", ""rapid HO2/O2-minus acid-base equilibrium"", ""constant SOD concentration"", ""constant elementary rate coefficients"", ""single-pulse radical decay with no continuous source"", ""first-order H2O2 loss when enabled""]",True,illustrative single-pulse molar concentration,M except time_s and rate fields,"Fixed pH, rapid equilibrium, constant SOD and rates, single pulse; not continuously driven cellular ROS.",ae188e2ba41fafda0a98499db6e2918fccc0fc4f,1afbda6f7c930e34dd90ab95767796d038c4429c4f4c40c50f3e68f50bf98a71,configs/doxorubicin_parameters.json,0b7d200aedee3aed703b810ad54927a2126d9ee0952f6ef87cf5ebb57992d345,configs/parameter_provenance.csv,86c4261fcb9616a643db79340fe0b7398ba10a5c46464e67e8b697bcfc3a4ec9
sod_plus_h2o2_loss,SOD + H2O2 loss,0.04833333333333334,1e-05,2.782490505925998e-06,8.377686780766913e-09,2.774112819145231e-06,2.066803778377368e-06,1.541950968659633e-06,9.999999999999999e-06,1.6940658945086007e-21,7.4,4.88,760000.0,85000000.0,2370000000.0,1e-08,20.0,analytic Riccati radical-pool solution plus integrating-factor adaptive quadrature for H2O2,61,"[""fixed pH"", ""rapid HO2/O2-minus acid-base equilibrium"", ""constant SOD concentration"", ""constant elementary rate coefficients"", ""single-pulse radical decay with no continuous source"", ""first-order H2O2 loss when enabled""]",True,illustrative single-pulse molar concentration,M except time_s and rate fields,"Fixed pH, rapid equilibrium, constant SOD and rates, single pulse; not continuously driven cellular ROS.",ae188e2ba41fafda0a98499db6e2918fccc0fc4f,1afbda6f7c930e34dd90ab95767796d038c4429c4f4c40c50f3e68f50bf98a71,configs/doxorubicin_parameters.json,0b7d200aedee3aed703b810ad54927a2126d9ee0952f6ef87cf5ebb57992d345,configs/parameter_provenance.csv,86c4261fcb9616a643db79340fe0b7398ba10a5c46464e67e8b697bcfc3a4ec9
sod_plus_h2o2_loss,SOD + H2O2 loss,0.05,1e-05,2.6688493066859126e-06,8.03552914515359e-09,2.660813777540759e-06,2.0549230834547707e-06,1.6106522632022734e-06,1e-05,0.0,7.4,4.88,760000.0,85000000.0,2370000000.0,1e-08,20.0,analytic Riccati radical-pool solution plus integrating-factor adaptive quadrature for H2O2,61,"[""fixed pH"", ""rapid HO2/O2-minus acid-base equilibrium"", ""constant SOD concentration"", ""constant elementary rate coefficients"", ""single-pulse radical decay with no continuous source"", ""first-order H2O2 loss when enabled""]",True,illustrative single-pulse molar concentration,M except time_s and rate fields,"Fixed pH, rapid equilibrium, constant SOD and rates, single pulse; not continuously driven cellular ROS.",ae188e2ba41fafda0a98499db6e2918fccc0fc4f,1afbda6f7c930e34dd90ab95767796d038c4429c4f4c40c50f3e68f50bf98a71,configs/doxorubicin_parameters.json,0b7d200aedee3aed703b810ad54927a2126d9ee0952f6ef87cf5ebb57992d345,configs/parameter_provenance.csv,86c4261fcb9616a643db79340fe0b7398ba10a5c46464e67e8b697bcfc3a4ec9
sod_plus_h2o2_loss,SOD + H2O2 loss,0.05166666666666667,1e-05,2.5600914649562437e-06,7.708074610799242e-09,2.5523833903454446e-06,2.0410307732034833e-06,1.678923494318395e-06,9.999999999999999e-06,1.6940658945086007e-21,7.4,4.88,760000.0,85000000.0,2370000000.0,1e-08,20.0,analytic Riccati radical-pool solution plus integrating-factor adaptive quadrature for H2O2,61,"[""fixed pH"", ""rapid HO2/O2-minus acid-base equilibrium"", ""constant SOD concentration"", ""constant elementary rate coefficients"", ""single-pulse radical decay with no continuous source"", ""first-order H2O2 loss when enabled""]",True,illustrative single-pulse molar concentration,M except time_s and rate fields,"Fixed pH, rapid equilibrium, constant SOD and rates, single pulse; not continuously driven cellular ROS.",ae188e2ba41fafda0a98499db6e2918fccc0fc4f,1afbda6f7c930e34dd90ab95767796d038c4429c4f4c40c50f3e68f50bf98a71,configs/doxorubicin_parameters.json,0b7d200aedee3aed703b810ad54927a2126d9ee0952f6ef87cf5ebb57992d345,configs/parameter_provenance.csv,86c4261fcb9616a643db79340fe0b7398ba10a5c46464e67e8b697bcfc3a4ec9
sod_plus_h2o2_loss,SOD + H2O2 loss,0.05333333333333334,1e-05,2.4559878699303236e-06,7.394633357353271e-09,2.44859323657297e-06,2.0253054460710457e-06,1.7467006189637927e-06,9.999999999999999e-06,1.6940658945086007e-21,7.4,4.88,760000.0,85000000.0,2370000000.0,1e-08,20.0,analytic Riccati radical-pool solution plus integrating-factor adaptive quadrature for H2O2,61,"[""fixed pH"", ""rapid HO2/O2-minus acid-base equilibrium"", ""constant SOD concentration"", ""constant elementary rate coefficients"", ""single-pulse radical decay with no continuous source"", ""first-order H2O2 loss when enabled""]",True,illustrative single-pulse molar concentration,M except time_s and rate fields,"Fixed pH, rapid equilibrium, constant SOD and rates, single pulse; not continuously driven cellular ROS.",ae188e2ba41fafda0a98499db6e2918fccc0fc4f,1afbda6f7c930e34dd90ab95767796d038c4429c4f4c40c50f3e68f50bf98a71,configs/doxorubicin_parameters.json,0b7d200aedee3aed703b810ad54927a2126d9ee0952f6ef87cf5ebb57992d345,configs/parameter_provenance.csv,86c4261fcb9616a643db79340fe0b7398ba10a5c46464e67e8b697bcfc3a4ec9
sod_plus_h2o2_loss,SOD + H2O2 loss,0.055,1e-05,2.356321690933508e-06,7.094552538211969e-09,2.349227138395296e-06,2.007913807597627e-06,1.813925346935619e-06,1e-05,0.0,7.4,4.88,760000.0,85000000.0,2370000000.0,1e-08,20.0,analytic Riccati radical-pool solution plus integrating-factor adaptive quadrature for H2O2,61,"[""fixed pH"", ""rapid HO2/O2-minus acid-base equilibrium"", ""constant SOD concentration"", ""constant elementary rate coefficients"", ""single-pulse radical decay with no continuous source"", ""first-order H2O2 loss when enabled""]",True,illustrative single-pulse molar concentration,M except time_s and rate fields,"Fixed pH, rapid equilibrium, constant SOD and rates, single pulse; not continuously driven cellular ROS.",ae188e2ba41fafda0a98499db6e2918fccc0fc4f,1afbda6f7c930e34dd90ab95767796d038c4429c4f4c40c50f3e68f50bf98a71,configs/doxorubicin_parameters.json,0b7d200aedee3aed703b810ad54927a2126d9ee0952f6ef87cf5ebb57992d345,configs/parameter_provenance.csv,86c4261fcb9616a643db79340fe0b7398ba10a5c46464e67e8b697bcfc3a4ec9
sod_plus_h2o2_loss,SOD + H2O2 loss,0.05666666666666667,1e-05,2.260887599170318e-06,6.807213937308854e-09,2.254080385233009e-06,1.989011442940636e-06,1.8805447574742055e-06,1.0000000000000003e-05,1.6940658945086007e-21,7.4,4.88,760000.0,85000000.0,2370000000.0,1e-08,20.0,analytic Riccati radical-pool solution plus integrating-factor adaptive quadrature for H2O2,61,"[""fixed pH"", ""rapid HO2/O2-minus acid-base equilibrium"", ""constant SOD concentration"", ""constant elementary rate coefficients"", ""single-pulse radical decay with no continuous source"", ""first-order H2O2 loss when enabled""]",True,illustrative single-pulse molar concentration,M except time_s and rate fields,"Fixed pH, rapid equilibrium, constant SOD and rates, single pulse; not continuously driven cellular ROS.",ae188e2ba41fafda0a98499db6e2918fccc0fc4f,1afbda6f7c930e34dd90ab95767796d038c4429c4f4c40c50f3e68f50bf98a71,configs/doxorubicin_parameters.json,0b7d200aedee3aed703b810ad54927a2126d9ee0952f6ef87cf5ebb57992d345,configs/parameter_provenance.csv,86c4261fcb9616a643db79340fe0b7398ba10a5c46464e67e8b697bcfc3a4ec9
sod_plus_h2o2_loss,SOD + H2O2 loss,0.058333333333333334,1e-05,2.1694910480306464e-06,6.5320318022180836e-09,2.162959016228428e-06,1.968743535283415e-06,1.946510940701262e-06,1e-05,0.0,7.4,4.88,760000.0,85000000.0,2370000000.0,1e-08,20.0,analytic Riccati radical-pool solution plus integrating-factor adaptive quadrature for H2O2,61,"[""fixed pH"", ""rapid HO2/O2-minus acid-base equilibrium"", ""constant SOD concentration"", ""constant elementary rate coefficients"", ""single-pulse radical decay with no continuous source"", ""first-order H2O2 loss when enabled""]",True,illustrative single-pulse molar concentration,M except time_s and rate fields,"Fixed pH, rapid equilibrium, constant SOD and rates, single pulse; not continuously driven cellular ROS.",ae188e2ba41fafda0a98499db6e2918fccc0fc4f,1afbda6f7c930e34dd90ab95767796d038c4429c4f4c40c50f3e68f50bf98a71,configs/doxorubicin_parameters.json,0b7d200aedee3aed703b810ad54927a2126d9ee0952f6ef87cf5ebb57992d345,configs/parameter_provenance.csv,86c4261fcb9616a643db79340fe0b7398ba10a5c46464e67e8b697bcfc3a4ec9
sod_plus_h2o2_loss,SOD + H2O2 loss,0.060000000000000005,1e-05,2.081947606833487e-06,6.26845083815071e-09,2.075679155995336e-06,1.9472455344199716e-06,2.0117806621632854e-06,1e-05,0.0,7.4,4.88,760000.0,85000000.0,2370000000.0,1e-08,20.0,analytic Riccati radical-pool solution plus integrating-factor adaptive quadrature for H2O2,61,"[""fixed pH"", ""rapid HO2/O2-minus acid-base equilibrium"", ""constant SOD concentration"", ""constant elementary rate coefficients"", ""single-pulse radical decay with no continuous source"", ""first-order H2O2 loss when enabled""]",True,illustrative single-pulse molar concentration,M except time_s and rate fields,"Fixed pH, rapid equilibrium, constant SOD and rates, single pulse; not continuously driven cellular ROS.",ae188e2ba41fafda0a98499db6e2918fccc0fc4f,1afbda6f7c930e34dd90ab95767796d038c4429c4f4c40c50f3e68f50bf98a71,configs/doxorubicin_parameters.json,0b7d200aedee3aed703b810ad54927a2126d9ee0952f6ef87cf5ebb57992d345,configs/parameter_provenance.csv,86c4261fcb9616a643db79340fe0b7398ba10a5c46464e67e8b697bcfc3a4ec9
sod_plus_h2o2_loss,SOD + H2O2 loss,0.06166666666666667,1e-05,1.9980823433939156e-06,6.0159443489508806e-09,1.992066399044965e-06,1.9246437794176294e-06,2.076315048885413e-06,1e-05,0.0,7.4,4.88,760000.0,85000000.0,2370000000.0,1e-08,20.0,analytic Riccati radical-pool solution plus integrating-factor adaptive quadrature for H2O2,61,"[""fixed pH"", ""rapid HO2/O2-minus acid-base equilibrium"", ""constant SOD concentration"", ""constant elementary rate coefficients"", ""single-pulse radical decay with no continuous source"", ""first-order H2O2 loss when enabled""]",True,illustrative single-pulse molar concentration,M except time_s and rate fields,"Fixed pH, rapid equilibrium, constant SOD and rates, single pulse; not continuously driven cellular ROS.",ae188e2ba41fafda0a98499db6e2918fccc0fc4f,1afbda6f7c930e34dd90ab95767796d038c4429c4f4c40c50f3e68f50bf98a71,configs/doxorubicin_parameters.json,0b7d200aedee3aed703b810ad54927a2126d9ee0952f6ef87cf5ebb57992d345,configs/parameter_provenance.csv,86c4261fcb9616a643db79340fe0b7398ba10a5c46464e67e8b697bcfc3a4ec9
sod_plus_h2o2_loss,SOD + H2O2 loss,0.06333333333333334,1e-05,1.91772925125048e-06,5.7740125125582254e-09,1.9119552387379217e-06,1.9010560789096325e-06,2.140079295465128e-06,1e-05,0.0,7.4,4.88,760000.0,85000000.0,2370000000.0,1e-08,20.0,analytic Riccati radical-pool solution plus integrating-factor adaptive quadrature for H2O2,61,"[""fixed pH"", ""rapid HO2/O2-minus acid-base equilibrium"", ""constant SOD concentration"", ""constant elementary rate coefficients"", ""single-pulse radical decay with no continuous source"", ""first-order H2O2 loss when enabled""]",True,illustrative single-pulse molar concentration,M except time_s and rate fields,"Fixed pH, rapid equilibrium, constant SOD and rates, single pulse; not continuously driven cellular ROS.",ae188e2ba41fafda0a98499db6e2918fccc0fc4f,1afbda6f7c930e34dd90ab95767796d038c4429c4f4c40c50f3e68f50bf98a71,configs/doxorubicin_parameters.json,0b7d200aedee3aed703b810ad54927a2126d9ee0952f6ef87cf5ebb57992d345,configs/parameter_provenance.csv,86c4261fcb9616a643db79340fe0b7398ba10a5c46464e67e8b697bcfc3a4ec9
sod_plus_h2o2_loss,SOD + H2O2 loss,0.065,1e-05,1.8407307177925272e-06,5.5421807796141965e-09,1.8351885370129129e-06,1.8765922522554874e-06,2.2030423888482492e-06,1e-05,0.0,7.4,4.88,760000.0,85000000.0,2370000000.0,1e-08,20.0,analytic Riccati radical-pool solution plus integrating-factor adaptive quadrature for H2O2,61,"[""fixed pH"", ""rapid HO2/O2-minus acid-base equilibrium"", ""constant SOD concentration"", ""constant elementary rate coefficients"", ""single-pulse radical decay with no continuous source"", ""first-order H2O2 loss when enabled""]",True,illustrative single-pulse molar concentration,M except time_s and rate fields,"Fixed pH, rapid equilibrium, constant SOD and rates, single pulse; not continuously driven cellular ROS.",ae188e2ba41fafda0a98499db6e2918fccc0fc4f,1afbda6f7c930e34dd90ab95767796d038c4429c4f4c40c50f3e68f50bf98a71,configs/doxorubicin_parameters.json,0b7d200aedee3aed703b810ad54927a2126d9ee0952f6ef87cf5ebb57992d345,configs/parameter_provenance.csv,86c4261fcb9616a643db79340fe0b7398ba10a5c46464e67e8b697bcfc3a4ec9
sod_plus_h2o2_loss,SOD + H2O2 loss,0.06666666666666667,1e-05,1.7669370298861472e-06,5.319998384971459e-09,1.7616170315011757e-06,1.851354634524108e-06,2.265176850532819e-06,1e-05,0.0,7.4,4.88,760000.0,85000000.0,2370000000.0,1e-08,20.0,analytic Riccati radical-pool solution plus integrating-factor adaptive quadrature for H2O2,61,"[""fixed pH"", ""rapid HO2/O2-minus acid-base equilibrium"", ""constant SOD concentration"", ""constant elementary rate coefficients"", ""single-pulse radical decay with no continuous source"", ""first-order H2O2 loss when enabled""]",True,illustrative single-pulse molar concentration,M except time_s and rate fields,"Fixed pH, rapid equilibrium, constant SOD and rates, single pulse; not continuously driven cellular ROS.",ae188e2ba41fafda0a98499db6e2918fccc0fc4f,1afbda6f7c930e34dd90ab95767796d038c4429c4f4c40c50f3e68f50bf98a71,configs/doxorubicin_parameters.json,0b7d200aedee3aed703b810ad54927a2126d9ee0952f6ef87cf5ebb57992d345,configs/parameter_provenance.csv,86c4261fcb9616a643db79340fe0b7398ba10a5c46464e67e8b697bcfc3a4ec9
sod_plus_h2o2_loss,SOD + H2O2 loss,0.06833333333333334,1e-05,1.696205913918436e-06,5.107036962831986e-09,1.691098876955604e-06,1.8254385480001522e-06,2.32645849504063e-06,1e-05,0.0,7.4,4.88,760000.0,85000000.0,2370000000.0,1e-08,20.0,analytic Riccati radical-pool solution plus integrating-factor adaptive quadrature for H2O2,61,"[""fixed pH"", ""rapid HO2/O2-minus acid-base equilibrium"", ""constant SOD concentration"", ""constant elementary rate coefficients"", ""single-pulse radical decay with no continuous source"", ""first-order H2O2 loss when enabled""]",True,illustrative single-pulse molar concentration,M except time_s and rate fields,"Fixed pH, rapid equilibrium, constant SOD and rates, single pulse; not continuously driven cellular ROS.",ae188e2ba41fafda0a98499db6e2918fccc0fc4f,1afbda6f7c930e34dd90ab95767796d038c4429c4f4c40c50f3e68f50bf98a71,configs/doxorubicin_parameters.json,0b7d200aedee3aed703b810ad54927a2126d9ee0952f6ef87cf5ebb57992d345,configs/parameter_provenance.csv,86c4261fcb9616a643db79340fe0b7398ba10a5c46464e67e8b697bcfc3a4ec9
sod_plus_h2o2_loss,SOD + H2O2 loss,0.07,1e-05,1.6284021074670998e-06,4.902889257104595e-09,1.6234992182099953e-06,1.7989327426841422e-06,2.3868662035823083e-06,1e-05,0.0,7.4,4.88,760000.0,85000000.0,2370000000.0,1e-08,20.0,analytic Riccati radical-pool solution plus integrating-factor adaptive quadrature for H2O2,61,"[""fixed pH"", ""rapid HO2/O2-minus acid-base equilibrium"", ""constant SOD concentration"", ""constant elementary rate coefficients"", ""single-pulse radical decay with no continuous source"", ""first-order H2O2 loss when enabled""]",True,illustrative single-pulse molar concentration,M except time_s and rate fields,"Fixed pH, rapid equilibrium, constant SOD and rates, single pulse; not continuously driven cellular ROS.",ae188e2ba41fafda0a98499db6e2918fccc0fc4f,1afbda6f7c930e34dd90ab95767796d038c4429c4f4c40c50f3e68f50bf98a71,configs/doxorubicin_parameters.json,0b7d200aedee3aed703b810ad54927a2126d9ee0952f6ef87cf5ebb57992d345,configs/parameter_provenance.csv,86c4261fcb9616a643db79340fe0b7398ba10a5c46464e67e8b697bcfc3a4ec9
sod_plus_h2o2_loss,SOD + H2O2 loss,0.07166666666666667,1e-05,1.563396960059957e-06,4.707167919348085e-09,1.5586897921406088e-06,1.7719198080493642e-06,2.446381711920658e-06,1.0000000000000003e-05,1.6940658945086007e-21,7.4,4.88,760000.0,85000000.0,2370000000.0,1e-08,20.0,analytic Riccati radical-pool solution plus integrating-factor adaptive quadrature for H2O2,61,"[""fixed pH"", ""rapid HO2/O2-minus acid-base equilibrium"", ""constant SOD concentration"", ""constant elementary rate coefficients"", ""single-pulse radical decay with no continuous source"", ""first-order H2O2 loss when enabled""]",True,illustrative single-pulse molar concentration,M except time_s and rate fields,"Fixed pH, rapid equilibrium, constant SOD and rates, single pulse; not continuously driven cellular ROS.",ae188e2ba41fafda0a98499db6e2918fccc0fc4f,1afbda6f7c930e34dd90ab95767796d038c4429c4f4c40c50f3e68f50bf98a71,configs/doxorubicin_parameters.json,0b7d200aedee3aed703b810ad54927a2126d9ee0952f6ef87cf5ebb57992d345,configs/parameter_provenance.csv,86c4261fcb9616a643db79340fe0b7398ba10a5c46464e67e8b697bcfc3a4ec9
sod_plus_h2o2_loss,SOD + H2O2 loss,0.07333333333333333,1e-05,1.50106806072e-06,4.519504387361896e-09,1.496548556332638e-06,1.74447655813075e-06,2.5049894115092506e-06,1e-05,0.0,7.4,4.88,760000.0,85000000.0,2370000000.0,1e-08,20.0,analytic Riccati radical-pool solution plus integrating-factor adaptive quadrature for H2O2,61,"[""fixed pH"", ""rapid HO2/O2-minus acid-base equilibrium"", ""constant SOD concentration"", ""constant elementary rate coefficients"", ""single-pulse radical decay with no continuous source"", ""first-order H2O2 loss when enabled""]",True,illustrative single-pulse molar concentration,M except time_s and rate fields,"Fixed pH, rapid equilibrium, constant SOD and rates, single pulse; not continuously driven cellular ROS.",ae188e2ba41fafda0a98499db6e2918fccc0fc4f,1afbda6f7c930e34dd90ab95767796d038c4429c4f4c40c50f3e68f50bf98a71,configs/doxorubicin_parameters.json,0b7d200aedee3aed703b810ad54927a2126d9ee0952f6ef87cf5ebb57992d345,configs/parameter_provenance.csv,86c4261fcb9616a643db79340fe0b7398ba10a5c46464e67e8b697bcfc3a4ec9
sod_plus_h2o2_loss,SOD + H2O2 loss,0.07500000000000001,1e-05,1.441298890199339e-06,4.339547838111531e-09,1.4369593423612274e-06,1.7166743918508033e-06,2.562676163049528e-06,1e-05,0.0,7.4,4.88,760000.0,85000000.0,2370000000.0,1e-08,20.0,analytic Riccati radical-pool solution plus integrating-factor adaptive quadrature for H2O2,61,"[""fixed pH"", ""rapid HO2/O2-minus acid-base equilibrium"", ""constant SOD concentration"", ""constant elementary rate coefficients"", ""single-pulse radical decay with no continuous source"", ""first-order H2O2 loss when enabled""]",True,illustrative single-pulse molar concentration,M except time_s and rate fields,"Fixed pH, rapid equilibrium, constant SOD and rates, single pulse; not continuously driven cellular ROS.",ae188e2ba41fafda0a98499db6e2918fccc0fc4f,1afbda6f7c930e34dd90ab95767796d038c4429c4f4c40c50f3e68f50bf98a71,configs/doxorubicin_parameters.json,0b7d200aedee3aed703b810ad54927a2126d9ee0952f6ef87cf5ebb57992d345,configs/parameter_provenance.csv,86c4261fcb9616a643db79340fe0b7398ba10a5c46464e67e8b697bcfc3a4ec9
sod_plus_h2o2_loss,SOD + H2O2 loss,0.07666666666666667,1e-05,1.3839784959921947e-06,4.166964209238473e-09,1.3798115317829563e-06,1.6885796303333424e-06,2.619431121670561e-06,1e-05,0.0,7.4,4.88,760000.0,85000000.0,2370000000.0,1e-08,20.0,analytic Riccati radical-pool solution plus integrating-factor adaptive quadrature for H2O2,61,"[""fixed pH"", ""rapid HO2/O2-minus acid-base equilibrium"", ""constant SOD concentration"", ""constant elementary rate coefficients"", ""single-pulse radical decay with no continuous source"", ""first-order H2O2 loss when enabled""]",True,illustrative single-pulse molar concentration,M except time_s and rate fields,"Fixed pH, rapid equilibrium, constant SOD and rates, single pulse; not continuously driven cellular ROS.",ae188e2ba41fafda0a98499db6e2918fccc0fc4f,1afbda6f7c930e34dd90ab95767796d038c4429c4f4c40c50f3e68f50bf98a71,configs/doxorubicin_parameters.json,0b7d200aedee3aed703b810ad54927a2126d9ee0952f6ef87cf5ebb57992d345,configs/parameter_provenance.csv,86c4261fcb9616a643db79340fe0b7398ba10a5c46464e67e8b697bcfc3a4ec9
sod_plus_h2o2_loss,SOD + H2O2 loss,0.07833333333333334,1e-05,1.32900118838537e-06,4.001435283910992e-09,1.3249997531014592e-06,1.6602538328156837e-06,2.6752455729916316e-06,1e-05,0.0,7.4,4.88,760000.0,85000000.0,2370000000.0,1e-08,20.0,analytic Riccati radical-pool solution plus integrating-factor adaptive quadrature for H2O2,61,"[""fixed pH"", ""rapid HO2/O2-minus acid-base equilibrium"", ""constant SOD concentration"", ""constant elementary rate coefficients"", ""single-pulse radical decay with no continuous source"", ""first-order H2O2 loss when enabled""]",True,illustrative single-pulse molar concentration,M except time_s and rate fields,"Fixed pH, rapid equilibrium, constant SOD and rates, single pulse; not continuously driven cellular ROS.",ae188e2ba41fafda0a98499db6e2918fccc0fc4f,1afbda6f7c930e34dd90ab95767796d038c4429c4f4c40c50f3e68f50bf98a71,configs/doxorubicin_parameters.json,0b7d200aedee3aed703b810ad54927a2126d9ee0952f6ef87cf5ebb57992d345,configs/parameter_provenance.csv,86c4261fcb9616a643db79340fe0b7398ba10a5c46464e67e8b697bcfc3a4ec9
sod_plus_h2o2_loss,SOD + H2O2 loss,0.08,1e-05,1.2762662559564502e-06,3.842657834229318e-09,1.2724235981222209e-06,1.6317540926424926e-06,2.730112779379283e-06,1e-05,0.0,7.4,4.88,760000.0,85000000.0,2370000000.0,1e-08,20.0,analytic Riccati radical-pool solution plus integrating-factor adaptive quadrature for H2O2,61,"[""fixed pH"", ""rapid HO2/O2-minus acid-base equilibrium"", ""constant SOD concentration"", ""constant elementary rate coefficients"", ""single-pulse radical decay with no continuous source"", ""first-order H2O2 loss when enabled""]",True,illustrative single-pulse molar concentration,M except time_s and rate fields,"Fixed pH, rapid equilibrium, constant SOD and rates, single pulse; not continuously driven cellular ROS.",ae188e2ba41fafda0a98499db6e2918fccc0fc4f,1afbda6f7c930e34dd90ab95767796d038c4429c4f4c40c50f3e68f50bf98a71,configs/doxorubicin_parameters.json,0b7d200aedee3aed703b810ad54927a2126d9ee0952f6ef87cf5ebb57992d345,configs/parameter_provenance.csv,86c4261fcb9616a643db79340fe0b7398ba10a5c46464e67e8b697bcfc3a4ec9
sod_plus_h2o2_loss,SOD + H2O2 loss,0.08166666666666667,1e-05,1.2256776990669654e-06,3.690342818811119e-09,1.2219873562481544e-06,1.603133314708515e-06,2.784027835758003e-06,1e-05,0.0,7.4,4.88,760000.0,85000000.0,2370000000.0,1e-08,20.0,analytic Riccati radical-pool solution plus integrating-factor adaptive quadrature for H2O2,61,"[""fixed pH"", ""rapid HO2/O2-minus acid-base equilibrium"", ""constant SOD concentration"", ""constant elementary rate coefficients"", ""single-pulse radical decay with no continuous source"", ""first-order H2O2 loss when enabled""]",True,illustrative single-pulse molar concentration,M except time_s and rate fields,"Fixed pH, rapid equilibrium, constant SOD and rates, single pulse; not continuously driven cellular ROS.",ae188e2ba41fafda0a98499db6e2918fccc0fc4f,1afbda6f7c930e34dd90ab95767796d038c4429c4f4c40c50f3e68f50bf98a71,configs/doxorubicin_parameters.json,0b7d200aedee3aed703b810ad54927a2126d9ee0952f6ef87cf5ebb57992d345,configs/parameter_provenance.csv,86c4261fcb9616a643db79340fe0b7398ba10a5c46464e67e8b697bcfc3a4ec9
sod_plus_h2o2_loss,SOD + H2O2 loss,0.08333333333333334,1e-05,1.1771439800216485e-06,3.544214630556226e-09,1.1735997653910922e-06,1.5744404756116987e-06,2.8369875343774777e-06,1e-05,0.0,7.4,4.88,760000.0,85000000.0,2370000000.0,1e-08,20.0,analytic Riccati radical-pool solution plus integrating-factor adaptive quadrature for H2O2,61,"[""fixed pH"", ""rapid HO2/O2-minus acid-base equilibrium"", ""constant SOD concentration"", ""constant elementary rate coefficients"", ""single-pulse radical decay with no continuous source"", ""first-order H2O2 loss when enabled""]",True,illustrative single-pulse molar concentration,M except time_s and rate fields,"Fixed pH, rapid equilibrium, constant SOD and rates, single pulse; not continuously driven cellular ROS.",ae188e2ba41fafda0a98499db6e2918fccc0fc4f,1afbda6f7c930e34dd90ab95767796d038c4429c4f4c40c50f3e68f50bf98a71,configs/doxorubicin_parameters.json,0b7d200aedee3aed703b810ad54927a2126d9ee0952f6ef87cf5ebb57992d345,configs/parameter_provenance.csv,86c4261fcb9616a643db79340fe0b7398ba10a5c46464e67e8b697bcfc3a4ec9
sod_plus_h2o2_loss,SOD + H2O2 loss,0.085,1e-05,1.1305777886769919e-06,3.4040103909270366e-09,1.1271737782860648e-06,1.5457208676817504e-06,2.8889902379797544e-06,1.0000000000000003e-05,1.6940658945086007e-21,7.4,4.88,760000.0,85000000.0,2370000000.0,1e-08,20.0,analytic Riccati radical-pool solution plus integrating-factor adaptive quadrature for H2O2,61,"[""fixed pH"", ""rapid HO2/O2-minus acid-base equilibrium"", ""constant SOD concentration"", ""constant elementary rate coefficients"", ""single-pulse radical decay with no continuous source"", ""first-order H2O2 loss when enabled""]",True,illustrative single-pulse molar concentration,M except time_s and rate fields,"Fixed pH, rapid equilibrium, constant SOD and rates, single pulse; not continuously driven cellular ROS.",ae188e2ba41fafda0a98499db6e2918fccc0fc4f,1afbda6f7c930e34dd90ab95767796d038c4429c4f4c40c50f3e68f50bf98a71,configs/doxorubicin_parameters.json,0b7d200aedee3aed703b810ad54927a2126d9ee0952f6ef87cf5ebb57992d345,configs/parameter_provenance.csv,86c4261fcb9616a643db79340fe0b7398ba10a5c46464e67e8b697bcfc3a4ec9
sod_plus_h2o2_loss,SOD + H2O2 loss,0.08666666666666667,1e-05,1.085895822383837e-06,3.269479287386663e-09,1.0826263430964503e-06,1.5170163279610536e-06,2.9400357608470286e-06,1.0000000000000003e-05,1.6940658945086007e-21,7.4,4.88,760000.0,85000000.0,2370000000.0,1e-08,20.0,analytic Riccati radical-pool solution plus integrating-factor adaptive quadrature for H2O2,61,"[""fixed pH"", ""rapid HO2/O2-minus acid-base equilibrium"", ""constant SOD concentration"", ""constant elementary rate coefficients"", ""single-pulse radical decay with no continuous source"", ""first-order H2O2 loss when enabled""]",True,illustrative single-pulse molar concentration,M except time_s and rate fields,"Fixed pH, rapid equilibrium, constant SOD and rates, single pulse; not continuously driven cellular ROS.",ae188e2ba41fafda0a98499db6e2918fccc0fc4f,1afbda6f7c930e34dd90ab95767796d038c4429c4f4c40c50f3e68f50bf98a71,configs/doxorubicin_parameters.json,0b7d200aedee3aed703b810ad54927a2126d9ee0952f6ef87cf5ebb57992d345,configs/parameter_provenance.csv,86c4261fcb9616a643db79340fe0b7398ba10a5c46464e67e8b697bcfc3a4ec9
sod_plus_h2o2_loss,SOD + H2O2 loss,0.08833333333333333,1e-05,1.0430185792408235e-06,3.140381950914204e-09,1.0398781972899093e-06,1.4883654531343146e-06,2.9901252572452736e-06,9.999999999999999e-06,1.6940658945086007e-21,7.4,4.88,760000.0,85000000.0,2370000000.0,1e-08,20.0,analytic Riccati radical-pool solution plus integrating-factor adaptive quadrature for H2O2,61,"[""fixed pH"", ""rapid HO2/O2-minus acid-base equilibrium"", ""constant SOD concentration"", ""constant elementary rate coefficients"", ""single-pulse radical decay with no continuous source"", ""first-order H2O2 loss when enabled""]",True,illustrative single-pulse molar concentration,M except time_s and rate fields,"Fixed pH, rapid equilibrium, constant SOD and rates, single pulse; not continuously driven cellular ROS.",ae188e2ba41fafda0a98499db6e2918fccc0fc4f,1afbda6f7c930e34dd90ab95767796d038c4429c4f4c40c50f3e68f50bf98a71,configs/doxorubicin_parameters.json,0b7d200aedee3aed703b810ad54927a2126d9ee0952f6ef87cf5ebb57992d345,configs/parameter_provenance.csv,86c4261fcb9616a643db79340fe0b7398ba10a5c46464e67e8b697bcfc3a4ec9
sod_plus_h2o2_loss,SOD + H2O2 loss,0.09000000000000001,1e-05,1.0018701637191024e-06,3.0164898707681462e-09,9.988536738483343e-07,1.4598038013295321e-06,3.039261116810917e-06,1e-05,0.0,7.4,4.88,760000.0,85000000.0,2370000000.0,1e-08,20.0,analytic Riccati radical-pool solution plus integrating-factor adaptive quadrature for H2O2,61,"[""fixed pH"", ""rapid HO2/O2-minus acid-base equilibrium"", ""constant SOD concentration"", ""constant elementary rate coefficients"", ""single-pulse radical decay with no continuous source"", ""first-order H2O2 loss when enabled""]",True,illustrative single-pulse molar concentration,M except time_s and rate fields,"Fixed pH, rapid equilibrium, constant SOD and rates, single pulse; not continuously driven cellular ROS.",ae188e2ba41fafda0a98499db6e2918fccc0fc4f,1afbda6f7c930e34dd90ab95767796d038c4429c4f4c40c50f3e68f50bf98a71,configs/doxorubicin_parameters.json,0b7d200aedee3aed703b810ad54927a2126d9ee0952f6ef87cf5ebb57992d345,configs/parameter_provenance.csv,86c4261fcb9616a643db79340fe0b7398ba10a5c46464e67e8b697bcfc3a4ec9
sod_plus_h2o2_loss,SOD + H2O2 loss,0.09166666666666667,1e-05,9.623781037946649e-07,2.8975848438975844e-09,9.594805189507673e-07,1.4313640816453061e-06,3.087446866457362e-06,1e-05,0.0,7.4,4.88,760000.0,85000000.0,2370000000.0,1e-08,20.0,analytic Riccati radical-pool solution plus integrating-factor adaptive quadrature for H2O2,61,"[""fixed pH"", ""rapid HO2/O2-minus acid-base equilibrium"", ""constant SOD concentration"", ""constant elementary rate coefficients"", ""single-pulse radical decay with no continuous source"", ""first-order H2O2 loss when enabled""]",True,illustrative single-pulse molar concentration,M except time_s and rate fields,"Fixed pH, rapid equilibrium, constant SOD and rates, single pulse; not continuously driven cellular ROS.",ae188e2ba41fafda0a98499db6e2918fccc0fc4f,1afbda6f7c930e34dd90ab95767796d038c4429c4f4c40c50f3e68f50bf98a71,configs/doxorubicin_parameters.json,0b7d200aedee3aed703b810ad54927a2126d9ee0952f6ef87cf5ebb57992d345,configs/parameter_provenance.csv,86c4261fcb9616a643db79340fe0b7398ba10a5c46464e67e8b697bcfc3a4ec9
sod_plus_h2o2_loss,SOD + H2O2 loss,0.09333333333333334,1e-05,9.244731787937429e-07,2.7834584566089764e-09,9.216897203371339e-07,1.4030763321974968e-06,3.134687078405632e-06,1e-05,0.0,7.4,4.88,760000.0,85000000.0,2370000000.0,1e-08,20.0,analytic Riccati radical-pool solution plus integrating-factor adaptive quadrature for H2O2,61,"[""fixed pH"", ""rapid HO2/O2-minus acid-base equilibrium"", ""constant SOD concentration"", ""constant elementary rate coefficients"", ""single-pulse radical decay with no continuous source"", ""first-order H2O2 loss when enabled""]",True,illustrative single-pulse molar concentration,M except time_s and rate fields,"Fixed pH, rapid equilibrium, constant SOD and rates, single pulse; not continuously driven cellular ROS.",ae188e2ba41fafda0a98499db6e2918fccc0fc4f,1afbda6f7c930e34dd90ab95767796d038c4429c4f4c40c50f3e68f50bf98a71,configs/doxorubicin_parameters.json,0b7d200aedee3aed703b810ad54927a2126d9ee0952f6ef87cf5ebb57992d345,configs/parameter_provenance.csv,86c4261fcb9616a643db79340fe0b7398ba10a5c46464e67e8b697bcfc3a4ec9
sod_plus_h2o2_loss,SOD + H2O2 loss,0.095,1e-05,8.880892572196371e-07,2.673911596285582e-09,8.854153456233516e-07,1.3749680874213325e-06,3.1809872839688493e-06,1e-05,0.0,7.4,4.88,760000.0,85000000.0,2370000000.0,1e-08,20.0,analytic Riccati radical-pool solution plus integrating-factor adaptive quadrature for H2O2,61,"[""fixed pH"", ""rapid HO2/O2-minus acid-base equilibrium"", ""constant SOD concentration"", ""constant elementary rate coefficients"", ""single-pulse radical decay with no continuous source"", ""first-order H2O2 loss when enabled""]",True,illustrative single-pulse molar concentration,M except time_s and rate fields,"Fixed pH, rapid equilibrium, constant SOD and rates, single pulse; not continuously driven cellular ROS.",ae188e2ba41fafda0a98499db6e2918fccc0fc4f,1afbda6f7c930e34dd90ab95767796d038c4429c4f4c40c50f3e68f50bf98a71,configs/doxorubicin_parameters.json,0b7d200aedee3aed703b810ad54927a2126d9ee0952f6ef87cf5ebb57992d345,configs/parameter_provenance.csv,86c4261fcb9616a643db79340fe0b7398ba10a5c46464e67e8b697bcfc3a4ec9
sod_plus_h2o2_loss,SOD + H2O2 loss,0.09666666666666668,1e-05,8.531631438866509e-07,2.5687539911292794e-09,8.505943898955216e-07,1.347064535312732e-06,3.2263538927439424e-06,9.999999999999999e-06,1.6940658945086007e-21,7.4,4.88,760000.0,85000000.0,2370000000.0,1e-08,20.0,analytic Riccati radical-pool solution plus integrating-factor adaptive quadrature for H2O2,61,"[""fixed pH"", ""rapid HO2/O2-minus acid-base equilibrium"", ""constant SOD concentration"", ""constant elementary rate coefficients"", ""single-pulse radical decay with no continuous source"", ""first-order H2O2 loss when enabled""]",True,illustrative single-pulse molar concentration,M except time_s and rate fields,"Fixed pH, rapid equilibrium, constant SOD and rates, single pulse; not continuously driven cellular ROS.",ae188e2ba41fafda0a98499db6e2918fccc0fc4f,1afbda6f7c930e34dd90ab95767796d038c4429c4f4c40c50f3e68f50bf98a71,configs/doxorubicin_parameters.json,0b7d200aedee3aed703b810ad54927a2126d9ee0952f6ef87cf5ebb57992d345,configs/parameter_provenance.csv,86c4261fcb9616a643db79340fe0b7398ba10a5c46464e67e8b697bcfc3a4ec9
sod_plus_h2o2_loss,SOD + H2O2 loss,0.09833333333333334,1e-05,8.196344357391227e-07,2.4678037760519922e-09,8.171666319630707e-07,1.3193886652444938e-06,3.270794116885945e-06,1e-05,0.0,7.4,4.88,760000.0,85000000.0,2370000000.0,1e-08,20.0,analytic Riccati radical-pool solution plus integrating-factor adaptive quadrature for H2O2,61,"[""fixed pH"", ""rapid HO2/O2-minus acid-base equilibrium"", ""constant SOD concentration"", ""constant elementary rate coefficients"", ""single-pulse radical decay with no continuous source"", ""first-order H2O2 loss when enabled""]",True,illustrative single-pulse molar concentration,M except time_s and rate fields,"Fixed pH, rapid equilibrium, constant SOD and rates, single pulse; not continuously driven cellular ROS.",ae188e2ba41fafda0a98499db6e2918fccc0fc4f,1afbda6f7c930e34dd90ab95767796d038c4429c4f4c40c50f3e68f50bf98a71,configs/doxorubicin_parameters.json,0b7d200aedee3aed703b810ad54927a2126d9ee0952f6ef87cf5ebb57992d345,configs/parameter_provenance.csv,86c4261fcb9616a643db79340fe0b7398ba10a5c46464e67e8b697bcfc3a4ec9
sod_plus_h2o2_loss,SOD + H2O2 loss,0.1,1e-05,7.874453857812864e-07,2.370887082987674e-09,7.850744986982988e-07,1.2919614069486742e-06,3.3143159001606833e-06,1e-05,0.0,7.4,4.88,760000.0,85000000.0,2370000000.0,1e-08,20.0,analytic Riccati radical-pool solution plus integrating-factor adaptive quadrature for H2O2,61,"[""fixed pH"", ""rapid HO2/O2-minus acid-base equilibrium"", ""constant SOD concentration"", ""constant elementary rate coefficients"", ""single-pulse radical decay with no continuous source"", ""first-order H2O2 loss when enabled""]",True,illustrative single-pulse molar concentration,M except time_s and rate fields,"Fixed pH, rapid equilibrium, constant SOD and rates, single pulse; not continuously driven cellular ROS.",ae188e2ba41fafda0a98499db6e2918fccc0fc4f,1afbda6f7c930e34dd90ab95767796d038c4429c4f4c40c50f3e68f50bf98a71,configs/doxorubicin_parameters.json,0b7d200aedee3aed703b810ad54927a2126d9ee0952f6ef87cf5ebb57992d345,configs/parameter_provenance.csv,86c4261fcb9616a643db79340fe0b7398ba10a5c46464e67e8b697bcfc3a4ec9
