scenario_id,initial_state,initial_state_definition,p_doublet_requested,p_doublet_initial,reference_rate_s^-1,duration_over_reference,duration_s,mixing_over_reference,local_mixing_proxy_rad_s,radical_relaxation_over_reference,radical_relaxation_s^-1,oxygen_relaxation_over_reference,oxygen_relaxation_s^-1,escape_over_reference,k_escape_s^-1,kd_over_reference,k_doublet_s^-1,kq_over_kd,k_quartet_s^-1,final_doublet_population,final_quartet_population,final_total_survival,doublet_reaction_yield_per_encounter,quartet_reaction_yield_per_encounter,primary_superoxide_yield_per_encounter,escape_yield_per_encounter,unresolved_probability,probability_balance,probability_balance_error,solver,solver_samples,output_class,units,non_predictive,limitations,git_commit,source_fingerprint_sha256,config_path,config_sha256,provenance_path,provenance_sha256
selectivity_unpolarized,unpolarized,unpolarized I6/6,,0.33333333333333337,1000000.0,8.0,8e-06,0.0,0.0,0.1,100000.0,0.1,100000.0,0.1,100000.0,1.0,1000000.0,0.0,0.0,0.01228592013956543,0.1978700522282283,0.21015597236779376,0.43098818556707025,0.0,0.43098818556707025,0.35885584206513566,0.21015597236779376,0.9999999999999996,4.440892098500626e-16,constant-generator matrix exponential Pade(13),2,dimensionless populations/per-encounter yields,dimensionless per encounter unless field name gives s^-1 or s,True,"Illustrative one-factor-at-a-time grid; bounds are not measured ranges or probability priors. Results are populations and per-encounter yields, not concentrations or biological fluxes. No encounter yield is converted to molarity, and no continuous biological ROS source is modeled.",ae188e2ba41fafda0a98499db6e2918fccc0fc4f,1afbda6f7c930e34dd90ab95767796d038c4429c4f4c40c50f3e68f50bf98a71,configs/doxorubicin_parameters.json,0b7d200aedee3aed703b810ad54927a2126d9ee0952f6ef87cf5ebb57992d345,configs/parameter_provenance.csv,86c4261fcb9616a643db79340fe0b7398ba10a5c46464e67e8b697bcfc3a4ec9
selectivity_unpolarized,unpolarized,unpolarized I6/6,,0.33333333333333337,1000000.0,8.0,8e-06,0.0,0.0,0.1,100000.0,0.1,100000.0,0.1,100000.0,1.0,1000000.0,0.01,10000.0,0.011459573728793667,0.1828428670481111,0.19430244077690484,0.4264080582362314,0.03060442683302186,0.45701248506925324,0.3486850741538417,0.19430244077690484,0.9999999999999998,2.220446049250313e-16,constant-generator matrix exponential Pade(13),2,dimensionless populations/per-encounter yields,dimensionless per encounter unless field name gives s^-1 or s,True,"Illustrative one-factor-at-a-time grid; bounds are not measured ranges or probability priors. Results are populations and per-encounter yields, not concentrations or biological fluxes. No encounter yield is converted to molarity, and no continuous biological ROS source is modeled.",ae188e2ba41fafda0a98499db6e2918fccc0fc4f,1afbda6f7c930e34dd90ab95767796d038c4429c4f4c40c50f3e68f50bf98a71,configs/doxorubicin_parameters.json,0b7d200aedee3aed703b810ad54927a2126d9ee0952f6ef87cf5ebb57992d345,configs/parameter_provenance.csv,86c4261fcb9616a643db79340fe0b7398ba10a5c46464e67e8b697bcfc3a4ec9
selectivity_unpolarized,unpolarized,unpolarized I6/6,,0.33333333333333337,1000000.0,8.0,8e-06,0.0,0.0,0.1,100000.0,0.1,100000.0,0.1,100000.0,1.0,1000000.0,0.1,100000.0,0.006155451370679114,0.08989199407912368,0.09604744544980279,0.39280962509128314,0.23593098347489272,0.6287406085661759,0.275211945984021,0.09604744544980279,0.9999999999999997,3.3306690738754696e-16,constant-generator matrix exponential Pade(13),2,dimensionless populations/per-encounter yields,dimensionless per encounter unless field name gives s^-1 or s,True,"Illustrative one-factor-at-a-time grid; bounds are not measured ranges or probability priors. Results are populations and per-encounter yields, not concentrations or biological fluxes. No encounter yield is converted to molarity, and no continuous biological ROS source is modeled.",ae188e2ba41fafda0a98499db6e2918fccc0fc4f,1afbda6f7c930e34dd90ab95767796d038c4429c4f4c40c50f3e68f50bf98a71,configs/doxorubicin_parameters.json,0b7d200aedee3aed703b810ad54927a2126d9ee0952f6ef87cf5ebb57992d345,configs/parameter_provenance.csv,86c4261fcb9616a643db79340fe0b7398ba10a5c46464e67e8b697bcfc3a4ec9
selectivity_unpolarized,unpolarized,unpolarized I6/6,,0.33333333333333337,1000000.0,8.0,8e-06,0.0,0.0,0.1,100000.0,0.1,100000.0,0.1,100000.0,1.0,1000000.0,1.0,1000000.0,5.024435836515896e-05,0.00010048871673031794,0.00015073307509547694,0.3029846263408799,0.6059692526817599,0.9089538790226399,0.09089538790226398,0.00015073307509547694,0.9999999999999994,5.551115123125783e-16,constant-generator matrix exponential Pade(13),2,dimensionless populations/per-encounter yields,dimensionless per encounter unless field name gives s^-1 or s,True,"Illustrative one-factor-at-a-time grid; bounds are not measured ranges or probability priors. Results are populations and per-encounter yields, not concentrations or biological fluxes. No encounter yield is converted to molarity, and no continuous biological ROS source is modeled.",ae188e2ba41fafda0a98499db6e2918fccc0fc4f,1afbda6f7c930e34dd90ab95767796d038c4429c4f4c40c50f3e68f50bf98a71,configs/doxorubicin_parameters.json,0b7d200aedee3aed703b810ad54927a2126d9ee0952f6ef87cf5ebb57992d345,configs/parameter_provenance.csv,86c4261fcb9616a643db79340fe0b7398ba10a5c46464e67e8b697bcfc3a4ec9
selectivity_unpolarized,unpolarized,unpolarized I6/6,,0.33333333333333337,1000000.0,8.0,8e-06,0.0,0.0,0.1,100000.0,0.1,100000.0,0.1,100000.0,1.0,1000000.0,10.0,10000000.0,1.7688116164986143e-05,2.6397233494862904e-07,1.795208849993477e-05,0.2739946916643382,0.6916711753274503,0.9656658669917885,0.03431618091970834,1.795208849993477e-05,0.9999999999999968,3.219646771412954e-15,constant-generator matrix exponential Pade(13),2,dimensionless populations/per-encounter yields,dimensionless per encounter unless field name gives s^-1 or s,True,"Illustrative one-factor-at-a-time grid; bounds are not measured ranges or probability priors. Results are populations and per-encounter yields, not concentrations or biological fluxes. No encounter yield is converted to molarity, and no continuous biological ROS source is modeled.",ae188e2ba41fafda0a98499db6e2918fccc0fc4f,1afbda6f7c930e34dd90ab95767796d038c4429c4f4c40c50f3e68f50bf98a71,configs/doxorubicin_parameters.json,0b7d200aedee3aed703b810ad54927a2126d9ee0952f6ef87cf5ebb57992d345,configs/parameter_provenance.csv,86c4261fcb9616a643db79340fe0b7398ba10a5c46464e67e8b697bcfc3a4ec9
selectivity_unpolarized,unpolarized,unpolarized I6/6,,0.33333333333333337,1000000.0,8.0,8e-06,0.0,0.0,0.1,100000.0,0.1,100000.0,1.0,1000000.0,1.0,1000000.0,0.0,0.0,9.17249361904882e-06,0.00014772697289634778,0.0001568994665153966,0.17646192685674097,0.0,0.17646192685674097,0.8233811736767429,0.0001568994665153966,0.9999999999999993,6.661338147750939e-16,constant-generator matrix exponential Pade(13),2,dimensionless populations/per-encounter yields,dimensionless per encounter unless field name gives s^-1 or s,True,"Illustrative one-factor-at-a-time grid; bounds are not measured ranges or probability priors. Results are populations and per-encounter yields, not concentrations or biological fluxes. No encounter yield is converted to molarity, and no continuous biological ROS source is modeled.",ae188e2ba41fafda0a98499db6e2918fccc0fc4f,1afbda6f7c930e34dd90ab95767796d038c4429c4f4c40c50f3e68f50bf98a71,configs/doxorubicin_parameters.json,0b7d200aedee3aed703b810ad54927a2126d9ee0952f6ef87cf5ebb57992d345,configs/parameter_provenance.csv,86c4261fcb9616a643db79340fe0b7398ba10a5c46464e67e8b697bcfc3a4ec9
selectivity_unpolarized,unpolarized,unpolarized I6/6,,0.33333333333333337,1000000.0,8.0,8e-06,0.0,0.0,0.1,100000.0,0.1,100000.0,1.0,1000000.0,1.0,1000000.0,0.01,10000.0,8.55555511596359e-06,0.00013650788970102402,0.0001450634448169876,0.1762740477824934,0.006408978623665303,0.1826830264061587,0.8171719101490236,0.0001450634448169876,0.9999999999999993,6.661338147750939e-16,constant-generator matrix exponential Pade(13),2,dimensionless populations/per-encounter yields,dimensionless per encounter unless field name gives s^-1 or s,True,"Illustrative one-factor-at-a-time grid; bounds are not measured ranges or probability priors. Results are populations and per-encounter yields, not concentrations or biological fluxes. No encounter yield is converted to molarity, and no continuous biological ROS source is modeled.",ae188e2ba41fafda0a98499db6e2918fccc0fc4f,1afbda6f7c930e34dd90ab95767796d038c4429c4f4c40c50f3e68f50bf98a71,configs/doxorubicin_parameters.json,0b7d200aedee3aed703b810ad54927a2126d9ee0952f6ef87cf5ebb57992d345,configs/parameter_provenance.csv,86c4261fcb9616a643db79340fe0b7398ba10a5c46464e67e8b697bcfc3a4ec9
selectivity_unpolarized,unpolarized,unpolarized I6/6,,0.33333333333333337,1000000.0,8.0,8e-06,0.0,0.0,0.1,100000.0,0.1,100000.0,1.0,1000000.0,1.0,1000000.0,0.1,100000.0,4.595572637501802e-06,6.711208706615418e-05,7.170765970365598e-05,0.17472721681160674,0.05913398715609835,0.2338612039677051,0.7660670883725904,7.170765970365598e-05,0.9999999999999991,8.881784197001252e-16,constant-generator matrix exponential Pade(13),2,dimensionless populations/per-encounter yields,dimensionless per encounter unless field name gives s^-1 or s,True,"Illustrative one-factor-at-a-time grid; bounds are not measured ranges or probability priors. Results are populations and per-encounter yields, not concentrations or biological fluxes. No encounter yield is converted to molarity, and no continuous biological ROS source is modeled.",ae188e2ba41fafda0a98499db6e2918fccc0fc4f,1afbda6f7c930e34dd90ab95767796d038c4429c4f4c40c50f3e68f50bf98a71,configs/doxorubicin_parameters.json,0b7d200aedee3aed703b810ad54927a2126d9ee0952f6ef87cf5ebb57992d345,configs/parameter_provenance.csv,86c4261fcb9616a643db79340fe0b7398ba10a5c46464e67e8b697bcfc3a4ec9
selectivity_unpolarized,unpolarized,unpolarized I6/6,,0.33333333333333337,1000000.0,8.0,8e-06,0.0,0.0,0.1,100000.0,0.1,100000.0,1.0,1000000.0,1.0,1000000.0,1.0,1000000.0,3.751172490641986e-08,7.502344981283972e-08,1.1253517471925957e-07,0.16666664791080404,0.3333332958216082,0.49999994373241224,0.4999999437324123,1.1253517471925957e-07,0.9999999999999993,6.661338147750939e-16,constant-generator matrix exponential Pade(13),2,dimensionless populations/per-encounter yields,dimensionless per encounter unless field name gives s^-1 or s,True,"Illustrative one-factor-at-a-time grid; bounds are not measured ranges or probability priors. Results are populations and per-encounter yields, not concentrations or biological fluxes. No encounter yield is converted to molarity, and no continuous biological ROS source is modeled.",ae188e2ba41fafda0a98499db6e2918fccc0fc4f,1afbda6f7c930e34dd90ab95767796d038c4429c4f4c40c50f3e68f50bf98a71,configs/doxorubicin_parameters.json,0b7d200aedee3aed703b810ad54927a2126d9ee0952f6ef87cf5ebb57992d345,configs/parameter_provenance.csv,86c4261fcb9616a643db79340fe0b7398ba10a5c46464e67e8b697bcfc3a4ec9
selectivity_unpolarized,unpolarized,unpolarized I6/6,,0.33333333333333337,1000000.0,8.0,8e-06,0.0,0.0,0.1,100000.0,0.1,100000.0,1.0,1000000.0,1.0,1000000.0,10.0,10000000.0,1.320569650569672e-08,1.9707799907669807e-10,1.340277450477342e-08,0.1581920842024207,0.6214689256294335,0.7796610098318542,0.22033897676536407,1.340277450477342e-08,0.9999999999999928,7.216449660063518e-15,constant-generator matrix exponential Pade(13),2,dimensionless populations/per-encounter yields,dimensionless per encounter unless field name gives s^-1 or s,True,"Illustrative one-factor-at-a-time grid; bounds are not measured ranges or probability priors. Results are populations and per-encounter yields, not concentrations or biological fluxes. No encounter yield is converted to molarity, and no continuous biological ROS source is modeled.",ae188e2ba41fafda0a98499db6e2918fccc0fc4f,1afbda6f7c930e34dd90ab95767796d038c4429c4f4c40c50f3e68f50bf98a71,configs/doxorubicin_parameters.json,0b7d200aedee3aed703b810ad54927a2126d9ee0952f6ef87cf5ebb57992d345,configs/parameter_provenance.csv,86c4261fcb9616a643db79340fe0b7398ba10a5c46464e67e8b697bcfc3a4ec9
selectivity_unpolarized,unpolarized,unpolarized I6/6,,0.33333333333333337,1000000.0,8.0,8e-06,0.0,0.0,0.1,100000.0,0.1,100000.0,10.0,10000000.0,1.0,1000000.0,0.0,0.0,4.934972322208809e-37,7.947986150387455e-36,8.441483382608337e-36,0.030339083878643442,0.0,0.030339083878643442,0.9696609161213494,8.441483382608337e-36,0.9999999999999929,7.105427357601002e-15,constant-generator matrix exponential Pade(13),2,dimensionless populations/per-encounter yields,dimensionless per encounter unless field name gives s^-1 or s,True,"Illustrative one-factor-at-a-time grid; bounds are not measured ranges or probability priors. Results are populations and per-encounter yields, not concentrations or biological fluxes. No encounter yield is converted to molarity, and no continuous biological ROS source is modeled.",ae188e2ba41fafda0a98499db6e2918fccc0fc4f,1afbda6f7c930e34dd90ab95767796d038c4429c4f4c40c50f3e68f50bf98a71,configs/doxorubicin_parameters.json,0b7d200aedee3aed703b810ad54927a2126d9ee0952f6ef87cf5ebb57992d345,configs/parameter_provenance.csv,86c4261fcb9616a643db79340fe0b7398ba10a5c46464e67e8b697bcfc3a4ec9
selectivity_unpolarized,unpolarized,unpolarized I6/6,,0.33333333333333337,1000000.0,8.0,8e-06,0.0,0.0,0.1,100000.0,0.1,100000.0,10.0,10000000.0,1.0,1000000.0,0.01,10000.0,4.603047922620549e-37,7.344378589031479e-36,7.804683381293535e-36,0.030338687918605327,0.0006656088240712629,0.03100429674267659,0.9689957032573162,7.804683381293535e-36,0.9999999999999928,7.216449660063518e-15,constant-generator matrix exponential Pade(13),2,dimensionless populations/per-encounter yields,dimensionless per encounter unless field name gives s^-1 or s,True,"Illustrative one-factor-at-a-time grid; bounds are not measured ranges or probability priors. Results are populations and per-encounter yields, not concentrations or biological fluxes. No encounter yield is converted to molarity, and no continuous biological ROS source is modeled.",ae188e2ba41fafda0a98499db6e2918fccc0fc4f,1afbda6f7c930e34dd90ab95767796d038c4429c4f4c40c50f3e68f50bf98a71,configs/doxorubicin_parameters.json,0b7d200aedee3aed703b810ad54927a2126d9ee0952f6ef87cf5ebb57992d345,configs/parameter_provenance.csv,86c4261fcb9616a643db79340fe0b7398ba10a5c46464e67e8b697bcfc3a4ec9
selectivity_unpolarized,unpolarized,unpolarized I6/6,,0.33333333333333337,1000000.0,8.0,8e-06,0.0,0.0,0.1,100000.0,0.1,100000.0,10.0,10000000.0,1.0,1000000.0,0.1,100000.0,2.472503630165898e-37,3.6107552200345915e-36,3.8580055830511814e-36,0.03033515933321532,0.006597160864699251,0.03693232019791457,0.9630676798020784,3.8580055830511814e-36,0.999999999999993,6.994405055138486e-15,constant-generator matrix exponential Pade(13),2,dimensionless populations/per-encounter yields,dimensionless per encounter unless field name gives s^-1 or s,True,"Illustrative one-factor-at-a-time grid; bounds are not measured ranges or probability priors. Results are populations and per-encounter yields, not concentrations or biological fluxes. No encounter yield is converted to molarity, and no continuous biological ROS source is modeled.",ae188e2ba41fafda0a98499db6e2918fccc0fc4f,1afbda6f7c930e34dd90ab95767796d038c4429c4f4c40c50f3e68f50bf98a71,configs/doxorubicin_parameters.json,0b7d200aedee3aed703b810ad54927a2126d9ee0952f6ef87cf5ebb57992d345,configs/parameter_provenance.csv,86c4261fcb9616a643db79340fe0b7398ba10a5c46464e67e8b697bcfc3a4ec9
selectivity_unpolarized,unpolarized,unpolarized I6/6,,0.33333333333333337,1000000.0,8.0,8e-06,0.0,0.0,0.1,100000.0,0.1,100000.0,10.0,10000000.0,1.0,1000000.0,1.0,1000000.0,2.0182006318003836e-39,4.036401263600764e-39,6.054601895401148e-39,0.030303030303030085,0.06060606060606017,0.09090909090909026,0.9090909090909027,6.054601895401148e-39,0.999999999999993,6.994405055138486e-15,constant-generator matrix exponential Pade(13),2,dimensionless populations/per-encounter yields,dimensionless per encounter unless field name gives s^-1 or s,True,"Illustrative one-factor-at-a-time grid; bounds are not measured ranges or probability priors. Results are populations and per-encounter yields, not concentrations or biological fluxes. No encounter yield is converted to molarity, and no continuous biological ROS source is modeled.",ae188e2ba41fafda0a98499db6e2918fccc0fc4f,1afbda6f7c930e34dd90ab95767796d038c4429c4f4c40c50f3e68f50bf98a71,configs/doxorubicin_parameters.json,0b7d200aedee3aed703b810ad54927a2126d9ee0952f6ef87cf5ebb57992d345,configs/parameter_provenance.csv,86c4261fcb9616a643db79340fe0b7398ba10a5c46464e67e8b697bcfc3a4ec9
selectivity_unpolarized,unpolarized,unpolarized I6/6,,0.33333333333333337,1000000.0,8.0,8e-06,0.0,0.0,0.1,100000.0,0.1,100000.0,10.0,10000000.0,1.0,1000000.0,10.0,10000000.0,7.104910557338899e-40,1.0603163230771167e-41,7.21094218964661e-40,0.030140256639808793,0.3342285884810481,0.3643688451208569,0.635631154879136,7.21094218964661e-40,0.9999999999999929,7.105427357601002e-15,constant-generator matrix exponential Pade(13),2,dimensionless populations/per-encounter yields,dimensionless per encounter unless field name gives s^-1 or s,True,"Illustrative one-factor-at-a-time grid; bounds are not measured ranges or probability priors. Results are populations and per-encounter yields, not concentrations or biological fluxes. No encounter yield is converted to molarity, and no continuous biological ROS source is modeled.",ae188e2ba41fafda0a98499db6e2918fccc0fc4f,1afbda6f7c930e34dd90ab95767796d038c4429c4f4c40c50f3e68f50bf98a71,configs/doxorubicin_parameters.json,0b7d200aedee3aed703b810ad54927a2126d9ee0952f6ef87cf5ebb57992d345,configs/parameter_provenance.csv,86c4261fcb9616a643db79340fe0b7398ba10a5c46464e67e8b697bcfc3a4ec9
selectivity_unpolarized,unpolarized,unpolarized I6/6,,0.33333333333333337,1000000.0,8.0,8e-06,1.0,1000000.0,0.1,100000.0,0.1,100000.0,0.1,100000.0,1.0,1000000.0,0.0,0.0,0.014462270062177148,0.10898928368548286,0.12345155374766004,0.5657787252883681,0.0,0.5657787252883681,0.310769720963971,0.12345155374766004,0.9999999999999992,7.771561172376096e-16,constant-generator matrix exponential Pade(13),2,dimensionless populations/per-encounter yields,dimensionless per encounter unless field name gives s^-1 or s,True,"Illustrative one-factor-at-a-time grid; bounds are not measured ranges or probability priors. Results are populations and per-encounter yields, not concentrations or biological fluxes. No encounter yield is converted to molarity, and no continuous biological ROS source is modeled.",ae188e2ba41fafda0a98499db6e2918fccc0fc4f,1afbda6f7c930e34dd90ab95767796d038c4429c4f4c40c50f3e68f50bf98a71,configs/doxorubicin_parameters.json,0b7d200aedee3aed703b810ad54927a2126d9ee0952f6ef87cf5ebb57992d345,configs/parameter_provenance.csv,86c4261fcb9616a643db79340fe0b7398ba10a5c46464e67e8b697bcfc3a4ec9
selectivity_unpolarized,unpolarized,unpolarized I6/6,,0.33333333333333337,1000000.0,8.0,8e-06,1.0,1000000.0,0.1,100000.0,0.1,100000.0,0.1,100000.0,1.0,1000000.0,0.01,10000.0,0.013517899473369968,0.10093768635604954,0.11445558582941952,0.5574935949938831,0.02475467815248266,0.5822482731463657,0.3032961410242149,0.11445558582941952,1.0000000000000002,2.220446049250313e-16,constant-generator matrix exponential Pade(13),2,dimensionless populations/per-encounter yields,dimensionless per encounter unless field name gives s^-1 or s,True,"Illustrative one-factor-at-a-time grid; bounds are not measured ranges or probability priors. Results are populations and per-encounter yields, not concentrations or biological fluxes. No encounter yield is converted to molarity, and no continuous biological ROS source is modeled.",ae188e2ba41fafda0a98499db6e2918fccc0fc4f,1afbda6f7c930e34dd90ab95767796d038c4429c4f4c40c50f3e68f50bf98a71,configs/doxorubicin_parameters.json,0b7d200aedee3aed703b810ad54927a2126d9ee0952f6ef87cf5ebb57992d345,configs/parameter_provenance.csv,86c4261fcb9616a643db79340fe0b7398ba10a5c46464e67e8b697bcfc3a4ec9
selectivity_unpolarized,unpolarized,unpolarized I6/6,,0.33333333333333337,1000000.0,8.0,8e-06,1.0,1000000.0,0.1,100000.0,0.1,100000.0,0.1,100000.0,1.0,1000000.0,0.1,100000.0,0.007411644283464223,0.050765074755770745,0.058176719039234964,0.49503624730452944,0.19864170446289092,0.6936779517674203,0.2481453291933438,0.058176719039234964,0.999999999999999,9.992007221626409e-16,constant-generator matrix exponential Pade(13),2,dimensionless populations/per-encounter yields,dimensionless per encounter unless field name gives s^-1 or s,True,"Illustrative one-factor-at-a-time grid; bounds are not measured ranges or probability priors. Results are populations and per-encounter yields, not concentrations or biological fluxes. No encounter yield is converted to molarity, and no continuous biological ROS source is modeled.",ae188e2ba41fafda0a98499db6e2918fccc0fc4f,1afbda6f7c930e34dd90ab95767796d038c4429c4f4c40c50f3e68f50bf98a71,configs/doxorubicin_parameters.json,0b7d200aedee3aed703b810ad54927a2126d9ee0952f6ef87cf5ebb57992d345,configs/parameter_provenance.csv,86c4261fcb9616a643db79340fe0b7398ba10a5c46464e67e8b697bcfc3a4ec9
selectivity_unpolarized,unpolarized,unpolarized I6/6,,0.33333333333333337,1000000.0,8.0,8e-06,1.0,1000000.0,0.1,100000.0,0.1,100000.0,0.1,100000.0,1.0,1000000.0,1.0,1000000.0,5.0244358365158826e-05,0.00010048871673031765,0.00015073307509547648,0.3029846263408799,0.6059692526817597,0.9089538790226397,0.09089538790226395,0.00015073307509547648,0.9999999999999991,8.881784197001252e-16,constant-generator matrix exponential Pade(13),2,dimensionless populations/per-encounter yields,dimensionless per encounter unless field name gives s^-1 or s,True,"Illustrative one-factor-at-a-time grid; bounds are not measured ranges or probability priors. Results are populations and per-encounter yields, not concentrations or biological fluxes. No encounter yield is converted to molarity, and no continuous biological ROS source is modeled.",ae188e2ba41fafda0a98499db6e2918fccc0fc4f,1afbda6f7c930e34dd90ab95767796d038c4429c4f4c40c50f3e68f50bf98a71,configs/doxorubicin_parameters.json,0b7d200aedee3aed703b810ad54927a2126d9ee0952f6ef87cf5ebb57992d345,configs/parameter_provenance.csv,86c4261fcb9616a643db79340fe0b7398ba10a5c46464e67e8b697bcfc3a4ec9
selectivity_unpolarized,unpolarized,unpolarized I6/6,,0.33333333333333337,1000000.0,8.0,8e-06,1.0,1000000.0,0.1,100000.0,0.1,100000.0,0.1,100000.0,1.0,1000000.0,10.0,10000000.0,8.453051162824127e-06,2.2032617249446104e-07,8.67337733531859e-06,0.2602091415732471,0.706694327615927,0.966903469189174,0.03308785743348398,8.67337733531859e-06,0.9999999999999933,6.661338147750939e-15,constant-generator matrix exponential Pade(13),2,dimensionless populations/per-encounter yields,dimensionless per encounter unless field name gives s^-1 or s,True,"Illustrative one-factor-at-a-time grid; bounds are not measured ranges or probability priors. Results are populations and per-encounter yields, not concentrations or biological fluxes. No encounter yield is converted to molarity, and no continuous biological ROS source is modeled.",ae188e2ba41fafda0a98499db6e2918fccc0fc4f,1afbda6f7c930e34dd90ab95767796d038c4429c4f4c40c50f3e68f50bf98a71,configs/doxorubicin_parameters.json,0b7d200aedee3aed703b810ad54927a2126d9ee0952f6ef87cf5ebb57992d345,configs/parameter_provenance.csv,86c4261fcb9616a643db79340fe0b7398ba10a5c46464e67e8b697bcfc3a4ec9
selectivity_unpolarized,unpolarized,unpolarized I6/6,,0.33333333333333337,1000000.0,8.0,8e-06,1.0,1000000.0,0.1,100000.0,0.1,100000.0,1.0,1000000.0,1.0,1000000.0,0.0,0.0,1.0797325585332393e-05,8.13698524647215e-05,9.216717805005391e-05,0.18877171713259167,0.0,0.18877171713259167,0.8111361156893574,9.216717805005391e-05,0.9999999999999991,8.881784197001252e-16,constant-generator matrix exponential Pade(13),2,dimensionless populations/per-encounter yields,dimensionless per encounter unless field name gives s^-1 or s,True,"Illustrative one-factor-at-a-time grid; bounds are not measured ranges or probability priors. Results are populations and per-encounter yields, not concentrations or biological fluxes. No encounter yield is converted to molarity, and no continuous biological ROS source is modeled.",ae188e2ba41fafda0a98499db6e2918fccc0fc4f,1afbda6f7c930e34dd90ab95767796d038c4429c4f4c40c50f3e68f50bf98a71,configs/doxorubicin_parameters.json,0b7d200aedee3aed703b810ad54927a2126d9ee0952f6ef87cf5ebb57992d345,configs/parameter_provenance.csv,86c4261fcb9616a643db79340fe0b7398ba10a5c46464e67e8b697bcfc3a4ec9
selectivity_unpolarized,unpolarized,unpolarized I6/6,,0.33333333333333337,1000000.0,8.0,8e-06,1.0,1000000.0,0.1,100000.0,0.1,100000.0,1.0,1000000.0,1.0,1000000.0,0.01,10000.0,1.0092271905880584e-05,7.535864416380287e-05,8.545091606968347e-05,0.1883460209598507,0.006170519872913149,0.19451654083276385,0.8053980082511657,8.545091606968347e-05,0.9999999999999992,7.771561172376096e-16,constant-generator matrix exponential Pade(13),2,dimensionless populations/per-encounter yields,dimensionless per encounter unless field name gives s^-1 or s,True,"Illustrative one-factor-at-a-time grid; bounds are not measured ranges or probability priors. Results are populations and per-encounter yields, not concentrations or biological fluxes. No encounter yield is converted to molarity, and no continuous biological ROS source is modeled.",ae188e2ba41fafda0a98499db6e2918fccc0fc4f,1afbda6f7c930e34dd90ab95767796d038c4429c4f4c40c50f3e68f50bf98a71,configs/doxorubicin_parameters.json,0b7d200aedee3aed703b810ad54927a2126d9ee0952f6ef87cf5ebb57992d345,configs/parameter_provenance.csv,86c4261fcb9616a643db79340fe0b7398ba10a5c46464e67e8b697bcfc3a4ec9
selectivity_unpolarized,unpolarized,unpolarized I6/6,,0.33333333333333337,1000000.0,8.0,8e-06,1.0,1000000.0,0.1,100000.0,0.1,100000.0,1.0,1000000.0,1.0,1000000.0,0.1,100000.0,5.533428438770538e-06,3.79004843738397e-05,4.343391281261024e-05,0.1848290544320762,0.05729985974754856,0.24212891417962476,0.757827651907562,4.343391281261024e-05,0.9999999999999993,6.661338147750939e-16,constant-generator matrix exponential Pade(13),2,dimensionless populations/per-encounter yields,dimensionless per encounter unless field name gives s^-1 or s,True,"Illustrative one-factor-at-a-time grid; bounds are not measured ranges or probability priors. Results are populations and per-encounter yields, not concentrations or biological fluxes. No encounter yield is converted to molarity, and no continuous biological ROS source is modeled.",ae188e2ba41fafda0a98499db6e2918fccc0fc4f,1afbda6f7c930e34dd90ab95767796d038c4429c4f4c40c50f3e68f50bf98a71,configs/doxorubicin_parameters.json,0b7d200aedee3aed703b810ad54927a2126d9ee0952f6ef87cf5ebb57992d345,configs/parameter_provenance.csv,86c4261fcb9616a643db79340fe0b7398ba10a5c46464e67e8b697bcfc3a4ec9
selectivity_unpolarized,unpolarized,unpolarized I6/6,,0.33333333333333337,1000000.0,8.0,8e-06,1.0,1000000.0,0.1,100000.0,0.1,100000.0,1.0,1000000.0,1.0,1000000.0,1.0,1000000.0,3.7511724906419754e-08,7.502344981283953e-08,1.1253517471925926e-07,0.16666664791080393,0.33333329582160787,0.4999999437324118,0.49999994373241186,1.1253517471925926e-07,0.9999999999999984,1.5543122344752192e-15,constant-generator matrix exponential Pade(13),2,dimensionless populations/per-encounter yields,dimensionless per encounter unless field name gives s^-1 or s,True,"Illustrative one-factor-at-a-time grid; bounds are not measured ranges or probability priors. Results are populations and per-encounter yields, not concentrations or biological fluxes. No encounter yield is converted to molarity, and no continuous biological ROS source is modeled.",ae188e2ba41fafda0a98499db6e2918fccc0fc4f,1afbda6f7c930e34dd90ab95767796d038c4429c4f4c40c50f3e68f50bf98a71,configs/doxorubicin_parameters.json,0b7d200aedee3aed703b810ad54927a2126d9ee0952f6ef87cf5ebb57992d345,configs/parameter_provenance.csv,86c4261fcb9616a643db79340fe0b7398ba10a5c46464e67e8b697bcfc3a4ec9
selectivity_unpolarized,unpolarized,unpolarized I6/6,,0.33333333333333337,1000000.0,8.0,8e-06,1.0,1000000.0,0.1,100000.0,0.1,100000.0,1.0,1000000.0,1.0,1000000.0,10.0,10000000.0,6.310928035646402e-09,1.6449239359831173e-10,6.475420429244714e-09,0.15440984628603635,0.628345728138636,0.7827555744246724,0.2172444190999,6.475420429244714e-09,0.9999999999999928,7.216449660063518e-15,constant-generator matrix exponential Pade(13),2,dimensionless populations/per-encounter yields,dimensionless per encounter unless field name gives s^-1 or s,True,"Illustrative one-factor-at-a-time grid; bounds are not measured ranges or probability priors. Results are populations and per-encounter yields, not concentrations or biological fluxes. No encounter yield is converted to molarity, and no continuous biological ROS source is modeled.",ae188e2ba41fafda0a98499db6e2918fccc0fc4f,1afbda6f7c930e34dd90ab95767796d038c4429c4f4c40c50f3e68f50bf98a71,configs/doxorubicin_parameters.json,0b7d200aedee3aed703b810ad54927a2126d9ee0952f6ef87cf5ebb57992d345,configs/parameter_provenance.csv,86c4261fcb9616a643db79340fe0b7398ba10a5c46464e67e8b697bcfc3a4ec9
selectivity_unpolarized,unpolarized,unpolarized I6/6,,0.33333333333333337,1000000.0,8.0,8e-06,1.0,1000000.0,0.1,100000.0,0.1,100000.0,10.0,10000000.0,1.0,1000000.0,0.0,0.0,5.809162167944838e-37,4.3778495407366124e-36,4.958765757531097e-36,0.030350012749975855,0.0,0.030350012749975855,0.969649987250017,4.958765757531097e-36,0.9999999999999929,7.105427357601002e-15,constant-generator matrix exponential Pade(13),2,dimensionless populations/per-encounter yields,dimensionless per encounter unless field name gives s^-1 or s,True,"Illustrative one-factor-at-a-time grid; bounds are not measured ranges or probability priors. Results are populations and per-encounter yields, not concentrations or biological fluxes. No encounter yield is converted to molarity, and no continuous biological ROS source is modeled.",ae188e2ba41fafda0a98499db6e2918fccc0fc4f,1afbda6f7c930e34dd90ab95767796d038c4429c4f4c40c50f3e68f50bf98a71,configs/doxorubicin_parameters.json,0b7d200aedee3aed703b810ad54927a2126d9ee0952f6ef87cf5ebb57992d345,configs/parameter_provenance.csv,86c4261fcb9616a643db79340fe0b7398ba10a5c46464e67e8b697bcfc3a4ec9
selectivity_unpolarized,unpolarized,unpolarized I6/6,,0.33333333333333337,1000000.0,8.0,8e-06,1.0,1000000.0,0.1,100000.0,0.1,100000.0,10.0,10000000.0,1.0,1000000.0,0.01,10000.0,5.429830163118757e-37,4.05443534368043e-36,4.597418359992306e-36,0.03034949187661054,0.0006654900992580188,0.03101498197586856,0.9689850180241242,4.597418359992306e-36,0.9999999999999928,7.216449660063518e-15,constant-generator matrix exponential Pade(13),2,dimensionless populations/per-encounter yields,dimensionless per encounter unless field name gives s^-1 or s,True,"Illustrative one-factor-at-a-time grid; bounds are not measured ranges or probability priors. Results are populations and per-encounter yields, not concentrations or biological fluxes. No encounter yield is converted to molarity, and no continuous biological ROS source is modeled.",ae188e2ba41fafda0a98499db6e2918fccc0fc4f,1afbda6f7c930e34dd90ab95767796d038c4429c4f4c40c50f3e68f50bf98a71,configs/doxorubicin_parameters.json,0b7d200aedee3aed703b810ad54927a2126d9ee0952f6ef87cf5ebb57992d345,configs/parameter_provenance.csv,86c4261fcb9616a643db79340fe0b7398ba10a5c46464e67e8b697bcfc3a4ec9
selectivity_unpolarized,unpolarized,unpolarized I6/6,,0.33333333333333337,1000000.0,8.0,8e-06,1.0,1000000.0,0.1,100000.0,0.1,100000.0,10.0,10000000.0,1.0,1000000.0,0.1,100000.0,2.9770875103740276e-37,2.0391166148622935e-36,2.3368253658996963e-36,0.030344854704825883,0.006596104933137703,0.03694095963796359,0.9630590403620293,2.3368253658996963e-36,0.9999999999999929,7.105427357601002e-15,constant-generator matrix exponential Pade(13),2,dimensionless populations/per-encounter yields,dimensionless per encounter unless field name gives s^-1 or s,True,"Illustrative one-factor-at-a-time grid; bounds are not measured ranges or probability priors. Results are populations and per-encounter yields, not concentrations or biological fluxes. No encounter yield is converted to molarity, and no continuous biological ROS source is modeled.",ae188e2ba41fafda0a98499db6e2918fccc0fc4f,1afbda6f7c930e34dd90ab95767796d038c4429c4f4c40c50f3e68f50bf98a71,configs/doxorubicin_parameters.json,0b7d200aedee3aed703b810ad54927a2126d9ee0952f6ef87cf5ebb57992d345,configs/parameter_provenance.csv,86c4261fcb9616a643db79340fe0b7398ba10a5c46464e67e8b697bcfc3a4ec9
selectivity_unpolarized,unpolarized,unpolarized I6/6,,0.33333333333333337,1000000.0,8.0,8e-06,1.0,1000000.0,0.1,100000.0,0.1,100000.0,10.0,10000000.0,1.0,1000000.0,1.0,1000000.0,2.0182006318003826e-39,4.0364012636007666e-39,6.054601895401149e-39,0.03030303030303009,0.06060606060606017,0.09090909090909026,0.9090909090909027,6.054601895401149e-39,0.999999999999993,6.994405055138486e-15,constant-generator matrix exponential Pade(13),2,dimensionless populations/per-encounter yields,dimensionless per encounter unless field name gives s^-1 or s,True,"Illustrative one-factor-at-a-time grid; bounds are not measured ranges or probability priors. Results are populations and per-encounter yields, not concentrations or biological fluxes. No encounter yield is converted to molarity, and no continuous biological ROS source is modeled.",ae188e2ba41fafda0a98499db6e2918fccc0fc4f,1afbda6f7c930e34dd90ab95767796d038c4429c4f4c40c50f3e68f50bf98a71,configs/doxorubicin_parameters.json,0b7d200aedee3aed703b810ad54927a2126d9ee0952f6ef87cf5ebb57992d345,configs/parameter_provenance.csv,86c4261fcb9616a643db79340fe0b7398ba10a5c46464e67e8b697bcfc3a4ec9
selectivity_unpolarized,unpolarized,unpolarized I6/6,,0.33333333333333337,1000000.0,8.0,8e-06,1.0,1000000.0,0.1,100000.0,0.1,100000.0,10.0,10000000.0,1.0,1000000.0,10.0,10000000.0,3.395396767427466e-40,8.849996994664144e-42,3.4838967373741073e-40,0.03010637194856926,0.3344149542828654,0.36452132623143463,0.635478673768558,3.4838967373741073e-40,0.9999999999999927,7.327471962526033e-15,constant-generator matrix exponential Pade(13),2,dimensionless populations/per-encounter yields,dimensionless per encounter unless field name gives s^-1 or s,True,"Illustrative one-factor-at-a-time grid; bounds are not measured ranges or probability priors. Results are populations and per-encounter yields, not concentrations or biological fluxes. No encounter yield is converted to molarity, and no continuous biological ROS source is modeled.",ae188e2ba41fafda0a98499db6e2918fccc0fc4f,1afbda6f7c930e34dd90ab95767796d038c4429c4f4c40c50f3e68f50bf98a71,configs/doxorubicin_parameters.json,0b7d200aedee3aed703b810ad54927a2126d9ee0952f6ef87cf5ebb57992d345,configs/parameter_provenance.csv,86c4261fcb9616a643db79340fe0b7398ba10a5c46464e67e8b697bcfc3a4ec9
selectivity_unpolarized,unpolarized,unpolarized I6/6,,0.33333333333333337,1000000.0,8.0,8e-06,10.0,10000000.0,0.1,100000.0,0.1,100000.0,0.1,100000.0,1.0,1000000.0,0.0,0.0,0.013080470247590546,0.09110074527268411,0.10418121552027466,0.6159981202694196,0.0,0.6159981202694196,0.27982066421030394,0.10418121552027466,0.9999999999999982,1.7763568394002505e-15,constant-generator matrix exponential Pade(13),2,dimensionless populations/per-encounter yields,dimensionless per encounter unless field name gives s^-1 or s,True,"Illustrative one-factor-at-a-time grid; bounds are not measured ranges or probability priors. Results are populations and per-encounter yields, not concentrations or biological fluxes. No encounter yield is converted to molarity, and no continuous biological ROS source is modeled.",ae188e2ba41fafda0a98499db6e2918fccc0fc4f,1afbda6f7c930e34dd90ab95767796d038c4429c4f4c40c50f3e68f50bf98a71,configs/doxorubicin_parameters.json,0b7d200aedee3aed703b810ad54927a2126d9ee0952f6ef87cf5ebb57992d345,configs/parameter_provenance.csv,86c4261fcb9616a643db79340fe0b7398ba10a5c46464e67e8b697bcfc3a4ec9
selectivity_unpolarized,unpolarized,unpolarized I6/6,,0.33333333333333337,1000000.0,8.0,8e-06,10.0,10000000.0,0.1,100000.0,0.1,100000.0,0.1,100000.0,1.0,1000000.0,0.01,10000.0,0.012256023994726417,0.08454516011103369,0.09680118410576012,0.6081185670469884,0.02129712655841364,0.6294156936054021,0.2737831222888352,0.09680118410576012,0.9999999999999973,2.6645352591003757e-15,constant-generator matrix exponential Pade(13),2,dimensionless populations/per-encounter yields,dimensionless per encounter unless field name gives s^-1 or s,True,"Illustrative one-factor-at-a-time grid; bounds are not measured ranges or probability priors. Results are populations and per-encounter yields, not concentrations or biological fluxes. No encounter yield is converted to molarity, and no continuous biological ROS source is modeled.",ae188e2ba41fafda0a98499db6e2918fccc0fc4f,1afbda6f7c930e34dd90ab95767796d038c4429c4f4c40c50f3e68f50bf98a71,configs/doxorubicin_parameters.json,0b7d200aedee3aed703b810ad54927a2126d9ee0952f6ef87cf5ebb57992d345,configs/parameter_provenance.csv,86c4261fcb9616a643db79340fe0b7398ba10a5c46464e67e8b697bcfc3a4ec9
selectivity_unpolarized,unpolarized,unpolarized I6/6,,0.33333333333333337,1000000.0,8.0,8e-06,10.0,10000000.0,0.1,100000.0,0.1,100000.0,0.1,100000.0,1.0,1000000.0,0.1,100000.0,0.0068668742075090996,0.04331935563311958,0.05018622984062868,0.546890613766893,0.17411704750789353,0.7210076612747864,0.22880610888458278,0.05018622984062868,0.9999999999999979,2.1094237467877974e-15,constant-generator matrix exponential Pade(13),2,dimensionless populations/per-encounter yields,dimensionless per encounter unless field name gives s^-1 or s,True,"Illustrative one-factor-at-a-time grid; bounds are not measured ranges or probability priors. Results are populations and per-encounter yields, not concentrations or biological fluxes. No encounter yield is converted to molarity, and no continuous biological ROS source is modeled.",ae188e2ba41fafda0a98499db6e2918fccc0fc4f,1afbda6f7c930e34dd90ab95767796d038c4429c4f4c40c50f3e68f50bf98a71,configs/doxorubicin_parameters.json,0b7d200aedee3aed703b810ad54927a2126d9ee0952f6ef87cf5ebb57992d345,configs/parameter_provenance.csv,86c4261fcb9616a643db79340fe0b7398ba10a5c46464e67e8b697bcfc3a4ec9
selectivity_unpolarized,unpolarized,unpolarized I6/6,,0.33333333333333337,1000000.0,8.0,8e-06,10.0,10000000.0,0.1,100000.0,0.1,100000.0,0.1,100000.0,1.0,1000000.0,1.0,1000000.0,5.024435836515869e-05,0.00010048871673031738,0.00015073307509547607,0.3029846263408791,0.6059692526817582,0.9089538790226372,0.0908953879022637,0.00015073307509547607,0.9999999999999964,3.552713678800501e-15,constant-generator matrix exponential Pade(13),2,dimensionless populations/per-encounter yields,dimensionless per encounter unless field name gives s^-1 or s,True,"Illustrative one-factor-at-a-time grid; bounds are not measured ranges or probability priors. Results are populations and per-encounter yields, not concentrations or biological fluxes. No encounter yield is converted to molarity, and no continuous biological ROS source is modeled.",ae188e2ba41fafda0a98499db6e2918fccc0fc4f,1afbda6f7c930e34dd90ab95767796d038c4429c4f4c40c50f3e68f50bf98a71,configs/doxorubicin_parameters.json,0b7d200aedee3aed703b810ad54927a2126d9ee0952f6ef87cf5ebb57992d345,configs/parameter_provenance.csv,86c4261fcb9616a643db79340fe0b7398ba10a5c46464e67e8b697bcfc3a4ec9
selectivity_unpolarized,unpolarized,unpolarized I6/6,,0.33333333333333337,1000000.0,8.0,8e-06,10.0,10000000.0,0.1,100000.0,0.1,100000.0,0.1,100000.0,1.0,1000000.0,10.0,10000000.0,1.9708935511078906e-15,9.749170657757384e-16,2.945810616883629e-15,0.09398106273073495,0.8877433970259223,0.9817244597566572,0.018275540243332715,2.945810616883629e-15,0.9999999999999929,7.105427357601002e-15,constant-generator matrix exponential Pade(13),2,dimensionless populations/per-encounter yields,dimensionless per encounter unless field name gives s^-1 or s,True,"Illustrative one-factor-at-a-time grid; bounds are not measured ranges or probability priors. Results are populations and per-encounter yields, not concentrations or biological fluxes. No encounter yield is converted to molarity, and no continuous biological ROS source is modeled.",ae188e2ba41fafda0a98499db6e2918fccc0fc4f,1afbda6f7c930e34dd90ab95767796d038c4429c4f4c40c50f3e68f50bf98a71,configs/doxorubicin_parameters.json,0b7d200aedee3aed703b810ad54927a2126d9ee0952f6ef87cf5ebb57992d345,configs/parameter_provenance.csv,86c4261fcb9616a643db79340fe0b7398ba10a5c46464e67e8b697bcfc3a4ec9
selectivity_unpolarized,unpolarized,unpolarized I6/6,,0.33333333333333337,1000000.0,8.0,8e-06,10.0,10000000.0,0.1,100000.0,0.1,100000.0,1.0,1000000.0,1.0,1000000.0,0.0,0.0,9.765693453744479e-06,6.80145235531248e-05,7.778021700686927e-05,0.2201989605873363,0.0,0.2201989605873363,0.7797232591956538,7.778021700686927e-05,0.9999999999999969,3.1086244689504383e-15,constant-generator matrix exponential Pade(13),2,dimensionless populations/per-encounter yields,dimensionless per encounter unless field name gives s^-1 or s,True,"Illustrative one-factor-at-a-time grid; bounds are not measured ranges or probability priors. Results are populations and per-encounter yields, not concentrations or biological fluxes. No encounter yield is converted to molarity, and no continuous biological ROS source is modeled.",ae188e2ba41fafda0a98499db6e2918fccc0fc4f,1afbda6f7c930e34dd90ab95767796d038c4429c4f4c40c50f3e68f50bf98a71,configs/doxorubicin_parameters.json,0b7d200aedee3aed703b810ad54927a2126d9ee0952f6ef87cf5ebb57992d345,configs/parameter_provenance.csv,86c4261fcb9616a643db79340fe0b7398ba10a5c46464e67e8b697bcfc3a4ec9
selectivity_unpolarized,unpolarized,unpolarized I6/6,,0.33333333333333337,1000000.0,8.0,8e-06,10.0,10000000.0,0.1,100000.0,0.1,100000.0,1.0,1000000.0,1.0,1000000.0,0.01,10000.0,9.150173581586786e-06,6.31202167058319e-05,7.227039028741867e-05,0.21941537953455947,0.005555415549906833,0.2249707950844663,0.774956934525243,7.227039028741867e-05,0.9999999999999967,3.3306690738754696e-15,constant-generator matrix exponential Pade(13),2,dimensionless populations/per-encounter yields,dimensionless per encounter unless field name gives s^-1 or s,True,"Illustrative one-factor-at-a-time grid; bounds are not measured ranges or probability priors. Results are populations and per-encounter yields, not concentrations or biological fluxes. No encounter yield is converted to molarity, and no continuous biological ROS source is modeled.",ae188e2ba41fafda0a98499db6e2918fccc0fc4f,1afbda6f7c930e34dd90ab95767796d038c4429c4f4c40c50f3e68f50bf98a71,configs/doxorubicin_parameters.json,0b7d200aedee3aed703b810ad54927a2126d9ee0952f6ef87cf5ebb57992d345,configs/parameter_provenance.csv,86c4261fcb9616a643db79340fe0b7398ba10a5c46464e67e8b697bcfc3a4ec9
selectivity_unpolarized,unpolarized,unpolarized I6/6,,0.33333333333333337,1000000.0,8.0,8e-06,10.0,10000000.0,0.1,100000.0,0.1,100000.0,1.0,1000000.0,1.0,1000000.0,0.1,100000.0,5.126710831234141e-06,3.234161614370939e-05,3.7468326974943534e-05,0.21269926058838462,0.05223309186329568,0.2649323524516803,0.7350301792213414,3.7468326974943534e-05,0.9999999999999966,3.4416913763379853e-15,constant-generator matrix exponential Pade(13),2,dimensionless populations/per-encounter yields,dimensionless per encounter unless field name gives s^-1 or s,True,"Illustrative one-factor-at-a-time grid; bounds are not measured ranges or probability priors. Results are populations and per-encounter yields, not concentrations or biological fluxes. No encounter yield is converted to molarity, and no continuous biological ROS source is modeled.",ae188e2ba41fafda0a98499db6e2918fccc0fc4f,1afbda6f7c930e34dd90ab95767796d038c4429c4f4c40c50f3e68f50bf98a71,configs/doxorubicin_parameters.json,0b7d200aedee3aed703b810ad54927a2126d9ee0952f6ef87cf5ebb57992d345,configs/parameter_provenance.csv,86c4261fcb9616a643db79340fe0b7398ba10a5c46464e67e8b697bcfc3a4ec9
selectivity_unpolarized,unpolarized,unpolarized I6/6,,0.33333333333333337,1000000.0,8.0,8e-06,10.0,10000000.0,0.1,100000.0,0.1,100000.0,1.0,1000000.0,1.0,1000000.0,1.0,1000000.0,3.7511724906419906e-08,7.502344981283981e-08,1.1253517471925973e-07,0.1666666479108037,0.3333332958216074,0.49999994373241113,0.4999999437324112,1.1253517471925973e-07,0.9999999999999971,2.886579864025407e-15,constant-generator matrix exponential Pade(13),2,dimensionless populations/per-encounter yields,dimensionless per encounter unless field name gives s^-1 or s,True,"Illustrative one-factor-at-a-time grid; bounds are not measured ranges or probability priors. Results are populations and per-encounter yields, not concentrations or biological fluxes. No encounter yield is converted to molarity, and no continuous biological ROS source is modeled.",ae188e2ba41fafda0a98499db6e2918fccc0fc4f,1afbda6f7c930e34dd90ab95767796d038c4429c4f4c40c50f3e68f50bf98a71,configs/doxorubicin_parameters.json,0b7d200aedee3aed703b810ad54927a2126d9ee0952f6ef87cf5ebb57992d345,configs/parameter_provenance.csv,86c4261fcb9616a643db79340fe0b7398ba10a5c46464e67e8b697bcfc3a4ec9
selectivity_unpolarized,unpolarized,unpolarized I6/6,,0.33333333333333337,1000000.0,8.0,8e-06,10.0,10000000.0,0.1,100000.0,0.1,100000.0,1.0,1000000.0,1.0,1000000.0,10.0,10000000.0,1.471441155078262e-18,7.278592456523972e-19,2.1993004007306597e-18,0.07824541517417855,0.7668265178651235,0.845071933039302,0.15492806696069095,2.1993004007306597e-18,0.9999999999999929,7.105427357601002e-15,constant-generator matrix exponential Pade(13),2,dimensionless populations/per-encounter yields,dimensionless per encounter unless field name gives s^-1 or s,True,"Illustrative one-factor-at-a-time grid; bounds are not measured ranges or probability priors. Results are populations and per-encounter yields, not concentrations or biological fluxes. No encounter yield is converted to molarity, and no continuous biological ROS source is modeled.",ae188e2ba41fafda0a98499db6e2918fccc0fc4f,1afbda6f7c930e34dd90ab95767796d038c4429c4f4c40c50f3e68f50bf98a71,configs/doxorubicin_parameters.json,0b7d200aedee3aed703b810ad54927a2126d9ee0952f6ef87cf5ebb57992d345,configs/parameter_provenance.csv,86c4261fcb9616a643db79340fe0b7398ba10a5c46464e67e8b697bcfc3a4ec9
selectivity_unpolarized,unpolarized,unpolarized I6/6,,0.33333333333333337,1000000.0,8.0,8e-06,10.0,10000000.0,0.1,100000.0,0.1,100000.0,10.0,10000000.0,1.0,1000000.0,0.0,0.0,5.254124876284579e-37,3.659307983009557e-36,4.184720470638015e-36,0.030927008549817857,0.0,0.030927008549817857,0.9690729914501752,4.184720470638015e-36,0.9999999999999931,6.8833827526759706e-15,constant-generator matrix exponential Pade(13),2,dimensionless populations/per-encounter yields,dimensionless per encounter unless field name gives s^-1 or s,True,"Illustrative one-factor-at-a-time grid; bounds are not measured ranges or probability priors. Results are populations and per-encounter yields, not concentrations or biological fluxes. No encounter yield is converted to molarity, and no continuous biological ROS source is modeled.",ae188e2ba41fafda0a98499db6e2918fccc0fc4f,1afbda6f7c930e34dd90ab95767796d038c4429c4f4c40c50f3e68f50bf98a71,configs/doxorubicin_parameters.json,0b7d200aedee3aed703b810ad54927a2126d9ee0952f6ef87cf5ebb57992d345,configs/parameter_provenance.csv,86c4261fcb9616a643db79340fe0b7398ba10a5c46464e67e8b697bcfc3a4ec9
selectivity_unpolarized,unpolarized,unpolarized I6/6,,0.33333333333333337,1000000.0,8.0,8e-06,10.0,10000000.0,0.1,100000.0,0.1,100000.0,10.0,10000000.0,1.0,1000000.0,0.01,10000.0,4.922963726544249e-37,3.395985163382449e-36,3.8882815360368744e-36,0.030920152450772065,0.0006592191039375622,0.03157937155470963,0.968420628445283,3.8882815360368744e-36,0.9999999999999926,7.438494264988549e-15,constant-generator matrix exponential Pade(13),2,dimensionless populations/per-encounter yields,dimensionless per encounter unless field name gives s^-1 or s,True,"Illustrative one-factor-at-a-time grid; bounds are not measured ranges or probability priors. Results are populations and per-encounter yields, not concentrations or biological fluxes. No encounter yield is converted to molarity, and no continuous biological ROS source is modeled.",ae188e2ba41fafda0a98499db6e2918fccc0fc4f,1afbda6f7c930e34dd90ab95767796d038c4429c4f4c40c50f3e68f50bf98a71,configs/doxorubicin_parameters.json,0b7d200aedee3aed703b810ad54927a2126d9ee0952f6ef87cf5ebb57992d345,configs/parameter_provenance.csv,86c4261fcb9616a643db79340fe0b7398ba10a5c46464e67e8b697bcfc3a4ec9
selectivity_unpolarized,unpolarized,unpolarized I6/6,,0.33333333333333337,1000000.0,8.0,8e-06,10.0,10000000.0,0.1,100000.0,0.1,100000.0,10.0,10000000.0,1.0,1000000.0,0.1,100000.0,2.7582658660636568e-37,1.740039155691028e-36,2.0158657422973938e-36,0.030859046814505305,0.006540103812281531,0.03739915062678684,0.9626008493732062,2.0158657422973938e-36,0.9999999999999931,6.8833827526759706e-15,constant-generator matrix exponential Pade(13),2,dimensionless populations/per-encounter yields,dimensionless per encounter unless field name gives s^-1 or s,True,"Illustrative one-factor-at-a-time grid; bounds are not measured ranges or probability priors. Results are populations and per-encounter yields, not concentrations or biological fluxes. No encounter yield is converted to molarity, and no continuous biological ROS source is modeled.",ae188e2ba41fafda0a98499db6e2918fccc0fc4f,1afbda6f7c930e34dd90ab95767796d038c4429c4f4c40c50f3e68f50bf98a71,configs/doxorubicin_parameters.json,0b7d200aedee3aed703b810ad54927a2126d9ee0952f6ef87cf5ebb57992d345,configs/parameter_provenance.csv,86c4261fcb9616a643db79340fe0b7398ba10a5c46464e67e8b697bcfc3a4ec9
selectivity_unpolarized,unpolarized,unpolarized I6/6,,0.33333333333333337,1000000.0,8.0,8e-06,10.0,10000000.0,0.1,100000.0,0.1,100000.0,10.0,10000000.0,1.0,1000000.0,1.0,1000000.0,2.0182006318003546e-39,4.036401263600708e-39,6.054601895401063e-39,0.030303030303030082,0.06060606060606017,0.09090909090909025,0.9090909090909025,6.054601895401063e-39,0.9999999999999928,7.216449660063518e-15,constant-generator matrix exponential Pade(13),2,dimensionless populations/per-encounter yields,dimensionless per encounter unless field name gives s^-1 or s,True,"Illustrative one-factor-at-a-time grid; bounds are not measured ranges or probability priors. Results are populations and per-encounter yields, not concentrations or biological fluxes. No encounter yield is converted to molarity, and no continuous biological ROS source is modeled.",ae188e2ba41fafda0a98499db6e2918fccc0fc4f,1afbda6f7c930e34dd90ab95767796d038c4429c4f4c40c50f3e68f50bf98a71,configs/doxorubicin_parameters.json,0b7d200aedee3aed703b810ad54927a2126d9ee0952f6ef87cf5ebb57992d345,configs/parameter_provenance.csv,86c4261fcb9616a643db79340fe0b7398ba10a5c46464e67e8b697bcfc3a4ec9
selectivity_unpolarized,unpolarized,unpolarized I6/6,,0.33333333333333337,1000000.0,8.0,8e-06,10.0,10000000.0,0.1,100000.0,0.1,100000.0,10.0,10000000.0,1.0,1000000.0,10.0,10000000.0,7.916627337837589e-50,3.916018239902462e-50,1.183264557774005e-49,0.027773992103622205,0.3472430434300708,0.375017035533693,0.6249829644662928,1.183264557774005e-49,0.9999999999999858,1.4210854715202004e-14,constant-generator matrix exponential Pade(13),2,dimensionless populations/per-encounter yields,dimensionless per encounter unless field name gives s^-1 or s,True,"Illustrative one-factor-at-a-time grid; bounds are not measured ranges or probability priors. Results are populations and per-encounter yields, not concentrations or biological fluxes. No encounter yield is converted to molarity, and no continuous biological ROS source is modeled.",ae188e2ba41fafda0a98499db6e2918fccc0fc4f,1afbda6f7c930e34dd90ab95767796d038c4429c4f4c40c50f3e68f50bf98a71,configs/doxorubicin_parameters.json,0b7d200aedee3aed703b810ad54927a2126d9ee0952f6ef87cf5ebb57992d345,configs/parameter_provenance.csv,86c4261fcb9616a643db79340fe0b7398ba10a5c46464e67e8b697bcfc3a4ec9
selectivity_doublet-manifold_mixture,doublet,doublet-manifold mixture PD/2,,0.9999999999999999,1000000.0,8.0,8e-06,0.0,0.0,0.1,100000.0,0.1,100000.0,0.1,100000.0,1.0,1000000.0,0.0,0.0,0.0021981180288768555,0.03465964238981949,0.03685776041869633,0.8338457839111822,0.0,0.8338457839111822,0.1292964556701211,0.03685776041869633,0.9999999999999998,2.220446049250313e-16,constant-generator matrix exponential Pade(13),2,dimensionless populations/per-encounter yields,dimensionless per encounter unless field name gives s^-1 or s,True,"Illustrative one-factor-at-a-time grid; bounds are not measured ranges or probability priors. Results are populations and per-encounter yields, not concentrations or biological fluxes. No encounter yield is converted to molarity, and no continuous biological ROS source is modeled.",ae188e2ba41fafda0a98499db6e2918fccc0fc4f,1afbda6f7c930e34dd90ab95767796d038c4429c4f4c40c50f3e68f50bf98a71,configs/doxorubicin_parameters.json,0b7d200aedee3aed703b810ad54927a2126d9ee0952f6ef87cf5ebb57992d345,configs/parameter_provenance.csv,86c4261fcb9616a643db79340fe0b7398ba10a5c46464e67e8b697bcfc3a4ec9
selectivity_doublet-manifold_mixture,doublet,doublet-manifold mixture PD/2,,0.9999999999999999,1000000.0,8.0,8e-06,0.0,0.0,0.1,100000.0,0.1,100000.0,0.1,100000.0,1.0,1000000.0,0.01,10000.0,0.002070899046881243,0.03230782213949977,0.03437872118638101,0.8332390096925881,0.004459851650161063,0.8376988613427492,0.1279224174708694,0.03437872118638101,0.9999999999999996,4.440892098500626e-16,constant-generator matrix exponential Pade(13),2,dimensionless populations/per-encounter yields,dimensionless per encounter unless field name gives s^-1 or s,True,"Illustrative one-factor-at-a-time grid; bounds are not measured ranges or probability priors. Results are populations and per-encounter yields, not concentrations or biological fluxes. No encounter yield is converted to molarity, and no continuous biological ROS source is modeled.",ae188e2ba41fafda0a98499db6e2918fccc0fc4f,1afbda6f7c930e34dd90ab95767796d038c4429c4f4c40c50f3e68f50bf98a71,configs/doxorubicin_parameters.json,0b7d200aedee3aed703b810ad54927a2126d9ee0952f6ef87cf5ebb57992d345,configs/parameter_provenance.csv,86c4261fcb9616a643db79340fe0b7398ba10a5c46464e67e8b697bcfc3a4ec9
selectivity_doublet-manifold_mixture,doublet,doublet-manifold mixture PD/2,,0.9999999999999999,1000000.0,8.0,8e-06,0.0,0.0,0.1,100000.0,0.1,100000.0,0.1,100000.0,1.0,1000000.0,0.1,100000.0,0.001226111592533909,0.017240242519503426,0.018466354112037335,0.8287198564813252,0.03497090187925244,0.8636907583605776,0.11784288752738495,0.018466354112037335,0.9999999999999999,1.1102230246251565e-16,constant-generator matrix exponential Pade(13),2,dimensionless populations/per-encounter yields,dimensionless per encounter unless field name gives s^-1 or s,True,"Illustrative one-factor-at-a-time grid; bounds are not measured ranges or probability priors. Results are populations and per-encounter yields, not concentrations or biological fluxes. No encounter yield is converted to molarity, and no continuous biological ROS source is modeled.",ae188e2ba41fafda0a98499db6e2918fccc0fc4f,1afbda6f7c930e34dd90ab95767796d038c4429c4f4c40c50f3e68f50bf98a71,configs/doxorubicin_parameters.json,0b7d200aedee3aed703b810ad54927a2126d9ee0952f6ef87cf5ebb57992d345,configs/parameter_provenance.csv,86c4261fcb9616a643db79340fe0b7398ba10a5c46464e67e8b697bcfc3a4ec9
selectivity_doublet-manifold_mixture,doublet,doublet-manifold mixture PD/2,,0.9999999999999999,1000000.0,8.0,8e-06,0.0,0.0,0.1,100000.0,0.1,100000.0,0.1,100000.0,1.0,1000000.0,1.0,1000000.0,7.053268037076137e-05,8.020039472471552e-05,0.00015073307509547688,0.8157895327598494,0.09316434626279035,0.9089538790226398,0.09089538790226398,0.00015073307509547688,0.9999999999999992,7.771561172376096e-16,constant-generator matrix exponential Pade(13),2,dimensionless populations/per-encounter yields,dimensionless per encounter unless field name gives s^-1 or s,True,"Illustrative one-factor-at-a-time grid; bounds are not measured ranges or probability priors. Results are populations and per-encounter yields, not concentrations or biological fluxes. No encounter yield is converted to molarity, and no continuous biological ROS source is modeled.",ae188e2ba41fafda0a98499db6e2918fccc0fc4f,1afbda6f7c930e34dd90ab95767796d038c4429c4f4c40c50f3e68f50bf98a71,configs/doxorubicin_parameters.json,0b7d200aedee3aed703b810ad54927a2126d9ee0952f6ef87cf5ebb57992d345,configs/parameter_provenance.csv,86c4261fcb9616a643db79340fe0b7398ba10a5c46464e67e8b697bcfc3a4ec9
selectivity_doublet-manifold_mixture,doublet,doublet-manifold mixture PD/2,,0.9999999999999999,1000000.0,8.0,8e-06,0.0,0.0,0.1,100000.0,0.1,100000.0,0.1,100000.0,1.0,1000000.0,10.0,10000000.0,5.228407605062457e-05,7.802724443338631e-07,5.3064348494958435e-05,0.8113435801975495,0.10640494795465112,0.9177485281522006,0.08219840749930149,5.3064348494958435e-05,0.9999999999999971,2.886579864025407e-15,constant-generator matrix exponential Pade(13),2,dimensionless populations/per-encounter yields,dimensionless per encounter unless field name gives s^-1 or s,True,"Illustrative one-factor-at-a-time grid; bounds are not measured ranges or probability priors. Results are populations and per-encounter yields, not concentrations or biological fluxes. No encounter yield is converted to molarity, and no continuous biological ROS source is modeled.",ae188e2ba41fafda0a98499db6e2918fccc0fc4f,1afbda6f7c930e34dd90ab95767796d038c4429c4f4c40c50f3e68f50bf98a71,configs/doxorubicin_parameters.json,0b7d200aedee3aed703b810ad54927a2126d9ee0952f6ef87cf5ebb57992d345,configs/parameter_provenance.csv,86c4261fcb9616a643db79340fe0b7398ba10a5c46464e67e8b697bcfc3a4ec9
selectivity_doublet-manifold_mixture,doublet,doublet-manifold mixture PD/2,,0.9999999999999999,1000000.0,8.0,8e-06,0.0,0.0,0.1,100000.0,0.1,100000.0,1.0,1000000.0,1.0,1000000.0,0.0,0.0,1.6410837254963867e-06,2.5876397131650062e-05,2.7517480857146454e-05,0.47058670194891894,0.0,0.47058670194891894,0.5293857805702231,2.7517480857146454e-05,0.9999999999999992,7.771561172376096e-16,constant-generator matrix exponential Pade(13),2,dimensionless populations/per-encounter yields,dimensionless per encounter unless field name gives s^-1 or s,True,"Illustrative one-factor-at-a-time grid; bounds are not measured ranges or probability priors. Results are populations and per-encounter yields, not concentrations or biological fluxes. No encounter yield is converted to molarity, and no continuous biological ROS source is modeled.",ae188e2ba41fafda0a98499db6e2918fccc0fc4f,1afbda6f7c930e34dd90ab95767796d038c4429c4f4c40c50f3e68f50bf98a71,configs/doxorubicin_parameters.json,0b7d200aedee3aed703b810ad54927a2126d9ee0952f6ef87cf5ebb57992d345,configs/parameter_provenance.csv,86c4261fcb9616a643db79340fe0b7398ba10a5c46464e67e8b697bcfc3a4ec9
selectivity_doublet-manifold_mixture,doublet,doublet-manifold mixture PD/2,,0.9999999999999999,1000000.0,8.0,8e-06,0.0,0.0,0.1,100000.0,0.1,100000.0,1.0,1000000.0,1.0,1000000.0,0.01,10000.0,1.5461038389823313e-06,2.4120561508908448e-05,2.5666665347890784e-05,0.47056966520575405,0.0005825247814172594,0.4711521899871713,0.5288221433474799,2.5666665347890784e-05,0.999999999999999,9.992007221626409e-16,constant-generator matrix exponential Pade(13),2,dimensionless populations/per-encounter yields,dimensionless per encounter unless field name gives s^-1 or s,True,"Illustrative one-factor-at-a-time grid; bounds are not measured ranges or probability priors. Results are populations and per-encounter yields, not concentrations or biological fluxes. No encounter yield is converted to molarity, and no continuous biological ROS source is modeled.",ae188e2ba41fafda0a98499db6e2918fccc0fc4f,1afbda6f7c930e34dd90ab95767796d038c4429c4f4c40c50f3e68f50bf98a71,configs/doxorubicin_parameters.json,0b7d200aedee3aed703b810ad54927a2126d9ee0952f6ef87cf5ebb57992d345,configs/parameter_provenance.csv,86c4261fcb9616a643db79340fe0b7398ba10a5c46464e67e8b697bcfc3a4ec9
selectivity_doublet-manifold_mixture,doublet,doublet-manifold mixture PD/2,,0.9999999999999999,1000000.0,8.0,8e-06,0.0,0.0,0.1,100000.0,0.1,100000.0,1.0,1000000.0,1.0,1000000.0,0.1,100000.0,9.153975144719466e-07,1.2871320398033448e-05,1.3786717912505395e-05,0.4704293308930936,0.00537523195417265,0.47580456284726624,0.5241816504348203,1.3786717912505395e-05,0.9999999999999991,8.881784197001252e-16,constant-generator matrix exponential Pade(13),2,dimensionless populations/per-encounter yields,dimensionless per encounter unless field name gives s^-1 or s,True,"Illustrative one-factor-at-a-time grid; bounds are not measured ranges or probability priors. Results are populations and per-encounter yields, not concentrations or biological fluxes. No encounter yield is converted to molarity, and no continuous biological ROS source is modeled.",ae188e2ba41fafda0a98499db6e2918fccc0fc4f,1afbda6f7c930e34dd90ab95767796d038c4429c4f4c40c50f3e68f50bf98a71,configs/doxorubicin_parameters.json,0b7d200aedee3aed703b810ad54927a2126d9ee0952f6ef87cf5ebb57992d345,configs/parameter_provenance.csv,86c4261fcb9616a643db79340fe0b7398ba10a5c46464e67e8b697bcfc3a4ec9
selectivity_doublet-manifold_mixture,doublet,doublet-manifold mixture PD/2,,0.9999999999999999,1000000.0,8.0,8e-06,0.0,0.0,0.1,100000.0,0.1,100000.0,1.0,1000000.0,1.0,1000000.0,1.0,1000000.0,5.265869819157888e-08,5.987647652768067e-08,1.1253517471925958e-07,0.46969694405611884,0.03030299967629326,0.4999999437324121,0.4999999437324123,1.1253517471925958e-07,0.9999999999999991,8.881784197001252e-16,constant-generator matrix exponential Pade(13),2,dimensionless populations/per-encounter yields,dimensionless per encounter unless field name gives s^-1 or s,True,"Illustrative one-factor-at-a-time grid; bounds are not measured ranges or probability priors. Results are populations and per-encounter yields, not concentrations or biological fluxes. No encounter yield is converted to molarity, and no continuous biological ROS source is modeled.",ae188e2ba41fafda0a98499db6e2918fccc0fc4f,1afbda6f7c930e34dd90ab95767796d038c4429c4f4c40c50f3e68f50bf98a71,configs/doxorubicin_parameters.json,0b7d200aedee3aed703b810ad54927a2126d9ee0952f6ef87cf5ebb57992d345,configs/parameter_provenance.csv,86c4261fcb9616a643db79340fe0b7398ba10a5c46464e67e8b697bcfc3a4ec9
selectivity_doublet-manifold_mixture,doublet,doublet-manifold mixture PD/2,,0.9999999999999999,1000000.0,8.0,8e-06,0.0,0.0,0.1,100000.0,0.1,100000.0,1.0,1000000.0,1.0,1000000.0,10.0,10000000.0,3.903454918348312e-08,5.825403336070342e-10,3.9617089517090164e-08,0.4689265353663311,0.05649717240930968,0.5254237077756407,0.4745762526072621,3.9617089517090164e-08,0.9999999999999923,7.66053886991358e-15,constant-generator matrix exponential Pade(13),2,dimensionless populations/per-encounter yields,dimensionless per encounter unless field name gives s^-1 or s,True,"Illustrative one-factor-at-a-time grid; bounds are not measured ranges or probability priors. Results are populations and per-encounter yields, not concentrations or biological fluxes. No encounter yield is converted to molarity, and no continuous biological ROS source is modeled.",ae188e2ba41fafda0a98499db6e2918fccc0fc4f,1afbda6f7c930e34dd90ab95767796d038c4429c4f4c40c50f3e68f50bf98a71,configs/doxorubicin_parameters.json,0b7d200aedee3aed703b810ad54927a2126d9ee0952f6ef87cf5ebb57992d345,configs/parameter_provenance.csv,86c4261fcb9616a643db79340fe0b7398ba10a5c46464e67e8b697bcfc3a4ec9
selectivity_doublet-manifold_mixture,doublet,doublet-manifold mixture PD/2,,0.9999999999999999,1000000.0,8.0,8e-06,0.0,0.0,0.1,100000.0,0.1,100000.0,10.0,10000000.0,1.0,1000000.0,0.0,0.0,8.829335947351417e-38,1.3921983371891293e-36,1.4804916966626434e-36,0.08982748364068942,0.0,0.08982748364068942,0.9101725163593035,1.4804916966626434e-36,0.9999999999999929,7.105427357601002e-15,constant-generator matrix exponential Pade(13),2,dimensionless populations/per-encounter yields,dimensionless per encounter unless field name gives s^-1 or s,True,"Illustrative one-factor-at-a-time grid; bounds are not measured ranges or probability priors. Results are populations and per-encounter yields, not concentrations or biological fluxes. No encounter yield is converted to molarity, and no continuous biological ROS source is modeled.",ae188e2ba41fafda0a98499db6e2918fccc0fc4f,1afbda6f7c930e34dd90ab95767796d038c4429c4f4c40c50f3e68f50bf98a71,configs/doxorubicin_parameters.json,0b7d200aedee3aed703b810ad54927a2126d9ee0952f6ef87cf5ebb57992d345,configs/parameter_provenance.csv,86c4261fcb9616a643db79340fe0b7398ba10a5c46464e67e8b697bcfc3a4ec9
selectivity_doublet-manifold_mixture,doublet,doublet-manifold mixture PD/2,,0.9999999999999999,1000000.0,8.0,8e-06,0.0,0.0,0.1,100000.0,0.1,100000.0,10.0,10000000.0,1.0,1000000.0,0.01,10000.0,8.318326476448247e-38,1.2977311120216818e-36,1.3809143767861644e-36,0.08982747656997445,1.1885871858415269e-05,0.08983936244183287,0.9101606375581599,1.3809143767861644e-36,0.9999999999999928,7.216449660063518e-15,constant-generator matrix exponential Pade(13),2,dimensionless populations/per-encounter yields,dimensionless per encounter unless field name gives s^-1 or s,True,"Illustrative one-factor-at-a-time grid; bounds are not measured ranges or probability priors. Results are populations and per-encounter yields, not concentrations or biological fluxes. No encounter yield is converted to molarity, and no continuous biological ROS source is modeled.",ae188e2ba41fafda0a98499db6e2918fccc0fc4f,1afbda6f7c930e34dd90ab95767796d038c4429c4f4c40c50f3e68f50bf98a71,configs/doxorubicin_parameters.json,0b7d200aedee3aed703b810ad54927a2126d9ee0952f6ef87cf5ebb57992d345,configs/parameter_provenance.csv,86c4261fcb9616a643db79340fe0b7398ba10a5c46464e67e8b697bcfc3a4ec9
selectivity_doublet-manifold_mixture,doublet,doublet-manifold mixture PD/2,,0.9999999999999999,1000000.0,8.0,8e-06,0.0,0.0,0.1,100000.0,0.1,100000.0,10.0,10000000.0,1.0,1000000.0,0.1,100000.0,4.925009038279656e-38,6.925009986669721e-37,7.417510890497688e-37,0.08982741355952108,0.00011780644401248588,0.08994522000353357,0.9100547799964593,7.417510890497688e-37,0.9999999999999929,7.105427357601002e-15,constant-generator matrix exponential Pade(13),2,dimensionless populations/per-encounter yields,dimensionless per encounter unless field name gives s^-1 or s,True,"Illustrative one-factor-at-a-time grid; bounds are not measured ranges or probability priors. Results are populations and per-encounter yields, not concentrations or biological fluxes. No encounter yield is converted to molarity, and no continuous biological ROS source is modeled.",ae188e2ba41fafda0a98499db6e2918fccc0fc4f,1afbda6f7c930e34dd90ab95767796d038c4429c4f4c40c50f3e68f50bf98a71,configs/doxorubicin_parameters.json,0b7d200aedee3aed703b810ad54927a2126d9ee0952f6ef87cf5ebb57992d345,configs/parameter_provenance.csv,86c4261fcb9616a643db79340fe0b7398ba10a5c46464e67e8b697bcfc3a4ec9
selectivity_doublet-manifold_mixture,doublet,doublet-manifold mixture PD/2,,0.9999999999999999,1000000.0,8.0,8e-06,0.0,0.0,0.1,100000.0,0.1,100000.0,10.0,10000000.0,1.0,1000000.0,1.0,1000000.0,2.833135992150618e-39,3.221465903250533e-39,6.054601895401152e-39,0.08982683982683917,0.0010822510822510768,0.09090909090909025,0.9090909090909027,6.054601895401152e-39,0.999999999999993,6.994405055138486e-15,constant-generator matrix exponential Pade(13),2,dimensionless populations/per-encounter yields,dimensionless per encounter unless field name gives s^-1 or s,True,"Illustrative one-factor-at-a-time grid; bounds are not measured ranges or probability priors. Results are populations and per-encounter yields, not concentrations or biological fluxes. No encounter yield is converted to molarity, and no continuous biological ROS source is modeled.",ae188e2ba41fafda0a98499db6e2918fccc0fc4f,1afbda6f7c930e34dd90ab95767796d038c4429c4f4c40c50f3e68f50bf98a71,configs/doxorubicin_parameters.json,0b7d200aedee3aed703b810ad54927a2126d9ee0952f6ef87cf5ebb57992d345,configs/parameter_provenance.csv,86c4261fcb9616a643db79340fe0b7398ba10a5c46464e67e8b697bcfc3a4ec9
selectivity_doublet-manifold_mixture,doublet,doublet-manifold mixture PD/2,,0.9999999999999999,1000000.0,8.0,8e-06,0.0,0.0,0.1,100000.0,0.1,100000.0,10.0,10000000.0,1.0,1000000.0,10.0,10000000.0,2.1001314127964027e-39,3.1341754405266813e-41,2.1314731672016697e-39,0.08982393315428164,0.005968367651447204,0.09579230080572884,0.904207699194264,2.1314731672016697e-39,0.9999999999999929,7.105427357601002e-15,constant-generator matrix exponential Pade(13),2,dimensionless populations/per-encounter yields,dimensionless per encounter unless field name gives s^-1 or s,True,"Illustrative one-factor-at-a-time grid; bounds are not measured ranges or probability priors. Results are populations and per-encounter yields, not concentrations or biological fluxes. No encounter yield is converted to molarity, and no continuous biological ROS source is modeled.",ae188e2ba41fafda0a98499db6e2918fccc0fc4f,1afbda6f7c930e34dd90ab95767796d038c4429c4f4c40c50f3e68f50bf98a71,configs/doxorubicin_parameters.json,0b7d200aedee3aed703b810ad54927a2126d9ee0952f6ef87cf5ebb57992d345,configs/parameter_provenance.csv,86c4261fcb9616a643db79340fe0b7398ba10a5c46464e67e8b697bcfc3a4ec9
selectivity_doublet-manifold_mixture,doublet,doublet-manifold mixture PD/2,,0.9999999999999999,1000000.0,8.0,8e-06,1.0,1000000.0,0.1,100000.0,0.1,100000.0,0.1,100000.0,1.0,1000000.0,0.0,0.0,0.006403386274910365,0.036983423911621065,0.043386810186531434,0.7868795722269573,0.0,0.7868795722269573,0.1697336175865104,0.043386810186531434,0.9999999999999991,8.881784197001252e-16,constant-generator matrix exponential Pade(13),2,dimensionless populations/per-encounter yields,dimensionless per encounter unless field name gives s^-1 or s,True,"Illustrative one-factor-at-a-time grid; bounds are not measured ranges or probability priors. Results are populations and per-encounter yields, not concentrations or biological fluxes. No encounter yield is converted to molarity, and no continuous biological ROS source is modeled.",ae188e2ba41fafda0a98499db6e2918fccc0fc4f,1afbda6f7c930e34dd90ab95767796d038c4429c4f4c40c50f3e68f50bf98a71,configs/doxorubicin_parameters.json,0b7d200aedee3aed703b810ad54927a2126d9ee0952f6ef87cf5ebb57992d345,configs/parameter_provenance.csv,86c4261fcb9616a643db79340fe0b7398ba10a5c46464e67e8b697bcfc3a4ec9
selectivity_doublet-manifold_mixture,doublet,doublet-manifold mixture PD/2,,0.9999999999999999,1000000.0,8.0,8e-06,1.0,1000000.0,0.1,100000.0,0.1,100000.0,0.1,100000.0,1.0,1000000.0,0.01,10000.0,0.006030412340114658,0.034523286079995226,0.04055369842010988,0.7833064800322307,0.008891743049494182,0.7921982230817248,0.16724807849816492,0.04055369842010988,0.9999999999999997,3.3306690738754696e-16,constant-generator matrix exponential Pade(13),2,dimensionless populations/per-encounter yields,dimensionless per encounter unless field name gives s^-1 or s,True,"Illustrative one-factor-at-a-time grid; bounds are not measured ranges or probability priors. Results are populations and per-encounter yields, not concentrations or biological fluxes. No encounter yield is converted to molarity, and no continuous biological ROS source is modeled.",ae188e2ba41fafda0a98499db6e2918fccc0fc4f,1afbda6f7c930e34dd90ab95767796d038c4429c4f4c40c50f3e68f50bf98a71,configs/doxorubicin_parameters.json,0b7d200aedee3aed703b810ad54927a2126d9ee0952f6ef87cf5ebb57992d345,configs/parameter_provenance.csv,86c4261fcb9616a643db79340fe0b7398ba10a5c46464e67e8b697bcfc3a4ec9
selectivity_doublet-manifold_mixture,doublet,doublet-manifold mixture PD/2,,0.9999999999999999,1000000.0,8.0,8e-06,1.0,1000000.0,0.1,100000.0,0.1,100000.0,0.1,100000.0,1.0,1000000.0,0.1,100000.0,0.0035435668521032054,0.018691365998289463,0.02223493285039267,0.756381465296543,0.07287272766170454,0.8292541929582475,0.14851087419135883,0.02223493285039267,0.999999999999999,9.992007221626409e-16,constant-generator matrix exponential Pade(13),2,dimensionless populations/per-encounter yields,dimensionless per encounter unless field name gives s^-1 or s,True,"Illustrative one-factor-at-a-time grid; bounds are not measured ranges or probability priors. Results are populations and per-encounter yields, not concentrations or biological fluxes. No encounter yield is converted to molarity, and no continuous biological ROS source is modeled.",ae188e2ba41fafda0a98499db6e2918fccc0fc4f,1afbda6f7c930e34dd90ab95767796d038c4429c4f4c40c50f3e68f50bf98a71,configs/doxorubicin_parameters.json,0b7d200aedee3aed703b810ad54927a2126d9ee0952f6ef87cf5ebb57992d345,configs/parameter_provenance.csv,86c4261fcb9616a643db79340fe0b7398ba10a5c46464e67e8b697bcfc3a4ec9
selectivity_doublet-manifold_mixture,doublet,doublet-manifold mixture PD/2,,0.9999999999999999,1000000.0,8.0,8e-06,1.0,1000000.0,0.1,100000.0,0.1,100000.0,0.1,100000.0,1.0,1000000.0,1.0,1000000.0,5.503916467520286e-05,9.569391042027364e-05,0.0001507330750954765,0.688712798771082,0.22024108025155767,0.9089538790226397,0.09089538790226395,0.0001507330750954765,0.9999999999999991,8.881784197001252e-16,constant-generator matrix exponential Pade(13),2,dimensionless populations/per-encounter yields,dimensionless per encounter unless field name gives s^-1 or s,True,"Illustrative one-factor-at-a-time grid; bounds are not measured ranges or probability priors. Results are populations and per-encounter yields, not concentrations or biological fluxes. No encounter yield is converted to molarity, and no continuous biological ROS source is modeled.",ae188e2ba41fafda0a98499db6e2918fccc0fc4f,1afbda6f7c930e34dd90ab95767796d038c4429c4f4c40c50f3e68f50bf98a71,configs/doxorubicin_parameters.json,0b7d200aedee3aed703b810ad54927a2126d9ee0952f6ef87cf5ebb57992d345,configs/parameter_provenance.csv,86c4261fcb9616a643db79340fe0b7398ba10a5c46464e67e8b697bcfc3a4ec9
selectivity_doublet-manifold_mixture,doublet,doublet-manifold mixture PD/2,,0.9999999999999999,1000000.0,8.0,8e-06,1.0,1000000.0,0.1,100000.0,0.1,100000.0,0.1,100000.0,1.0,1000000.0,10.0,10000000.0,2.4714965531485555e-05,6.441879569868195e-07,2.535915348847238e-05,0.7649291498692089,0.1569827485053229,0.9219118983745318,0.07806274247197412,2.535915348847238e-05,0.9999999999999943,5.662137425588298e-15,constant-generator matrix exponential Pade(13),2,dimensionless populations/per-encounter yields,dimensionless per encounter unless field name gives s^-1 or s,True,"Illustrative one-factor-at-a-time grid; bounds are not measured ranges or probability priors. Results are populations and per-encounter yields, not concentrations or biological fluxes. No encounter yield is converted to molarity, and no continuous biological ROS source is modeled.",ae188e2ba41fafda0a98499db6e2918fccc0fc4f,1afbda6f7c930e34dd90ab95767796d038c4429c4f4c40c50f3e68f50bf98a71,configs/doxorubicin_parameters.json,0b7d200aedee3aed703b810ad54927a2126d9ee0952f6ef87cf5ebb57992d345,configs/parameter_provenance.csv,86c4261fcb9616a643db79340fe0b7398ba10a5c46464e67e8b697bcfc3a4ec9
selectivity_doublet-manifold_mixture,doublet,doublet-manifold mixture PD/2,,0.9999999999999999,1000000.0,8.0,8e-06,1.0,1000000.0,0.1,100000.0,0.1,100000.0,1.0,1000000.0,1.0,1000000.0,0.0,0.0,4.7806773184021e-06,2.7611299437595074e-05,3.239197675599718e-05,0.43365245662546803,0.0,0.43365245662546803,0.5663151513977751,3.239197675599718e-05,0.9999999999999991,8.881784197001252e-16,constant-generator matrix exponential Pade(13),2,dimensionless populations/per-encounter yields,dimensionless per encounter unless field name gives s^-1 or s,True,"Illustrative one-factor-at-a-time grid; bounds are not measured ranges or probability priors. Results are populations and per-encounter yields, not concentrations or biological fluxes. No encounter yield is converted to molarity, and no continuous biological ROS source is modeled.",ae188e2ba41fafda0a98499db6e2918fccc0fc4f,1afbda6f7c930e34dd90ab95767796d038c4429c4f4c40c50f3e68f50bf98a71,configs/doxorubicin_parameters.json,0b7d200aedee3aed703b810ad54927a2126d9ee0952f6ef87cf5ebb57992d345,configs/parameter_provenance.csv,86c4261fcb9616a643db79340fe0b7398ba10a5c46464e67e8b697bcfc3a4ec9
selectivity_doublet-manifold_mixture,doublet,doublet-manifold mixture PD/2,,0.9999999999999999,1000000.0,8.0,8e-06,1.0,1000000.0,0.1,100000.0,0.1,100000.0,1.0,1000000.0,1.0,1000000.0,0.01,10000.0,4.502220271789199e-06,2.577459544585257e-05,3.027681571764177e-05,0.43361745421811493,0.0013142060866143722,0.4349316603047293,0.5650380628795523,3.027681571764177e-05,0.9999999999999992,7.771561172376096e-16,constant-generator matrix exponential Pade(13),2,dimensionless populations/per-encounter yields,dimensionless per encounter unless field name gives s^-1 or s,True,"Illustrative one-factor-at-a-time grid; bounds are not measured ranges or probability priors. Results are populations and per-encounter yields, not concentrations or biological fluxes. No encounter yield is converted to molarity, and no continuous biological ROS source is modeled.",ae188e2ba41fafda0a98499db6e2918fccc0fc4f,1afbda6f7c930e34dd90ab95767796d038c4429c4f4c40c50f3e68f50bf98a71,configs/doxorubicin_parameters.json,0b7d200aedee3aed703b810ad54927a2126d9ee0952f6ef87cf5ebb57992d345,configs/parameter_provenance.csv,86c4261fcb9616a643db79340fe0b7398ba10a5c46464e67e8b697bcfc3a4ec9
selectivity_doublet-manifold_mixture,doublet,doublet-manifold mixture PD/2,,0.9999999999999999,1000000.0,8.0,8e-06,1.0,1000000.0,0.1,100000.0,0.1,100000.0,1.0,1000000.0,1.0,1000000.0,0.1,100000.0,2.6455767228142796e-06,1.3954708593497345e-05,1.6600285316311623e-05,0.4333861334320349,0.012110102986419376,0.4454962364184543,0.5544871632962286,1.6600285316311623e-05,0.9999999999999993,6.661338147750939e-16,constant-generator matrix exponential Pade(13),2,dimensionless populations/per-encounter yields,dimensionless per encounter unless field name gives s^-1 or s,True,"Illustrative one-factor-at-a-time grid; bounds are not measured ranges or probability priors. Results are populations and per-encounter yields, not concentrations or biological fluxes. No encounter yield is converted to molarity, and no continuous biological ROS source is modeled.",ae188e2ba41fafda0a98499db6e2918fccc0fc4f,1afbda6f7c930e34dd90ab95767796d038c4429c4f4c40c50f3e68f50bf98a71,configs/doxorubicin_parameters.json,0b7d200aedee3aed703b810ad54927a2126d9ee0952f6ef87cf5ebb57992d345,configs/parameter_provenance.csv,86c4261fcb9616a643db79340fe0b7398ba10a5c46464e67e8b697bcfc3a4ec9
selectivity_doublet-manifold_mixture,doublet,doublet-manifold mixture PD/2,,0.9999999999999999,1000000.0,8.0,8e-06,1.0,1000000.0,0.1,100000.0,0.1,100000.0,1.0,1000000.0,1.0,1000000.0,1.0,1000000.0,4.1091459251413584e-08,7.144371546784569e-08,1.1253517471925926e-07,0.43510445056437846,0.06489549316803334,0.4999999437324118,0.49999994373241186,1.1253517471925926e-07,0.9999999999999984,1.5543122344752192e-15,constant-generator matrix exponential Pade(13),2,dimensionless populations/per-encounter yields,dimensionless per encounter unless field name gives s^-1 or s,True,"Illustrative one-factor-at-a-time grid; bounds are not measured ranges or probability priors. Results are populations and per-encounter yields, not concentrations or biological fluxes. No encounter yield is converted to molarity, and no continuous biological ROS source is modeled.",ae188e2ba41fafda0a98499db6e2918fccc0fc4f,1afbda6f7c930e34dd90ab95767796d038c4429c4f4c40c50f3e68f50bf98a71,configs/doxorubicin_parameters.json,0b7d200aedee3aed703b810ad54927a2126d9ee0952f6ef87cf5ebb57992d345,configs/parameter_provenance.csv,86c4261fcb9616a643db79340fe0b7398ba10a5c46464e67e8b697bcfc3a4ec9
selectivity_doublet-manifold_mixture,doublet,doublet-manifold mixture PD/2,,0.9999999999999999,1000000.0,8.0,8e-06,1.0,1000000.0,0.1,100000.0,0.1,100000.0,1.0,1000000.0,1.0,1000000.0,10.0,10000000.0,1.845184252032569e-08,4.809415866135139e-10,1.8932784106939205e-08,0.4550583273746658,0.08171211483443347,0.5367704422090993,0.4632295388581093,1.8932784106939205e-08,0.9999999999999928,7.216449660063518e-15,constant-generator matrix exponential Pade(13),2,dimensionless populations/per-encounter yields,dimensionless per encounter unless field name gives s^-1 or s,True,"Illustrative one-factor-at-a-time grid; bounds are not measured ranges or probability priors. Results are populations and per-encounter yields, not concentrations or biological fluxes. No encounter yield is converted to molarity, and no continuous biological ROS source is modeled.",ae188e2ba41fafda0a98499db6e2918fccc0fc4f,1afbda6f7c930e34dd90ab95767796d038c4429c4f4c40c50f3e68f50bf98a71,configs/doxorubicin_parameters.json,0b7d200aedee3aed703b810ad54927a2126d9ee0952f6ef87cf5ebb57992d345,configs/parameter_provenance.csv,86c4261fcb9616a643db79340fe0b7398ba10a5c46464e67e8b697bcfc3a4ec9
selectivity_doublet-manifold_mixture,doublet,doublet-manifold mixture PD/2,,0.9999999999999999,1000000.0,8.0,8e-06,1.0,1000000.0,0.1,100000.0,0.1,100000.0,10.0,10000000.0,1.0,1000000.0,0.0,0.0,2.5720933943994412e-37,1.4855393109435083e-36,1.7427486503834526e-36,0.08949961750071751,0.0,0.08949961750071751,0.9105003824992755,1.7427486503834526e-36,0.999999999999993,6.994405055138486e-15,constant-generator matrix exponential Pade(13),2,dimensionless populations/per-encounter yields,dimensionless per encounter unless field name gives s^-1 or s,True,"Illustrative one-factor-at-a-time grid; bounds are not measured ranges or probability priors. Results are populations and per-encounter yields, not concentrations or biological fluxes. No encounter yield is converted to molarity, and no continuous biological ROS source is modeled.",ae188e2ba41fafda0a98499db6e2918fccc0fc4f,1afbda6f7c930e34dd90ab95767796d038c4429c4f4c40c50f3e68f50bf98a71,configs/doxorubicin_parameters.json,0b7d200aedee3aed703b810ad54927a2126d9ee0952f6ef87cf5ebb57992d345,configs/parameter_provenance.csv,86c4261fcb9616a643db79340fe0b7398ba10a5c46464e67e8b697bcfc3a4ec9
selectivity_doublet-manifold_mixture,doublet,doublet-manifold mixture PD/2,,0.9999999999999999,1000000.0,8.0,8e-06,1.0,1000000.0,0.1,100000.0,0.1,100000.0,10.0,10000000.0,1.0,1000000.0,0.01,10000.0,2.4222783195646157e-37,1.3867212169791639e-36,1.6289490489356254e-36,0.089499756510483,1.5487191193486196e-05,0.08951524370167649,0.9104847562983162,1.6289490489356254e-36,0.9999999999999927,7.327471962526033e-15,constant-generator matrix exponential Pade(13),2,dimensionless populations/per-encounter yields,dimensionless per encounter unless field name gives s^-1 or s,True,"Illustrative one-factor-at-a-time grid; bounds are not measured ranges or probability priors. Results are populations and per-encounter yields, not concentrations or biological fluxes. No encounter yield is converted to molarity, and no continuous biological ROS source is modeled.",ae188e2ba41fafda0a98499db6e2918fccc0fc4f,1afbda6f7c930e34dd90ab95767796d038c4429c4f4c40c50f3e68f50bf98a71,configs/doxorubicin_parameters.json,0b7d200aedee3aed703b810ad54927a2126d9ee0952f6ef87cf5ebb57992d345,configs/parameter_provenance.csv,86c4261fcb9616a643db79340fe0b7398ba10a5c46464e67e8b697bcfc3a4ec9
selectivity_doublet-manifold_mixture,doublet,doublet-manifold mixture PD/2,,0.9999999999999999,1000000.0,8.0,8e-06,1.0,1000000.0,0.1,100000.0,0.1,100000.0,10.0,10000000.0,1.0,1000000.0,0.1,100000.0,1.4233695269359275e-37,7.507893004186152e-37,8.93126253112208e-37,0.08950100271529843,0.0001533561399179222,0.08965435885521635,0.9103456411447765,8.93126253112208e-37,0.9999999999999928,7.216449660063518e-15,constant-generator matrix exponential Pade(13),2,dimensionless populations/per-encounter yields,dimensionless per encounter unless field name gives s^-1 or s,True,"Illustrative one-factor-at-a-time grid; bounds are not measured ranges or probability priors. Results are populations and per-encounter yields, not concentrations or biological fluxes. No encounter yield is converted to molarity, and no continuous biological ROS source is modeled.",ae188e2ba41fafda0a98499db6e2918fccc0fc4f,1afbda6f7c930e34dd90ab95767796d038c4429c4f4c40c50f3e68f50bf98a71,configs/doxorubicin_parameters.json,0b7d200aedee3aed703b810ad54927a2126d9ee0952f6ef87cf5ebb57992d345,configs/parameter_provenance.csv,86c4261fcb9616a643db79340fe0b7398ba10a5c46464e67e8b697bcfc3a4ec9
selectivity_doublet-manifold_mixture,doublet,doublet-manifold mixture PD/2,,0.9999999999999999,1000000.0,8.0,8e-06,1.0,1000000.0,0.1,100000.0,0.1,100000.0,10.0,10000000.0,1.0,1000000.0,1.0,1000000.0,2.2107970035952702e-39,3.843804891805879e-39,6.054601895401149e-39,0.08951299500176377,0.0013960959073265056,0.09090909090909027,0.9090909090909025,6.054601895401149e-39,0.9999999999999928,7.216449660063518e-15,constant-generator matrix exponential Pade(13),2,dimensionless populations/per-encounter yields,dimensionless per encounter unless field name gives s^-1 or s,True,"Illustrative one-factor-at-a-time grid; bounds are not measured ranges or probability priors. Results are populations and per-encounter yields, not concentrations or biological fluxes. No encounter yield is converted to molarity, and no continuous biological ROS source is modeled.",ae188e2ba41fafda0a98499db6e2918fccc0fc4f,1afbda6f7c930e34dd90ab95767796d038c4429c4f4c40c50f3e68f50bf98a71,configs/doxorubicin_parameters.json,0b7d200aedee3aed703b810ad54927a2126d9ee0952f6ef87cf5ebb57992d345,configs/parameter_provenance.csv,86c4261fcb9616a643db79340fe0b7398ba10a5c46464e67e8b697bcfc3a4ec9
selectivity_doublet-manifold_mixture,doublet,doublet-manifold mixture PD/2,,0.9999999999999999,1000000.0,8.0,8e-06,1.0,1000000.0,0.1,100000.0,0.1,100000.0,10.0,10000000.0,1.0,1000000.0,10.0,10000000.0,9.927434775474727e-40,2.5875552680767084e-41,1.01861903022824e-39,0.08959803521268475,0.007210806330230246,0.096808841542915,0.9031911584570778,1.01861903022824e-39,0.9999999999999928,7.216449660063518e-15,constant-generator matrix exponential Pade(13),2,dimensionless populations/per-encounter yields,dimensionless per encounter unless field name gives s^-1 or s,True,"Illustrative one-factor-at-a-time grid; bounds are not measured ranges or probability priors. Results are populations and per-encounter yields, not concentrations or biological fluxes. No encounter yield is converted to molarity, and no continuous biological ROS source is modeled.",ae188e2ba41fafda0a98499db6e2918fccc0fc4f,1afbda6f7c930e34dd90ab95767796d038c4429c4f4c40c50f3e68f50bf98a71,configs/doxorubicin_parameters.json,0b7d200aedee3aed703b810ad54927a2126d9ee0952f6ef87cf5ebb57992d345,configs/parameter_provenance.csv,86c4261fcb9616a643db79340fe0b7398ba10a5c46464e67e8b697bcfc3a4ec9
selectivity_doublet-manifold_mixture,doublet,doublet-manifold mixture PD/2,,0.9999999999999999,1000000.0,8.0,8e-06,10.0,10000000.0,0.1,100000.0,0.1,100000.0,0.1,100000.0,1.0,1000000.0,0.0,0.0,0.005851024332337465,0.033390386410434195,0.03924141074277166,0.7759591531764003,0.0,0.7759591531764003,0.1847994360808259,0.03924141074277166,0.9999999999999979,2.1094237467877974e-15,constant-generator matrix exponential Pade(13),2,dimensionless populations/per-encounter yields,dimensionless per encounter unless field name gives s^-1 or s,True,"Illustrative one-factor-at-a-time grid; bounds are not measured ranges or probability priors. Results are populations and per-encounter yields, not concentrations or biological fluxes. No encounter yield is converted to molarity, and no continuous biological ROS source is modeled.",ae188e2ba41fafda0a98499db6e2918fccc0fc4f,1afbda6f7c930e34dd90ab95767796d038c4429c4f4c40c50f3e68f50bf98a71,configs/doxorubicin_parameters.json,0b7d200aedee3aed703b810ad54927a2126d9ee0952f6ef87cf5ebb57992d345,configs/parameter_provenance.csv,86c4261fcb9616a643db79340fe0b7398ba10a5c46464e67e8b697bcfc3a4ec9
selectivity_doublet-manifold_mixture,doublet,doublet-manifold mixture PD/2,,0.9999999999999999,1000000.0,8.0,8e-06,10.0,10000000.0,0.1,100000.0,0.1,100000.0,0.1,100000.0,1.0,1000000.0,0.01,10000.0,0.005534117734873896,0.031233954249305352,0.03676807198417925,0.7702553544346582,0.010541003467063065,0.7807963579017213,0.18243557011409647,0.03676807198417925,0.9999999999999971,2.886579864025407e-15,constant-generator matrix exponential Pade(13),2,dimensionless populations/per-encounter yields,dimensionless per encounter unless field name gives s^-1 or s,True,"Illustrative one-factor-at-a-time grid; bounds are not measured ranges or probability priors. Results are populations and per-encounter yields, not concentrations or biological fluxes. No encounter yield is converted to molarity, and no continuous biological ROS source is modeled.",ae188e2ba41fafda0a98499db6e2918fccc0fc4f,1afbda6f7c930e34dd90ab95767796d038c4429c4f4c40c50f3e68f50bf98a71,configs/doxorubicin_parameters.json,0b7d200aedee3aed703b810ad54927a2126d9ee0952f6ef87cf5ebb57992d345,configs/parameter_provenance.csv,86c4261fcb9616a643db79340fe0b7398ba10a5c46464e67e8b697bcfc3a4ec9
selectivity_doublet-manifold_mixture,doublet,doublet-manifold mixture PD/2,,0.9999999999999999,1000000.0,8.0,8e-06,10.0,10000000.0,0.1,100000.0,0.1,100000.0,0.1,100000.0,1.0,1000000.0,0.1,100000.0,0.0033792008461180994,0.017221421776409198,0.020600622622527296,0.7236277879081493,0.09170440533925295,0.8153321932474022,0.16406718413006782,0.020600622622527296,0.9999999999999973,2.6645352591003757e-15,constant-generator matrix exponential Pade(13),2,dimensionless populations/per-encounter yields,dimensionless per encounter unless field name gives s^-1 or s,True,"Illustrative one-factor-at-a-time grid; bounds are not measured ranges or probability priors. Results are populations and per-encounter yields, not concentrations or biological fluxes. No encounter yield is converted to molarity, and no continuous biological ROS source is modeled.",ae188e2ba41fafda0a98499db6e2918fccc0fc4f,1afbda6f7c930e34dd90ab95767796d038c4429c4f4c40c50f3e68f50bf98a71,configs/doxorubicin_parameters.json,0b7d200aedee3aed703b810ad54927a2126d9ee0952f6ef87cf5ebb57992d345,configs/parameter_provenance.csv,86c4261fcb9616a643db79340fe0b7398ba10a5c46464e67e8b697bcfc3a4ec9
selectivity_doublet-manifold_mixture,doublet,doublet-manifold mixture PD/2,,0.9999999999999999,1000000.0,8.0,8e-06,10.0,10000000.0,0.1,100000.0,0.1,100000.0,0.1,100000.0,1.0,1000000.0,1.0,1000000.0,5.551408440148108e-05,9.5218990693995e-05,0.00015073307509547607,0.47960004838599757,0.4293538306366395,0.908953879022637,0.09089538790226373,0.00015073307509547607,0.9999999999999962,3.774758283725532e-15,constant-generator matrix exponential Pade(13),2,dimensionless populations/per-encounter yields,dimensionless per encounter unless field name gives s^-1 or s,True,"Illustrative one-factor-at-a-time grid; bounds are not measured ranges or probability priors. Results are populations and per-encounter yields, not concentrations or biological fluxes. No encounter yield is converted to molarity, and no continuous biological ROS source is modeled.",ae188e2ba41fafda0a98499db6e2918fccc0fc4f,1afbda6f7c930e34dd90ab95767796d038c4429c4f4c40c50f3e68f50bf98a71,configs/doxorubicin_parameters.json,0b7d200aedee3aed703b810ad54927a2126d9ee0952f6ef87cf5ebb57992d345,configs/parameter_provenance.csv,86c4261fcb9616a643db79340fe0b7398ba10a5c46464e67e8b697bcfc3a4ec9
selectivity_doublet-manifold_mixture,doublet,doublet-manifold mixture PD/2,,0.9999999999999999,1000000.0,8.0,8e-06,10.0,10000000.0,0.1,100000.0,0.1,100000.0,0.1,100000.0,1.0,1000000.0,10.0,10000000.0,3.955874851222145e-15,1.9568058021015258e-15,5.9126806533236725e-15,0.20529180008236467,0.7665138810984018,0.9718056811807665,0.028194318819220476,5.9126806533236725e-15,0.9999999999999929,7.105427357601002e-15,constant-generator matrix exponential Pade(13),2,dimensionless populations/per-encounter yields,dimensionless per encounter unless field name gives s^-1 or s,True,"Illustrative one-factor-at-a-time grid; bounds are not measured ranges or probability priors. Results are populations and per-encounter yields, not concentrations or biological fluxes. No encounter yield is converted to molarity, and no continuous biological ROS source is modeled.",ae188e2ba41fafda0a98499db6e2918fccc0fc4f,1afbda6f7c930e34dd90ab95767796d038c4429c4f4c40c50f3e68f50bf98a71,configs/doxorubicin_parameters.json,0b7d200aedee3aed703b810ad54927a2126d9ee0952f6ef87cf5ebb57992d345,configs/parameter_provenance.csv,86c4261fcb9616a643db79340fe0b7398ba10a5c46464e67e8b697bcfc3a4ec9
selectivity_doublet-manifold_mixture,doublet,doublet-manifold mixture PD/2,,0.9999999999999999,1000000.0,8.0,8e-06,10.0,10000000.0,0.1,100000.0,0.1,100000.0,1.0,1000000.0,1.0,1000000.0,0.0,0.0,4.368291730989768e-06,2.492878863024366e-05,2.9297080361233433e-05,0.3393738211576263,0.0,0.3393738211576263,0.6605968817620093,2.9297080361233433e-05,0.9999999999999969,3.1086244689504383e-15,constant-generator matrix exponential Pade(13),2,dimensionless populations/per-encounter yields,dimensionless per encounter unless field name gives s^-1 or s,True,"Illustrative one-factor-at-a-time grid; bounds are not measured ranges or probability priors. Results are populations and per-encounter yields, not concentrations or biological fluxes. No encounter yield is converted to molarity, and no continuous biological ROS source is modeled.",ae188e2ba41fafda0a98499db6e2918fccc0fc4f,1afbda6f7c930e34dd90ab95767796d038c4429c4f4c40c50f3e68f50bf98a71,configs/doxorubicin_parameters.json,0b7d200aedee3aed703b810ad54927a2126d9ee0952f6ef87cf5ebb57992d345,configs/parameter_provenance.csv,86c4261fcb9616a643db79340fe0b7398ba10a5c46464e67e8b697bcfc3a4ec9
selectivity_doublet-manifold_mixture,doublet,doublet-manifold mixture PD/2,,0.9999999999999999,1000000.0,8.0,8e-06,10.0,10000000.0,0.1,100000.0,0.1,100000.0,1.0,1000000.0,1.0,1000000.0,0.01,10000.0,4.1316937627425275e-06,2.3318826982017838e-05,2.7450520744760362e-05,0.3385292419086229,0.003197168966950556,0.3417264108755734,0.6582461386036786,2.7450520744760362e-05,0.9999999999999968,3.219646771412954e-15,constant-generator matrix exponential Pade(13),2,dimensionless populations/per-encounter yields,dimensionless per encounter unless field name gives s^-1 or s,True,"Illustrative one-factor-at-a-time grid; bounds are not measured ranges or probability priors. Results are populations and per-encounter yields, not concentrations or biological fluxes. No encounter yield is converted to molarity, and no continuous biological ROS source is modeled.",ae188e2ba41fafda0a98499db6e2918fccc0fc4f,1afbda6f7c930e34dd90ab95767796d038c4429c4f4c40c50f3e68f50bf98a71,configs/doxorubicin_parameters.json,0b7d200aedee3aed703b810ad54927a2126d9ee0952f6ef87cf5ebb57992d345,configs/parameter_provenance.csv,86c4261fcb9616a643db79340fe0b7398ba10a5c46464e67e8b697bcfc3a4ec9
selectivity_doublet-manifold_mixture,doublet,doublet-manifold mixture PD/2,,0.9999999999999999,1000000.0,8.0,8e-06,10.0,10000000.0,0.1,100000.0,0.1,100000.0,1.0,1000000.0,1.0,1000000.0,0.1,100000.0,2.5228633953662366e-06,1.2857269098336193e-05,1.538013249370243e-05,0.33119673325092647,0.030690104851422706,0.3618868381023492,0.6380977817651536,1.538013249370243e-05,0.9999999999999966,3.4416913763379853e-15,constant-generator matrix exponential Pade(13),2,dimensionless populations/per-encounter yields,dimensionless per encounter unless field name gives s^-1 or s,True,"Illustrative one-factor-at-a-time grid; bounds are not measured ranges or probability priors. Results are populations and per-encounter yields, not concentrations or biological fluxes. No encounter yield is converted to molarity, and no continuous biological ROS source is modeled.",ae188e2ba41fafda0a98499db6e2918fccc0fc4f,1afbda6f7c930e34dd90ab95767796d038c4429c4f4c40c50f3e68f50bf98a71,configs/doxorubicin_parameters.json,0b7d200aedee3aed703b810ad54927a2126d9ee0952f6ef87cf5ebb57992d345,configs/parameter_provenance.csv,86c4261fcb9616a643db79340fe0b7398ba10a5c46464e67e8b697bcfc3a4ec9
selectivity_doublet-manifold_mixture,doublet,doublet-manifold mixture PD/2,,0.9999999999999999,1000000.0,8.0,8e-06,10.0,10000000.0,0.1,100000.0,0.1,100000.0,1.0,1000000.0,1.0,1000000.0,1.0,1000000.0,4.144602757917133e-08,7.108914714008838e-08,1.1253517471925971e-07,0.2770031266322742,0.2229968171001369,0.49999994373241113,0.4999999437324112,1.1253517471925971e-07,0.9999999999999971,2.886579864025407e-15,constant-generator matrix exponential Pade(13),2,dimensionless populations/per-encounter yields,dimensionless per encounter unless field name gives s^-1 or s,True,"Illustrative one-factor-at-a-time grid; bounds are not measured ranges or probability priors. Results are populations and per-encounter yields, not concentrations or biological fluxes. No encounter yield is converted to molarity, and no continuous biological ROS source is modeled.",ae188e2ba41fafda0a98499db6e2918fccc0fc4f,1afbda6f7c930e34dd90ab95767796d038c4429c4f4c40c50f3e68f50bf98a71,configs/doxorubicin_parameters.json,0b7d200aedee3aed703b810ad54927a2126d9ee0952f6ef87cf5ebb57992d345,configs/parameter_provenance.csv,86c4261fcb9616a643db79340fe0b7398ba10a5c46464e67e8b697bcfc3a4ec9
selectivity_doublet-manifold_mixture,doublet,doublet-manifold mixture PD/2,,0.9999999999999999,1000000.0,8.0,8e-06,10.0,10000000.0,0.1,100000.0,0.1,100000.0,1.0,1000000.0,1.0,1000000.0,10.0,10000000.0,2.9534000236366478e-18,1.4609234415981385e-18,4.4143234652347864e-18,0.17578874452754434,0.5894750099499131,0.7652637544774574,0.2347362455225357,4.4143234652347864e-18,0.9999999999999931,6.8833827526759706e-15,constant-generator matrix exponential Pade(13),2,dimensionless populations/per-encounter yields,dimensionless per encounter unless field name gives s^-1 or s,True,"Illustrative one-factor-at-a-time grid; bounds are not measured ranges or probability priors. Results are populations and per-encounter yields, not concentrations or biological fluxes. No encounter yield is converted to molarity, and no continuous biological ROS source is modeled.",ae188e2ba41fafda0a98499db6e2918fccc0fc4f,1afbda6f7c930e34dd90ab95767796d038c4429c4f4c40c50f3e68f50bf98a71,configs/doxorubicin_parameters.json,0b7d200aedee3aed703b810ad54927a2126d9ee0952f6ef87cf5ebb57992d345,configs/parameter_provenance.csv,86c4261fcb9616a643db79340fe0b7398ba10a5c46464e67e8b697bcfc3a4ec9
selectivity_doublet-manifold_mixture,doublet,doublet-manifold mixture PD/2,,0.9999999999999999,1000000.0,8.0,8e-06,10.0,10000000.0,0.1,100000.0,0.1,100000.0,10.0,10000000.0,1.0,1000000.0,0.0,0.0,2.350222271400636e-37,1.3412152357453104e-36,1.576237462885374e-36,0.07218974350545723,0.0,0.07218974350545723,0.9278102564945361,1.576237462885374e-36,0.9999999999999933,6.661338147750939e-15,constant-generator matrix exponential Pade(13),2,dimensionless populations/per-encounter yields,dimensionless per encounter unless field name gives s^-1 or s,True,"Illustrative one-factor-at-a-time grid; bounds are not measured ranges or probability priors. Results are populations and per-encounter yields, not concentrations or biological fluxes. No encounter yield is converted to molarity, and no continuous biological ROS source is modeled.",ae188e2ba41fafda0a98499db6e2918fccc0fc4f,1afbda6f7c930e34dd90ab95767796d038c4429c4f4c40c50f3e68f50bf98a71,configs/doxorubicin_parameters.json,0b7d200aedee3aed703b810ad54927a2126d9ee0952f6ef87cf5ebb57992d345,configs/parameter_provenance.csv,86c4261fcb9616a643db79340fe0b7398ba10a5c46464e67e8b697bcfc3a4ec9
selectivity_doublet-manifold_mixture,doublet,doublet-manifold mixture PD/2,,0.9999999999999999,1000000.0,8.0,8e-06,10.0,10000000.0,0.1,100000.0,0.1,100000.0,10.0,10000000.0,1.0,1000000.0,0.01,10000.0,2.222928159975208e-37,1.2545963019657538e-36,1.4768891179632746e-36,0.07218971909424982,0.00020570738258066378,0.07239542647683048,0.9276045735231621,1.4768891179632746e-36,0.9999999999999926,7.438494264988549e-15,constant-generator matrix exponential Pade(13),2,dimensionless populations/per-encounter yields,dimensionless per encounter unless field name gives s^-1 or s,True,"Illustrative one-factor-at-a-time grid; bounds are not measured ranges or probability priors. Results are populations and per-encounter yields, not concentrations or biological fluxes. No encounter yield is converted to molarity, and no continuous biological ROS source is modeled.",ae188e2ba41fafda0a98499db6e2918fccc0fc4f,1afbda6f7c930e34dd90ab95767796d038c4429c4f4c40c50f3e68f50bf98a71,configs/doxorubicin_parameters.json,0b7d200aedee3aed703b810ad54927a2126d9ee0952f6ef87cf5ebb57992d345,configs/parameter_provenance.csv,86c4261fcb9616a643db79340fe0b7398ba10a5c46464e67e8b697bcfc3a4ec9
selectivity_doublet-manifold_mixture,doublet,doublet-manifold mixture PD/2,,0.9999999999999999,1000000.0,8.0,8e-06,10.0,10000000.0,0.1,100000.0,0.1,100000.0,10.0,10000000.0,1.0,1000000.0,0.1,100000.0,1.357347472337344e-37,6.917450125853627e-37,8.274797598190971e-37,0.07218986835609129,0.0020387272087424627,0.07422859556483374,0.9257714044351595,8.274797598190971e-37,0.9999999999999932,6.772360450213455e-15,constant-generator matrix exponential Pade(13),2,dimensionless populations/per-encounter yields,dimensionless per encounter unless field name gives s^-1 or s,True,"Illustrative one-factor-at-a-time grid; bounds are not measured ranges or probability priors. Results are populations and per-encounter yields, not concentrations or biological fluxes. No encounter yield is converted to molarity, and no continuous biological ROS source is modeled.",ae188e2ba41fafda0a98499db6e2918fccc0fc4f,1afbda6f7c930e34dd90ab95767796d038c4429c4f4c40c50f3e68f50bf98a71,configs/doxorubicin_parameters.json,0b7d200aedee3aed703b810ad54927a2126d9ee0952f6ef87cf5ebb57992d345,configs/parameter_provenance.csv,86c4261fcb9616a643db79340fe0b7398ba10a5c46464e67e8b697bcfc3a4ec9
selectivity_doublet-manifold_mixture,doublet,doublet-manifold mixture PD/2,,0.9999999999999999,1000000.0,8.0,8e-06,10.0,10000000.0,0.1,100000.0,0.1,100000.0,10.0,10000000.0,1.0,1000000.0,1.0,1000000.0,2.22987343969307e-39,3.8247284557079926e-39,6.054601895401063e-39,0.07222457772493206,0.018684513184158195,0.09090909090909025,0.9090909090909024,6.054601895401063e-39,0.9999999999999927,7.327471962526033e-15,constant-generator matrix exponential Pade(13),2,dimensionless populations/per-encounter yields,dimensionless per encounter unless field name gives s^-1 or s,True,"Illustrative one-factor-at-a-time grid; bounds are not measured ranges or probability priors. Results are populations and per-encounter yields, not concentrations or biological fluxes. No encounter yield is converted to molarity, and no continuous biological ROS source is modeled.",ae188e2ba41fafda0a98499db6e2918fccc0fc4f,1afbda6f7c930e34dd90ab95767796d038c4429c4f4c40c50f3e68f50bf98a71,configs/doxorubicin_parameters.json,0b7d200aedee3aed703b810ad54927a2126d9ee0952f6ef87cf5ebb57992d345,configs/parameter_provenance.csv,86c4261fcb9616a643db79340fe0b7398ba10a5c46464e67e8b697bcfc3a4ec9
selectivity_doublet-manifold_mixture,doublet,doublet-manifold mixture PD/2,,0.9999999999999999,1000000.0,8.0,8e-06,10.0,10000000.0,0.1,100000.0,0.1,100000.0,10.0,10000000.0,1.0,1000000.0,10.0,10000000.0,1.5889841932176e-49,7.860040081336767e-50,2.3749882013512767e-49,0.07404883624637178,0.09273140064494831,0.1667802368913201,0.833219763108666,2.3749882013512767e-49,0.999999999999986,1.3988810110276972e-14,constant-generator matrix exponential Pade(13),2,dimensionless populations/per-encounter yields,dimensionless per encounter unless field name gives s^-1 or s,True,"Illustrative one-factor-at-a-time grid; bounds are not measured ranges or probability priors. Results are populations and per-encounter yields, not concentrations or biological fluxes. No encounter yield is converted to molarity, and no continuous biological ROS source is modeled.",ae188e2ba41fafda0a98499db6e2918fccc0fc4f,1afbda6f7c930e34dd90ab95767796d038c4429c4f4c40c50f3e68f50bf98a71,configs/doxorubicin_parameters.json,0b7d200aedee3aed703b810ad54927a2126d9ee0952f6ef87cf5ebb57992d345,configs/parameter_provenance.csv,86c4261fcb9616a643db79340fe0b7398ba10a5c46464e67e8b697bcfc3a4ec9
selectivity_quartet-manifold_mixture,quartet,quartet-manifold mixture PQ/4,,-1.008102552748629e-17,1000000.0,8.0,8e-06,0.0,0.0,0.1,100000.0,0.1,100000.0,0.1,100000.0,1.0,1000000.0,0.0,0.0,0.017329821194909723,0.2794752571474327,0.29680507834234243,0.22955938639501428,0.0,0.22955938639501428,0.4736355352626429,0.29680507834234243,0.9999999999999996,4.440892098500626e-16,constant-generator matrix exponential Pade(13),2,dimensionless populations/per-encounter yields,dimensionless per encounter unless field name gives s^-1 or s,True,"Illustrative one-factor-at-a-time grid; bounds are not measured ranges or probability priors. Results are populations and per-encounter yields, not concentrations or biological fluxes. No encounter yield is converted to molarity, and no continuous biological ROS source is modeled.",ae188e2ba41fafda0a98499db6e2918fccc0fc4f,1afbda6f7c930e34dd90ab95767796d038c4429c4f4c40c50f3e68f50bf98a71,configs/doxorubicin_parameters.json,0b7d200aedee3aed703b810ad54927a2126d9ee0952f6ef87cf5ebb57992d345,configs/parameter_provenance.csv,86c4261fcb9616a643db79340fe0b7398ba10a5c46464e67e8b697bcfc3a4ec9
selectivity_quartet-manifold_mixture,quartet,quartet-manifold mixture PQ/4,,-1.008102552748629e-17,1000000.0,8.0,8e-06,0.0,0.0,0.1,100000.0,0.1,100000.0,0.1,100000.0,1.0,1000000.0,0.01,10000.0,0.01615391106974988,0.2581103895024168,0.2742643005721667,0.22299258250805304,0.043676714424452256,0.2666692969325053,0.4590664024953278,0.2742643005721667,0.9999999999999998,2.220446049250313e-16,constant-generator matrix exponential Pade(13),2,dimensionless populations/per-encounter yields,dimensionless per encounter unless field name gives s^-1 or s,True,"Illustrative one-factor-at-a-time grid; bounds are not measured ranges or probability priors. Results are populations and per-encounter yields, not concentrations or biological fluxes. No encounter yield is converted to molarity, and no continuous biological ROS source is modeled.",ae188e2ba41fafda0a98499db6e2918fccc0fc4f,1afbda6f7c930e34dd90ab95767796d038c4429c4f4c40c50f3e68f50bf98a71,configs/doxorubicin_parameters.json,0b7d200aedee3aed703b810ad54927a2126d9ee0952f6ef87cf5ebb57992d345,configs/parameter_provenance.csv,86c4261fcb9616a643db79340fe0b7398ba10a5c46464e67e8b697bcfc3a4ec9
selectivity_quartet-manifold_mixture,quartet,quartet-manifold mixture PQ/4,,-1.008102552748629e-17,1000000.0,8.0,8e-06,0.0,0.0,0.1,100000.0,0.1,100000.0,0.1,100000.0,1.0,1000000.0,0.1,100000.0,0.008620121259751715,0.1262178698589338,0.1348379911186855,0.17485450939626218,0.33641102427271286,0.5112655336689751,0.35389647521233913,0.1348379911186855,0.9999999999999998,2.220446049250313e-16,constant-generator matrix exponential Pade(13),2,dimensionless populations/per-encounter yields,dimensionless per encounter unless field name gives s^-1 or s,True,"Illustrative one-factor-at-a-time grid; bounds are not measured ranges or probability priors. Results are populations and per-encounter yields, not concentrations or biological fluxes. No encounter yield is converted to molarity, and no continuous biological ROS source is modeled.",ae188e2ba41fafda0a98499db6e2918fccc0fc4f,1afbda6f7c930e34dd90ab95767796d038c4429c4f4c40c50f3e68f50bf98a71,configs/doxorubicin_parameters.json,0b7d200aedee3aed703b810ad54927a2126d9ee0952f6ef87cf5ebb57992d345,configs/parameter_provenance.csv,86c4261fcb9616a643db79340fe0b7398ba10a5c46464e67e8b697bcfc3a4ec9
selectivity_quartet-manifold_mixture,quartet,quartet-manifold mixture PQ/4,,-1.008102552748629e-17,1000000.0,8.0,8e-06,0.0,0.0,0.1,100000.0,0.1,100000.0,0.1,100000.0,1.0,1000000.0,1.0,1000000.0,4.0100197362357765e-05,0.00011063287773311919,0.00015073307509547694,0.04658217313139515,0.8623717058912449,0.90895387902264,0.09089538790226398,0.00015073307509547694,0.9999999999999994,5.551115123125783e-16,constant-generator matrix exponential Pade(13),2,dimensionless populations/per-encounter yields,dimensionless per encounter unless field name gives s^-1 or s,True,"Illustrative one-factor-at-a-time grid; bounds are not measured ranges or probability priors. Results are populations and per-encounter yields, not concentrations or biological fluxes. No encounter yield is converted to molarity, and no continuous biological ROS source is modeled.",ae188e2ba41fafda0a98499db6e2918fccc0fc4f,1afbda6f7c930e34dd90ab95767796d038c4429c4f4c40c50f3e68f50bf98a71,configs/doxorubicin_parameters.json,0b7d200aedee3aed703b810ad54927a2126d9ee0952f6ef87cf5ebb57992d345,configs/parameter_provenance.csv,86c4261fcb9616a643db79340fe0b7398ba10a5c46464e67e8b697bcfc3a4ec9
selectivity_quartet-manifold_mixture,quartet,quartet-manifold mixture PQ/4,,-1.008102552748629e-17,1000000.0,8.0,8e-06,0.0,0.0,0.1,100000.0,0.1,100000.0,0.1,100000.0,1.0,1000000.0,10.0,10000000.0,3.90136222166931e-07,5.82228025601137e-09,3.959585024229424e-07,0.005320247397732597,0.9843042890138498,0.9896245364115824,0.01037506762991176,3.959585024229424e-07,0.9999999999999967,3.3306690738754696e-15,constant-generator matrix exponential Pade(13),2,dimensionless populations/per-encounter yields,dimensionless per encounter unless field name gives s^-1 or s,True,"Illustrative one-factor-at-a-time grid; bounds are not measured ranges or probability priors. Results are populations and per-encounter yields, not concentrations or biological fluxes. No encounter yield is converted to molarity, and no continuous biological ROS source is modeled.",ae188e2ba41fafda0a98499db6e2918fccc0fc4f,1afbda6f7c930e34dd90ab95767796d038c4429c4f4c40c50f3e68f50bf98a71,configs/doxorubicin_parameters.json,0b7d200aedee3aed703b810ad54927a2126d9ee0952f6ef87cf5ebb57992d345,configs/parameter_provenance.csv,86c4261fcb9616a643db79340fe0b7398ba10a5c46464e67e8b697bcfc3a4ec9
selectivity_quartet-manifold_mixture,quartet,quartet-manifold mixture PQ/4,,-1.008102552748629e-17,1000000.0,8.0,8e-06,0.0,0.0,0.1,100000.0,0.1,100000.0,1.0,1000000.0,1.0,1000000.0,0.0,0.0,1.2938198565825034e-05,0.00020865226077869669,0.0002215904593445217,0.029399539310652003,0.0,0.029399539310652003,0.9703788702300029,0.0002215904593445217,0.9999999999999994,5.551115123125783e-16,constant-generator matrix exponential Pade(13),2,dimensionless populations/per-encounter yields,dimensionless per encounter unless field name gives s^-1 or s,True,"Illustrative one-factor-at-a-time grid; bounds are not measured ranges or probability priors. Results are populations and per-encounter yields, not concentrations or biological fluxes. No encounter yield is converted to molarity, and no continuous biological ROS source is modeled.",ae188e2ba41fafda0a98499db6e2918fccc0fc4f,1afbda6f7c930e34dd90ab95767796d038c4429c4f4c40c50f3e68f50bf98a71,configs/doxorubicin_parameters.json,0b7d200aedee3aed703b810ad54927a2126d9ee0952f6ef87cf5ebb57992d345,configs/parameter_provenance.csv,86c4261fcb9616a643db79340fe0b7398ba10a5c46464e67e8b697bcfc3a4ec9
selectivity_quartet-manifold_mixture,quartet,quartet-manifold mixture PQ/4,,-1.008102552748629e-17,1000000.0,8.0,8e-06,0.0,0.0,0.1,100000.0,0.1,100000.0,1.0,1000000.0,1.0,1000000.0,0.01,10000.0,1.2060280754454224e-05,0.00019270155379708183,0.00020476183455153606,0.02912623907086306,0.009322205544789325,0.03844844461565239,0.9613467935497955,0.00020476183455153606,0.9999999999999993,6.661338147750939e-16,constant-generator matrix exponential Pade(13),2,dimensionless populations/per-encounter yields,dimensionless per encounter unless field name gives s^-1 or s,True,"Illustrative one-factor-at-a-time grid; bounds are not measured ranges or probability priors. Results are populations and per-encounter yields, not concentrations or biological fluxes. No encounter yield is converted to molarity, and no continuous biological ROS source is modeled.",ae188e2ba41fafda0a98499db6e2918fccc0fc4f,1afbda6f7c930e34dd90ab95767796d038c4429c4f4c40c50f3e68f50bf98a71,configs/doxorubicin_parameters.json,0b7d200aedee3aed703b810ad54927a2126d9ee0952f6ef87cf5ebb57992d345,configs/parameter_provenance.csv,86c4261fcb9616a643db79340fe0b7398ba10a5c46464e67e8b697bcfc3a4ec9
selectivity_quartet-manifold_mixture,quartet,quartet-manifold mixture PQ/4,,-1.008102552748629e-17,1000000.0,8.0,8e-06,0.0,0.0,0.1,100000.0,0.1,100000.0,1.0,1000000.0,1.0,1000000.0,0.1,100000.0,6.435660199016731e-06,9.423247040021458e-05,0.00010066813059923129,0.026876159770863318,0.0860133647570612,0.11288952452792451,0.8870098073414755,0.00010066813059923129,0.9999999999999993,6.661338147750939e-16,constant-generator matrix exponential Pade(13),2,dimensionless populations/per-encounter yields,dimensionless per encounter unless field name gives s^-1 or s,True,"Illustrative one-factor-at-a-time grid; bounds are not measured ranges or probability priors. Results are populations and per-encounter yields, not concentrations or biological fluxes. No encounter yield is converted to molarity, and no continuous biological ROS source is modeled.",ae188e2ba41fafda0a98499db6e2918fccc0fc4f,1afbda6f7c930e34dd90ab95767796d038c4429c4f4c40c50f3e68f50bf98a71,configs/doxorubicin_parameters.json,0b7d200aedee3aed703b810ad54927a2126d9ee0952f6ef87cf5ebb57992d345,configs/parameter_provenance.csv,86c4261fcb9616a643db79340fe0b7398ba10a5c46464e67e8b697bcfc3a4ec9
selectivity_quartet-manifold_mixture,quartet,quartet-manifold mixture PQ/4,,-1.008102552748629e-17,1000000.0,8.0,8e-06,0.0,0.0,0.1,100000.0,0.1,100000.0,1.0,1000000.0,1.0,1000000.0,1.0,1000000.0,2.993823826384035e-08,8.259693645541923e-08,1.1253517471925959e-07,0.015151499838146627,0.4848484438942657,0.4999999437324123,0.4999999437324123,1.1253517471925959e-07,0.9999999999999993,6.661338147750939e-16,constant-generator matrix exponential Pade(13),2,dimensionless populations/per-encounter yields,dimensionless per encounter unless field name gives s^-1 or s,True,"Illustrative one-factor-at-a-time grid; bounds are not measured ranges or probability priors. Results are populations and per-encounter yields, not concentrations or biological fluxes. No encounter yield is converted to molarity, and no continuous biological ROS source is modeled.",ae188e2ba41fafda0a98499db6e2918fccc0fc4f,1afbda6f7c930e34dd90ab95767796d038c4429c4f4c40c50f3e68f50bf98a71,configs/doxorubicin_parameters.json,0b7d200aedee3aed703b810ad54927a2126d9ee0952f6ef87cf5ebb57992d345,configs/parameter_provenance.csv,86c4261fcb9616a643db79340fe0b7398ba10a5c46464e67e8b697bcfc3a4ec9
selectivity_quartet-manifold_mixture,quartet,quartet-manifold mixture PQ/4,,-1.008102552748629e-17,1000000.0,8.0,8e-06,0.0,0.0,0.1,100000.0,0.1,100000.0,1.0,1000000.0,1.0,1000000.0,10.0,10000000.0,2.9127016680351795e-10,4.346831811530187e-12,2.956169986150482e-10,0.002824858620465505,0.9039548022394953,0.9067796608599609,0.09322033884441504,2.956169986150482e-10,0.9999999999999929,7.105427357601002e-15,constant-generator matrix exponential Pade(13),2,dimensionless populations/per-encounter yields,dimensionless per encounter unless field name gives s^-1 or s,True,"Illustrative one-factor-at-a-time grid; bounds are not measured ranges or probability priors. Results are populations and per-encounter yields, not concentrations or biological fluxes. No encounter yield is converted to molarity, and no continuous biological ROS source is modeled.",ae188e2ba41fafda0a98499db6e2918fccc0fc4f,1afbda6f7c930e34dd90ab95767796d038c4429c4f4c40c50f3e68f50bf98a71,configs/doxorubicin_parameters.json,0b7d200aedee3aed703b810ad54927a2126d9ee0952f6ef87cf5ebb57992d345,configs/parameter_provenance.csv,86c4261fcb9616a643db79340fe0b7398ba10a5c46464e67e8b697bcfc3a4ec9
selectivity_quartet-manifold_mixture,quartet,quartet-manifold mixture PQ/4,,-1.008102552748629e-17,1000000.0,8.0,8e-06,0.0,0.0,0.1,100000.0,0.1,100000.0,10.0,10000000.0,1.0,1000000.0,0.0,0.0,6.960991685945638e-37,1.1225880056986619e-35,1.1921979225581182e-35,0.0005948839976204568,0.0,0.0005948839976204568,0.9994051160023725,1.1921979225581182e-35,0.9999999999999929,7.105427357601002e-15,constant-generator matrix exponential Pade(13),2,dimensionless populations/per-encounter yields,dimensionless per encounter unless field name gives s^-1 or s,True,"Illustrative one-factor-at-a-time grid; bounds are not measured ranges or probability priors. Results are populations and per-encounter yields, not concentrations or biological fluxes. No encounter yield is converted to molarity, and no continuous biological ROS source is modeled.",ae188e2ba41fafda0a98499db6e2918fccc0fc4f,1afbda6f7c930e34dd90ab95767796d038c4429c4f4c40c50f3e68f50bf98a71,configs/doxorubicin_parameters.json,0b7d200aedee3aed703b810ad54927a2126d9ee0952f6ef87cf5ebb57992d345,configs/parameter_provenance.csv,86c4261fcb9616a643db79340fe0b7398ba10a5c46464e67e8b697bcfc3a4ec9
selectivity_quartet-manifold_mixture,quartet,quartet-manifold mixture PQ/4,,-1.008102552748629e-17,1000000.0,8.0,8e-06,0.0,0.0,0.1,100000.0,0.1,100000.0,10.0,10000000.0,1.0,1000000.0,0.01,10000.0,6.48865556010841e-37,1.0367702327536377e-35,1.1016567883547219e-35,0.0005942935929207638,0.0009924703001776868,0.0015867638930984506,0.9984132361068945,1.1016567883547219e-35,0.9999999999999929,7.105427357601002e-15,constant-generator matrix exponential Pade(13),2,dimensionless populations/per-encounter yields,dimensionless per encounter unless field name gives s^-1 or s,True,"Illustrative one-factor-at-a-time grid; bounds are not measured ranges or probability priors. Results are populations and per-encounter yields, not concentrations or biological fluxes. No encounter yield is converted to molarity, and no continuous biological ROS source is modeled.",ae188e2ba41fafda0a98499db6e2918fccc0fc4f,1afbda6f7c930e34dd90ab95767796d038c4429c4f4c40c50f3e68f50bf98a71,configs/doxorubicin_parameters.json,0b7d200aedee3aed703b810ad54927a2126d9ee0952f6ef87cf5ebb57992d345,configs/parameter_provenance.csv,86c4261fcb9616a643db79340fe0b7398ba10a5c46464e67e8b697bcfc3a4ec9
selectivity_quartet-manifold_mixture,quartet,quartet-manifold mixture PQ/4,,-1.008102552748629e-17,1000000.0,8.0,8e-06,0.0,0.0,0.1,100000.0,0.1,100000.0,10.0,10000000.0,1.0,1000000.0,0.1,100000.0,3.462504993334864e-37,5.069882330718402e-36,5.416132830051888e-36,0.0005890322200624402,0.009836838075042634,0.010425870295105074,0.989574129704888,5.416132830051888e-36,0.9999999999999931,6.8833827526759706e-15,constant-generator matrix exponential Pade(13),2,dimensionless populations/per-encounter yields,dimensionless per encounter unless field name gives s^-1 or s,True,"Illustrative one-factor-at-a-time grid; bounds are not measured ranges or probability priors. Results are populations and per-encounter yields, not concentrations or biological fluxes. No encounter yield is converted to molarity, and no continuous biological ROS source is modeled.",ae188e2ba41fafda0a98499db6e2918fccc0fc4f,1afbda6f7c930e34dd90ab95767796d038c4429c4f4c40c50f3e68f50bf98a71,configs/doxorubicin_parameters.json,0b7d200aedee3aed703b810ad54927a2126d9ee0952f6ef87cf5ebb57992d345,configs/parameter_provenance.csv,86c4261fcb9616a643db79340fe0b7398ba10a5c46464e67e8b697bcfc3a4ec9
selectivity_quartet-manifold_mixture,quartet,quartet-manifold mixture PQ/4,,-1.008102552748629e-17,1000000.0,8.0,8e-06,0.0,0.0,0.1,100000.0,0.1,100000.0,10.0,10000000.0,1.0,1000000.0,1.0,1000000.0,1.6107329516252663e-39,4.443868943775879e-39,6.054601895401147e-39,0.0005411255411255393,0.09036796536796474,0.09090909090909027,0.9090909090909027,6.054601895401147e-39,0.999999999999993,6.994405055138486e-15,constant-generator matrix exponential Pade(13),2,dimensionless populations/per-encounter yields,dimensionless per encounter unless field name gives s^-1 or s,True,"Illustrative one-factor-at-a-time grid; bounds are not measured ranges or probability priors. Results are populations and per-encounter yields, not concentrations or biological fluxes. No encounter yield is converted to molarity, and no continuous biological ROS source is modeled.",ae188e2ba41fafda0a98499db6e2918fccc0fc4f,1afbda6f7c930e34dd90ab95767796d038c4429c4f4c40c50f3e68f50bf98a71,configs/doxorubicin_parameters.json,0b7d200aedee3aed703b810ad54927a2126d9ee0952f6ef87cf5ebb57992d345,configs/parameter_provenance.csv,86c4261fcb9616a643db79340fe0b7398ba10a5c46464e67e8b697bcfc3a4ec9
selectivity_quartet-manifold_mixture,quartet,quartet-manifold mixture PQ/4,,-1.008102552748629e-17,1000000.0,8.0,8e-06,0.0,0.0,0.1,100000.0,0.1,100000.0,10.0,10000000.0,1.0,1000000.0,10.0,10000000.0,1.5670877202633526e-41,2.3386764352335463e-43,1.5904744846156882e-41,0.00029841838257236956,0.4983586988958485,0.4986571172784209,0.5013428827215722,1.5904744846156882e-41,0.9999999999999931,6.8833827526759706e-15,constant-generator matrix exponential Pade(13),2,dimensionless populations/per-encounter yields,dimensionless per encounter unless field name gives s^-1 or s,True,"Illustrative one-factor-at-a-time grid; bounds are not measured ranges or probability priors. Results are populations and per-encounter yields, not concentrations or biological fluxes. No encounter yield is converted to molarity, and no continuous biological ROS source is modeled.",ae188e2ba41fafda0a98499db6e2918fccc0fc4f,1afbda6f7c930e34dd90ab95767796d038c4429c4f4c40c50f3e68f50bf98a71,configs/doxorubicin_parameters.json,0b7d200aedee3aed703b810ad54927a2126d9ee0952f6ef87cf5ebb57992d345,configs/parameter_provenance.csv,86c4261fcb9616a643db79340fe0b7398ba10a5c46464e67e8b697bcfc3a4ec9
selectivity_quartet-manifold_mixture,quartet,quartet-manifold mixture PQ/4,,-1.008102552748629e-17,1000000.0,8.0,8e-06,1.0,1000000.0,0.1,100000.0,0.1,100000.0,0.1,100000.0,1.0,1000000.0,0.0,0.0,0.018491711955810536,0.1449922135724138,0.16348392552822433,0.45522830181907353,0.0,0.45522830181907353,0.3812877726527013,0.16348392552822433,0.9999999999999991,8.881784197001252e-16,constant-generator matrix exponential Pade(13),2,dimensionless populations/per-encounter yields,dimensionless per encounter unless field name gives s^-1 or s,True,"Illustrative one-factor-at-a-time grid; bounds are not measured ranges or probability priors. Results are populations and per-encounter yields, not concentrations or biological fluxes. No encounter yield is converted to molarity, and no continuous biological ROS source is modeled.",ae188e2ba41fafda0a98499db6e2918fccc0fc4f,1afbda6f7c930e34dd90ab95767796d038c4429c4f4c40c50f3e68f50bf98a71,configs/doxorubicin_parameters.json,0b7d200aedee3aed703b810ad54927a2126d9ee0952f6ef87cf5ebb57992d345,configs/parameter_provenance.csv,86c4261fcb9616a643db79340fe0b7398ba10a5c46464e67e8b697bcfc3a4ec9
selectivity_quartet-manifold_mixture,quartet,quartet-manifold mixture PQ/4,,-1.008102552748629e-17,1000000.0,8.0,8e-06,1.0,1000000.0,0.1,100000.0,0.1,100000.0,0.1,100000.0,1.0,1000000.0,0.01,10000.0,0.017261643039997623,0.13414488649407671,0.15140652953407435,0.44458715247470937,0.032686145703976904,0.47727329817868624,0.3713201722872399,0.15140652953407435,1.0000000000000004,4.440892098500626e-16,constant-generator matrix exponential Pade(13),2,dimensionless populations/per-encounter yields,dimensionless per encounter unless field name gives s^-1 or s,True,"Illustrative one-factor-at-a-time grid; bounds are not measured ranges or probability priors. Results are populations and per-encounter yields, not concentrations or biological fluxes. No encounter yield is converted to molarity, and no continuous biological ROS source is modeled.",ae188e2ba41fafda0a98499db6e2918fccc0fc4f,1afbda6f7c930e34dd90ab95767796d038c4429c4f4c40c50f3e68f50bf98a71,configs/doxorubicin_parameters.json,0b7d200aedee3aed703b810ad54927a2126d9ee0952f6ef87cf5ebb57992d345,configs/parameter_provenance.csv,86c4261fcb9616a643db79340fe0b7398ba10a5c46464e67e8b697bcfc3a4ec9
selectivity_quartet-manifold_mixture,quartet,quartet-manifold mixture PQ/4,,-1.008102552748629e-17,1000000.0,8.0,8e-06,1.0,1000000.0,0.1,100000.0,0.1,100000.0,0.1,100000.0,1.0,1000000.0,0.1,100000.0,0.009345682999144731,0.06680192913451138,0.07614761213365613,0.36436363830852264,0.2615261928634841,0.6258898311720067,0.29796255669433636,0.07614761213365613,0.9999999999999992,7.771561172376096e-16,constant-generator matrix exponential Pade(13),2,dimensionless populations/per-encounter yields,dimensionless per encounter unless field name gives s^-1 or s,True,"Illustrative one-factor-at-a-time grid; bounds are not measured ranges or probability priors. Results are populations and per-encounter yields, not concentrations or biological fluxes. No encounter yield is converted to molarity, and no continuous biological ROS source is modeled.",ae188e2ba41fafda0a98499db6e2918fccc0fc4f,1afbda6f7c930e34dd90ab95767796d038c4429c4f4c40c50f3e68f50bf98a71,configs/doxorubicin_parameters.json,0b7d200aedee3aed703b810ad54927a2126d9ee0952f6ef87cf5ebb57992d345,configs/parameter_provenance.csv,86c4261fcb9616a643db79340fe0b7398ba10a5c46464e67e8b697bcfc3a4ec9
selectivity_quartet-manifold_mixture,quartet,quartet-manifold mixture PQ/4,,-1.008102552748629e-17,1000000.0,8.0,8e-06,1.0,1000000.0,0.1,100000.0,0.1,100000.0,0.1,100000.0,1.0,1000000.0,1.0,1000000.0,4.784695521013682e-05,0.00010288611988533967,0.0001507330750954765,0.11012054012577885,0.7988333388968609,0.9089538790226398,0.09089538790226395,0.0001507330750954765,0.9999999999999992,7.771561172376096e-16,constant-generator matrix exponential Pade(13),2,dimensionless populations/per-encounter yields,dimensionless per encounter unless field name gives s^-1 or s,True,"Illustrative one-factor-at-a-time grid; bounds are not measured ranges or probability priors. Results are populations and per-encounter yields, not concentrations or biological fluxes. No encounter yield is converted to molarity, and no continuous biological ROS source is modeled.",ae188e2ba41fafda0a98499db6e2918fccc0fc4f,1afbda6f7c930e34dd90ab95767796d038c4429c4f4c40c50f3e68f50bf98a71,configs/doxorubicin_parameters.json,0b7d200aedee3aed703b810ad54927a2126d9ee0952f6ef87cf5ebb57992d345,configs/parameter_provenance.csv,86c4261fcb9616a643db79340fe0b7398ba10a5c46464e67e8b697bcfc3a4ec9
selectivity_quartet-manifold_mixture,quartet,quartet-manifold mixture PQ/4,,-1.008102552748629e-17,1000000.0,8.0,8e-06,1.0,1000000.0,0.1,100000.0,0.1,100000.0,0.1,100000.0,1.0,1000000.0,10.0,10000000.0,3.220939784934108e-07,8.395280248281043e-09,3.3048925874169185e-07,0.007849137425266169,0.9815501171712291,0.9893992545964952,0.01060041491423891,3.3048925874169185e-07,0.9999999999999929,7.105427357601002e-15,constant-generator matrix exponential Pade(13),2,dimensionless populations/per-encounter yields,dimensionless per encounter unless field name gives s^-1 or s,True,"Illustrative one-factor-at-a-time grid; bounds are not measured ranges or probability priors. Results are populations and per-encounter yields, not concentrations or biological fluxes. No encounter yield is converted to molarity, and no continuous biological ROS source is modeled.",ae188e2ba41fafda0a98499db6e2918fccc0fc4f,1afbda6f7c930e34dd90ab95767796d038c4429c4f4c40c50f3e68f50bf98a71,configs/doxorubicin_parameters.json,0b7d200aedee3aed703b810ad54927a2126d9ee0952f6ef87cf5ebb57992d345,configs/parameter_provenance.csv,86c4261fcb9616a643db79340fe0b7398ba10a5c46464e67e8b697bcfc3a4ec9
selectivity_quartet-manifold_mixture,quartet,quartet-manifold mixture PQ/4,,-1.008102552748629e-17,1000000.0,8.0,8e-06,1.0,1000000.0,0.1,100000.0,0.1,100000.0,1.0,1000000.0,1.0,1000000.0,0.0,0.0,1.3805649718797539e-05,0.00010824912897828474,0.00012205477869708229,0.06633134738615346,0.0,0.06633134738615346,0.9335465978351487,0.00012205477869708229,0.9999999999999992,7.771561172376096e-16,constant-generator matrix exponential Pade(13),2,dimensionless populations/per-encounter yields,dimensionless per encounter unless field name gives s^-1 or s,True,"Illustrative one-factor-at-a-time grid; bounds are not measured ranges or probability priors. Results are populations and per-encounter yields, not concentrations or biological fluxes. No encounter yield is converted to molarity, and no continuous biological ROS source is modeled.",ae188e2ba41fafda0a98499db6e2918fccc0fc4f,1afbda6f7c930e34dd90ab95767796d038c4429c4f4c40c50f3e68f50bf98a71,configs/doxorubicin_parameters.json,0b7d200aedee3aed703b810ad54927a2126d9ee0952f6ef87cf5ebb57992d345,configs/parameter_provenance.csv,86c4261fcb9616a643db79340fe0b7398ba10a5c46464e67e8b697bcfc3a4ec9
selectivity_quartet-manifold_mixture,quartet,quartet-manifold mixture PQ/4,,-1.008102552748629e-17,1000000.0,8.0,8e-06,1.0,1000000.0,0.1,100000.0,0.1,100000.0,1.0,1000000.0,1.0,1000000.0,0.01,10000.0,1.2887297722926282e-05,0.00010015066852277804,0.00011303796624570429,0.06571030433071863,0.008598676766062536,0.07430898109678116,0.9255779809369724,0.00011303796624570429,0.9999999999999993,6.661338147750939e-16,constant-generator matrix exponential Pade(13),2,dimensionless populations/per-encounter yields,dimensionless per encounter unless field name gives s^-1 or s,True,"Illustrative one-factor-at-a-time grid; bounds are not measured ranges or probability priors. Results are populations and per-encounter yields, not concentrations or biological fluxes. No encounter yield is converted to molarity, and no continuous biological ROS source is modeled.",ae188e2ba41fafda0a98499db6e2918fccc0fc4f,1afbda6f7c930e34dd90ab95767796d038c4429c4f4c40c50f3e68f50bf98a71,configs/doxorubicin_parameters.json,0b7d200aedee3aed703b810ad54927a2126d9ee0952f6ef87cf5ebb57992d345,configs/parameter_provenance.csv,86c4261fcb9616a643db79340fe0b7398ba10a5c46464e67e8b697bcfc3a4ec9
selectivity_quartet-manifold_mixture,quartet,quartet-manifold mixture PQ/4,,-1.008102552748629e-17,1000000.0,8.0,8e-06,1.0,1000000.0,0.1,100000.0,0.1,100000.0,1.0,1000000.0,1.0,1000000.0,0.1,100000.0,6.977354296748665e-06,4.987337226401088e-05,5.685072656075954e-05,0.060550514932096816,0.07989473812811315,0.14044525306020997,0.8594978962132286,5.685072656075954e-05,0.9999999999999993,6.661338147750939e-16,constant-generator matrix exponential Pade(13),2,dimensionless populations/per-encounter yields,dimensionless per encounter unless field name gives s^-1 or s,True,"Illustrative one-factor-at-a-time grid; bounds are not measured ranges or probability priors. Results are populations and per-encounter yields, not concentrations or biological fluxes. No encounter yield is converted to molarity, and no continuous biological ROS source is modeled.",ae188e2ba41fafda0a98499db6e2918fccc0fc4f,1afbda6f7c930e34dd90ab95767796d038c4429c4f4c40c50f3e68f50bf98a71,configs/doxorubicin_parameters.json,0b7d200aedee3aed703b810ad54927a2126d9ee0952f6ef87cf5ebb57992d345,configs/parameter_provenance.csv,86c4261fcb9616a643db79340fe0b7398ba10a5c46464e67e8b697bcfc3a4ec9
selectivity_quartet-manifold_mixture,quartet,quartet-manifold mixture PQ/4,,-1.008102552748629e-17,1000000.0,8.0,8e-06,1.0,1000000.0,0.1,100000.0,0.1,100000.0,1.0,1000000.0,1.0,1000000.0,1.0,1000000.0,3.5721857733922845e-08,7.681331698533644e-08,1.1253517471925929e-07,0.03244774658401668,0.46755219714839513,0.4999999437324118,0.49999994373241186,1.1253517471925929e-07,0.9999999999999984,1.5543122344752192e-15,constant-generator matrix exponential Pade(13),2,dimensionless populations/per-encounter yields,dimensionless per encounter unless field name gives s^-1 or s,True,"Illustrative one-factor-at-a-time grid; bounds are not measured ranges or probability priors. Results are populations and per-encounter yields, not concentrations or biological fluxes. No encounter yield is converted to molarity, and no continuous biological ROS source is modeled.",ae188e2ba41fafda0a98499db6e2918fccc0fc4f,1afbda6f7c930e34dd90ab95767796d038c4429c4f4c40c50f3e68f50bf98a71,configs/doxorubicin_parameters.json,0b7d200aedee3aed703b810ad54927a2126d9ee0952f6ef87cf5ebb57992d345,configs/parameter_provenance.csv,86c4261fcb9616a643db79340fe0b7398ba10a5c46464e67e8b697bcfc3a4ec9
selectivity_quartet-manifold_mixture,quartet,quartet-manifold mixture PQ/4,,-1.008102552748629e-17,1000000.0,8.0,8e-06,1.0,1000000.0,0.1,100000.0,0.1,100000.0,1.0,1000000.0,1.0,1000000.0,10.0,10000000.0,2.404707933067574e-10,6.267797090711282e-12,2.467385903974687e-10,0.004085605741721635,0.9016625347907372,0.9057481405324589,0.09425185922079539,2.467385903974687e-10,0.9999999999999929,7.105427357601002e-15,constant-generator matrix exponential Pade(13),2,dimensionless populations/per-encounter yields,dimensionless per encounter unless field name gives s^-1 or s,True,"Illustrative one-factor-at-a-time grid; bounds are not measured ranges or probability priors. Results are populations and per-encounter yields, not concentrations or biological fluxes. No encounter yield is converted to molarity, and no continuous biological ROS source is modeled.",ae188e2ba41fafda0a98499db6e2918fccc0fc4f,1afbda6f7c930e34dd90ab95767796d038c4429c4f4c40c50f3e68f50bf98a71,configs/doxorubicin_parameters.json,0b7d200aedee3aed703b810ad54927a2126d9ee0952f6ef87cf5ebb57992d345,configs/parameter_provenance.csv,86c4261fcb9616a643db79340fe0b7398ba10a5c46464e67e8b697bcfc3a4ec9
selectivity_quartet-manifold_mixture,quartet,quartet-manifold mixture PQ/4,,-1.008102552748629e-17,1000000.0,8.0,8e-06,1.0,1000000.0,0.1,100000.0,0.1,100000.0,10.0,10000000.0,1.0,1000000.0,0.0,0.0,7.4276965547175355e-37,5.8240046556331655e-36,6.566774311104919e-36,0.0007752103746050268,0.0,0.0007752103746050268,0.9992247896253879,6.566774311104919e-36,0.9999999999999929,7.105427357601002e-15,constant-generator matrix exponential Pade(13),2,dimensionless populations/per-encounter yields,dimensionless per encounter unless field name gives s^-1 or s,True,"Illustrative one-factor-at-a-time grid; bounds are not measured ranges or probability priors. Results are populations and per-encounter yields, not concentrations or biological fluxes. No encounter yield is converted to molarity, and no continuous biological ROS source is modeled.",ae188e2ba41fafda0a98499db6e2918fccc0fc4f,1afbda6f7c930e34dd90ab95767796d038c4429c4f4c40c50f3e68f50bf98a71,configs/doxorubicin_parameters.json,0b7d200aedee3aed703b810ad54927a2126d9ee0952f6ef87cf5ebb57992d345,configs/parameter_provenance.csv,86c4261fcb9616a643db79340fe0b7398ba10a5c46464e67e8b697bcfc3a4ec9
selectivity_quartet-manifold_mixture,quartet,quartet-manifold mixture PQ/4,,-1.008102552748629e-17,1000000.0,8.0,8e-06,1.0,1000000.0,0.1,100000.0,0.1,100000.0,10.0,10000000.0,1.0,1000000.0,0.01,10000.0,6.933606084895826e-37,5.388292407031064e-36,6.081653015520648e-36,0.0007743595596743126,0.0009904915532902851,0.0017648511129645978,0.9982351488870282,6.081653015520648e-36,0.9999999999999929,7.105427357601002e-15,constant-generator matrix exponential Pade(13),2,dimensionless populations/per-encounter yields,dimensionless per encounter unless field name gives s^-1 or s,True,"Illustrative one-factor-at-a-time grid; bounds are not measured ranges or probability priors. Results are populations and per-encounter yields, not concentrations or biological fluxes. No encounter yield is converted to molarity, and no continuous biological ROS source is modeled.",ae188e2ba41fafda0a98499db6e2918fccc0fc4f,1afbda6f7c930e34dd90ab95767796d038c4429c4f4c40c50f3e68f50bf98a71,configs/doxorubicin_parameters.json,0b7d200aedee3aed703b810ad54927a2126d9ee0952f6ef87cf5ebb57992d345,configs/parameter_provenance.csv,86c4261fcb9616a643db79340fe0b7398ba10a5c46464e67e8b697bcfc3a4ec9
selectivity_quartet-manifold_mixture,quartet,quartet-manifold mixture PQ/4,,-1.008102552748629e-17,1000000.0,8.0,8e-06,1.0,1000000.0,0.1,100000.0,0.1,100000.0,10.0,10000000.0,1.0,1000000.0,0.1,100000.0,3.753946502093077e-37,2.683280272084133e-36,3.058674922293441e-36,0.0007667806995896144,0.009817479329747594,0.010584260029337208,0.9894157399706557,3.058674922293441e-36,0.9999999999999929,7.105427357601002e-15,constant-generator matrix exponential Pade(13),2,dimensionless populations/per-encounter yields,dimensionless per encounter unless field name gives s^-1 or s,True,"Illustrative one-factor-at-a-time grid; bounds are not measured ranges or probability priors. Results are populations and per-encounter yields, not concentrations or biological fluxes. No encounter yield is converted to molarity, and no continuous biological ROS source is modeled.",ae188e2ba41fafda0a98499db6e2918fccc0fc4f,1afbda6f7c930e34dd90ab95767796d038c4429c4f4c40c50f3e68f50bf98a71,configs/doxorubicin_parameters.json,0b7d200aedee3aed703b810ad54927a2126d9ee0952f6ef87cf5ebb57992d345,configs/parameter_provenance.csv,86c4261fcb9616a643db79340fe0b7398ba10a5c46464e67e8b697bcfc3a4ec9
selectivity_quartet-manifold_mixture,quartet,quartet-manifold mixture PQ/4,,-1.008102552748629e-17,1000000.0,8.0,8e-06,1.0,1000000.0,0.1,100000.0,0.1,100000.0,10.0,10000000.0,1.0,1000000.0,1.0,1000000.0,1.9219024459029395e-39,4.132699449498211e-39,6.05460189540115e-39,0.0006980479536632563,0.090211042955427,0.09090909090909026,0.9090909090909027,6.05460189540115e-39,0.999999999999993,6.994405055138486e-15,constant-generator matrix exponential Pade(13),2,dimensionless populations/per-encounter yields,dimensionless per encounter unless field name gives s^-1 or s,True,"Illustrative one-factor-at-a-time grid; bounds are not measured ranges or probability priors. Results are populations and per-encounter yields, not concentrations or biological fluxes. No encounter yield is converted to molarity, and no continuous biological ROS source is modeled.",ae188e2ba41fafda0a98499db6e2918fccc0fc4f,1afbda6f7c930e34dd90ab95767796d038c4429c4f4c40c50f3e68f50bf98a71,configs/doxorubicin_parameters.json,0b7d200aedee3aed703b810ad54927a2126d9ee0952f6ef87cf5ebb57992d345,configs/parameter_provenance.csv,86c4261fcb9616a643db79340fe0b7398ba10a5c46464e67e8b697bcfc3a4ec9
selectivity_quartet-manifold_mixture,quartet,quartet-manifold mixture PQ/4,,-1.008102552748629e-17,1000000.0,8.0,8e-06,1.0,1000000.0,0.1,100000.0,0.1,100000.0,10.0,10000000.0,1.0,1000000.0,10.0,10000000.0,1.2937776340383443e-41,3.372191516126881e-43,1.3274995491996131e-41,0.0003605403165115187,0.498017028259183,0.4983775685756945,0.5016224314242981,1.3274995491996131e-41,0.9999999999999926,7.438494264988549e-15,constant-generator matrix exponential Pade(13),2,dimensionless populations/per-encounter yields,dimensionless per encounter unless field name gives s^-1 or s,True,"Illustrative one-factor-at-a-time grid; bounds are not measured ranges or probability priors. Results are populations and per-encounter yields, not concentrations or biological fluxes. No encounter yield is converted to molarity, and no continuous biological ROS source is modeled.",ae188e2ba41fafda0a98499db6e2918fccc0fc4f,1afbda6f7c930e34dd90ab95767796d038c4429c4f4c40c50f3e68f50bf98a71,configs/doxorubicin_parameters.json,0b7d200aedee3aed703b810ad54927a2126d9ee0952f6ef87cf5ebb57992d345,configs/parameter_provenance.csv,86c4261fcb9616a643db79340fe0b7398ba10a5c46464e67e8b697bcfc3a4ec9
selectivity_quartet-manifold_mixture,quartet,quartet-manifold mixture PQ/4,,-1.008102552748629e-17,1000000.0,8.0,8e-06,10.0,10000000.0,0.1,100000.0,0.1,100000.0,0.1,100000.0,1.0,1000000.0,0.0,0.0,0.016695193205217094,0.11995592470380907,0.13665111790902618,0.5360176038159294,0.0,0.5360176038159294,0.32733127827504294,0.13665111790902618,0.9999999999999986,1.4432899320127035e-15,constant-generator matrix exponential Pade(13),2,dimensionless populations/per-encounter yields,dimensionless per encounter unless field name gives s^-1 or s,True,"Illustrative one-factor-at-a-time grid; bounds are not measured ranges or probability priors. Results are populations and per-encounter yields, not concentrations or biological fluxes. No encounter yield is converted to molarity, and no continuous biological ROS source is modeled.",ae188e2ba41fafda0a98499db6e2918fccc0fc4f,1afbda6f7c930e34dd90ab95767796d038c4429c4f4c40c50f3e68f50bf98a71,configs/doxorubicin_parameters.json,0b7d200aedee3aed703b810ad54927a2126d9ee0952f6ef87cf5ebb57992d345,configs/parameter_provenance.csv,86c4261fcb9616a643db79340fe0b7398ba10a5c46464e67e8b697bcfc3a4ec9
selectivity_quartet-manifold_mixture,quartet,quartet-manifold mixture PQ/4,,-1.008102552748629e-17,1000000.0,8.0,8e-06,10.0,10000000.0,0.1,100000.0,0.1,100000.0,0.1,100000.0,1.0,1000000.0,0.01,10000.0,0.01561697712465268,0.11120076304189787,0.12681774016655056,0.5270501733531534,0.02667518810408893,0.5537253614572424,0.3194568983762046,0.12681774016655056,0.9999999999999976,2.4424906541753444e-15,constant-generator matrix exponential Pade(13),2,dimensionless populations/per-encounter yields,dimensionless per encounter unless field name gives s^-1 or s,True,"Illustrative one-factor-at-a-time grid; bounds are not measured ranges or probability priors. Results are populations and per-encounter yields, not concentrations or biological fluxes. No encounter yield is converted to molarity, and no continuous biological ROS source is modeled.",ae188e2ba41fafda0a98499db6e2918fccc0fc4f,1afbda6f7c930e34dd90ab95767796d038c4429c4f4c40c50f3e68f50bf98a71,configs/doxorubicin_parameters.json,0b7d200aedee3aed703b810ad54927a2126d9ee0952f6ef87cf5ebb57992d345,configs/parameter_provenance.csv,86c4261fcb9616a643db79340fe0b7398ba10a5c46464e67e8b697bcfc3a4ec9
selectivity_quartet-manifold_mixture,quartet,quartet-manifold mixture PQ/4,,-1.008102552748629e-17,1000000.0,8.0,8e-06,10.0,10000000.0,0.1,100000.0,0.1,100000.0,0.1,100000.0,1.0,1000000.0,0.1,100000.0,0.008610710888204599,0.05636832256147477,0.06497903344967937,0.45852202669626485,0.21532336859221385,0.6738453952884786,0.26117557126184027,0.06497903344967937,0.9999999999999982,1.7763568394002505e-15,constant-generator matrix exponential Pade(13),2,dimensionless populations/per-encounter yields,dimensionless per encounter unless field name gives s^-1 or s,True,"Illustrative one-factor-at-a-time grid; bounds are not measured ranges or probability priors. Results are populations and per-encounter yields, not concentrations or biological fluxes. No encounter yield is converted to molarity, and no continuous biological ROS source is modeled.",ae188e2ba41fafda0a98499db6e2918fccc0fc4f,1afbda6f7c930e34dd90ab95767796d038c4429c4f4c40c50f3e68f50bf98a71,configs/doxorubicin_parameters.json,0b7d200aedee3aed703b810ad54927a2126d9ee0952f6ef87cf5ebb57992d345,configs/parameter_provenance.csv,86c4261fcb9616a643db79340fe0b7398ba10a5c46464e67e8b697bcfc3a4ec9
selectivity_quartet-manifold_mixture,quartet,quartet-manifold mixture PQ/4,,-1.008102552748629e-17,1000000.0,8.0,8e-06,10.0,10000000.0,0.1,100000.0,0.1,100000.0,0.1,100000.0,1.0,1000000.0,1.0,1000000.0,4.7609495346997494e-05,0.00010312357974847858,0.0001507330750954761,0.21467691531831984,0.6942769637043176,0.9089538790226375,0.0908953879022637,0.0001507330750954761,0.9999999999999967,3.3306690738754696e-15,constant-generator matrix exponential Pade(13),2,dimensionless populations/per-encounter yields,dimensionless per encounter unless field name gives s^-1 or s,True,"Illustrative one-factor-at-a-time grid; bounds are not measured ranges or probability priors. Results are populations and per-encounter yields, not concentrations or biological fluxes. No encounter yield is converted to molarity, and no continuous biological ROS source is modeled.",ae188e2ba41fafda0a98499db6e2918fccc0fc4f,1afbda6f7c930e34dd90ab95767796d038c4429c4f4c40c50f3e68f50bf98a71,configs/doxorubicin_parameters.json,0b7d200aedee3aed703b810ad54927a2126d9ee0952f6ef87cf5ebb57992d345,configs/parameter_provenance.csv,86c4261fcb9616a643db79340fe0b7398ba10a5c46464e67e8b697bcfc3a4ec9
selectivity_quartet-manifold_mixture,quartet,quartet-manifold mixture PQ/4,,-1.008102552748629e-17,1000000.0,8.0,8e-06,10.0,10000000.0,0.1,100000.0,0.1,100000.0,0.1,100000.0,1.0,1000000.0,10.0,10000000.0,9.784029010507629e-16,4.839726976128447e-16,1.4623755986636078e-15,0.038325694054920104,0.9483581549896825,0.9866838490446026,0.013316150955388835,1.4623755986636078e-15,0.9999999999999929,7.105427357601002e-15,constant-generator matrix exponential Pade(13),2,dimensionless populations/per-encounter yields,dimensionless per encounter unless field name gives s^-1 or s,True,"Illustrative one-factor-at-a-time grid; bounds are not measured ranges or probability priors. Results are populations and per-encounter yields, not concentrations or biological fluxes. No encounter yield is converted to molarity, and no continuous biological ROS source is modeled.",ae188e2ba41fafda0a98499db6e2918fccc0fc4f,1afbda6f7c930e34dd90ab95767796d038c4429c4f4c40c50f3e68f50bf98a71,configs/doxorubicin_parameters.json,0b7d200aedee3aed703b810ad54927a2126d9ee0952f6ef87cf5ebb57992d345,configs/parameter_provenance.csv,86c4261fcb9616a643db79340fe0b7398ba10a5c46464e67e8b697bcfc3a4ec9
selectivity_quartet-manifold_mixture,quartet,quartet-manifold mixture PQ/4,,-1.008102552748629e-17,1000000.0,8.0,8e-06,10.0,10000000.0,0.1,100000.0,0.1,100000.0,1.0,1000000.0,1.0,1000000.0,0.0,0.0,1.2464394315121832e-05,8.955739101456533e-05,0.00010202178532968718,0.16061153030219127,0.0,0.16061153030219127,0.839286447912476,0.00010202178532968718,0.999999999999997,2.9976021664879227e-15,constant-generator matrix exponential Pade(13),2,dimensionless populations/per-encounter yields,dimensionless per encounter unless field name gives s^-1 or s,True,"Illustrative one-factor-at-a-time grid; bounds are not measured ranges or probability priors. Results are populations and per-encounter yields, not concentrations or biological fluxes. No encounter yield is converted to molarity, and no continuous biological ROS source is modeled.",ae188e2ba41fafda0a98499db6e2918fccc0fc4f,1afbda6f7c930e34dd90ab95767796d038c4429c4f4c40c50f3e68f50bf98a71,configs/doxorubicin_parameters.json,0b7d200aedee3aed703b810ad54927a2126d9ee0952f6ef87cf5ebb57992d345,configs/parameter_provenance.csv,86c4261fcb9616a643db79340fe0b7398ba10a5c46464e67e8b697bcfc3a4ec9
selectivity_quartet-manifold_mixture,quartet,quartet-manifold mixture PQ/4,,-1.008102552748629e-17,1000000.0,8.0,8e-06,10.0,10000000.0,0.1,100000.0,0.1,100000.0,1.0,1000000.0,1.0,1000000.0,0.01,10000.0,1.1659413491008917e-05,8.302091156773892e-05,9.468032505874786e-05,0.15985844834752777,0.006734538841384972,0.16659298718891274,0.8333123324860252,9.468032505874786e-05,0.9999999999999967,3.3306690738754696e-15,constant-generator matrix exponential Pade(13),2,dimensionless populations/per-encounter yields,dimensionless per encounter unless field name gives s^-1 or s,True,"Illustrative one-factor-at-a-time grid; bounds are not measured ranges or probability priors. Results are populations and per-encounter yields, not concentrations or biological fluxes. No encounter yield is converted to molarity, and no continuous biological ROS source is modeled.",ae188e2ba41fafda0a98499db6e2918fccc0fc4f,1afbda6f7c930e34dd90ab95767796d038c4429c4f4c40c50f3e68f50bf98a71,configs/doxorubicin_parameters.json,0b7d200aedee3aed703b810ad54927a2126d9ee0952f6ef87cf5ebb57992d345,configs/parameter_provenance.csv,86c4261fcb9616a643db79340fe0b7398ba10a5c46464e67e8b697bcfc3a4ec9
selectivity_quartet-manifold_mixture,quartet,quartet-manifold mixture PQ/4,,-1.008102552748629e-17,1000000.0,8.0,8e-06,10.0,10000000.0,0.1,100000.0,0.1,100000.0,1.0,1000000.0,1.0,1000000.0,0.1,100000.0,6.428634549168095e-06,4.208378966639599e-05,4.851242421556409e-05,0.15345052425711364,0.06300458536923217,0.21645510962634582,0.7834963779494353,4.851242421556409e-05,0.9999999999999967,3.3306690738754696e-15,constant-generator matrix exponential Pade(13),2,dimensionless populations/per-encounter yields,dimensionless per encounter unless field name gives s^-1 or s,True,"Illustrative one-factor-at-a-time grid; bounds are not measured ranges or probability priors. Results are populations and per-encounter yields, not concentrations or biological fluxes. No encounter yield is converted to molarity, and no continuous biological ROS source is modeled.",ae188e2ba41fafda0a98499db6e2918fccc0fc4f,1afbda6f7c930e34dd90ab95767796d038c4429c4f4c40c50f3e68f50bf98a71,configs/doxorubicin_parameters.json,0b7d200aedee3aed703b810ad54927a2126d9ee0952f6ef87cf5ebb57992d345,configs/parameter_provenance.csv,86c4261fcb9616a643db79340fe0b7398ba10a5c46464e67e8b697bcfc3a4ec9
selectivity_quartet-manifold_mixture,quartet,quartet-manifold mixture PQ/4,,-1.008102552748629e-17,1000000.0,8.0,8e-06,10.0,10000000.0,0.1,100000.0,0.1,100000.0,1.0,1000000.0,1.0,1000000.0,1.0,1000000.0,3.55445735700442e-08,7.699060114921553e-08,1.1253517471925974e-07,0.11149840855006846,0.3885015351823427,0.4999999437324112,0.49999994373241125,1.1253517471925974e-07,0.9999999999999971,2.886579864025407e-15,constant-generator matrix exponential Pade(13),2,dimensionless populations/per-encounter yields,dimensionless per encounter unless field name gives s^-1 or s,True,"Illustrative one-factor-at-a-time grid; bounds are not measured ranges or probability priors. Results are populations and per-encounter yields, not concentrations or biological fluxes. No encounter yield is converted to molarity, and no continuous biological ROS source is modeled.",ae188e2ba41fafda0a98499db6e2918fccc0fc4f,1afbda6f7c930e34dd90ab95767796d038c4429c4f4c40c50f3e68f50bf98a71,configs/doxorubicin_parameters.json,0b7d200aedee3aed703b810ad54927a2126d9ee0952f6ef87cf5ebb57992d345,configs/parameter_provenance.csv,86c4261fcb9616a643db79340fe0b7398ba10a5c46464e67e8b697bcfc3a4ec9
selectivity_quartet-manifold_mixture,quartet,quartet-manifold mixture PQ/4,,-1.008102552748629e-17,1000000.0,8.0,8e-06,10.0,10000000.0,0.1,100000.0,0.1,100000.0,1.0,1000000.0,1.0,1000000.0,10.0,10000000.0,7.304617207990694e-19,3.6132714767952666e-19,1.091788868478596e-18,0.02947375049749565,0.8555022718227288,0.8849760223202244,0.11502397767976855,1.091788868478596e-18,0.999999999999993,6.994405055138486e-15,constant-generator matrix exponential Pade(13),2,dimensionless populations/per-encounter yields,dimensionless per encounter unless field name gives s^-1 or s,True,"Illustrative one-factor-at-a-time grid; bounds are not measured ranges or probability priors. Results are populations and per-encounter yields, not concentrations or biological fluxes. No encounter yield is converted to molarity, and no continuous biological ROS source is modeled.",ae188e2ba41fafda0a98499db6e2918fccc0fc4f,1afbda6f7c930e34dd90ab95767796d038c4429c4f4c40c50f3e68f50bf98a71,configs/doxorubicin_parameters.json,0b7d200aedee3aed703b810ad54927a2126d9ee0952f6ef87cf5ebb57992d345,configs/parameter_provenance.csv,86c4261fcb9616a643db79340fe0b7398ba10a5c46464e67e8b697bcfc3a4ec9
selectivity_quartet-manifold_mixture,quartet,quartet-manifold mixture PQ/4,,-1.008102552748629e-17,1000000.0,8.0,8e-06,10.0,10000000.0,0.1,100000.0,0.1,100000.0,10.0,10000000.0,1.0,1000000.0,0.0,0.0,6.706076178726552e-37,4.81835435664168e-36,5.488961974514336e-36,0.010295641071998162,0.0,0.010295641071998162,0.9897043589279949,5.488961974514336e-36,0.9999999999999931,6.8833827526759706e-15,constant-generator matrix exponential Pade(13),2,dimensionless populations/per-encounter yields,dimensionless per encounter unless field name gives s^-1 or s,True,"Illustrative one-factor-at-a-time grid; bounds are not measured ranges or probability priors. Results are populations and per-encounter yields, not concentrations or biological fluxes. No encounter yield is converted to molarity, and no continuous biological ROS source is modeled.",ae188e2ba41fafda0a98499db6e2918fccc0fc4f,1afbda6f7c930e34dd90ab95767796d038c4429c4f4c40c50f3e68f50bf98a71,configs/doxorubicin_parameters.json,0b7d200aedee3aed703b810ad54927a2126d9ee0952f6ef87cf5ebb57992d345,configs/parameter_provenance.csv,86c4261fcb9616a643db79340fe0b7398ba10a5c46464e67e8b697bcfc3a4ec9
selectivity_quartet-manifold_mixture,quartet,quartet-manifold mixture PQ/4,,-1.008102552748629e-17,1000000.0,8.0,8e-06,10.0,10000000.0,0.1,100000.0,0.1,100000.0,10.0,10000000.0,1.0,1000000.0,0.01,10000.0,6.272981509828771e-37,4.466679594090797e-36,5.093977745073675e-36,0.010285369129033193,0.0008859749646160114,0.011171344093649204,0.9888286559063434,5.093977745073675e-36,0.9999999999999926,7.438494264988549e-15,constant-generator matrix exponential Pade(13),2,dimensionless populations/per-encounter yields,dimensionless per encounter unless field name gives s^-1 or s,True,"Illustrative one-factor-at-a-time grid; bounds are not measured ranges or probability priors. Results are populations and per-encounter yields, not concentrations or biological fluxes. No encounter yield is converted to molarity, and no continuous biological ROS source is modeled.",ae188e2ba41fafda0a98499db6e2918fccc0fc4f,1afbda6f7c930e34dd90ab95767796d038c4429c4f4c40c50f3e68f50bf98a71,configs/doxorubicin_parameters.json,0b7d200aedee3aed703b810ad54927a2126d9ee0952f6ef87cf5ebb57992d345,configs/parameter_provenance.csv,86c4261fcb9616a643db79340fe0b7398ba10a5c46464e67e8b697bcfc3a4ec9
selectivity_quartet-manifold_mixture,quartet,quartet-manifold mixture PQ/4,,-1.008102552748629e-17,1000000.0,8.0,8e-06,10.0,10000000.0,0.1,100000.0,0.1,100000.0,10.0,10000000.0,1.0,1000000.0,0.1,100000.0,3.4587250629268136e-37,2.2641862272438608e-36,2.6100587335365417e-36,0.010193636043712316,0.008790792114051066,0.018984428157763383,0.9810155718422298,2.6100587335365417e-36,0.9999999999999931,6.8833827526759706e-15,constant-generator matrix exponential Pade(13),2,dimensionless populations/per-encounter yields,dimensionless per encounter unless field name gives s^-1 or s,True,"Illustrative one-factor-at-a-time grid; bounds are not measured ranges or probability priors. Results are populations and per-encounter yields, not concentrations or biological fluxes. No encounter yield is converted to molarity, and no continuous biological ROS source is modeled.",ae188e2ba41fafda0a98499db6e2918fccc0fc4f,1afbda6f7c930e34dd90ab95767796d038c4429c4f4c40c50f3e68f50bf98a71,configs/doxorubicin_parameters.json,0b7d200aedee3aed703b810ad54927a2126d9ee0952f6ef87cf5ebb57992d345,configs/parameter_provenance.csv,86c4261fcb9616a643db79340fe0b7398ba10a5c46464e67e8b697bcfc3a4ec9
selectivity_quartet-manifold_mixture,quartet,quartet-manifold mixture PQ/4,,-1.008102552748629e-17,1000000.0,8.0,8e-06,10.0,10000000.0,0.1,100000.0,0.1,100000.0,10.0,10000000.0,1.0,1000000.0,1.0,1000000.0,1.9123642278539966e-39,4.142237667547067e-39,6.054601895401063e-39,0.0093422565920791,0.08156683431701117,0.09090909090909027,0.9090909090909025,6.054601895401063e-39,0.9999999999999928,7.216449660063518e-15,constant-generator matrix exponential Pade(13),2,dimensionless populations/per-encounter yields,dimensionless per encounter unless field name gives s^-1 or s,True,"Illustrative one-factor-at-a-time grid; bounds are not measured ranges or probability priors. Results are populations and per-encounter yields, not concentrations or biological fluxes. No encounter yield is converted to molarity, and no continuous biological ROS source is modeled.",ae188e2ba41fafda0a98499db6e2918fccc0fc4f,1afbda6f7c930e34dd90ab95767796d038c4429c4f4c40c50f3e68f50bf98a71,configs/doxorubicin_parameters.json,0b7d200aedee3aed703b810ad54927a2126d9ee0952f6ef87cf5ebb57992d345,configs/parameter_provenance.csv,86c4261fcb9616a643db79340fe0b7398ba10a5c46464e67e8b697bcfc3a4ec9
selectivity_quartet-manifold_mixture,quartet,quartet-manifold mixture PQ/4,,-1.008102552748629e-17,1000000.0,8.0,8e-06,10.0,10000000.0,0.1,100000.0,0.1,100000.0,10.0,10000000.0,1.0,1000000.0,10.0,10000000.0,3.9300200406683846e-50,1.9440073191853099e-50,5.8740273598536945e-50,0.004636570032247421,0.47449886482263204,0.47913543485487947,0.5208645651451063,5.8740273598536945e-50,0.9999999999999858,1.4210854715202004e-14,constant-generator matrix exponential Pade(13),2,dimensionless populations/per-encounter yields,dimensionless per encounter unless field name gives s^-1 or s,True,"Illustrative one-factor-at-a-time grid; bounds are not measured ranges or probability priors. Results are populations and per-encounter yields, not concentrations or biological fluxes. No encounter yield is converted to molarity, and no continuous biological ROS source is modeled.",ae188e2ba41fafda0a98499db6e2918fccc0fc4f,1afbda6f7c930e34dd90ab95767796d038c4429c4f4c40c50f3e68f50bf98a71,configs/doxorubicin_parameters.json,0b7d200aedee3aed703b810ad54927a2126d9ee0952f6ef87cf5ebb57992d345,configs/parameter_provenance.csv,86c4261fcb9616a643db79340fe0b7398ba10a5c46464e67e8b697bcfc3a4ec9
selectivity_pD=0.25_manifold_mixture,mixture,manifold mixture pD=0.25,0.25,0.24999999999999994,1000000.0,8.0,8e-06,0.0,0.0,0.1,100000.0,0.1,100000.0,0.1,100000.0,1.0,1000000.0,0.0,0.0,0.013546895403401508,0.2182713534580294,0.2318182488614309,0.38063098577405624,0.0,0.38063098577405624,0.38755076536451244,0.2318182488614309,0.9999999999999996,4.440892098500626e-16,constant-generator matrix exponential Pade(13),2,dimensionless populations/per-encounter yields,dimensionless per encounter unless field name gives s^-1 or s,True,"Illustrative one-factor-at-a-time grid; bounds are not measured ranges or probability priors. Results are populations and per-encounter yields, not concentrations or biological fluxes. No encounter yield is converted to molarity, and no continuous biological ROS source is modeled.",ae188e2ba41fafda0a98499db6e2918fccc0fc4f,1afbda6f7c930e34dd90ab95767796d038c4429c4f4c40c50f3e68f50bf98a71,configs/doxorubicin_parameters.json,0b7d200aedee3aed703b810ad54927a2126d9ee0952f6ef87cf5ebb57992d345,configs/parameter_provenance.csv,86c4261fcb9616a643db79340fe0b7398ba10a5c46464e67e8b697bcfc3a4ec9
selectivity_pD=0.25_manifold_mixture,mixture,manifold mixture pD=0.25,0.25,0.24999999999999994,1000000.0,8.0,8e-06,0.0,0.0,0.1,100000.0,0.1,100000.0,0.1,100000.0,1.0,1000000.0,0.01,10000.0,0.012633158064032726,0.20165974766168754,0.2142929057257203,0.3755541893041868,0.03387249873087946,0.40942668803506627,0.37628040623921327,0.2142929057257203,0.9999999999999998,2.220446049250313e-16,constant-generator matrix exponential Pade(13),2,dimensionless populations/per-encounter yields,dimensionless per encounter unless field name gives s^-1 or s,True,"Illustrative one-factor-at-a-time grid; bounds are not measured ranges or probability priors. Results are populations and per-encounter yields, not concentrations or biological fluxes. No encounter yield is converted to molarity, and no continuous biological ROS source is modeled.",ae188e2ba41fafda0a98499db6e2918fccc0fc4f,1afbda6f7c930e34dd90ab95767796d038c4429c4f4c40c50f3e68f50bf98a71,configs/doxorubicin_parameters.json,0b7d200aedee3aed703b810ad54927a2126d9ee0952f6ef87cf5ebb57992d345,configs/parameter_provenance.csv,86c4261fcb9616a643db79340fe0b7398ba10a5c46464e67e8b697bcfc3a4ec9
selectivity_pD=0.25_manifold_mixture,mixture,manifold mixture pD=0.25,0.25,0.24999999999999994,1000000.0,8.0,8e-06,0.0,0.0,0.1,100000.0,0.1,100000.0,0.1,100000.0,1.0,1000000.0,0.1,100000.0,0.006771618842947265,0.09897346302407622,0.10574508186702347,0.3383208461675279,0.26105099367434775,0.5993718398418757,0.2948830782911005,0.10574508186702347,0.9999999999999997,3.3306690738754696e-16,constant-generator matrix exponential Pade(13),2,dimensionless populations/per-encounter yields,dimensionless per encounter unless field name gives s^-1 or s,True,"Illustrative one-factor-at-a-time grid; bounds are not measured ranges or probability priors. Results are populations and per-encounter yields, not concentrations or biological fluxes. No encounter yield is converted to molarity, and no continuous biological ROS source is modeled.",ae188e2ba41fafda0a98499db6e2918fccc0fc4f,1afbda6f7c930e34dd90ab95767796d038c4429c4f4c40c50f3e68f50bf98a71,configs/doxorubicin_parameters.json,0b7d200aedee3aed703b810ad54927a2126d9ee0952f6ef87cf5ebb57992d345,configs/parameter_provenance.csv,86c4261fcb9616a643db79340fe0b7398ba10a5c46464e67e8b697bcfc3a4ec9
selectivity_pD=0.25_manifold_mixture,mixture,manifold mixture pD=0.25,0.25,0.24999999999999994,1000000.0,8.0,8e-06,0.0,0.0,0.1,100000.0,0.1,100000.0,0.1,100000.0,1.0,1000000.0,1.0,1000000.0,4.7708318114458655e-05,0.00010302475698101825,0.0001507330750954769,0.23888401303850873,0.6700698659841313,0.90895387902264,0.09089538790226398,0.0001507330750954769,0.9999999999999994,5.551115123125783e-16,constant-generator matrix exponential Pade(13),2,dimensionless populations/per-encounter yields,dimensionless per encounter unless field name gives s^-1 or s,True,"Illustrative one-factor-at-a-time grid; bounds are not measured ranges or probability priors. Results are populations and per-encounter yields, not concentrations or biological fluxes. No encounter yield is converted to molarity, and no continuous biological ROS source is modeled.",ae188e2ba41fafda0a98499db6e2918fccc0fc4f,1afbda6f7c930e34dd90ab95767796d038c4429c4f4c40c50f3e68f50bf98a71,configs/doxorubicin_parameters.json,0b7d200aedee3aed703b810ad54927a2126d9ee0952f6ef87cf5ebb57992d345,configs/parameter_provenance.csv,86c4261fcb9616a643db79340fe0b7398ba10a5c46464e67e8b697bcfc3a4ec9
selectivity_pD=0.25_manifold_mixture,mixture,manifold mixture pD=0.25,0.25,0.24999999999999994,1000000.0,8.0,8e-06,0.0,0.0,0.1,100000.0,0.1,100000.0,0.1,100000.0,1.0,1000000.0,10.0,10000000.0,1.336362117928134e-05,1.994348212754744e-07,1.3563056000556814e-05,0.2068260805976868,0.7648294537490502,0.971655534346737,0.028330902597259195,1.3563056000556814e-05,0.9999999999999968,3.219646771412954e-15,constant-generator matrix exponential Pade(13),2,dimensionless populations/per-encounter yields,dimensionless per encounter unless field name gives s^-1 or s,True,"Illustrative one-factor-at-a-time grid; bounds are not measured ranges or probability priors. Results are populations and per-encounter yields, not concentrations or biological fluxes. No encounter yield is converted to molarity, and no continuous biological ROS source is modeled.",ae188e2ba41fafda0a98499db6e2918fccc0fc4f,1afbda6f7c930e34dd90ab95767796d038c4429c4f4c40c50f3e68f50bf98a71,configs/doxorubicin_parameters.json,0b7d200aedee3aed703b810ad54927a2126d9ee0952f6ef87cf5ebb57992d345,configs/parameter_provenance.csv,86c4261fcb9616a643db79340fe0b7398ba10a5c46464e67e8b697bcfc3a4ec9
selectivity_pD=0.25_manifold_mixture,mixture,manifold mixture pD=0.25,0.25,0.24999999999999994,1000000.0,8.0,8e-06,0.0,0.0,0.1,100000.0,0.1,100000.0,1.0,1000000.0,1.0,1000000.0,0.0,0.0,1.0113919855742869e-05,0.00016295829486693498,0.0001730722147226779,0.13969632997021875,0.0,0.13969632997021875,0.860130597815058,0.0001730722147226779,0.9999999999999993,6.661338147750939e-16,constant-generator matrix exponential Pade(13),2,dimensionless populations/per-encounter yields,dimensionless per encounter unless field name gives s^-1 or s,True,"Illustrative one-factor-at-a-time grid; bounds are not measured ranges or probability priors. Results are populations and per-encounter yields, not concentrations or biological fluxes. No encounter yield is converted to molarity, and no continuous biological ROS source is modeled.",ae188e2ba41fafda0a98499db6e2918fccc0fc4f,1afbda6f7c930e34dd90ab95767796d038c4429c4f4c40c50f3e68f50bf98a71,configs/doxorubicin_parameters.json,0b7d200aedee3aed703b810ad54927a2126d9ee0952f6ef87cf5ebb57992d345,configs/parameter_provenance.csv,86c4261fcb9616a643db79340fe0b7398ba10a5c46464e67e8b697bcfc3a4ec9
selectivity_pD=0.25_manifold_mixture,mixture,manifold mixture pD=0.25,0.25,0.24999999999999994,1000000.0,8.0,8e-06,0.0,0.0,0.1,100000.0,0.1,100000.0,1.0,1000000.0,1.0,1000000.0,0.01,10000.0,9.431736525586246e-06,0.00015055630572503842,0.0001599880422506247,0.13948709560458583,0.007137285353946307,0.14662438095853214,0.8532156309992166,0.0001599880422506247,0.9999999999999993,6.661338147750939e-16,constant-generator matrix exponential Pade(13),2,dimensionless populations/per-encounter yields,dimensionless per encounter unless field name gives s^-1 or s,True,"Illustrative one-factor-at-a-time grid; bounds are not measured ranges or probability priors. Results are populations and per-encounter yields, not concentrations or biological fluxes. No encounter yield is converted to molarity, and no continuous biological ROS source is modeled.",ae188e2ba41fafda0a98499db6e2918fccc0fc4f,1afbda6f7c930e34dd90ab95767796d038c4429c4f4c40c50f3e68f50bf98a71,configs/doxorubicin_parameters.json,0b7d200aedee3aed703b810ad54927a2126d9ee0952f6ef87cf5ebb57992d345,configs/parameter_provenance.csv,86c4261fcb9616a643db79340fe0b7398ba10a5c46464e67e8b697bcfc3a4ec9
selectivity_pD=0.25_manifold_mixture,mixture,manifold mixture pD=0.25,0.25,0.24999999999999994,1000000.0,8.0,8e-06,0.0,0.0,0.1,100000.0,0.1,100000.0,1.0,1000000.0,1.0,1000000.0,0.1,100000.0,5.0555945278805345e-06,7.389218289966928e-05,7.89477774275498e-05,0.1377644525514209,0.06585383155633906,0.20361828410775995,0.7963027681148116,7.89477774275498e-05,0.9999999999999991,8.881784197001252e-16,constant-generator matrix exponential Pade(13),2,dimensionless populations/per-encounter yields,dimensionless per encounter unless field name gives s^-1 or s,True,"Illustrative one-factor-at-a-time grid; bounds are not measured ranges or probability priors. Results are populations and per-encounter yields, not concentrations or biological fluxes. No encounter yield is converted to molarity, and no continuous biological ROS source is modeled.",ae188e2ba41fafda0a98499db6e2918fccc0fc4f,1afbda6f7c930e34dd90ab95767796d038c4429c4f4c40c50f3e68f50bf98a71,configs/doxorubicin_parameters.json,0b7d200aedee3aed703b810ad54927a2126d9ee0952f6ef87cf5ebb57992d345,configs/parameter_provenance.csv,86c4261fcb9616a643db79340fe0b7398ba10a5c46464e67e8b697bcfc3a4ec9
selectivity_pD=0.25_manifold_mixture,mixture,manifold mixture pD=0.25,0.25,0.24999999999999994,1000000.0,8.0,8e-06,0.0,0.0,0.1,100000.0,0.1,100000.0,1.0,1000000.0,1.0,1000000.0,1.0,1000000.0,3.561835324577498e-08,7.691682147348459e-08,1.1253517471925958e-07,0.1287878608926397,0.3712120828397726,0.4999999437324123,0.4999999437324123,1.1253517471925958e-07,0.9999999999999993,6.661338147750939e-16,constant-generator matrix exponential Pade(13),2,dimensionless populations/per-encounter yields,dimensionless per encounter unless field name gives s^-1 or s,True,"Illustrative one-factor-at-a-time grid; bounds are not measured ranges or probability priors. Results are populations and per-encounter yields, not concentrations or biological fluxes. No encounter yield is converted to molarity, and no continuous biological ROS source is modeled.",ae188e2ba41fafda0a98499db6e2918fccc0fc4f,1afbda6f7c930e34dd90ab95767796d038c4429c4f4c40c50f3e68f50bf98a71,configs/doxorubicin_parameters.json,0b7d200aedee3aed703b810ad54927a2126d9ee0952f6ef87cf5ebb57992d345,configs/parameter_provenance.csv,86c4261fcb9616a643db79340fe0b7398ba10a5c46464e67e8b697bcfc3a4ec9
selectivity_pD=0.25_manifold_mixture,mixture,manifold mixture pD=0.25,0.25,0.24999999999999994,1000000.0,8.0,8e-06,0.0,0.0,0.1,100000.0,0.1,100000.0,1.0,1000000.0,1.0,1000000.0,10.0,10000000.0,9.97708992097342e-09,1.4889520726040623e-10,1.0125985128233826e-08,0.1193502778069319,0.6920903947819489,0.8114406725888808,0.18855931728512682,1.0125985128233826e-08,0.9999999999999927,7.327471962526033e-15,constant-generator matrix exponential Pade(13),2,dimensionless populations/per-encounter yields,dimensionless per encounter unless field name gives s^-1 or s,True,"Illustrative one-factor-at-a-time grid; bounds are not measured ranges or probability priors. Results are populations and per-encounter yields, not concentrations or biological fluxes. No encounter yield is converted to molarity, and no continuous biological ROS source is modeled.",ae188e2ba41fafda0a98499db6e2918fccc0fc4f,1afbda6f7c930e34dd90ab95767796d038c4429c4f4c40c50f3e68f50bf98a71,configs/doxorubicin_parameters.json,0b7d200aedee3aed703b810ad54927a2126d9ee0952f6ef87cf5ebb57992d345,configs/parameter_provenance.csv,86c4261fcb9616a643db79340fe0b7398ba10a5c46464e67e8b697bcfc3a4ec9
selectivity_pD=0.25_manifold_mixture,mixture,manifold mixture pD=0.25,0.25,0.24999999999999994,1000000.0,8.0,8e-06,0.0,0.0,0.1,100000.0,0.1,100000.0,10.0,10000000.0,1.0,1000000.0,0.0,0.0,5.441477163143017e-37,8.767459627037247e-36,9.311607343351548e-36,0.022903033908387695,0.0,0.022903033908387695,0.9770969660916052,9.311607343351548e-36,0.9999999999999929,7.105427357601002e-15,constant-generator matrix exponential Pade(13),2,dimensionless populations/per-encounter yields,dimensionless per encounter unless field name gives s^-1 or s,True,"Illustrative one-factor-at-a-time grid; bounds are not measured ranges or probability priors. Results are populations and per-encounter yields, not concentrations or biological fluxes. No encounter yield is converted to molarity, and no continuous biological ROS source is modeled.",ae188e2ba41fafda0a98499db6e2918fccc0fc4f,1afbda6f7c930e34dd90ab95767796d038c4429c4f4c40c50f3e68f50bf98a71,configs/doxorubicin_parameters.json,0b7d200aedee3aed703b810ad54927a2126d9ee0952f6ef87cf5ebb57992d345,configs/parameter_provenance.csv,86c4261fcb9616a643db79340fe0b7398ba10a5c46464e67e8b697bcfc3a4ec9
selectivity_pD=0.25_manifold_mixture,mixture,manifold mixture pD=0.25,0.25,0.24999999999999994,1000000.0,8.0,8e-06,0.0,0.0,0.1,100000.0,0.1,100000.0,10.0,10000000.0,1.0,1000000.0,0.01,10000.0,5.074449831992513e-37,8.100209523657704e-36,8.607654506856955e-36,0.022902589337184184,0.0007473241930978689,0.023649913530282052,0.9763500864697108,8.607654506856955e-36,0.9999999999999928,7.216449660063518e-15,constant-generator matrix exponential Pade(13),2,dimensionless populations/per-encounter yields,dimensionless per encounter unless field name gives s^-1 or s,True,"Illustrative one-factor-at-a-time grid; bounds are not measured ranges or probability priors. Results are populations and per-encounter yields, not concentrations or biological fluxes. No encounter yield is converted to molarity, and no continuous biological ROS source is modeled.",ae188e2ba41fafda0a98499db6e2918fccc0fc4f,1afbda6f7c930e34dd90ab95767796d038c4429c4f4c40c50f3e68f50bf98a71,configs/doxorubicin_parameters.json,0b7d200aedee3aed703b810ad54927a2126d9ee0952f6ef87cf5ebb57992d345,configs/parameter_provenance.csv,86c4261fcb9616a643db79340fe0b7398ba10a5c46464e67e8b697bcfc3a4ec9
selectivity_pD=0.25_manifold_mixture,mixture,manifold mixture pD=0.25,0.25,0.24999999999999994,1000000.0,8.0,8e-06,0.0,0.0,0.1,100000.0,0.1,100000.0,10.0,10000000.0,1.0,1000000.0,0.1,100000.0,2.720003970958139e-37,3.975536997705544e-36,4.2475373948013576e-36,0.022898627554927102,0.007407080167285096,0.030305707722212197,0.9696942922777807,4.2475373948013576e-36,0.9999999999999929,7.105427357601002e-15,constant-generator matrix exponential Pade(13),2,dimensionless populations/per-encounter yields,dimensionless per encounter unless field name gives s^-1 or s,True,"Illustrative one-factor-at-a-time grid; bounds are not measured ranges or probability priors. Results are populations and per-encounter yields, not concentrations or biological fluxes. No encounter yield is converted to molarity, and no continuous biological ROS source is modeled.",ae188e2ba41fafda0a98499db6e2918fccc0fc4f,1afbda6f7c930e34dd90ab95767796d038c4429c4f4c40c50f3e68f50bf98a71,configs/doxorubicin_parameters.json,0b7d200aedee3aed703b810ad54927a2126d9ee0952f6ef87cf5ebb57992d345,configs/parameter_provenance.csv,86c4261fcb9616a643db79340fe0b7398ba10a5c46464e67e8b697bcfc3a4ec9
selectivity_pD=0.25_manifold_mixture,mixture,manifold mixture pD=0.25,0.25,0.24999999999999994,1000000.0,8.0,8e-06,0.0,0.0,0.1,100000.0,0.1,100000.0,10.0,10000000.0,1.0,1000000.0,1.0,1000000.0,1.9163337117566042e-39,4.138268183644543e-39,6.054601895401147e-39,0.022862554112553952,0.0680465367965363,0.09090909090909025,0.9090909090909027,6.054601895401147e-39,0.999999999999993,6.994405055138486e-15,constant-generator matrix exponential Pade(13),2,dimensionless populations/per-encounter yields,dimensionless per encounter unless field name gives s^-1 or s,True,"Illustrative one-factor-at-a-time grid; bounds are not measured ranges or probability priors. Results are populations and per-encounter yields, not concentrations or biological fluxes. No encounter yield is converted to molarity, and no continuous biological ROS source is modeled.",ae188e2ba41fafda0a98499db6e2918fccc0fc4f,1afbda6f7c930e34dd90ab95767796d038c4429c4f4c40c50f3e68f50bf98a71,configs/doxorubicin_parameters.json,0b7d200aedee3aed703b810ad54927a2126d9ee0952f6ef87cf5ebb57992d345,configs/parameter_provenance.csv,86c4261fcb9616a643db79340fe0b7398ba10a5c46464e67e8b697bcfc3a4ec9
selectivity_pD=0.25_manifold_mixture,mixture,manifold mixture pD=0.25,0.25,0.24999999999999994,1000000.0,8.0,8e-06,0.0,0.0,0.1,100000.0,0.1,100000.0,10.0,10000000.0,1.0,1000000.0,10.0,10000000.0,5.3678601110107585e-40,8.010839333959228e-42,5.447968504350351e-40,0.022679797075499688,0.3752611160847481,0.39794091316024777,0.6020590868397451,5.447968504350351e-40,0.9999999999999929,7.105427357601002e-15,constant-generator matrix exponential Pade(13),2,dimensionless populations/per-encounter yields,dimensionless per encounter unless field name gives s^-1 or s,True,"Illustrative one-factor-at-a-time grid; bounds are not measured ranges or probability priors. Results are populations and per-encounter yields, not concentrations or biological fluxes. No encounter yield is converted to molarity, and no continuous biological ROS source is modeled.",ae188e2ba41fafda0a98499db6e2918fccc0fc4f,1afbda6f7c930e34dd90ab95767796d038c4429c4f4c40c50f3e68f50bf98a71,configs/doxorubicin_parameters.json,0b7d200aedee3aed703b810ad54927a2126d9ee0952f6ef87cf5ebb57992d345,configs/parameter_provenance.csv,86c4261fcb9616a643db79340fe0b7398ba10a5c46464e67e8b697bcfc3a4ec9
selectivity_pD=0.25_manifold_mixture,mixture,manifold mixture pD=0.25,0.25,0.24999999999999994,1000000.0,8.0,8e-06,1.0,1000000.0,0.1,100000.0,0.1,100000.0,0.1,100000.0,1.0,1000000.0,0.0,0.0,0.015469630535585494,0.1179900161572156,0.1334596466928011,0.5381411194210444,0.0,0.5381411194210444,0.32839923388615355,0.1334596466928011,0.999999999999999,9.992007221626409e-16,constant-generator matrix exponential Pade(13),2,dimensionless populations/per-encounter yields,dimensionless per encounter unless field name gives s^-1 or s,True,"Illustrative one-factor-at-a-time grid; bounds are not measured ranges or probability priors. Results are populations and per-encounter yields, not concentrations or biological fluxes. No encounter yield is converted to molarity, and no continuous biological ROS source is modeled.",ae188e2ba41fafda0a98499db6e2918fccc0fc4f,1afbda6f7c930e34dd90ab95767796d038c4429c4f4c40c50f3e68f50bf98a71,configs/doxorubicin_parameters.json,0b7d200aedee3aed703b810ad54927a2126d9ee0952f6ef87cf5ebb57992d345,configs/parameter_provenance.csv,86c4261fcb9616a643db79340fe0b7398ba10a5c46464e67e8b697bcfc3a4ec9
selectivity_pD=0.25_manifold_mixture,mixture,manifold mixture pD=0.25,0.25,0.24999999999999994,1000000.0,8.0,8e-06,1.0,1000000.0,0.1,100000.0,0.1,100000.0,0.1,100000.0,1.0,1000000.0,0.01,10000.0,0.01445383536502688,0.10923948639055633,0.12369332175558322,0.5292669843640896,0.02673754504035622,0.5560045294044458,0.32030214883997116,0.12369332175558322,1.0,0.0,constant-generator matrix exponential Pade(13),2,dimensionless populations/per-encounter yields,dimensionless per encounter unless field name gives s^-1 or s,True,"Illustrative one-factor-at-a-time grid; bounds are not measured ranges or probability priors. Results are populations and per-encounter yields, not concentrations or biological fluxes. No encounter yield is converted to molarity, and no continuous biological ROS source is modeled.",ae188e2ba41fafda0a98499db6e2918fccc0fc4f,1afbda6f7c930e34dd90ab95767796d038c4429c4f4c40c50f3e68f50bf98a71,configs/doxorubicin_parameters.json,0b7d200aedee3aed703b810ad54927a2126d9ee0952f6ef87cf5ebb57992d345,configs/parameter_provenance.csv,86c4261fcb9616a643db79340fe0b7398ba10a5c46464e67e8b697bcfc3a4ec9
selectivity_pD=0.25_manifold_mixture,mixture,manifold mixture pD=0.25,0.25,0.24999999999999994,1000000.0,8.0,8e-06,1.0,1000000.0,0.1,100000.0,0.1,100000.0,0.1,100000.0,1.0,1000000.0,0.1,100000.0,0.00789515396238435,0.054774288350455905,0.06266944231284025,0.4623680950555278,0.21436282656303923,0.6767309216185671,0.26059963606859193,0.06266944231284025,0.9999999999999992,7.771561172376096e-16,constant-generator matrix exponential Pade(13),2,dimensionless populations/per-encounter yields,dimensionless per encounter unless field name gives s^-1 or s,True,"Illustrative one-factor-at-a-time grid; bounds are not measured ranges or probability priors. Results are populations and per-encounter yields, not concentrations or biological fluxes. No encounter yield is converted to molarity, and no continuous biological ROS source is modeled.",ae188e2ba41fafda0a98499db6e2918fccc0fc4f,1afbda6f7c930e34dd90ab95767796d038c4429c4f4c40c50f3e68f50bf98a71,configs/doxorubicin_parameters.json,0b7d200aedee3aed703b810ad54927a2126d9ee0952f6ef87cf5ebb57992d345,configs/parameter_provenance.csv,86c4261fcb9616a643db79340fe0b7398ba10a5c46464e67e8b697bcfc3a4ec9
selectivity_pD=0.25_manifold_mixture,mixture,manifold mixture pD=0.25,0.25,0.24999999999999994,1000000.0,8.0,8e-06,1.0,1000000.0,0.1,100000.0,0.1,100000.0,0.1,100000.0,1.0,1000000.0,1.0,1000000.0,4.964500757640333e-05,0.00010108806751907314,0.00015073307509547648,0.2547686047871046,0.654185274235535,0.9089538790226396,0.09089538790226395,0.00015073307509547648,0.999999999999999,9.992007221626409e-16,constant-generator matrix exponential Pade(13),2,dimensionless populations/per-encounter yields,dimensionless per encounter unless field name gives s^-1 or s,True,"Illustrative one-factor-at-a-time grid; bounds are not measured ranges or probability priors. Results are populations and per-encounter yields, not concentrations or biological fluxes. No encounter yield is converted to molarity, and no continuous biological ROS source is modeled.",ae188e2ba41fafda0a98499db6e2918fccc0fc4f,1afbda6f7c930e34dd90ab95767796d038c4429c4f4c40c50f3e68f50bf98a71,configs/doxorubicin_parameters.json,0b7d200aedee3aed703b810ad54927a2126d9ee0952f6ef87cf5ebb57992d345,configs/parameter_provenance.csv,86c4261fcb9616a643db79340fe0b7398ba10a5c46464e67e8b697bcfc3a4ec9
selectivity_pD=0.25_manifold_mixture,mixture,manifold mixture pD=0.25,0.25,0.24999999999999994,1000000.0,8.0,8e-06,1.0,1000000.0,0.1,100000.0,0.1,100000.0,0.1,100000.0,1.0,1000000.0,10.0,10000000.0,6.4203118667414476e-06,1.6734344943291563e-07,6.587655316174364e-06,0.19711914053625187,0.7754082750047525,0.9725274155410044,0.02746599680367271,6.587655316174364e-06,0.9999999999999932,6.772360450213455e-15,constant-generator matrix exponential Pade(13),2,dimensionless populations/per-encounter yields,dimensionless per encounter unless field name gives s^-1 or s,True,"Illustrative one-factor-at-a-time grid; bounds are not measured ranges or probability priors. Results are populations and per-encounter yields, not concentrations or biological fluxes. No encounter yield is converted to molarity, and no continuous biological ROS source is modeled.",ae188e2ba41fafda0a98499db6e2918fccc0fc4f,1afbda6f7c930e34dd90ab95767796d038c4429c4f4c40c50f3e68f50bf98a71,configs/doxorubicin_parameters.json,0b7d200aedee3aed703b810ad54927a2126d9ee0952f6ef87cf5ebb57992d345,configs/parameter_provenance.csv,86c4261fcb9616a643db79340fe0b7398ba10a5c46464e67e8b697bcfc3a4ec9
selectivity_pD=0.25_manifold_mixture,mixture,manifold mixture pD=0.25,0.25,0.24999999999999994,1000000.0,8.0,8e-06,1.0,1000000.0,0.1,100000.0,0.1,100000.0,1.0,1000000.0,1.0,1000000.0,0.0,0.0,1.154940661869868e-05,8.80896715931123e-05,9.963907821181097e-05,0.1581616246959821,0.0,0.1581616246959821,0.8417387362258053,9.963907821181097e-05,0.9999999999999992,7.771561172376096e-16,constant-generator matrix exponential Pade(13),2,dimensionless populations/per-encounter yields,dimensionless per encounter unless field name gives s^-1 or s,True,"Illustrative one-factor-at-a-time grid; bounds are not measured ranges or probability priors. Results are populations and per-encounter yields, not concentrations or biological fluxes. No encounter yield is converted to molarity, and no continuous biological ROS source is modeled.",ae188e2ba41fafda0a98499db6e2918fccc0fc4f,1afbda6f7c930e34dd90ab95767796d038c4429c4f4c40c50f3e68f50bf98a71,configs/doxorubicin_parameters.json,0b7d200aedee3aed703b810ad54927a2126d9ee0952f6ef87cf5ebb57992d345,configs/parameter_provenance.csv,86c4261fcb9616a643db79340fe0b7398ba10a5c46464e67e8b697bcfc3a4ec9
selectivity_pD=0.25_manifold_mixture,mixture,manifold mixture pD=0.25,0.25,0.24999999999999994,1000000.0,8.0,8e-06,1.0,1000000.0,0.1,100000.0,0.1,100000.0,1.0,1000000.0,1.0,1000000.0,0.01,10000.0,1.079102836014201e-05,8.155665025354664e-05,9.234767861368866e-05,0.1576870918025677,0.006777559096200495,0.16446465089876822,0.8354430014226174,9.234767861368866e-05,0.9999999999999993,6.661338147750939e-16,constant-generator matrix exponential Pade(13),2,dimensionless populations/per-encounter yields,dimensionless per encounter unless field name gives s^-1 or s,True,"Illustrative one-factor-at-a-time grid; bounds are not measured ranges or probability priors. Results are populations and per-encounter yields, not concentrations or biological fluxes. No encounter yield is converted to molarity, and no continuous biological ROS source is modeled.",ae188e2ba41fafda0a98499db6e2918fccc0fc4f,1afbda6f7c930e34dd90ab95767796d038c4429c4f4c40c50f3e68f50bf98a71,configs/doxorubicin_parameters.json,0b7d200aedee3aed703b810ad54927a2126d9ee0952f6ef87cf5ebb57992d345,configs/parameter_provenance.csv,86c4261fcb9616a643db79340fe0b7398ba10a5c46464e67e8b697bcfc3a4ec9
selectivity_pD=0.25_manifold_mixture,mixture,manifold mixture pD=0.25,0.25,0.24999999999999994,1000000.0,8.0,8e-06,1.0,1000000.0,0.1,100000.0,0.1,100000.0,1.0,1000000.0,1.0,1000000.0,0.1,100000.0,5.894409903265068e-06,4.08937063463825e-05,4.678811624964756e-05,0.15375941955708133,0.06294857934268971,0.21670799889977105,0.7832452129839784,4.678811624964756e-05,0.9999999999999992,7.771561172376096e-16,constant-generator matrix exponential Pade(13),2,dimensionless populations/per-encounter yields,dimensionless per encounter unless field name gives s^-1 or s,True,"Illustrative one-factor-at-a-time grid; bounds are not measured ranges or probability priors. Results are populations and per-encounter yields, not concentrations or biological fluxes. No encounter yield is converted to molarity, and no continuous biological ROS source is modeled.",ae188e2ba41fafda0a98499db6e2918fccc0fc4f,1afbda6f7c930e34dd90ab95767796d038c4429c4f4c40c50f3e68f50bf98a71,configs/doxorubicin_parameters.json,0b7d200aedee3aed703b810ad54927a2126d9ee0952f6ef87cf5ebb57992d345,configs/parameter_provenance.csv,86c4261fcb9616a643db79340fe0b7398ba10a5c46464e67e8b697bcfc3a4ec9
selectivity_pD=0.25_manifold_mixture,mixture,manifold mixture pD=0.25,0.25,0.24999999999999994,1000000.0,8.0,8e-06,1.0,1000000.0,0.1,100000.0,0.1,100000.0,1.0,1000000.0,1.0,1000000.0,1.0,1000000.0,3.706425811329553e-08,7.547091660596375e-08,1.1253517471925928e-07,0.13311192257910712,0.36688802115330466,0.49999994373241174,0.49999994373241186,1.1253517471925928e-07,0.9999999999999983,1.6653345369377348e-15,constant-generator matrix exponential Pade(13),2,dimensionless populations/per-encounter yields,dimensionless per encounter unless field name gives s^-1 or s,True,"Illustrative one-factor-at-a-time grid; bounds are not measured ranges or probability priors. Results are populations and per-encounter yields, not concentrations or biological fluxes. No encounter yield is converted to molarity, and no continuous biological ROS source is modeled.",ae188e2ba41fafda0a98499db6e2918fccc0fc4f,1afbda6f7c930e34dd90ab95767796d038c4429c4f4c40c50f3e68f50bf98a71,configs/doxorubicin_parameters.json,0b7d200aedee3aed703b810ad54927a2126d9ee0952f6ef87cf5ebb57992d345,configs/parameter_provenance.csv,86c4261fcb9616a643db79340fe0b7398ba10a5c46464e67e8b697bcfc3a4ec9
selectivity_pD=0.25_manifold_mixture,mixture,manifold mixture pD=0.25,0.25,0.24999999999999994,1000000.0,8.0,8e-06,1.0,1000000.0,0.1,100000.0,0.1,100000.0,1.0,1000000.0,1.0,1000000.0,10.0,10000000.0,4.793313725061491e-09,1.2493624447141174e-10,4.918249969532902e-09,0.11682878614995768,0.6966749298016612,0.813503715951619,0.18649627913012384,4.918249969532902e-09,0.9999999999999928,7.216449660063518e-15,constant-generator matrix exponential Pade(13),2,dimensionless populations/per-encounter yields,dimensionless per encounter unless field name gives s^-1 or s,True,"Illustrative one-factor-at-a-time grid; bounds are not measured ranges or probability priors. Results are populations and per-encounter yields, not concentrations or biological fluxes. No encounter yield is converted to molarity, and no continuous biological ROS source is modeled.",ae188e2ba41fafda0a98499db6e2918fccc0fc4f,1afbda6f7c930e34dd90ab95767796d038c4429c4f4c40c50f3e68f50bf98a71,configs/doxorubicin_parameters.json,0b7d200aedee3aed703b810ad54927a2126d9ee0952f6ef87cf5ebb57992d345,configs/parameter_provenance.csv,86c4261fcb9616a643db79340fe0b7398ba10a5c46464e67e8b697bcfc3a4ec9
selectivity_pD=0.25_manifold_mixture,mixture,manifold mixture pD=0.25,0.25,0.24999999999999994,1000000.0,8.0,8e-06,1.0,1000000.0,0.1,100000.0,0.1,100000.0,10.0,10000000.0,1.0,1000000.0,0.0,0.0,6.213795764638013e-37,4.739388319460751e-36,5.3607678959245525e-36,0.022956312156133148,0.0,0.022956312156133148,0.9770436878438596,5.3607678959245525e-36,0.9999999999999928,7.216449660063518e-15,constant-generator matrix exponential Pade(13),2,dimensionless populations/per-encounter yields,dimensionless per encounter unless field name gives s^-1 or s,True,"Illustrative one-factor-at-a-time grid; bounds are not measured ranges or probability priors. Results are populations and per-encounter yields, not concentrations or biological fluxes. No encounter yield is converted to molarity, and no continuous biological ROS source is modeled.",ae188e2ba41fafda0a98499db6e2918fccc0fc4f,1afbda6f7c930e34dd90ab95767796d038c4429c4f4c40c50f3e68f50bf98a71,configs/doxorubicin_parameters.json,0b7d200aedee3aed703b810ad54927a2126d9ee0952f6ef87cf5ebb57992d345,configs/parameter_provenance.csv,86c4261fcb9616a643db79340fe0b7398ba10a5c46464e67e8b697bcfc3a4ec9
selectivity_pD=0.25_manifold_mixture,mixture,manifold mixture pD=0.25,0.25,0.24999999999999994,1000000.0,8.0,8e-06,1.0,1000000.0,0.1,100000.0,0.1,100000.0,10.0,10000000.0,1.0,1000000.0,0.01,10000.0,5.805774143563024e-37,4.387899609518089e-36,4.968477023874391e-36,0.022955708797376483,0.0007467404627660855,0.023702449260142568,0.9762975507398504,4.968477023874391e-36,0.9999999999999929,7.105427357601002e-15,constant-generator matrix exponential Pade(13),2,dimensionless populations/per-encounter yields,dimensionless per encounter unless field name gives s^-1 or s,True,"Illustrative one-factor-at-a-time grid; bounds are not measured ranges or probability priors. Results are populations and per-encounter yields, not concentrations or biological fluxes. No encounter yield is converted to molarity, and no continuous biological ROS source is modeled.",ae188e2ba41fafda0a98499db6e2918fccc0fc4f,1afbda6f7c930e34dd90ab95767796d038c4429c4f4c40c50f3e68f50bf98a71,configs/doxorubicin_parameters.json,0b7d200aedee3aed703b810ad54927a2126d9ee0952f6ef87cf5ebb57992d345,configs/parameter_provenance.csv,86c4261fcb9616a643db79340fe0b7398ba10a5c46464e67e8b697bcfc3a4ec9
selectivity_pD=0.25_manifold_mixture,mixture,manifold mixture pD=0.25,0.25,0.24999999999999994,1000000.0,8.0,8e-06,1.0,1000000.0,0.1,100000.0,0.1,100000.0,10.0,10000000.0,1.0,1000000.0,0.1,100000.0,3.1713022583037895e-37,2.200157529167753e-36,2.517287754998132e-36,0.022950336203516816,0.007401448532290175,0.03035178473580699,0.969648215264186,2.517287754998132e-36,0.999999999999993,6.994405055138486e-15,constant-generator matrix exponential Pade(13),2,dimensionless populations/per-encounter yields,dimensionless per encounter unless field name gives s^-1 or s,True,"Illustrative one-factor-at-a-time grid; bounds are not measured ranges or probability priors. Results are populations and per-encounter yields, not concentrations or biological fluxes. No encounter yield is converted to molarity, and no continuous biological ROS source is modeled.",ae188e2ba41fafda0a98499db6e2918fccc0fc4f,1afbda6f7c930e34dd90ab95767796d038c4429c4f4c40c50f3e68f50bf98a71,configs/doxorubicin_parameters.json,0b7d200aedee3aed703b810ad54927a2126d9ee0952f6ef87cf5ebb57992d345,configs/parameter_provenance.csv,86c4261fcb9616a643db79340fe0b7398ba10a5c46464e67e8b697bcfc3a4ec9
selectivity_pD=0.25_manifold_mixture,mixture,manifold mixture pD=0.25,0.25,0.24999999999999994,1000000.0,8.0,8e-06,1.0,1000000.0,0.1,100000.0,0.1,100000.0,10.0,10000000.0,1.0,1000000.0,1.0,1000000.0,1.9941260853260225e-39,4.0604758100751283e-39,6.05460189540115e-39,0.022901784715688378,0.06800730619340188,0.09090909090909026,0.9090909090909027,6.05460189540115e-39,0.999999999999993,6.994405055138486e-15,constant-generator matrix exponential Pade(13),2,dimensionless populations/per-encounter yields,dimensionless per encounter unless field name gives s^-1 or s,True,"Illustrative one-factor-at-a-time grid; bounds are not measured ranges or probability priors. Results are populations and per-encounter yields, not concentrations or biological fluxes. No encounter yield is converted to molarity, and no continuous biological ROS source is modeled.",ae188e2ba41fafda0a98499db6e2918fccc0fc4f,1afbda6f7c930e34dd90ab95767796d038c4429c4f4c40c50f3e68f50bf98a71,configs/doxorubicin_parameters.json,0b7d200aedee3aed703b810ad54927a2126d9ee0952f6ef87cf5ebb57992d345,configs/parameter_provenance.csv,86c4261fcb9616a643db79340fe0b7398ba10a5c46464e67e8b697bcfc3a4ec9
selectivity_pD=0.25_manifold_mixture,mixture,manifold mixture pD=0.25,0.25,0.24999999999999994,1000000.0,8.0,8e-06,1.0,1000000.0,0.1,100000.0,0.1,100000.0,10.0,10000000.0,1.0,1000000.0,10.0,10000000.0,2.5788920164215575e-40,6.721802533901279e-42,2.6461100417605707e-40,0.022669914040554823,0.37531547277694477,0.3979853868174996,0.602014613182493,2.6461100417605707e-40,0.9999999999999927,7.327471962526033e-15,constant-generator matrix exponential Pade(13),2,dimensionless populations/per-encounter yields,dimensionless per encounter unless field name gives s^-1 or s,True,"Illustrative one-factor-at-a-time grid; bounds are not measured ranges or probability priors. Results are populations and per-encounter yields, not concentrations or biological fluxes. No encounter yield is converted to molarity, and no continuous biological ROS source is modeled.",ae188e2ba41fafda0a98499db6e2918fccc0fc4f,1afbda6f7c930e34dd90ab95767796d038c4429c4f4c40c50f3e68f50bf98a71,configs/doxorubicin_parameters.json,0b7d200aedee3aed703b810ad54927a2126d9ee0952f6ef87cf5ebb57992d345,configs/parameter_provenance.csv,86c4261fcb9616a643db79340fe0b7398ba10a5c46464e67e8b697bcfc3a4ec9
selectivity_pD=0.25_manifold_mixture,mixture,manifold mixture pD=0.25,0.25,0.24999999999999994,1000000.0,8.0,8e-06,10.0,10000000.0,0.1,100000.0,0.1,100000.0,0.1,100000.0,1.0,1000000.0,0.0,0.0,0.013984150986997183,0.09831454013046535,0.11229869111746255,0.5960029911560472,0.0,0.5960029911560472,0.2916983177264887,0.11229869111746255,0.9999999999999984,1.5543122344752192e-15,constant-generator matrix exponential Pade(13),2,dimensionless populations/per-encounter yields,dimensionless per encounter unless field name gives s^-1 or s,True,"Illustrative one-factor-at-a-time grid; bounds are not measured ranges or probability priors. Results are populations and per-encounter yields, not concentrations or biological fluxes. No encounter yield is converted to molarity, and no continuous biological ROS source is modeled.",ae188e2ba41fafda0a98499db6e2918fccc0fc4f,1afbda6f7c930e34dd90ab95767796d038c4429c4f4c40c50f3e68f50bf98a71,configs/doxorubicin_parameters.json,0b7d200aedee3aed703b810ad54927a2126d9ee0952f6ef87cf5ebb57992d345,configs/parameter_provenance.csv,86c4261fcb9616a643db79340fe0b7398ba10a5c46464e67e8b697bcfc3a4ec9
selectivity_pD=0.25_manifold_mixture,mixture,manifold mixture pD=0.25,0.25,0.24999999999999994,1000000.0,8.0,8e-06,10.0,10000000.0,0.1,100000.0,0.1,100000.0,0.1,100000.0,1.0,1000000.0,0.01,10000.0,0.013096262277207987,0.09120906084374975,0.10430532312095775,0.5878514686235297,0.022641641944832466,0.6104931105683621,0.28520156631067756,0.10430532312095775,0.9999999999999974,2.55351295663786e-15,constant-generator matrix exponential Pade(13),2,dimensionless populations/per-encounter yields,dimensionless per encounter unless field name gives s^-1 or s,True,"Illustrative one-factor-at-a-time grid; bounds are not measured ranges or probability priors. Results are populations and per-encounter yields, not concentrations or biological fluxes. No encounter yield is converted to molarity, and no continuous biological ROS source is modeled.",ae188e2ba41fafda0a98499db6e2918fccc0fc4f,1afbda6f7c930e34dd90ab95767796d038c4429c4f4c40c50f3e68f50bf98a71,configs/doxorubicin_parameters.json,0b7d200aedee3aed703b810ad54927a2126d9ee0952f6ef87cf5ebb57992d345,configs/parameter_provenance.csv,86c4261fcb9616a643db79340fe0b7398ba10a5c46464e67e8b697bcfc3a4ec9
selectivity_pD=0.25_manifold_mixture,mixture,manifold mixture pD=0.25,0.25,0.24999999999999994,1000000.0,8.0,8e-06,10.0,10000000.0,0.1,100000.0,0.1,100000.0,0.1,100000.0,1.0,1000000.0,0.1,100000.0,0.007302833377682975,0.04658159736520837,0.05388443074289136,0.5247984669992358,0.1844186277789736,0.7092170947782095,0.23689847447889717,0.05388443074289136,0.999999999999998,1.9984014443252818e-15,constant-generator matrix exponential Pade(13),2,dimensionless populations/per-encounter yields,dimensionless per encounter unless field name gives s^-1 or s,True,"Illustrative one-factor-at-a-time grid; bounds are not measured ranges or probability priors. Results are populations and per-encounter yields, not concentrations or biological fluxes. No encounter yield is converted to molarity, and no continuous biological ROS source is modeled.",ae188e2ba41fafda0a98499db6e2918fccc0fc4f,1afbda6f7c930e34dd90ab95767796d038c4429c4f4c40c50f3e68f50bf98a71,configs/doxorubicin_parameters.json,0b7d200aedee3aed703b810ad54927a2126d9ee0952f6ef87cf5ebb57992d345,configs/parameter_provenance.csv,86c4261fcb9616a643db79340fe0b7398ba10a5c46464e67e8b697bcfc3a4ec9
selectivity_pD=0.25_manifold_mixture,mixture,manifold mixture pD=0.25,0.25,0.24999999999999994,1000000.0,8.0,8e-06,10.0,10000000.0,0.1,100000.0,0.1,100000.0,0.1,100000.0,1.0,1000000.0,1.0,1000000.0,4.958564261061839e-05,0.00010114743248485767,0.00015073307509547607,0.28090769858523923,0.628046180437398,0.9089538790226372,0.09089538790226372,0.00015073307509547607,0.9999999999999964,3.552713678800501e-15,constant-generator matrix exponential Pade(13),2,dimensionless populations/per-encounter yields,dimensionless per encounter unless field name gives s^-1 or s,True,"Illustrative one-factor-at-a-time grid; bounds are not measured ranges or probability priors. Results are populations and per-encounter yields, not concentrations or biological fluxes. No encounter yield is converted to molarity, and no continuous biological ROS source is modeled.",ae188e2ba41fafda0a98499db6e2918fccc0fc4f,1afbda6f7c930e34dd90ab95767796d038c4429c4f4c40c50f3e68f50bf98a71,configs/doxorubicin_parameters.json,0b7d200aedee3aed703b810ad54927a2126d9ee0952f6ef87cf5ebb57992d345,configs/parameter_provenance.csv,86c4261fcb9616a643db79340fe0b7398ba10a5c46464e67e8b697bcfc3a4ec9
selectivity_pD=0.25_manifold_mixture,mixture,manifold mixture pD=0.25,0.25,0.24999999999999994,1000000.0,8.0,8e-06,10.0,10000000.0,0.1,100000.0,0.1,100000.0,0.1,100000.0,1.0,1000000.0,10.0,10000000.0,1.7227708885936085e-15,8.521809737350152e-16,2.5749518623286237e-15,0.08006722056178124,0.9028970865168622,0.9829643070786435,0.017035692921346744,2.5749518623286237e-15,0.9999999999999928,7.216449660063518e-15,constant-generator matrix exponential Pade(13),2,dimensionless populations/per-encounter yields,dimensionless per encounter unless field name gives s^-1 or s,True,"Illustrative one-factor-at-a-time grid; bounds are not measured ranges or probability priors. Results are populations and per-encounter yields, not concentrations or biological fluxes. No encounter yield is converted to molarity, and no continuous biological ROS source is modeled.",ae188e2ba41fafda0a98499db6e2918fccc0fc4f,1afbda6f7c930e34dd90ab95767796d038c4429c4f4c40c50f3e68f50bf98a71,configs/doxorubicin_parameters.json,0b7d200aedee3aed703b810ad54927a2126d9ee0952f6ef87cf5ebb57992d345,configs/parameter_provenance.csv,86c4261fcb9616a643db79340fe0b7398ba10a5c46464e67e8b697bcfc3a4ec9
selectivity_pD=0.25_manifold_mixture,mixture,manifold mixture pD=0.25,0.25,0.24999999999999994,1000000.0,8.0,8e-06,10.0,10000000.0,0.1,100000.0,0.1,100000.0,1.0,1000000.0,1.0,1000000.0,0.0,0.0,1.0440368669088813e-05,7.340024041848492e-05,8.384060908757374e-05,0.20530210301605006,0.0,0.20530210301605006,0.7946140563748594,8.384060908757374e-05,0.999999999999997,2.9976021664879227e-15,constant-generator matrix exponential Pade(13),2,dimensionless populations/per-encounter yields,dimensionless per encounter unless field name gives s^-1 or s,True,"Illustrative one-factor-at-a-time grid; bounds are not measured ranges or probability priors. Results are populations and per-encounter yields, not concentrations or biological fluxes. No encounter yield is converted to molarity, and no continuous biological ROS source is modeled.",ae188e2ba41fafda0a98499db6e2918fccc0fc4f,1afbda6f7c930e34dd90ab95767796d038c4429c4f4c40c50f3e68f50bf98a71,configs/doxorubicin_parameters.json,0b7d200aedee3aed703b810ad54927a2126d9ee0952f6ef87cf5ebb57992d345,configs/parameter_provenance.csv,86c4261fcb9616a643db79340fe0b7398ba10a5c46464e67e8b697bcfc3a4ec9
selectivity_pD=0.25_manifold_mixture,mixture,manifold mixture pD=0.25,0.25,0.24999999999999994,1000000.0,8.0,8e-06,10.0,10000000.0,0.1,100000.0,0.1,100000.0,1.0,1000000.0,1.0,1000000.0,0.01,10000.0,9.777483558942316e-06,6.809539042130865e-05,7.787287398025095e-05,0.20452614673780153,0.005850196372776367,0.2103763431105779,0.7895457840154385,7.787287398025095e-05,0.9999999999999966,3.4416913763379853e-15,constant-generator matrix exponential Pade(13),2,dimensionless populations/per-encounter yields,dimensionless per encounter unless field name gives s^-1 or s,True,"Illustrative one-factor-at-a-time grid; bounds are not measured ranges or probability priors. Results are populations and per-encounter yields, not concentrations or biological fluxes. No encounter yield is converted to molarity, and no continuous biological ROS source is modeled.",ae188e2ba41fafda0a98499db6e2918fccc0fc4f,1afbda6f7c930e34dd90ab95767796d038c4429c4f4c40c50f3e68f50bf98a71,configs/doxorubicin_parameters.json,0b7d200aedee3aed703b810ad54927a2126d9ee0952f6ef87cf5ebb57992d345,configs/parameter_provenance.csv,86c4261fcb9616a643db79340fe0b7398ba10a5c46464e67e8b697bcfc3a4ec9
selectivity_pD=0.25_manifold_mixture,mixture,manifold mixture pD=0.25,0.25,0.24999999999999994,1000000.0,8.0,8e-06,10.0,10000000.0,0.1,100000.0,0.1,100000.0,1.0,1000000.0,1.0,1000000.0,0.1,100000.0,5.452191760717628e-06,3.477715952438104e-05,4.022935128509867e-05,0.19788707650556686,0.0549259652397798,0.2528130417453467,0.7471467289033649,4.022935128509867e-05,0.9999999999999967,3.3306690738754696e-15,constant-generator matrix exponential Pade(13),2,dimensionless populations/per-encounter yields,dimensionless per encounter unless field name gives s^-1 or s,True,"Illustrative one-factor-at-a-time grid; bounds are not measured ranges or probability priors. Results are populations and per-encounter yields, not concentrations or biological fluxes. No encounter yield is converted to molarity, and no continuous biological ROS source is modeled.",ae188e2ba41fafda0a98499db6e2918fccc0fc4f,1afbda6f7c930e34dd90ab95767796d038c4429c4f4c40c50f3e68f50bf98a71,configs/doxorubicin_parameters.json,0b7d200aedee3aed703b810ad54927a2126d9ee0952f6ef87cf5ebb57992d345,configs/parameter_provenance.csv,86c4261fcb9616a643db79340fe0b7398ba10a5c46464e67e8b697bcfc3a4ec9
selectivity_pD=0.25_manifold_mixture,mixture,manifold mixture pD=0.25,0.25,0.24999999999999994,1000000.0,8.0,8e-06,10.0,10000000.0,0.1,100000.0,0.1,100000.0,1.0,1000000.0,1.0,1000000.0,1.0,1000000.0,3.701993707232598e-08,7.551523764693375e-08,1.1253517471925974e-07,0.15287458807061988,0.3471253556617912,0.4999999437324111,0.4999999437324112,1.1253517471925974e-07,0.999999999999997,2.9976021664879227e-15,constant-generator matrix exponential Pade(13),2,dimensionless populations/per-encounter yields,dimensionless per encounter unless field name gives s^-1 or s,True,"Illustrative one-factor-at-a-time grid; bounds are not measured ranges or probability priors. Results are populations and per-encounter yields, not concentrations or biological fluxes. No encounter yield is converted to molarity, and no continuous biological ROS source is modeled.",ae188e2ba41fafda0a98499db6e2918fccc0fc4f,1afbda6f7c930e34dd90ab95767796d038c4429c4f4c40c50f3e68f50bf98a71,configs/doxorubicin_parameters.json,0b7d200aedee3aed703b810ad54927a2126d9ee0952f6ef87cf5ebb57992d345,configs/parameter_provenance.csv,86c4261fcb9616a643db79340fe0b7398ba10a5c46464e67e8b697bcfc3a4ec9
selectivity_pD=0.25_manifold_mixture,mixture,manifold mixture pD=0.25,0.25,0.24999999999999994,1000000.0,8.0,8e-06,10.0,10000000.0,0.1,100000.0,0.1,100000.0,1.0,1000000.0,1.0,1000000.0,10.0,10000000.0,1.2861962965084637e-18,6.3622622115917975e-19,1.9224225176676436e-18,0.06605249900500781,0.7889954563545247,0.8550479553595325,0.14495204464046033,1.9224225176676436e-18,0.9999999999999928,7.216449660063518e-15,constant-generator matrix exponential Pade(13),2,dimensionless populations/per-encounter yields,dimensionless per encounter unless field name gives s^-1 or s,True,"Illustrative one-factor-at-a-time grid; bounds are not measured ranges or probability priors. Results are populations and per-encounter yields, not concentrations or biological fluxes. No encounter yield is converted to molarity, and no continuous biological ROS source is modeled.",ae188e2ba41fafda0a98499db6e2918fccc0fc4f,1afbda6f7c930e34dd90ab95767796d038c4429c4f4c40c50f3e68f50bf98a71,configs/doxorubicin_parameters.json,0b7d200aedee3aed703b810ad54927a2126d9ee0952f6ef87cf5ebb57992d345,configs/parameter_provenance.csv,86c4261fcb9616a643db79340fe0b7398ba10a5c46464e67e8b697bcfc3a4ec9
selectivity_pD=0.25_manifold_mixture,mixture,manifold mixture pD=0.25,0.25,0.24999999999999994,1000000.0,8.0,8e-06,10.0,10000000.0,0.1,100000.0,0.1,100000.0,10.0,10000000.0,1.0,1000000.0,0.0,0.0,5.617112701895071e-37,3.949069576417587e-36,4.5107808466070955e-36,0.02576916668036293,0.0,0.02576916668036293,0.9742308333196301,4.5107808466070955e-36,0.999999999999993,6.994405055138486e-15,constant-generator matrix exponential Pade(13),2,dimensionless populations/per-encounter yields,dimensionless per encounter unless field name gives s^-1 or s,True,"Illustrative one-factor-at-a-time grid; bounds are not measured ranges or probability priors. Results are populations and per-encounter yields, not concentrations or biological fluxes. No encounter yield is converted to molarity, and no continuous biological ROS source is modeled.",ae188e2ba41fafda0a98499db6e2918fccc0fc4f,1afbda6f7c930e34dd90ab95767796d038c4429c4f4c40c50f3e68f50bf98a71,configs/doxorubicin_parameters.json,0b7d200aedee3aed703b810ad54927a2126d9ee0952f6ef87cf5ebb57992d345,configs/parameter_provenance.csv,86c4261fcb9616a643db79340fe0b7398ba10a5c46464e67e8b697bcfc3a4ec9
selectivity_pD=0.25_manifold_mixture,mixture,manifold mixture pD=0.25,0.25,0.24999999999999994,1000000.0,8.0,8e-06,10.0,10000000.0,0.1,100000.0,0.1,100000.0,10.0,10000000.0,1.0,1000000.0,0.01,10000.0,5.2604681723653774e-37,3.663658771059536e-36,4.189705588296074e-36,0.02576145662033735,0.0007159080691071745,0.026477364689444526,0.9735226353105482,4.189705588296074e-36,0.9999999999999927,7.327471962526033e-15,constant-generator matrix exponential Pade(13),2,dimensionless populations/per-encounter yields,dimensionless per encounter unless field name gives s^-1 or s,True,"Illustrative one-factor-at-a-time grid; bounds are not measured ranges or probability priors. Results are populations and per-encounter yields, not concentrations or biological fluxes. No encounter yield is converted to molarity, and no continuous biological ROS source is modeled.",ae188e2ba41fafda0a98499db6e2918fccc0fc4f,1afbda6f7c930e34dd90ab95767796d038c4429c4f4c40c50f3e68f50bf98a71,configs/doxorubicin_parameters.json,0b7d200aedee3aed703b810ad54927a2126d9ee0952f6ef87cf5ebb57992d345,configs/parameter_provenance.csv,86c4261fcb9616a643db79340fe0b7398ba10a5c46464e67e8b697bcfc3a4ec9
selectivity_pD=0.25_manifold_mixture,mixture,manifold mixture pD=0.25,0.25,0.24999999999999994,1000000.0,8.0,8e-06,10.0,10000000.0,0.1,100000.0,0.1,100000.0,10.0,10000000.0,1.0,1000000.0,0.1,100000.0,2.933380665279445e-37,1.871075923579236e-36,2.164413990107181e-36,0.02569269412180706,0.007102775887723915,0.03279547000953097,0.967204529990462,2.164413990107181e-36,0.999999999999993,6.994405055138486e-15,constant-generator matrix exponential Pade(13),2,dimensionless populations/per-encounter yields,dimensionless per encounter unless field name gives s^-1 or s,True,"Illustrative one-factor-at-a-time grid; bounds are not measured ranges or probability priors. Results are populations and per-encounter yields, not concentrations or biological fluxes. No encounter yield is converted to molarity, and no continuous biological ROS source is modeled.",ae188e2ba41fafda0a98499db6e2918fccc0fc4f,1afbda6f7c930e34dd90ab95767796d038c4429c4f4c40c50f3e68f50bf98a71,configs/doxorubicin_parameters.json,0b7d200aedee3aed703b810ad54927a2126d9ee0952f6ef87cf5ebb57992d345,configs/parameter_provenance.csv,86c4261fcb9616a643db79340fe0b7398ba10a5c46464e67e8b697bcfc3a4ec9
selectivity_pD=0.25_manifold_mixture,mixture,manifold mixture pD=0.25,0.25,0.24999999999999994,1000000.0,8.0,8e-06,10.0,10000000.0,0.1,100000.0,0.1,100000.0,10.0,10000000.0,1.0,1000000.0,1.0,1000000.0,1.991741530813765e-39,4.062860364587298e-39,6.054601895401063e-39,0.025062836875292337,0.06584625403379793,0.09090909090909027,0.9090909090909025,6.054601895401063e-39,0.9999999999999928,7.216449660063518e-15,constant-generator matrix exponential Pade(13),2,dimensionless populations/per-encounter yields,dimensionless per encounter unless field name gives s^-1 or s,True,"Illustrative one-factor-at-a-time grid; bounds are not measured ranges or probability priors. Results are populations and per-encounter yields, not concentrations or biological fluxes. No encounter yield is converted to molarity, and no continuous biological ROS source is modeled.",ae188e2ba41fafda0a98499db6e2918fccc0fc4f,1afbda6f7c930e34dd90ab95767796d038c4429c4f4c40c50f3e68f50bf98a71,configs/doxorubicin_parameters.json,0b7d200aedee3aed703b810ad54927a2126d9ee0952f6ef87cf5ebb57992d345,configs/parameter_provenance.csv,86c4261fcb9616a643db79340fe0b7398ba10a5c46464e67e8b697bcfc3a4ec9
selectivity_pD=0.25_manifold_mixture,mixture,manifold mixture pD=0.25,0.25,0.24999999999999994,1000000.0,8.0,8e-06,10.0,10000000.0,0.1,100000.0,0.1,100000.0,10.0,10000000.0,1.0,1000000.0,10.0,10000000.0,6.919975513545288e-50,3.423015509723174e-50,1.0342991023268462e-49,0.02198963658577851,0.3790569987782111,0.4010466353639896,0.5989533646359961,1.0342991023268462e-49,0.9999999999999858,1.4210854715202004e-14,constant-generator matrix exponential Pade(13),2,dimensionless populations/per-encounter yields,dimensionless per encounter unless field name gives s^-1 or s,True,"Illustrative one-factor-at-a-time grid; bounds are not measured ranges or probability priors. Results are populations and per-encounter yields, not concentrations or biological fluxes. No encounter yield is converted to molarity, and no continuous biological ROS source is modeled.",ae188e2ba41fafda0a98499db6e2918fccc0fc4f,1afbda6f7c930e34dd90ab95767796d038c4429c4f4c40c50f3e68f50bf98a71,configs/doxorubicin_parameters.json,0b7d200aedee3aed703b810ad54927a2126d9ee0952f6ef87cf5ebb57992d345,configs/parameter_provenance.csv,86c4261fcb9616a643db79340fe0b7398ba10a5c46464e67e8b697bcfc3a4ec9
selectivity_pD=0.75_manifold_mixture,mixture,manifold mixture pD=0.75,0.75,0.7499999999999999,1000000.0,8.0,8e-06,0.0,0.0,0.1,100000.0,0.1,100000.0,0.1,100000.0,1.0,1000000.0,0.0,0.0,0.005981043820385073,0.09586354607922279,0.10184458989960787,0.6827741845321402,0.0,0.6827741845321402,0.21538122556825157,0.10184458989960787,0.9999999999999997,3.3306690738754696e-16,constant-generator matrix exponential Pade(13),2,dimensionless populations/per-encounter yields,dimensionless per encounter unless field name gives s^-1 or s,True,"Illustrative one-factor-at-a-time grid; bounds are not measured ranges or probability priors. Results are populations and per-encounter yields, not concentrations or biological fluxes. No encounter yield is converted to molarity, and no continuous biological ROS source is modeled.",ae188e2ba41fafda0a98499db6e2918fccc0fc4f,1afbda6f7c930e34dd90ab95767796d038c4429c4f4c40c50f3e68f50bf98a71,configs/doxorubicin_parameters.json,0b7d200aedee3aed703b810ad54927a2126d9ee0952f6ef87cf5ebb57992d345,configs/parameter_provenance.csv,86c4261fcb9616a643db79340fe0b7398ba10a5c46464e67e8b697bcfc3a4ec9
selectivity_pD=0.75_manifold_mixture,mixture,manifold mixture pD=0.75,0.75,0.7499999999999999,1000000.0,8.0,8e-06,0.0,0.0,0.1,100000.0,0.1,100000.0,0.1,100000.0,1.0,1000000.0,0.01,10000.0,0.005591652052598402,0.08875846398022905,0.09435011603282745,0.6806774028964544,0.014264067343733863,0.6949414702401883,0.210708413726984,0.09435011603282745,0.9999999999999998,2.220446049250313e-16,constant-generator matrix exponential Pade(13),2,dimensionless populations/per-encounter yields,dimensionless per encounter unless field name gives s^-1 or s,True,"Illustrative one-factor-at-a-time grid; bounds are not measured ranges or probability priors. Results are populations and per-encounter yields, not concentrations or biological fluxes. No encounter yield is converted to molarity, and no continuous biological ROS source is modeled.",ae188e2ba41fafda0a98499db6e2918fccc0fc4f,1afbda6f7c930e34dd90ab95767796d038c4429c4f4c40c50f3e68f50bf98a71,configs/doxorubicin_parameters.json,0b7d200aedee3aed703b810ad54927a2126d9ee0952f6ef87cf5ebb57992d345,configs/parameter_provenance.csv,86c4261fcb9616a643db79340fe0b7398ba10a5c46464e67e8b697bcfc3a4ec9
selectivity_pD=0.75_manifold_mixture,mixture,manifold mixture pD=0.75,0.75,0.7499999999999999,1000000.0,8.0,8e-06,0.0,0.0,0.1,100000.0,0.1,100000.0,0.1,100000.0,1.0,1000000.0,0.1,100000.0,0.0030746140093383615,0.04448464935436103,0.04755926336369939,0.6652535197100593,0.11033093247761755,0.7755844521876769,0.17685628444862345,0.04755926336369939,0.9999999999999998,2.220446049250313e-16,constant-generator matrix exponential Pade(13),2,dimensionless populations/per-encounter yields,dimensionless per encounter unless field name gives s^-1 or s,True,"Illustrative one-factor-at-a-time grid; bounds are not measured ranges or probability priors. Results are populations and per-encounter yields, not concentrations or biological fluxes. No encounter yield is converted to molarity, and no continuous biological ROS source is modeled.",ae188e2ba41fafda0a98499db6e2918fccc0fc4f,1afbda6f7c930e34dd90ab95767796d038c4429c4f4c40c50f3e68f50bf98a71,configs/doxorubicin_parameters.json,0b7d200aedee3aed703b810ad54927a2126d9ee0952f6ef87cf5ebb57992d345,configs/parameter_provenance.csv,86c4261fcb9616a643db79340fe0b7398ba10a5c46464e67e8b697bcfc3a4ec9
selectivity_pD=0.75_manifold_mixture,mixture,manifold mixture pD=0.75,0.75,0.7499999999999999,1000000.0,8.0,8e-06,0.0,0.0,0.1,100000.0,0.1,100000.0,0.1,100000.0,1.0,1000000.0,1.0,1000000.0,6.292455961866046e-05,8.780851547681642e-05,0.00015073307509547688,0.6234876928527358,0.285466186169904,0.9089538790226397,0.09089538790226398,0.00015073307509547688,0.9999999999999992,7.771561172376096e-16,constant-generator matrix exponential Pade(13),2,dimensionless populations/per-encounter yields,dimensionless per encounter unless field name gives s^-1 or s,True,"Illustrative one-factor-at-a-time grid; bounds are not measured ranges or probability priors. Results are populations and per-encounter yields, not concentrations or biological fluxes. No encounter yield is converted to molarity, and no continuous biological ROS source is modeled.",ae188e2ba41fafda0a98499db6e2918fccc0fc4f,1afbda6f7c930e34dd90ab95767796d038c4429c4f4c40c50f3e68f50bf98a71,configs/doxorubicin_parameters.json,0b7d200aedee3aed703b810ad54927a2126d9ee0952f6ef87cf5ebb57992d345,configs/parameter_provenance.csv,86c4261fcb9616a643db79340fe0b7398ba10a5c46464e67e8b697bcfc3a4ec9
selectivity_pD=0.75_manifold_mixture,mixture,manifold mixture pD=0.75,0.75,0.7499999999999999,1000000.0,8.0,8e-06,0.0,0.0,0.1,100000.0,0.1,100000.0,0.1,100000.0,1.0,1000000.0,10.0,10000000.0,3.931059109351015e-05,5.866599033143998e-07,3.9897250996824556e-05,0.6098377469975953,0.3258797832194508,0.9357175302170462,0.06424257253195406,3.9897250996824556e-05,0.9999999999999971,2.886579864025407e-15,constant-generator matrix exponential Pade(13),2,dimensionless populations/per-encounter yields,dimensionless per encounter unless field name gives s^-1 or s,True,"Illustrative one-factor-at-a-time grid; bounds are not measured ranges or probability priors. Results are populations and per-encounter yields, not concentrations or biological fluxes. No encounter yield is converted to molarity, and no continuous biological ROS source is modeled.",ae188e2ba41fafda0a98499db6e2918fccc0fc4f,1afbda6f7c930e34dd90ab95767796d038c4429c4f4c40c50f3e68f50bf98a71,configs/doxorubicin_parameters.json,0b7d200aedee3aed703b810ad54927a2126d9ee0952f6ef87cf5ebb57992d345,configs/parameter_provenance.csv,86c4261fcb9616a643db79340fe0b7398ba10a5c46464e67e8b697bcfc3a4ec9
selectivity_pD=0.75_manifold_mixture,mixture,manifold mixture pD=0.75,0.75,0.7499999999999999,1000000.0,8.0,8e-06,0.0,0.0,0.1,100000.0,0.1,100000.0,1.0,1000000.0,1.0,1000000.0,0.0,0.0,4.465362435578549e-06,7.15703630434117e-05,7.603572547899028e-05,0.36028991128935217,0.0,0.36028991128935217,0.639634052985168,7.603572547899028e-05,0.9999999999999991,8.881784197001252e-16,constant-generator matrix exponential Pade(13),2,dimensionless populations/per-encounter yields,dimensionless per encounter unless field name gives s^-1 or s,True,"Illustrative one-factor-at-a-time grid; bounds are not measured ranges or probability priors. Results are populations and per-encounter yields, not concentrations or biological fluxes. No encounter yield is converted to molarity, and no continuous biological ROS source is modeled.",ae188e2ba41fafda0a98499db6e2918fccc0fc4f,1afbda6f7c930e34dd90ab95767796d038c4429c4f4c40c50f3e68f50bf98a71,configs/doxorubicin_parameters.json,0b7d200aedee3aed703b810ad54927a2126d9ee0952f6ef87cf5ebb57992d345,configs/parameter_provenance.csv,86c4261fcb9616a643db79340fe0b7398ba10a5c46464e67e8b697bcfc3a4ec9
selectivity_pD=0.75_manifold_mixture,mixture,manifold mixture pD=0.75,0.75,0.7499999999999999,1000000.0,8.0,8e-06,0.0,0.0,0.1,100000.0,0.1,100000.0,1.0,1000000.0,1.0,1000000.0,0.01,10000.0,4.174648067850302e-06,6.626580958095179e-05,7.04404576488021e-05,0.3602088086720313,0.0027674449722602757,0.3629762536442916,0.6369533058980588,7.04404576488021e-05,0.9999999999999991,8.881784197001252e-16,constant-generator matrix exponential Pade(13),2,dimensionless populations/per-encounter yields,dimensionless per encounter unless field name gives s^-1 or s,True,"Illustrative one-factor-at-a-time grid; bounds are not measured ranges or probability priors. Results are populations and per-encounter yields, not concentrations or biological fluxes. No encounter yield is converted to molarity, and no continuous biological ROS source is modeled.",ae188e2ba41fafda0a98499db6e2918fccc0fc4f,1afbda6f7c930e34dd90ab95767796d038c4429c4f4c40c50f3e68f50bf98a71,configs/doxorubicin_parameters.json,0b7d200aedee3aed703b810ad54927a2126d9ee0952f6ef87cf5ebb57992d345,configs/parameter_provenance.csv,86c4261fcb9616a643db79340fe0b7398ba10a5c46464e67e8b697bcfc3a4ec9
selectivity_pD=0.75_manifold_mixture,mixture,manifold mixture pD=0.75,0.75,0.7499999999999999,1000000.0,8.0,8e-06,0.0,0.0,0.1,100000.0,0.1,100000.0,1.0,1000000.0,1.0,1000000.0,0.1,100000.0,2.2954631856081426e-06,3.321160789857873e-05,3.5507071084186874e-05,0.359541038112536,0.025534765154894792,0.3850758032674308,0.6148886896614841,3.5507071084186874e-05,0.9999999999999991,8.881784197001252e-16,constant-generator matrix exponential Pade(13),2,dimensionless populations/per-encounter yields,dimensionless per encounter unless field name gives s^-1 or s,True,"Illustrative one-factor-at-a-time grid; bounds are not measured ranges or probability priors. Results are populations and per-encounter yields, not concentrations or biological fluxes. No encounter yield is converted to molarity, and no continuous biological ROS source is modeled.",ae188e2ba41fafda0a98499db6e2918fccc0fc4f,1afbda6f7c930e34dd90ab95767796d038c4429c4f4c40c50f3e68f50bf98a71,configs/doxorubicin_parameters.json,0b7d200aedee3aed703b810ad54927a2126d9ee0952f6ef87cf5ebb57992d345,configs/parameter_provenance.csv,86c4261fcb9616a643db79340fe0b7398ba10a5c46464e67e8b697bcfc3a4ec9
selectivity_pD=0.75_manifold_mixture,mixture,manifold mixture pD=0.75,0.75,0.7499999999999999,1000000.0,8.0,8e-06,0.0,0.0,0.1,100000.0,0.1,100000.0,1.0,1000000.0,1.0,1000000.0,1.0,1000000.0,4.6978583209644244e-08,6.555659150961532e-08,1.1253517471925958e-07,0.3560605830016258,0.1439393607307864,0.4999999437324122,0.4999999437324123,1.1253517471925958e-07,0.9999999999999992,7.771561172376096e-16,constant-generator matrix exponential Pade(13),2,dimensionless populations/per-encounter yields,dimensionless per encounter unless field name gives s^-1 or s,True,"Illustrative one-factor-at-a-time grid; bounds are not measured ranges or probability priors. Results are populations and per-encounter yields, not concentrations or biological fluxes. No encounter yield is converted to molarity, and no continuous biological ROS source is modeled.",ae188e2ba41fafda0a98499db6e2918fccc0fc4f,1afbda6f7c930e34dd90ab95767796d038c4429c4f4c40c50f3e68f50bf98a71,configs/doxorubicin_parameters.json,0b7d200aedee3aed703b810ad54927a2126d9ee0952f6ef87cf5ebb57992d345,configs/parameter_provenance.csv,86c4261fcb9616a643db79340fe0b7398ba10a5c46464e67e8b697bcfc3a4ec9
selectivity_pD=0.75_manifold_mixture,mixture,manifold mixture pD=0.75,0.75,0.7499999999999999,1000000.0,8.0,8e-06,0.0,0.0,0.1,100000.0,0.1,100000.0,1.0,1000000.0,1.0,1000000.0,10.0,10000000.0,2.934872942931322e-08,4.3799195815815746e-10,2.978672138747138e-08,0.3524011161798647,0.2683615798668561,0.6207626960467207,0.37923727416655034,2.978672138747138e-08,0.9999999999999926,7.438494264988549e-15,constant-generator matrix exponential Pade(13),2,dimensionless populations/per-encounter yields,dimensionless per encounter unless field name gives s^-1 or s,True,"Illustrative one-factor-at-a-time grid; bounds are not measured ranges or probability priors. Results are populations and per-encounter yields, not concentrations or biological fluxes. No encounter yield is converted to molarity, and no continuous biological ROS source is modeled.",ae188e2ba41fafda0a98499db6e2918fccc0fc4f,1afbda6f7c930e34dd90ab95767796d038c4429c4f4c40c50f3e68f50bf98a71,configs/doxorubicin_parameters.json,0b7d200aedee3aed703b810ad54927a2126d9ee0952f6ef87cf5ebb57992d345,configs/parameter_provenance.csv,86c4261fcb9616a643db79340fe0b7398ba10a5c46464e67e8b697bcfc3a4ec9
selectivity_pD=0.75_manifold_mixture,mixture,manifold mixture pD=0.75,0.75,0.7499999999999999,1000000.0,8.0,8e-06,0.0,0.0,0.1,100000.0,0.1,100000.0,10.0,10000000.0,1.0,1000000.0,0.0,0.0,2.4024481175377656e-37,3.850618767138501e-36,4.090863578892278e-36,0.06751933372992217,0.0,0.06751933372992217,0.9324806662700709,4.090863578892278e-36,0.999999999999993,6.994405055138486e-15,constant-generator matrix exponential Pade(13),2,dimensionless populations/per-encounter yields,dimensionless per encounter unless field name gives s^-1 or s,True,"Illustrative one-factor-at-a-time grid; bounds are not measured ranges or probability priors. Results are populations and per-encounter yields, not concentrations or biological fluxes. No encounter yield is converted to molarity, and no continuous biological ROS source is modeled.",ae188e2ba41fafda0a98499db6e2918fccc0fc4f,1afbda6f7c930e34dd90ab95767796d038c4429c4f4c40c50f3e68f50bf98a71,configs/doxorubicin_parameters.json,0b7d200aedee3aed703b810ad54927a2126d9ee0952f6ef87cf5ebb57992d345,configs/parameter_provenance.csv,86c4261fcb9616a643db79340fe0b7398ba10a5c46464e67e8b697bcfc3a4ec9
selectivity_pD=0.75_manifold_mixture,mixture,manifold mixture pD=0.75,0.75,0.7499999999999999,1000000.0,8.0,8e-06,0.0,0.0,0.1,100000.0,0.1,100000.0,10.0,10000000.0,1.0,1000000.0,0.01,10000.0,2.246038375760722e-37,3.565223915900356e-36,3.789827753476429e-36,0.06751918082571103,0.0002570319789382332,0.06777621280464925,0.9322237871953436,3.789827753476429e-36,0.9999999999999929,7.105427357601002e-15,constant-generator matrix exponential Pade(13),2,dimensionless populations/per-encounter yields,dimensionless per encounter unless field name gives s^-1 or s,True,"Illustrative one-factor-at-a-time grid; bounds are not measured ranges or probability priors. Results are populations and per-encounter yields, not concentrations or biological fluxes. No encounter yield is converted to molarity, and no continuous biological ROS source is modeled.",ae188e2ba41fafda0a98499db6e2918fccc0fc4f,1afbda6f7c930e34dd90ab95767796d038c4429c4f4c40c50f3e68f50bf98a71,configs/doxorubicin_parameters.json,0b7d200aedee3aed703b810ad54927a2126d9ee0952f6ef87cf5ebb57992d345,configs/parameter_provenance.csv,86c4261fcb9616a643db79340fe0b7398ba10a5c46464e67e8b697bcfc3a4ec9
selectivity_pD=0.75_manifold_mixture,mixture,manifold mixture pD=0.75,0.75,0.7499999999999999,1000000.0,8.0,8e-06,0.0,0.0,0.1,100000.0,0.1,100000.0,10.0,10000000.0,1.0,1000000.0,0.1,100000.0,1.2350019262046903e-37,1.7868463316798296e-36,1.9103465243002987e-36,0.06751781822465641,0.002547564351770023,0.07006538257642643,0.9299346174235665,1.9103465243002987e-36,0.999999999999993,6.994405055138486e-15,constant-generator matrix exponential Pade(13),2,dimensionless populations/per-encounter yields,dimensionless per encounter unless field name gives s^-1 or s,True,"Illustrative one-factor-at-a-time grid; bounds are not measured ranges or probability priors. Results are populations and per-encounter yields, not concentrations or biological fluxes. No encounter yield is converted to molarity, and no continuous biological ROS source is modeled.",ae188e2ba41fafda0a98499db6e2918fccc0fc4f,1afbda6f7c930e34dd90ab95767796d038c4429c4f4c40c50f3e68f50bf98a71,configs/doxorubicin_parameters.json,0b7d200aedee3aed703b810ad54927a2126d9ee0952f6ef87cf5ebb57992d345,configs/parameter_provenance.csv,86c4261fcb9616a643db79340fe0b7398ba10a5c46464e67e8b697bcfc3a4ec9
selectivity_pD=0.75_manifold_mixture,mixture,manifold mixture pD=0.75,0.75,0.7499999999999999,1000000.0,8.0,8e-06,0.0,0.0,0.1,100000.0,0.1,100000.0,10.0,10000000.0,1.0,1000000.0,1.0,1000000.0,2.5275352320192797e-39,3.5270666633818695e-39,6.054601895401149e-39,0.06750541125541076,0.023403679653679493,0.09090909090909026,0.9090909090909027,6.054601895401149e-39,0.999999999999993,6.994405055138486e-15,constant-generator matrix exponential Pade(13),2,dimensionless populations/per-encounter yields,dimensionless per encounter unless field name gives s^-1 or s,True,"Illustrative one-factor-at-a-time grid; bounds are not measured ranges or probability priors. Results are populations and per-encounter yields, not concentrations or biological fluxes. No encounter yield is converted to molarity, and no continuous biological ROS source is modeled.",ae188e2ba41fafda0a98499db6e2918fccc0fc4f,1afbda6f7c930e34dd90ab95767796d038c4429c4f4c40c50f3e68f50bf98a71,configs/doxorubicin_parameters.json,0b7d200aedee3aed703b810ad54927a2126d9ee0952f6ef87cf5ebb57992d345,configs/parameter_provenance.csv,86c4261fcb9616a643db79340fe0b7398ba10a5c46464e67e8b697bcfc3a4ec9
selectivity_pD=0.75_manifold_mixture,mixture,manifold mixture pD=0.75,0.75,0.7499999999999999,1000000.0,8.0,8e-06,0.0,0.0,0.1,100000.0,0.1,100000.0,10.0,10000000.0,1.0,1000000.0,10.0,10000000.0,1.5790162788979604e-39,2.3564782714830906e-41,1.6025810616127913e-39,0.06744255446135433,0.12906595046254757,0.1965085049239019,0.803491495076091,1.6025810616127913e-39,0.9999999999999929,7.105427357601002e-15,constant-generator matrix exponential Pade(13),2,dimensionless populations/per-encounter yields,dimensionless per encounter unless field name gives s^-1 or s,True,"Illustrative one-factor-at-a-time grid; bounds are not measured ranges or probability priors. Results are populations and per-encounter yields, not concentrations or biological fluxes. No encounter yield is converted to molarity, and no continuous biological ROS source is modeled.",ae188e2ba41fafda0a98499db6e2918fccc0fc4f,1afbda6f7c930e34dd90ab95767796d038c4429c4f4c40c50f3e68f50bf98a71,configs/doxorubicin_parameters.json,0b7d200aedee3aed703b810ad54927a2126d9ee0952f6ef87cf5ebb57992d345,configs/parameter_provenance.csv,86c4261fcb9616a643db79340fe0b7398ba10a5c46464e67e8b697bcfc3a4ec9
selectivity_pD=0.75_manifold_mixture,mixture,manifold mixture pD=0.75,0.75,0.7499999999999999,1000000.0,8.0,8e-06,1.0,1000000.0,0.1,100000.0,0.1,100000.0,0.1,100000.0,1.0,1000000.0,0.0,0.0,0.009425467695135411,0.06398562132681926,0.07341108902195466,0.7039667546249864,0.0,0.7039667546249864,0.22262215635305815,0.07341108902195466,0.9999999999999992,7.771561172376096e-16,constant-generator matrix exponential Pade(13),2,dimensionless populations/per-encounter yields,dimensionless per encounter unless field name gives s^-1 or s,True,"Illustrative one-factor-at-a-time grid; bounds are not measured ranges or probability priors. Results are populations and per-encounter yields, not concentrations or biological fluxes. No encounter yield is converted to molarity, and no continuous biological ROS source is modeled.",ae188e2ba41fafda0a98499db6e2918fccc0fc4f,1afbda6f7c930e34dd90ab95767796d038c4429c4f4c40c50f3e68f50bf98a71,configs/doxorubicin_parameters.json,0b7d200aedee3aed703b810ad54927a2126d9ee0952f6ef87cf5ebb57992d345,configs/parameter_provenance.csv,86c4261fcb9616a643db79340fe0b7398ba10a5c46464e67e8b697bcfc3a4ec9
selectivity_pD=0.75_manifold_mixture,mixture,manifold mixture pD=0.75,0.75,0.7499999999999999,1000000.0,8.0,8e-06,1.0,1000000.0,0.1,100000.0,0.1,100000.0,0.1,100000.0,1.0,1000000.0,0.01,10000.0,0.008838220015085399,0.0594286861835156,0.068266906198601,0.6986266481428502,0.014840343713114861,0.7134669918559651,0.21826610194543367,0.068266906198601,0.9999999999999998,2.220446049250313e-16,constant-generator matrix exponential Pade(13),2,dimensionless populations/per-encounter yields,dimensionless per encounter unless field name gives s^-1 or s,True,"Illustrative one-factor-at-a-time grid; bounds are not measured ranges or probability priors. Results are populations and per-encounter yields, not concentrations or biological fluxes. No encounter yield is converted to molarity, and no continuous biological ROS source is modeled.",ae188e2ba41fafda0a98499db6e2918fccc0fc4f,1afbda6f7c930e34dd90ab95767796d038c4429c4f4c40c50f3e68f50bf98a71,configs/doxorubicin_parameters.json,0b7d200aedee3aed703b810ad54927a2126d9ee0952f6ef87cf5ebb57992d345,configs/parameter_provenance.csv,86c4261fcb9616a643db79340fe0b7398ba10a5c46464e67e8b697bcfc3a4ec9
selectivity_pD=0.75_manifold_mixture,mixture,manifold mixture pD=0.75,0.75,0.7499999999999999,1000000.0,8.0,8e-06,1.0,1000000.0,0.1,100000.0,0.1,100000.0,0.1,100000.0,1.0,1000000.0,0.1,100000.0,0.004994095888863587,0.030719006782344946,0.03571310267120853,0.658377008549538,0.12003609396214945,0.7784131025116874,0.18587379481710323,0.03571310267120853,0.9999999999999991,8.881784197001252e-16,constant-generator matrix exponential Pade(13),2,dimensionless populations/per-encounter yields,dimensionless per encounter unless field name gives s^-1 or s,True,"Illustrative one-factor-at-a-time grid; bounds are not measured ranges or probability priors. Results are populations and per-encounter yields, not concentrations or biological fluxes. No encounter yield is converted to molarity, and no continuous biological ROS source is modeled.",ae188e2ba41fafda0a98499db6e2918fccc0fc4f,1afbda6f7c930e34dd90ab95767796d038c4429c4f4c40c50f3e68f50bf98a71,configs/doxorubicin_parameters.json,0b7d200aedee3aed703b810ad54927a2126d9ee0952f6ef87cf5ebb57992d345,configs/parameter_provenance.csv,86c4261fcb9616a643db79340fe0b7398ba10a5c46464e67e8b697bcfc3a4ec9
selectivity_pD=0.75_manifold_mixture,mixture,manifold mixture pD=0.75,0.75,0.7499999999999999,1000000.0,8.0,8e-06,1.0,1000000.0,0.1,100000.0,0.1,100000.0,0.1,100000.0,1.0,1000000.0,1.0,1000000.0,5.324111230893634e-05,9.749196278654014e-05,0.00015073307509547648,0.5440647341097562,0.3648891449128835,0.9089538790226397,0.09089538790226395,0.00015073307509547648,0.9999999999999991,8.881784197001252e-16,constant-generator matrix exponential Pade(13),2,dimensionless populations/per-encounter yields,dimensionless per encounter unless field name gives s^-1 or s,True,"Illustrative one-factor-at-a-time grid; bounds are not measured ranges or probability priors. Results are populations and per-encounter yields, not concentrations or biological fluxes. No encounter yield is converted to molarity, and no continuous biological ROS source is modeled.",ae188e2ba41fafda0a98499db6e2918fccc0fc4f,1afbda6f7c930e34dd90ab95767796d038c4429c4f4c40c50f3e68f50bf98a71,configs/doxorubicin_parameters.json,0b7d200aedee3aed703b810ad54927a2126d9ee0952f6ef87cf5ebb57992d345,configs/parameter_provenance.csv,86c4261fcb9616a643db79340fe0b7398ba10a5c46464e67e8b697bcfc3a4ec9
selectivity_pD=0.75_manifold_mixture,mixture,manifold mixture pD=0.75,0.75,0.7499999999999999,1000000.0,8.0,8e-06,1.0,1000000.0,0.1,100000.0,0.1,100000.0,0.1,100000.0,1.0,1000000.0,10.0,10000000.0,1.861674764323752e-05,4.852397878021851e-07,1.9101987431039707e-05,0.5756591467582232,0.3631245906717995,0.9387837374300226,0.061197160582540315,1.9101987431039707e-05,0.999999999999994,5.995204332975845e-15,constant-generator matrix exponential Pade(13),2,dimensionless populations/per-encounter yields,dimensionless per encounter unless field name gives s^-1 or s,True,"Illustrative one-factor-at-a-time grid; bounds are not measured ranges or probability priors. Results are populations and per-encounter yields, not concentrations or biological fluxes. No encounter yield is converted to molarity, and no continuous biological ROS source is modeled.",ae188e2ba41fafda0a98499db6e2918fccc0fc4f,1afbda6f7c930e34dd90ab95767796d038c4429c4f4c40c50f3e68f50bf98a71,configs/doxorubicin_parameters.json,0b7d200aedee3aed703b810ad54927a2126d9ee0952f6ef87cf5ebb57992d345,configs/parameter_provenance.csv,86c4261fcb9616a643db79340fe0b7398ba10a5c46464e67e8b697bcfc3a4ec9
selectivity_pD=0.75_manifold_mixture,mixture,manifold mixture pD=0.75,0.75,0.7499999999999999,1000000.0,8.0,8e-06,1.0,1000000.0,0.1,100000.0,0.1,100000.0,1.0,1000000.0,1.0,1000000.0,0.0,0.0,7.036920418500961e-06,4.77707568227675e-05,5.4807677241268456e-05,0.3418221793156394,0.0,0.3418221793156394,0.6581230130071184,5.4807677241268456e-05,0.9999999999999991,8.881784197001252e-16,constant-generator matrix exponential Pade(13),2,dimensionless populations/per-encounter yields,dimensionless per encounter unless field name gives s^-1 or s,True,"Illustrative one-factor-at-a-time grid; bounds are not measured ranges or probability priors. Results are populations and per-encounter yields, not concentrations or biological fluxes. No encounter yield is converted to molarity, and no continuous biological ROS source is modeled.",ae188e2ba41fafda0a98499db6e2918fccc0fc4f,1afbda6f7c930e34dd90ab95767796d038c4429c4f4c40c50f3e68f50bf98a71,configs/doxorubicin_parameters.json,0b7d200aedee3aed703b810ad54927a2126d9ee0952f6ef87cf5ebb57992d345,configs/parameter_provenance.csv,86c4261fcb9616a643db79340fe0b7398ba10a5c46464e67e8b697bcfc3a4ec9
selectivity_pD=0.75_manifold_mixture,mixture,manifold mixture pD=0.75,0.75,0.7499999999999999,1000000.0,8.0,8e-06,1.0,1000000.0,0.1,100000.0,0.1,100000.0,1.0,1000000.0,1.0,1000000.0,0.01,10000.0,6.59848963457347e-06,4.436861371508394e-05,5.0967103349657406e-05,0.3416406667462658,0.0031353237564764134,0.3447759905027422,0.6551730423939073,5.0967103349657406e-05,0.9999999999999991,8.881784197001252e-16,constant-generator matrix exponential Pade(13),2,dimensionless populations/per-encounter yields,dimensionless per encounter unless field name gives s^-1 or s,True,"Illustrative one-factor-at-a-time grid; bounds are not measured ranges or probability priors. Results are populations and per-encounter yields, not concentrations or biological fluxes. No encounter yield is converted to molarity, and no continuous biological ROS source is modeled.",ae188e2ba41fafda0a98499db6e2918fccc0fc4f,1afbda6f7c930e34dd90ab95767796d038c4429c4f4c40c50f3e68f50bf98a71,configs/doxorubicin_parameters.json,0b7d200aedee3aed703b810ad54927a2126d9ee0952f6ef87cf5ebb57992d345,configs/parameter_provenance.csv,86c4261fcb9616a643db79340fe0b7398ba10a5c46464e67e8b697bcfc3a4ec9
selectivity_pD=0.75_manifold_mixture,mixture,manifold mixture pD=0.75,0.75,0.7499999999999999,1000000.0,8.0,8e-06,1.0,1000000.0,0.1,100000.0,0.1,100000.0,1.0,1000000.0,1.0,1000000.0,0.1,100000.0,3.728521116297877e-06,2.293437451112573e-05,2.6662895627423608e-05,0.34017722880705037,0.029056261771842826,0.3692334905788932,0.6307398465254785,2.6662895627423608e-05,0.9999999999999992,7.771561172376096e-16,constant-generator matrix exponential Pade(13),2,dimensionless populations/per-encounter yields,dimensionless per encounter unless field name gives s^-1 or s,True,"Illustrative one-factor-at-a-time grid; bounds are not measured ranges or probability priors. Results are populations and per-encounter yields, not concentrations or biological fluxes. No encounter yield is converted to molarity, and no continuous biological ROS source is modeled.",ae188e2ba41fafda0a98499db6e2918fccc0fc4f,1afbda6f7c930e34dd90ab95767796d038c4429c4f4c40c50f3e68f50bf98a71,configs/doxorubicin_parameters.json,0b7d200aedee3aed703b810ad54927a2126d9ee0952f6ef87cf5ebb57992d345,configs/parameter_provenance.csv,86c4261fcb9616a643db79340fe0b7398ba10a5c46464e67e8b697bcfc3a4ec9
selectivity_pD=0.75_manifold_mixture,mixture,manifold mixture pD=0.75,0.75,0.7499999999999999,1000000.0,8.0,8e-06,1.0,1000000.0,0.1,100000.0,0.1,100000.0,1.0,1000000.0,1.0,1000000.0,1.0,1000000.0,3.97490588720409e-08,7.278611584721839e-08,1.1253517471925928e-07,0.33444027456928804,0.1655596691631238,0.49999994373241186,0.49999994373241186,1.1253517471925928e-07,0.9999999999999984,1.5543122344752192e-15,constant-generator matrix exponential Pade(13),2,dimensionless populations/per-encounter yields,dimensionless per encounter unless field name gives s^-1 or s,True,"Illustrative one-factor-at-a-time grid; bounds are not measured ranges or probability priors. Results are populations and per-encounter yields, not concentrations or biological fluxes. No encounter yield is converted to molarity, and no continuous biological ROS source is modeled.",ae188e2ba41fafda0a98499db6e2918fccc0fc4f,1afbda6f7c930e34dd90ab95767796d038c4429c4f4c40c50f3e68f50bf98a71,configs/doxorubicin_parameters.json,0b7d200aedee3aed703b810ad54927a2126d9ee0952f6ef87cf5ebb57992d345,configs/parameter_provenance.csv,86c4261fcb9616a643db79340fe0b7398ba10a5c46464e67e8b697bcfc3a4ec9
selectivity_pD=0.75_manifold_mixture,mixture,manifold mixture pD=0.75,0.75,0.7499999999999999,1000000.0,8.0,8e-06,1.0,1000000.0,0.1,100000.0,0.1,100000.0,1.0,1000000.0,1.0,1000000.0,10.0,10000000.0,1.3898999588570957e-08,3.6227313923281227e-10,1.426127272780377e-08,0.34231514696642973,0.28669971982350945,0.6290148667899391,0.37098511894878083,1.426127272780377e-08,0.9999999999999927,7.327471962526033e-15,constant-generator matrix exponential Pade(13),2,dimensionless populations/per-encounter yields,dimensionless per encounter unless field name gives s^-1 or s,True,"Illustrative one-factor-at-a-time grid; bounds are not measured ranges or probability priors. Results are populations and per-encounter yields, not concentrations or biological fluxes. No encounter yield is converted to molarity, and no continuous biological ROS source is modeled.",ae188e2ba41fafda0a98499db6e2918fccc0fc4f,1afbda6f7c930e34dd90ab95767796d038c4429c4f4c40c50f3e68f50bf98a71,configs/doxorubicin_parameters.json,0b7d200aedee3aed703b810ad54927a2126d9ee0952f6ef87cf5ebb57992d345,configs/parameter_provenance.csv,86c4261fcb9616a643db79340fe0b7398ba10a5c46464e67e8b697bcfc3a4ec9
selectivity_pD=0.75_manifold_mixture,mixture,manifold mixture pD=0.75,0.75,0.7499999999999999,1000000.0,8.0,8e-06,1.0,1000000.0,0.1,100000.0,0.1,100000.0,10.0,10000000.0,1.0,1000000.0,0.0,0.0,3.785994184478964e-37,2.5701556471159228e-36,2.948755065563819e-36,0.06731851571918938,0.0,0.06731851571918938,0.9326814842808036,2.948755065563819e-36,0.9999999999999929,7.105427357601002e-15,constant-generator matrix exponential Pade(13),2,dimensionless populations/per-encounter yields,dimensionless per encounter unless field name gives s^-1 or s,True,"Illustrative one-factor-at-a-time grid; bounds are not measured ranges or probability priors. Results are populations and per-encounter yields, not concentrations or biological fluxes. No encounter yield is converted to molarity, and no continuous biological ROS source is modeled.",ae188e2ba41fafda0a98499db6e2918fccc0fc4f,1afbda6f7c930e34dd90ab95767796d038c4429c4f4c40c50f3e68f50bf98a71,configs/doxorubicin_parameters.json,0b7d200aedee3aed703b810ad54927a2126d9ee0952f6ef87cf5ebb57992d345,configs/parameter_provenance.csv,86c4261fcb9616a643db79340fe0b7398ba10a5c46464e67e8b697bcfc3a4ec9
selectivity_pD=0.75_manifold_mixture,mixture,manifold mixture pD=0.75,0.75,0.7499999999999999,1000000.0,8.0,8e-06,1.0,1000000.0,0.1,100000.0,0.1,100000.0,10.0,10000000.0,1.0,1000000.0,0.01,10000.0,3.5501102608974196e-37,2.3871140144921392e-36,2.742125040581881e-36,0.06731840727278082,0.00025923828171768603,0.06757764555449851,0.9324223544454943,2.742125040581881e-36,0.9999999999999928,7.216449660063518e-15,constant-generator matrix exponential Pade(13),2,dimensionless populations/per-encounter yields,dimensionless per encounter unless field name gives s^-1 or s,True,"Illustrative one-factor-at-a-time grid; bounds are not measured ranges or probability priors. Results are populations and per-encounter yields, not concentrations or biological fluxes. No encounter yield is converted to molarity, and no continuous biological ROS source is modeled.",ae188e2ba41fafda0a98499db6e2918fccc0fc4f,1afbda6f7c930e34dd90ab95767796d038c4429c4f4c40c50f3e68f50bf98a71,configs/doxorubicin_parameters.json,0b7d200aedee3aed703b810ad54927a2126d9ee0952f6ef87cf5ebb57992d345,configs/parameter_provenance.csv,86c4261fcb9616a643db79340fe0b7398ba10a5c46464e67e8b697bcfc3a4ec9
selectivity_pD=0.75_manifold_mixture,mixture,manifold mixture pD=0.75,0.75,0.7499999999999999,1000000.0,8.0,8e-06,1.0,1000000.0,0.1,100000.0,0.1,100000.0,10.0,10000000.0,1.0,1000000.0,0.1,100000.0,2.006013770725215e-37,1.2339120433349945e-36,1.4345134204075162e-36,0.06731744721137121,0.00256938693737534,0.06988683414874655,0.9301131658512464,1.4345134204075162e-36,0.9999999999999929,7.105427357601002e-15,constant-generator matrix exponential Pade(13),2,dimensionless populations/per-encounter yields,dimensionless per encounter unless field name gives s^-1 or s,True,"Illustrative one-factor-at-a-time grid; bounds are not measured ranges or probability priors. Results are populations and per-encounter yields, not concentrations or biological fluxes. No encounter yield is converted to molarity, and no continuous biological ROS source is modeled.",ae188e2ba41fafda0a98499db6e2918fccc0fc4f,1afbda6f7c930e34dd90ab95767796d038c4429c4f4c40c50f3e68f50bf98a71,configs/doxorubicin_parameters.json,0b7d200aedee3aed703b810ad54927a2126d9ee0952f6ef87cf5ebb57992d345,configs/parameter_provenance.csv,86c4261fcb9616a643db79340fe0b7398ba10a5c46464e67e8b697bcfc3a4ec9
selectivity_pD=0.75_manifold_mixture,mixture,manifold mixture pD=0.75,0.75,0.7499999999999999,1000000.0,8.0,8e-06,1.0,1000000.0,0.1,100000.0,0.1,100000.0,10.0,10000000.0,1.0,1000000.0,1.0,1000000.0,2.1385733641721875e-39,3.916028531228962e-39,6.054601895401149e-39,0.06730925823973863,0.023599832669351634,0.09090909090909026,0.9090909090909026,6.054601895401149e-39,0.9999999999999929,7.105427357601002e-15,constant-generator matrix exponential Pade(13),2,dimensionless populations/per-encounter yields,dimensionless per encounter unless field name gives s^-1 or s,True,"Illustrative one-factor-at-a-time grid; bounds are not measured ranges or probability priors. Results are populations and per-encounter yields, not concentrations or biological fluxes. No encounter yield is converted to molarity, and no continuous biological ROS source is modeled.",ae188e2ba41fafda0a98499db6e2918fccc0fc4f,1afbda6f7c930e34dd90ab95767796d038c4429c4f4c40c50f3e68f50bf98a71,configs/doxorubicin_parameters.json,0b7d200aedee3aed703b810ad54927a2126d9ee0952f6ef87cf5ebb57992d345,configs/parameter_provenance.csv,86c4261fcb9616a643db79340fe0b7398ba10a5c46464e67e8b697bcfc3a4ec9
selectivity_pD=0.75_manifold_mixture,mixture,manifold mixture pD=0.75,0.75,0.7499999999999999,1000000.0,8.0,8e-06,1.0,1000000.0,0.1,100000.0,0.1,100000.0,10.0,10000000.0,1.0,1000000.0,10.0,10000000.0,7.477920522457005e-40,1.949096929847847e-41,7.672830215441788e-40,0.06728866148864143,0.12991236181246843,0.19720102330110986,0.8027989766988829,7.672830215441788e-40,0.9999999999999928,7.216449660063518e-15,constant-generator matrix exponential Pade(13),2,dimensionless populations/per-encounter yields,dimensionless per encounter unless field name gives s^-1 or s,True,"Illustrative one-factor-at-a-time grid; bounds are not measured ranges or probability priors. Results are populations and per-encounter yields, not concentrations or biological fluxes. No encounter yield is converted to molarity, and no continuous biological ROS source is modeled.",ae188e2ba41fafda0a98499db6e2918fccc0fc4f,1afbda6f7c930e34dd90ab95767796d038c4429c4f4c40c50f3e68f50bf98a71,configs/doxorubicin_parameters.json,0b7d200aedee3aed703b810ad54927a2126d9ee0952f6ef87cf5ebb57992d345,configs/parameter_provenance.csv,86c4261fcb9616a643db79340fe0b7398ba10a5c46464e67e8b697bcfc3a4ec9
selectivity_pD=0.75_manifold_mixture,mixture,manifold mixture pD=0.75,0.75,0.7499999999999999,1000000.0,8.0,8e-06,10.0,10000000.0,0.1,100000.0,0.1,100000.0,0.1,100000.0,1.0,1000000.0,0.0,0.0,0.008562066550557372,0.055031770983777914,0.06359383753433528,0.7159737658362825,0.0,0.7159737658362825,0.2204323966293802,0.06359383753433528,0.999999999999998,1.9984014443252818e-15,constant-generator matrix exponential Pade(13),2,dimensionless populations/per-encounter yields,dimensionless per encounter unless field name gives s^-1 or s,True,"Illustrative one-factor-at-a-time grid; bounds are not measured ranges or probability priors. Results are populations and per-encounter yields, not concentrations or biological fluxes. No encounter yield is converted to molarity, and no continuous biological ROS source is modeled.",ae188e2ba41fafda0a98499db6e2918fccc0fc4f,1afbda6f7c930e34dd90ab95767796d038c4429c4f4c40c50f3e68f50bf98a71,configs/doxorubicin_parameters.json,0b7d200aedee3aed703b810ad54927a2126d9ee0952f6ef87cf5ebb57992d345,configs/parameter_provenance.csv,86c4261fcb9616a643db79340fe0b7398ba10a5c46464e67e8b697bcfc3a4ec9
selectivity_pD=0.75_manifold_mixture,mixture,manifold mixture pD=0.75,0.75,0.7499999999999999,1000000.0,8.0,8e-06,10.0,10000000.0,0.1,100000.0,0.1,100000.0,0.1,100000.0,1.0,1000000.0,0.01,10000.0,0.008054832582318594,0.051225656447453485,0.05928048902977208,0.709454059164282,0.014574549626319534,0.7240286087906015,0.2166909021796235,0.05928048902977208,0.9999999999999971,2.886579864025407e-15,constant-generator matrix exponential Pade(13),2,dimensionless populations/per-encounter yields,dimensionless per encounter unless field name gives s^-1 or s,True,"Illustrative one-factor-at-a-time grid; bounds are not measured ranges or probability priors. Results are populations and per-encounter yields, not concentrations or biological fluxes. No encounter yield is converted to molarity, and no continuous biological ROS source is modeled.",ae188e2ba41fafda0a98499db6e2918fccc0fc4f,1afbda6f7c930e34dd90ab95767796d038c4429c4f4c40c50f3e68f50bf98a71,configs/doxorubicin_parameters.json,0b7d200aedee3aed703b810ad54927a2126d9ee0952f6ef87cf5ebb57992d345,configs/parameter_provenance.csv,86c4261fcb9616a643db79340fe0b7398ba10a5c46464e67e8b697bcfc3a4ec9
selectivity_pD=0.75_manifold_mixture,mixture,manifold mixture pD=0.75,0.75,0.7499999999999999,1000000.0,8.0,8e-06,10.0,10000000.0,0.1,100000.0,0.1,100000.0,0.1,100000.0,1.0,1000000.0,0.1,100000.0,0.0046870783566397255,0.027008146972675593,0.03169522532931532,0.6573513476051782,0.12260914615249317,0.7799604937576714,0.18834428091301092,0.03169522532931532,0.9999999999999977,2.3314683517128287e-15,constant-generator matrix exponential Pade(13),2,dimensionless populations/per-encounter yields,dimensionless per encounter unless field name gives s^-1 or s,True,"Illustrative one-factor-at-a-time grid; bounds are not measured ranges or probability priors. Results are populations and per-encounter yields, not concentrations or biological fluxes. No encounter yield is converted to molarity, and no continuous biological ROS source is modeled.",ae188e2ba41fafda0a98499db6e2918fccc0fc4f,1afbda6f7c930e34dd90ab95767796d038c4429c4f4c40c50f3e68f50bf98a71,configs/doxorubicin_parameters.json,0b7d200aedee3aed703b810ad54927a2126d9ee0952f6ef87cf5ebb57992d345,configs/parameter_provenance.csv,86c4261fcb9616a643db79340fe0b7398ba10a5c46464e67e8b697bcfc3a4ec9
selectivity_pD=0.75_manifold_mixture,mixture,manifold mixture pD=0.75,0.75,0.7499999999999999,1000000.0,8.0,8e-06,10.0,10000000.0,0.1,100000.0,0.1,100000.0,0.1,100000.0,1.0,1000000.0,1.0,1000000.0,5.3537937137860185e-05,9.71951379576159e-05,0.00015073307509547607,0.4133692651190781,0.495584613903559,0.9089538790226371,0.09089538790226372,0.00015073307509547607,0.9999999999999963,3.6637359812630166e-15,constant-generator matrix exponential Pade(13),2,dimensionless populations/per-encounter yields,dimensionless per encounter unless field name gives s^-1 or s,True,"Illustrative one-factor-at-a-time grid; bounds are not measured ranges or probability priors. Results are populations and per-encounter yields, not concentrations or biological fluxes. No encounter yield is converted to molarity, and no continuous biological ROS source is modeled.",ae188e2ba41fafda0a98499db6e2918fccc0fc4f,1afbda6f7c930e34dd90ab95767796d038c4429c4f4c40c50f3e68f50bf98a71,configs/doxorubicin_parameters.json,0b7d200aedee3aed703b810ad54927a2126d9ee0952f6ef87cf5ebb57992d345,configs/parameter_provenance.csv,86c4261fcb9616a643db79340fe0b7398ba10a5c46464e67e8b697bcfc3a4ec9
selectivity_pD=0.75_manifold_mixture,mixture,manifold mixture pD=0.75,0.75,0.7499999999999999,1000000.0,8.0,8e-06,10.0,10000000.0,0.1,100000.0,0.1,100000.0,0.1,100000.0,1.0,1000000.0,10.0,10000000.0,3.211506863679299e-15,1.5885975259793553e-15,4.8001043896586544e-15,0.1635502735755035,0.811974949571222,0.9755252231467255,0.024474776853262565,4.8001043896586544e-15,0.9999999999999929,7.105427357601002e-15,constant-generator matrix exponential Pade(13),2,dimensionless populations/per-encounter yields,dimensionless per encounter unless field name gives s^-1 or s,True,"Illustrative one-factor-at-a-time grid; bounds are not measured ranges or probability priors. Results are populations and per-encounter yields, not concentrations or biological fluxes. No encounter yield is converted to molarity, and no continuous biological ROS source is modeled.",ae188e2ba41fafda0a98499db6e2918fccc0fc4f,1afbda6f7c930e34dd90ab95767796d038c4429c4f4c40c50f3e68f50bf98a71,configs/doxorubicin_parameters.json,0b7d200aedee3aed703b810ad54927a2126d9ee0952f6ef87cf5ebb57992d345,configs/parameter_provenance.csv,86c4261fcb9616a643db79340fe0b7398ba10a5c46464e67e8b697bcfc3a4ec9
selectivity_pD=0.75_manifold_mixture,mixture,manifold mixture pD=0.75,0.75,0.7499999999999999,1000000.0,8.0,8e-06,10.0,10000000.0,0.1,100000.0,0.1,100000.0,1.0,1000000.0,1.0,1000000.0,0.0,0.0,6.392317377022786e-06,4.108593922632409e-05,4.747825660334687e-05,0.2946832484437676,0.0,0.2946832484437676,0.705269273299626,4.747825660334687e-05,0.9999999999999969,3.1086244689504383e-15,constant-generator matrix exponential Pade(13),2,dimensionless populations/per-encounter yields,dimensionless per encounter unless field name gives s^-1 or s,True,"Illustrative one-factor-at-a-time grid; bounds are not measured ranges or probability priors. Results are populations and per-encounter yields, not concentrations or biological fluxes. No encounter yield is converted to molarity, and no continuous biological ROS source is modeled.",ae188e2ba41fafda0a98499db6e2918fccc0fc4f,1afbda6f7c930e34dd90ab95767796d038c4429c4f4c40c50f3e68f50bf98a71,configs/doxorubicin_parameters.json,0b7d200aedee3aed703b810ad54927a2126d9ee0952f6ef87cf5ebb57992d345,configs/parameter_provenance.csv,86c4261fcb9616a643db79340fe0b7398ba10a5c46464e67e8b697bcfc3a4ec9
selectivity_pD=0.75_manifold_mixture,mixture,manifold mixture pD=0.75,0.75,0.7499999999999999,1000000.0,8.0,8e-06,10.0,10000000.0,0.1,100000.0,0.1,100000.0,1.0,1000000.0,1.0,1000000.0,0.01,10000.0,6.013623694809124e-06,3.824434812844811e-05,4.425797182325723e-05,0.29386154351834903,0.00408151143555916,0.2979430549539082,0.7020126870742652,4.425797182325723e-05,0.9999999999999968,3.219646771412954e-15,constant-generator matrix exponential Pade(13),2,dimensionless populations/per-encounter yields,dimensionless per encounter unless field name gives s^-1 or s,True,"Illustrative one-factor-at-a-time grid; bounds are not measured ranges or probability priors. Results are populations and per-encounter yields, not concentrations or biological fluxes. No encounter yield is converted to molarity, and no continuous biological ROS source is modeled.",ae188e2ba41fafda0a98499db6e2918fccc0fc4f,1afbda6f7c930e34dd90ab95767796d038c4429c4f4c40c50f3e68f50bf98a71,configs/doxorubicin_parameters.json,0b7d200aedee3aed703b810ad54927a2126d9ee0952f6ef87cf5ebb57992d345,configs/parameter_provenance.csv,86c4261fcb9616a643db79340fe0b7398ba10a5c46464e67e8b697bcfc3a4ec9
selectivity_pD=0.75_manifold_mixture,mixture,manifold mixture pD=0.75,0.75,0.7499999999999999,1000000.0,8.0,8e-06,10.0,10000000.0,0.1,100000.0,0.1,100000.0,1.0,1000000.0,1.0,1000000.0,0.1,100000.0,3.4993061838167005e-06,2.0163899240351144e-05,2.3663205424167846e-05,0.2867601810024733,0.03876872498087507,0.3255289059833484,0.674447430811224,2.3663205424167846e-05,0.9999999999999966,3.4416913763379853e-15,constant-generator matrix exponential Pade(13),2,dimensionless populations/per-encounter yields,dimensionless per encounter unless field name gives s^-1 or s,True,"Illustrative one-factor-at-a-time grid; bounds are not measured ranges or probability priors. Results are populations and per-encounter yields, not concentrations or biological fluxes. No encounter yield is converted to molarity, and no continuous biological ROS source is modeled.",ae188e2ba41fafda0a98499db6e2918fccc0fc4f,1afbda6f7c930e34dd90ab95767796d038c4429c4f4c40c50f3e68f50bf98a71,configs/doxorubicin_parameters.json,0b7d200aedee3aed703b810ad54927a2126d9ee0952f6ef87cf5ebb57992d345,configs/parameter_provenance.csv,86c4261fcb9616a643db79340fe0b7398ba10a5c46464e67e8b697bcfc3a4ec9
selectivity_pD=0.75_manifold_mixture,mixture,manifold mixture pD=0.75,0.75,0.7499999999999999,1000000.0,8.0,8e-06,10.0,10000000.0,0.1,100000.0,0.1,100000.0,1.0,1000000.0,1.0,1000000.0,1.0,1000000.0,3.997066407688955e-08,7.256451064237017e-08,1.1253517471925971e-07,0.23562694711172272,0.26437299662068836,0.4999999437324111,0.4999999437324112,1.1253517471925971e-07,0.999999999999997,2.9976021664879227e-15,constant-generator matrix exponential Pade(13),2,dimensionless populations/per-encounter yields,dimensionless per encounter unless field name gives s^-1 or s,True,"Illustrative one-factor-at-a-time grid; bounds are not measured ranges or probability priors. Results are populations and per-encounter yields, not concentrations or biological fluxes. No encounter yield is converted to molarity, and no continuous biological ROS source is modeled.",ae188e2ba41fafda0a98499db6e2918fccc0fc4f,1afbda6f7c930e34dd90ab95767796d038c4429c4f4c40c50f3e68f50bf98a71,configs/doxorubicin_parameters.json,0b7d200aedee3aed703b810ad54927a2126d9ee0952f6ef87cf5ebb57992d345,configs/parameter_provenance.csv,86c4261fcb9616a643db79340fe0b7398ba10a5c46464e67e8b697bcfc3a4ec9
selectivity_pD=0.75_manifold_mixture,mixture,manifold mixture pD=0.75,0.75,0.7499999999999999,1000000.0,8.0,8e-06,10.0,10000000.0,0.1,100000.0,0.1,100000.0,1.0,1000000.0,1.0,1000000.0,10.0,10000000.0,2.3976654479272534e-18,1.1860243681184855e-18,3.583689816045739e-18,0.13920999602003215,0.6559818254181169,0.795191821438149,0.2048081785618439,3.583689816045739e-18,0.9999999999999929,7.105427357601002e-15,constant-generator matrix exponential Pade(13),2,dimensionless populations/per-encounter yields,dimensionless per encounter unless field name gives s^-1 or s,True,"Illustrative one-factor-at-a-time grid; bounds are not measured ranges or probability priors. Results are populations and per-encounter yields, not concentrations or biological fluxes. No encounter yield is converted to molarity, and no continuous biological ROS source is modeled.",ae188e2ba41fafda0a98499db6e2918fccc0fc4f,1afbda6f7c930e34dd90ab95767796d038c4429c4f4c40c50f3e68f50bf98a71,configs/doxorubicin_parameters.json,0b7d200aedee3aed703b810ad54927a2126d9ee0952f6ef87cf5ebb57992d345,configs/parameter_provenance.csv,86c4261fcb9616a643db79340fe0b7398ba10a5c46464e67e8b697bcfc3a4ec9
selectivity_pD=0.75_manifold_mixture,mixture,manifold mixture pD=0.75,0.75,0.7499999999999999,1000000.0,8.0,8e-06,10.0,10000000.0,0.1,100000.0,0.1,100000.0,10.0,10000000.0,1.0,1000000.0,0.0,0.0,3.4391857482321147e-37,2.2105000159694027e-36,2.5544185907926145e-36,0.05671621789709247,0.0,0.05671621789709247,0.9432837821029008,2.5544185907926145e-36,0.9999999999999932,6.772360450213455e-15,constant-generator matrix exponential Pade(13),2,dimensionless populations/per-encounter yields,dimensionless per encounter unless field name gives s^-1 or s,True,"Illustrative one-factor-at-a-time grid; bounds are not measured ranges or probability priors. Results are populations and per-encounter yields, not concentrations or biological fluxes. No encounter yield is converted to molarity, and no continuous biological ROS source is modeled.",ae188e2ba41fafda0a98499db6e2918fccc0fc4f,1afbda6f7c930e34dd90ab95767796d038c4429c4f4c40c50f3e68f50bf98a71,configs/doxorubicin_parameters.json,0b7d200aedee3aed703b810ad54927a2126d9ee0952f6ef87cf5ebb57992d345,configs/parameter_provenance.csv,86c4261fcb9616a643db79340fe0b7398ba10a5c46464e67e8b697bcfc3a4ec9
selectivity_pD=0.75_manifold_mixture,mixture,manifold mixture pD=0.75,0.75,0.7499999999999999,1000000.0,8.0,8e-06,10.0,10000000.0,0.1,100000.0,0.1,100000.0,10.0,10000000.0,1.0,1000000.0,0.01,10000.0,3.2354414974385986e-37,2.057617124997015e-36,2.381161274740875e-36,0.05671363160294565,0.0003757742780895007,0.05708940588103515,0.9429105941189575,2.381161274740875e-36,0.9999999999999927,7.327471962526033e-15,constant-generator matrix exponential Pade(13),2,dimensionless populations/per-encounter yields,dimensionless per encounter unless field name gives s^-1 or s,True,"Illustrative one-factor-at-a-time grid; bounds are not measured ranges or probability priors. Results are populations and per-encounter yields, not concentrations or biological fluxes. No encounter yield is converted to molarity, and no continuous biological ROS source is modeled.",ae188e2ba41fafda0a98499db6e2918fccc0fc4f,1afbda6f7c930e34dd90ab95767796d038c4429c4f4c40c50f3e68f50bf98a71,configs/doxorubicin_parameters.json,0b7d200aedee3aed703b810ad54927a2126d9ee0952f6ef87cf5ebb57992d345,configs/parameter_provenance.csv,86c4261fcb9616a643db79340fe0b7398ba10a5c46464e67e8b697bcfc3a4ec9
selectivity_pD=0.75_manifold_mixture,mixture,manifold mixture pD=0.75,0.75,0.7499999999999999,1000000.0,8.0,8e-06,10.0,10000000.0,0.1,100000.0,0.1,100000.0,10.0,10000000.0,1.0,1000000.0,0.1,100000.0,1.8826918699847114e-37,1.0848553162499872e-36,1.2731245032484584e-36,0.05669081027799655,0.0037267434350696134,0.06041755371306616,0.939582446286927,1.2731245032484584e-36,0.9999999999999931,6.8833827526759706e-15,constant-generator matrix exponential Pade(13),2,dimensionless populations/per-encounter yields,dimensionless per encounter unless field name gives s^-1 or s,True,"Illustrative one-factor-at-a-time grid; bounds are not measured ranges or probability priors. Results are populations and per-encounter yields, not concentrations or biological fluxes. No encounter yield is converted to molarity, and no continuous biological ROS source is modeled.",ae188e2ba41fafda0a98499db6e2918fccc0fc4f,1afbda6f7c930e34dd90ab95767796d038c4429c4f4c40c50f3e68f50bf98a71,configs/doxorubicin_parameters.json,0b7d200aedee3aed703b810ad54927a2126d9ee0952f6ef87cf5ebb57992d345,configs/parameter_provenance.csv,86c4261fcb9616a643db79340fe0b7398ba10a5c46464e67e8b697bcfc3a4ec9
selectivity_pD=0.75_manifold_mixture,mixture,manifold mixture pD=0.75,0.75,0.7499999999999999,1000000.0,8.0,8e-06,10.0,10000000.0,0.1,100000.0,0.1,100000.0,10.0,10000000.0,1.0,1000000.0,1.0,1000000.0,2.1504961367333016e-39,3.904105758667761e-39,6.054601895401063e-39,0.05650399744171881,0.034405093467371445,0.09090909090909025,0.9090909090909024,6.054601895401063e-39,0.9999999999999927,7.327471962526033e-15,constant-generator matrix exponential Pade(13),2,dimensionless populations/per-encounter yields,dimensionless per encounter unless field name gives s^-1 or s,True,"Illustrative one-factor-at-a-time grid; bounds are not measured ranges or probability priors. Results are populations and per-encounter yields, not concentrations or biological fluxes. No encounter yield is converted to molarity, and no continuous biological ROS source is modeled.",ae188e2ba41fafda0a98499db6e2918fccc0fc4f,1afbda6f7c930e34dd90ab95767796d038c4429c4f4c40c50f3e68f50bf98a71,configs/doxorubicin_parameters.json,0b7d200aedee3aed703b810ad54927a2126d9ee0952f6ef87cf5ebb57992d345,configs/parameter_provenance.csv,86c4261fcb9616a643db79340fe0b7398ba10a5c46464e67e8b697bcfc3a4ec9
selectivity_pD=0.75_manifold_mixture,mixture,manifold mixture pD=0.75,0.75,0.7499999999999999,1000000.0,8.0,8e-06,10.0,10000000.0,0.1,100000.0,0.1,100000.0,10.0,10000000.0,1.0,1000000.0,10.0,10000000.0,1.2899886459299095e-49,6.381031890798903e-50,1.9280918350098e-49,0.05669576969284068,0.18817326668936926,0.24486903638220994,0.7551309636177761,1.9280918350098e-49,0.999999999999986,1.3988810110276972e-14,constant-generator matrix exponential Pade(13),2,dimensionless populations/per-encounter yields,dimensionless per encounter unless field name gives s^-1 or s,True,"Illustrative one-factor-at-a-time grid; bounds are not measured ranges or probability priors. Results are populations and per-encounter yields, not concentrations or biological fluxes. No encounter yield is converted to molarity, and no continuous biological ROS source is modeled.",ae188e2ba41fafda0a98499db6e2918fccc0fc4f,1afbda6f7c930e34dd90ab95767796d038c4429c4f4c40c50f3e68f50bf98a71,configs/doxorubicin_parameters.json,0b7d200aedee3aed703b810ad54927a2126d9ee0952f6ef87cf5ebb57992d345,configs/parameter_provenance.csv,86c4261fcb9616a643db79340fe0b7398ba10a5c46464e67e8b697bcfc3a4ec9
